cellset,term_name,experiment,assay,target,investigated_as,biosample_summary,lab,n_audit_error,n_audit_notcompliant,n_audit_warning,endogenous_tag,keep,exclude_reason,file,output_type,preferred_default,file_size,md5sum,href
K562,K562,ENCSR659CCI,TF ChIP-seq,FOXK1,transcription factor,Homo sapiens K562 genetically modified (insertion) using CRISPR targeting H. sapiens FOXK1,"Richard Myers, HAIB",0,0,6,3xFLAG,True,,ENCFF516ZWP,IDR thresholded peaks,True,146262.0,75c1c9c3f112abc93a360893ca845141,https://www.encodeproject.org/files/ENCFF516ZWP/@@download/ENCFF516ZWP.bed.gz
K562,K562,ENCSR279OXE,TF ChIP-seq,ZFP30,transcription factor,Homo sapiens K562 genetically modified (insertion) using CRISPR targeting H. sapiens ZFP30,"Michael Snyder, Stanford",0,0,7,eGFP,True,,ENCFF141HPL,IDR thresholded peaks,True,17530.0,f7288daa4ec0aac4b16b283806eb2079,https://www.encodeproject.org/files/ENCFF141HPL/@@download/ENCFF141HPL.bed.gz
K562,K562,ENCSR427WZJ,TF ChIP-seq,ZNF143,transcription factor,Homo sapiens K562 genetically modified (insertion) using CRISPR targeting H. sapiens ZNF143,"Richard Myers, HAIB",0,0,3,3xFLAG,True,,ENCFF596HNP,IDR thresholded peaks,True,140479.0,1dca3862eddaf90f497f993c1033238a,https://www.encodeproject.org/files/ENCFF596HNP/@@download/ENCFF596HNP.bed.gz
K562,K562,ENCSR506SSQ,TF ChIP-seq,ZNF354C,transcription factor,Homo sapiens K562 genetically modified (insertion) using CRISPR targeting H. sapiens ZNF354C,"Michael Snyder, Stanford",0,0,7,eGFP,True,,ENCFF604RBX,IDR thresholded peaks,True,104777.0,451a9251eccca092cb25694413b0268c,https://www.encodeproject.org/files/ENCFF604RBX/@@download/ENCFF604RBX.bed.gz
K562,K562,ENCSR008DOU,TF ChIP-seq,SNAPC5,transcription factor,Homo sapiens K562 genetically modified (insertion) using CRISPR targeting H. sapiens SNAPC5,"Michael Snyder, Stanford",0,0,7,eGFP,True,,ENCFF656THP,IDR thresholded peaks,True,13127.0,27215ed734f62f7ef788380f8747740e,https://www.encodeproject.org/files/ENCFF656THP/@@download/ENCFF656THP.bed.gz
K562,K562,ENCSR358PJI,TF ChIP-seq,ZNF277,transcription factor,Homo sapiens K562 genetically modified (insertion) using CRISPR targeting H. sapiens ZNF277,"Michael Snyder, Stanford",0,0,8,eGFP,True,,ENCFF382QUI,IDR thresholded peaks,True,30047.0,515ac40710530b651921061fceb40e77,https://www.encodeproject.org/files/ENCFF382QUI/@@download/ENCFF382QUI.bed.gz
K562,K562,ENCSR015KAM,TF ChIP-seq,DMTF1,transcription factor,Homo sapiens K562 genetically modified (insertion) using CRISPR targeting H. sapiens DMTF1,"Richard Myers, HAIB",0,0,7,3xFLAG,True,,ENCFF505INE,IDR thresholded peaks,True,99744.0,4d10b06c88fac5df35372a65bdcf6fd7,https://www.encodeproject.org/files/ENCFF505INE/@@download/ENCFF505INE.bed.gz
K562,K562,ENCSR124YFA,TF ChIP-seq,ZNF124,transcription factor,Homo sapiens K562 genetically modified (insertion) using CRISPR targeting H. sapiens ZNF124,"Richard Myers, HAIB",0,0,1,3xFLAG,True,,ENCFF881MMD,IDR thresholded peaks,True,26434.0,a1b891edfaa3c0d1a10aa958aeb75c82,https://www.encodeproject.org/files/ENCFF881MMD/@@download/ENCFF881MMD.bed.gz
K562,K562,ENCSR609ZLF,TF ChIP-seq,ZNF431,transcription factor,Homo sapiens K562 genetically modified (insertion) using CRISPR targeting H. sapiens ZNF431,"Richard Myers, HAIB",0,0,5,3xFLAG,True,,ENCFF442RYH,IDR thresholded peaks,True,187336.0,669a8026899ad806b39d40da6c2e66d1,https://www.encodeproject.org/files/ENCFF442RYH/@@download/ENCFF442RYH.bed.gz
K562,K562,ENCSR026RAK,TF ChIP-seq,MXD1,transcription factor,Homo sapiens K562 genetically modified (insertion) using CRISPR targeting H. sapiens MXD1,"Michael Snyder, Stanford",0,2,5,eGFP,True,,ENCFF559MTF,IDR thresholded peaks,True,57542.0,8fcfcbbc0cd8fbb395eb376b4bb25c41,https://www.encodeproject.org/files/ENCFF559MTF/@@download/ENCFF559MTF.bed.gz
K562,K562,ENCSR017EJY,TF ChIP-seq,DLX4,transcription factor,Homo sapiens K562 genetically modified (insertion) using CRISPR targeting H. sapiens DLX4,"Michael Snyder, Stanford",0,0,2,eGFP,True,,ENCFF832DBU,IDR thresholded peaks,True,10764.0,8d549573a8b98c815fb5791bb1f2f78a,https://www.encodeproject.org/files/ENCFF832DBU/@@download/ENCFF832DBU.bed.gz
K562,K562,ENCSR922YDT,TF ChIP-seq,SLC30A9,DNA repair,Homo sapiens K562 genetically modified (insertion) using CRISPR targeting H. sapiens SLC30A9,"Michael Snyder, Stanford",0,0,6,eGFP,True,,ENCFF441QXF,IDR thresholded peaks,True,12171.0,ec72cd7a4534b35961d56a88566d76a0,https://www.encodeproject.org/files/ENCFF441QXF/@@download/ENCFF441QXF.bed.gz
K562,K562,ENCSR844JVU,TF ChIP-seq,TCFL5,transcription factor,Homo sapiens K562 genetically modified (insertion) using CRISPR targeting H. sapiens TCFL5,"Michael Snyder, Stanford",0,0,20,eGFP,True,,ENCFF410SWS,conservative IDR thresholded peaks,True,39200.0,60d335277f3b6c34d4f2d52544f64d82,https://www.encodeproject.org/files/ENCFF410SWS/@@download/ENCFF410SWS.bed.gz
K562,K562,ENCSR617POJ,TF ChIP-seq,ZFP1,transcription factor,Homo sapiens K562 genetically modified (insertion) using CRISPR targeting H. sapiens ZFP1,"Michael Snyder, Stanford",0,0,8,eGFP,True,,ENCFF795AWO,IDR thresholded peaks,True,66442.0,16303e76c144e51a71cfe91bab023ba0,https://www.encodeproject.org/files/ENCFF795AWO/@@download/ENCFF795AWO.bed.gz
K562,K562,ENCSR805SIA,TF ChIP-seq,PURB,RNA binding protein,Homo sapiens K562 genetically modified (insertion) using CRISPR targeting H. sapiens PURB,"Richard Myers, HAIB",0,0,6,3xFLAG,True,,ENCFF500BWO,IDR thresholded peaks,True,6424.0,b08bfdf72a39b00c730fb5707cc295cd,https://www.encodeproject.org/files/ENCFF500BWO/@@download/ENCFF500BWO.bed.gz
K562,K562,ENCSR279IMD,TF ChIP-seq,HMGXB4,transcription factor,Homo sapiens K562 genetically modified (insertion) using CRISPR targeting H. sapiens HMGXB4,"Richard Myers, HAIB",0,0,5,3xFLAG,True,,ENCFF185KMK,IDR thresholded peaks,True,165866.0,e1531c7012325cca2ecb13643bf803ce,https://www.encodeproject.org/files/ENCFF185KMK/@@download/ENCFF185KMK.bed.gz
K562,K562,ENCSR663NFC,TF ChIP-seq,STAT5B,transcription factor,Homo sapiens K562 genetically modified (insertion) using CRISPR targeting H. sapiens STAT5B,"Michael Snyder, Stanford",0,0,5,eGFP,True,,ENCFF122FTW,IDR thresholded peaks,True,12413.0,421d6b795d4094e484dbf5dec6b16447,https://www.encodeproject.org/files/ENCFF122FTW/@@download/ENCFF122FTW.bed.gz
K562,K562,ENCSR775NLJ,TF ChIP-seq,CHCHD3,transcription factor,Homo sapiens K562 genetically modified (insertion) using CRISPR targeting H. sapiens CHCHD3,"Michael Snyder, Stanford",0,0,4,eGFP,True,,ENCFF645IVF,IDR thresholded peaks,True,44960.0,a6784f53b50d72b4a38ac6b5ae29d030,https://www.encodeproject.org/files/ENCFF645IVF/@@download/ENCFF645IVF.bed.gz
K562,K562,ENCSR492FKD,TF ChIP-seq,ZNF257,transcription factor,Homo sapiens K562 genetically modified (insertion) using CRISPR targeting H. sapiens ZNF257,"Michael Snyder, Stanford",0,0,21,eGFP,True,,ENCFF738IQL,IDR thresholded peaks,True,80243.0,9ded87530e17040c7f08d09d0028047e,https://www.encodeproject.org/files/ENCFF738IQL/@@download/ENCFF738IQL.bed.gz
K562,K562,ENCSR026KKZ,TF ChIP-seq,ZBTB17,transcription factor,Homo sapiens K562 genetically modified (insertion) using CRISPR targeting H. sapiens ZBTB17,"Michael Snyder, Stanford",0,0,4,eGFP,True,,ENCFF292HSS,IDR thresholded peaks,True,283023.0,8bed469c7f2fbb0d0865b541324bb14e,https://www.encodeproject.org/files/ENCFF292HSS/@@download/ENCFF292HSS.bed.gz
K562,K562,ENCSR231ZVN,TF ChIP-seq,FOXA3,transcription factor,Homo sapiens K562 genetically modified (insertion) using CRISPR targeting H. sapiens FOXA3,"Michael Snyder, Stanford",0,0,4,eGFP,True,,ENCFF504WWL,conservative IDR thresholded peaks,True,199351.0,5e9d552fcba61bc88a31d6fe74a9bece,https://www.encodeproject.org/files/ENCFF504WWL/@@download/ENCFF504WWL.bed.gz
K562,K562,ENCSR783EPA,TF ChIP-seq,TBPL1,transcription factor,Homo sapiens K562 genetically modified (insertion) using CRISPR targeting H. sapiens TBPL1,"Michael Snyder, Stanford",0,0,7,eGFP,True,,ENCFF927NEU,IDR thresholded peaks,True,111530.0,45cf9da8056e6ec0230767e76d77c9bc,https://www.encodeproject.org/files/ENCFF927NEU/@@download/ENCFF927NEU.bed.gz
K562,K562,ENCSR591ASD,TF ChIP-seq,TEAD1,transcription factor,Homo sapiens K562 genetically modified (insertion) using CRISPR targeting H. sapiens TEAD1,"Michael Snyder, Stanford",0,0,4,eGFP,True,,ENCFF692HUD,IDR thresholded peaks,True,241679.0,2a757edbb0176202260cf86161cc4713,https://www.encodeproject.org/files/ENCFF692HUD/@@download/ENCFF692HUD.bed.gz
K562,K562,ENCSR350GZC,TF ChIP-seq,ZNF561,transcription factor,Homo sapiens K562 genetically modified (insertion) using CRISPR targeting H. sapiens ZNF561,"Michael Snyder, Stanford",0,0,6,eGFP,True,,ENCFF701RWL,conservative IDR thresholded peaks,True,31929.0,ba96abc5683a84bca116953c08e5190d,https://www.encodeproject.org/files/ENCFF701RWL/@@download/ENCFF701RWL.bed.gz
K562,K562,ENCSR459FUE,TF ChIP-seq,ERF,cofactor,Homo sapiens K562 genetically modified (insertion) using CRISPR targeting H. sapiens ERF,"Michael Snyder, Stanford",0,0,9,eGFP,True,,ENCFF462ZIG,IDR thresholded peaks,True,185487.0,4e1b78e6acd846952e4bf535b3c3ab63,https://www.encodeproject.org/files/ENCFF462ZIG/@@download/ENCFF462ZIG.bed.gz
K562,K562,ENCSR110JLQ,TF ChIP-seq,ZNF778,transcription factor,Homo sapiens K562 genetically modified (insertion) using CRISPR targeting H. sapiens ZNF778,"Michael Snyder, Stanford",0,0,6,eGFP,True,,ENCFF165JQS,IDR thresholded peaks,True,5907.0,0c214348b02cc458ded87e62fa72e31a,https://www.encodeproject.org/files/ENCFF165JQS/@@download/ENCFF165JQS.bed.gz
K562,K562,ENCSR236JZN,TF ChIP-seq,ZNF586,transcription factor,Homo sapiens K562 genetically modified (insertion) using CRISPR targeting H. sapiens ZNF586,"Michael Snyder, Stanford",0,0,6,eGFP,True,,ENCFF887ZDT,conservative IDR thresholded peaks,True,32026.0,9f3dda7582266b9eb8fce327af8ba2d9,https://www.encodeproject.org/files/ENCFF887ZDT/@@download/ENCFF887ZDT.bed.gz
K562,K562,ENCSR800KMQ,TF ChIP-seq,ZBTB43,transcription factor,Homo sapiens K562 genetically modified (insertion) using CRISPR targeting H. sapiens ZBTB43,"Richard Myers, HAIB",0,0,5,3xFLAG,True,,ENCFF124KCE,IDR thresholded peaks,True,96907.0,3154aa211bac58ce311f643c7aa9023e,https://www.encodeproject.org/files/ENCFF124KCE/@@download/ENCFF124KCE.bed.gz
K562,K562,ENCSR002ZGC,TF ChIP-seq,ZNF212,transcription factor,Homo sapiens K562 genetically modified (insertion) using CRISPR targeting H. sapiens ZNF212,"Michael Snyder, Stanford",0,0,4,eGFP,True,,ENCFF435MHH,IDR thresholded peaks,True,47936.0,065cb67bf1f365bcaf24edf734a9a5a4,https://www.encodeproject.org/files/ENCFF435MHH/@@download/ENCFF435MHH.bed.gz
K562,K562,ENCSR084WHZ,TF ChIP-seq,FOXP4,transcription factor,Homo sapiens K562 genetically modified (insertion) using CRISPR targeting H. sapiens FOXP4,"Richard Myers, HAIB",0,0,6,3xFLAG,True,,ENCFF974IPP,IDR thresholded peaks,True,125264.0,62139722a6541a40c878e0a4da63cd98,https://www.encodeproject.org/files/ENCFF974IPP/@@download/ENCFF974IPP.bed.gz
K562,K562,ENCSR525VAT,TF ChIP-seq,JUNB,cofactor,Homo sapiens K562 genetically modified (insertion) using CRISPR targeting H. sapiens JUNB,"Michael Snyder, Stanford",0,0,2,eGFP,True,,ENCFF932KRN,conservative IDR thresholded peaks,True,79535.0,310e381a0dab057852b535555c595871,https://www.encodeproject.org/files/ENCFF932KRN/@@download/ENCFF932KRN.bed.gz
K562,K562,ENCSR841GLE,TF ChIP-seq,ZNF217,transcription factor,Homo sapiens K562 genetically modified (insertion) using CRISPR targeting H. sapiens ZNF217,"Richard Myers, HAIB",0,0,5,3xFLAG,True,,ENCFF515LWL,IDR thresholded peaks,True,11138.0,3d33786ffc6dc671531cf38bde441b6a,https://www.encodeproject.org/files/ENCFF515LWL/@@download/ENCFF515LWL.bed.gz
K562,K562,ENCSR985OYK,TF ChIP-seq,ZBTB11,transcription factor,Homo sapiens K562 genetically modified (insertion) using CRISPR targeting H. sapiens ZBTB11,"Michael Snyder, Stanford",0,0,2,eGFP,True,,ENCFF227HVU,IDR thresholded peaks,True,76588.0,ed4dfdea1e3ee63fe51e82eea5399fc2,https://www.encodeproject.org/files/ENCFF227HVU/@@download/ENCFF227HVU.bed.gz
K562,K562,ENCSR563YDA,TF ChIP-seq,HDGF,cofactor,Homo sapiens K562,"Michael Snyder, Stanford",0,0,0,,True,,ENCFF297WMY,optimal IDR thresholded peaks,True,216647.0,3606e415e91b6de4450102636c9a356a,https://www.encodeproject.org/files/ENCFF297WMY/@@download/ENCFF297WMY.bed.gz
K562,K562,ENCSR044UJJ,TF ChIP-seq,ATF4,transcription factor,Homo sapiens K562 genetically modified (insertion) using CRISPR targeting H. sapiens ATF4,"Michael Snyder, Stanford",0,0,6,eGFP,True,,ENCFF250MUC,IDR thresholded peaks,True,204371.0,ed3f5d1372ff7f5a0a5eaedf0c5f82b5,https://www.encodeproject.org/files/ENCFF250MUC/@@download/ENCFF250MUC.bed.gz
K562,K562,ENCSR126YJQ,TF ChIP-seq,HMG20A,transcription factor,Homo sapiens K562 genetically modified (insertion) using CRISPR targeting H. sapiens HMG20A,"Michael Snyder, Stanford",0,0,8,eGFP,True,,ENCFF118ATD,conservative IDR thresholded peaks,True,26073.0,5d57b567c4866f3438531000206a49a4,https://www.encodeproject.org/files/ENCFF118ATD/@@download/ENCFF118ATD.bed.gz
K562,K562,ENCSR411UYA,TF ChIP-seq,MTA2,chromatin remodeler,Homo sapiens K562,"Michael Snyder, Stanford",0,0,0,,True,,ENCFF558XIL,optimal IDR thresholded peaks,True,278755.0,8d835dff011022794af375901627d2ee,https://www.encodeproject.org/files/ENCFF558XIL/@@download/ENCFF558XIL.bed.gz
K562,K562,ENCSR757IIU,TF ChIP-seq,HMBOX1,transcription factor,Homo sapiens K562,"Richard Myers, HAIB",0,0,0,,True,,ENCFF718DFX,optimal IDR thresholded peaks,True,513563.0,bd4007ae01d0f255d400fec344b2c2e9,https://www.encodeproject.org/files/ENCFF718DFX/@@download/ENCFF718DFX.bed.gz
K562,K562,ENCSR335SUD,TF ChIP-seq,ZNF436,transcription factor,Homo sapiens K562 genetically modified (insertion) using CRISPR targeting H. sapiens ZNF436,"Michael Snyder, Stanford",0,0,4,eGFP,True,,ENCFF318ZUN,IDR thresholded peaks,True,49916.0,50e546ab5ebe87fc2e8c7b1ea186414d,https://www.encodeproject.org/files/ENCFF318ZUN/@@download/ENCFF318ZUN.bed.gz
K562,K562,ENCSR530XQI,TF ChIP-seq,L3MBTL2,chromatin remodeler,Homo sapiens K562,"Michael Snyder, Stanford",0,0,6,,True,,ENCFF423LPW,optimal IDR thresholded peaks,True,963003.0,4b1841acd8c1d519ba0db7a6c19e4987,https://www.encodeproject.org/files/ENCFF423LPW/@@download/ENCFF423LPW.bed.gz
K562,K562,ENCSR187RGF,TF ChIP-seq,ZNF695,transcription factor,Homo sapiens K562 genetically modified (insertion) using CRISPR targeting H. sapiens ZNF695,"Michael Snyder, Stanford",0,0,6,eGFP,True,,ENCFF493LZB,IDR thresholded peaks,True,33698.0,f0fbbd4b2c2c0374bcedac5e3579ac1e,https://www.encodeproject.org/files/ENCFF493LZB/@@download/ENCFF493LZB.bed.gz
K562,K562,ENCSR869IUD,TF ChIP-seq,ATF2,transcription factor,Homo sapiens K562,"Michael Snyder, Stanford",0,0,5,,True,,ENCFF803FHN,optimal IDR thresholded peaks,True,809457.0,7add0259e2d935a4afcb4e8316e0e26c,https://www.encodeproject.org/files/ENCFF803FHN/@@download/ENCFF803FHN.bed.gz
K562,K562,ENCSR429QPP,TF ChIP-seq,FOXM1,DNA repair,Homo sapiens K562,"Michael Snyder, Stanford",0,0,8,,True,,ENCFF778PWE,optimal IDR thresholded peaks,True,314329.0,4226c87a701f4ad111bfd234293ec22e,https://www.encodeproject.org/files/ENCFF778PWE/@@download/ENCFF778PWE.bed.gz
K562,K562,ENCSR536CBU,TF ChIP-seq,ZBTB9,transcription factor,Homo sapiens K562 genetically modified (insertion) using CRISPR targeting H. sapiens ZBTB9,"Michael Snyder, Stanford",0,0,5,eGFP,True,,ENCFF588CXX,IDR thresholded peaks,True,275972.0,c4faaf3e805d2fcfd7c9037fdb768174,https://www.encodeproject.org/files/ENCFF588CXX/@@download/ENCFF588CXX.bed.gz
K562,K562,ENCSR322CFO,TF ChIP-seq,ZEB2,transcription factor,Homo sapiens K562,"Michael Snyder, Stanford",0,0,0,,True,,ENCFF553KIK,optimal IDR thresholded peaks,True,416663.0,a5af5857bfbc3bfc8fea09cb90e67a16,https://www.encodeproject.org/files/ENCFF553KIK/@@download/ENCFF553KIK.bed.gz
K562,K562,ENCSR590FLL,TF ChIP-seq,ZNF347,transcription factor,Homo sapiens K562 genetically modified (insertion) using CRISPR targeting H. sapiens ZNF347,"Michael Snyder, Stanford",0,0,7,eGFP,True,,ENCFF843NBV,IDR thresholded peaks,True,18615.0,cab83f2be2220d6d328bd6566fc54d85,https://www.encodeproject.org/files/ENCFF843NBV/@@download/ENCFF843NBV.bed.gz
K562,K562,ENCSR942XQI,TF ChIP-seq,RAD21,cohesin,Homo sapiens K562 genetically modified (insertion) using CRISPR targeting H. sapiens RAD21,"Michael Snyder, Stanford",0,0,4,eGFP,True,,ENCFF330SHG,IDR thresholded peaks,True,935586.0,356a9862fda97a5f8c636305ebd360c0,https://www.encodeproject.org/files/ENCFF330SHG/@@download/ENCFF330SHG.bed.gz
K562,K562,ENCSR563LLO,TF ChIP-seq,E2F1,transcription factor,Homo sapiens K562,"Michael Snyder, Stanford",0,0,6,,True,,ENCFF445VTT,optimal IDR thresholded peaks,True,167855.0,b3a7a5144a292cafe35edcd2c7e0439d,https://www.encodeproject.org/files/ENCFF445VTT/@@download/ENCFF445VTT.bed.gz
K562,K562,ENCSR201NQZ,TF ChIP-seq,CTBP1,chromatin remodeler,Homo sapiens K562,"Michael Snyder, Stanford",0,0,1,,True,,ENCFF349UTF,optimal IDR thresholded peaks,True,901584.0,c5363ca9e8b87de50a6c4b50c96790de,https://www.encodeproject.org/files/ENCFF349UTF/@@download/ENCFF349UTF.bed.gz
K562,K562,ENCSR742TMU,TF ChIP-seq,ZNF282,transcription factor,Homo sapiens K562,"Michael Snyder, Stanford",0,2,6,,True,,ENCFF596JDS,optimal IDR thresholded peaks,True,248166.0,8669fe48aed2c71529f96de233393304,https://www.encodeproject.org/files/ENCFF596JDS/@@download/ENCFF596JDS.bed.gz
K562,K562,ENCSR000EGO,TF ChIP-seq,RFX5,transcription factor,Homo sapiens K562,"Michael Snyder, Stanford",0,0,12,,True,,ENCFF201YKU,optimal IDR thresholded peaks,True,52141.0,65cdb837880f17e81c348718cbe89cdc,https://www.encodeproject.org/files/ENCFF201YKU/@@download/ENCFF201YKU.bed.gz
K562,K562,ENCSR189PYJ,TF ChIP-seq,SMAD2,transcription factor,Homo sapiens K562,"Michael Snyder, Stanford",0,0,5,,True,,ENCFF186MFI,optimal IDR thresholded peaks,True,3663.0,4f7ac6d1c8c85892792cdff04e1d7c4a,https://www.encodeproject.org/files/ENCFF186MFI/@@download/ENCFF186MFI.bed.gz
K562,K562,ENCSR618GDK,TF ChIP-seq,CEBPZ,transcription factor,Homo sapiens K562,"Michael Snyder, Stanford",0,0,5,,True,,ENCFF797OWK,optimal IDR thresholded peaks,True,25073.0,84185a6b0f28628215c2fd54a269237b,https://www.encodeproject.org/files/ENCFF797OWK/@@download/ENCFF797OWK.bed.gz
K562,K562,ENCSR808AKZ,TF ChIP-seq,BCOR,chromatin remodeler,Homo sapiens K562,"Michael Snyder, Stanford",0,0,0,,True,,ENCFF186JKG,optimal IDR thresholded peaks,True,787885.0,5fc56d41933b612a84f520ac8901c382,https://www.encodeproject.org/files/ENCFF186JKG/@@download/ENCFF186JKG.bed.gz
K562,K562,ENCSR895HSJ,TF ChIP-seq,SMARCA5,chromatin remodeler,Homo sapiens K562,"Michael Snyder, Stanford",0,0,0,,True,,ENCFF481TNF,optimal IDR thresholded peaks,True,355021.0,e342a3d251dfd1eb825e08c2f533a212,https://www.encodeproject.org/files/ENCFF481TNF/@@download/ENCFF481TNF.bed.gz
K562,K562,ENCSR647ZXA,TF ChIP-seq,MEF2D,transcription factor,Homo sapiens K562 stably expressing MEF2D,"Michael Snyder, Stanford",0,0,4,eGFP,True,,ENCFF436DME,optimal IDR thresholded peaks,True,269263.0,a24d0901a1740e0003b54864aabf5c15,https://www.encodeproject.org/files/ENCFF436DME/@@download/ENCFF436DME.bed.gz
K562,K562,ENCSR819LHG,TF ChIP-seq,FOXA1,transcription factor,Homo sapiens K562,"Michael Snyder, Stanford",0,0,5,,True,,ENCFF765NAN,optimal IDR thresholded peaks,True,26015.0,7adb246f7f66d376afbf4f862b272fbc,https://www.encodeproject.org/files/ENCFF765NAN/@@download/ENCFF765NAN.bed.gz
K562,K562,ENCSR230PTV,TF ChIP-seq,ZBTB2,transcription factor,Homo sapiens K562,"Michael Snyder, Stanford",0,0,2,,True,,ENCFF189WAO,optimal IDR thresholded peaks,True,338408.0,6068ae7bdb859eb8165ed7690cd60f4d,https://www.encodeproject.org/files/ENCFF189WAO/@@download/ENCFF189WAO.bed.gz
K562,K562,ENCSR987PBI,TF ChIP-seq,DNMT1,chromatin remodeler,Homo sapiens K562,"Michael Snyder, Stanford",0,0,4,,True,,ENCFF549TVW,optimal IDR thresholded peaks,True,69618.0,fbd5755d528bd1922c7187aa896ed42c,https://www.encodeproject.org/files/ENCFF549TVW/@@download/ENCFF549TVW.bed.gz
K562,K562,ENCSR760UVO,TF ChIP-seq,KLF16,transcription factor,Homo sapiens K562,"Richard Myers, HAIB",0,0,2,,True,,ENCFF379LKE,optimal IDR thresholded peaks,True,310263.0,933a765031fc18c258b3ed9ebf3c4866,https://www.encodeproject.org/files/ENCFF379LKE/@@download/ENCFF379LKE.bed.gz
K562,K562,ENCSR803EKW,TF ChIP-seq,NCOA2,cofactor,Homo sapiens K562,"Michael Snyder, Stanford",0,2,2,,True,,ENCFF071SOH,optimal IDR thresholded peaks,True,58213.0,03d66020b0efbe75962febcd75003fc8,https://www.encodeproject.org/files/ENCFF071SOH/@@download/ENCFF071SOH.bed.gz
K562,K562,ENCSR000AUC,TF ChIP-seq,SUZ12,chromatin remodeler,Homo sapiens K562,"Bradley Bernstein, Broad",0,4,8,,True,,ENCFF440XZI,optimal IDR thresholded peaks,True,53769.0,e3df1a3201456822b691a1f4b3c56cdf,https://www.encodeproject.org/files/ENCFF440XZI/@@download/ENCFF440XZI.bed.gz
K562,K562,ENCSR948VFL,TF ChIP-seq,IKZF1,transcription factor,Homo sapiens K562,"Michael Snyder, Stanford",0,0,0,,True,,ENCFF785BTP,optimal IDR thresholded peaks,True,869837.0,858e8076f6d72cab574d40906762dc53,https://www.encodeproject.org/files/ENCFF785BTP/@@download/ENCFF785BTP.bed.gz
K562,K562,ENCSR000EFY,TF ChIP-seq,ARID3A,transcription factor,Homo sapiens K562,"Michael Snyder, Stanford",0,0,10,,True,,ENCFF757OML,optimal IDR thresholded peaks,True,202727.0,1470b97c347d6d31e38f0fb7655aa78f,https://www.encodeproject.org/files/ENCFF757OML/@@download/ENCFF757OML.bed.gz
K562,K562,ENCSR871TKJ,TF ChIP-seq,THRAP3,cofactor,Homo sapiens K562,"Michael Snyder, Stanford",0,0,6,,True,,ENCFF354UUL,optimal IDR thresholded peaks,True,88032.0,a01682d2085868345e98e93637c59466,https://www.encodeproject.org/files/ENCFF354UUL/@@download/ENCFF354UUL.bed.gz
K562,K562,ENCSR028UIU,TF ChIP-seq,ATF3,transcription factor,Homo sapiens K562,"Michael Snyder, Stanford",0,0,6,,True,,ENCFF937OKC,optimal IDR thresholded peaks,True,1113570.0,514035b47c592feb695ca9c9c919d4c6,https://www.encodeproject.org/files/ENCFF937OKC/@@download/ENCFF937OKC.bed.gz
K562,K562,ENCSR000BKS,TF ChIP-seq,TAF1,RNA polymerase complex,Homo sapiens K562,"Richard Myers, HAIB",1,6,7,,True,,ENCFF453TIB,optimal IDR thresholded peaks,True,320021.0,fb8f377ae4ee66faf20bbc08f92960dc,https://www.encodeproject.org/files/ENCFF453TIB/@@download/ENCFF453TIB.bed.gz
K562,K562,ENCSR000BGW,TF ChIP-seq,SPI1,chromatin remodeler,Homo sapiens K562,"Richard Myers, HAIB",0,0,9,,True,,ENCFF414ECK,optimal IDR thresholded peaks,True,565275.0,0f9f439730c838aaa81878aa8c9f4f42,https://www.encodeproject.org/files/ENCFF414ECK/@@download/ENCFF414ECK.bed.gz
K562,K562,ENCSR000AVD,TF ChIP-seq,CHD7,transcription factor,Homo sapiens K562,"Bradley Bernstein, Broad",0,0,7,,True,,ENCFF722UJW,IDR thresholded peaks,True,20766.0,f9d7e0d4f7f3bd5c6d470cbfa3ff4d49,https://www.encodeproject.org/files/ENCFF722UJW/@@download/ENCFF722UJW.bed.gz
K562,K562,ENCSR780BBJ,TF ChIP-seq,ZZZ3,transcription factor,Homo sapiens K562,"Michael Snyder, Stanford",0,0,5,,True,,ENCFF945HJR,optimal IDR thresholded peaks,True,56074.0,33f82cda31323b371851f3b446a0760f,https://www.encodeproject.org/files/ENCFF945HJR/@@download/ENCFF945HJR.bed.gz
K562,K562,ENCSR000FAC,TF ChIP-seq,XRCC4,DNA repair,Homo sapiens K562,"Sherman Weissman, Yale",1,3,2,,True,,ENCFF540QPM,conservative IDR thresholded peaks,True,677.0,813d6da0b10b23de5f32979d28515ee6,https://www.encodeproject.org/files/ENCFF540QPM/@@download/ENCFF540QPM.bed.gz
K562,K562,ENCSR000AKO,TF ChIP-seq,CTCF,transcription factor,Homo sapiens K562,"Bradley Bernstein, Broad",0,2,10,,True,,ENCFF519CXF,optimal IDR thresholded peaks,True,873695.0,7828af6ccfcb579226ce54757b98f05b,https://www.encodeproject.org/files/ENCFF519CXF/@@download/ENCFF519CXF.bed.gz
K562,K562,ENCSR000EGF,TF ChIP-seq,POLR2AphosphoS2,RNA polymerase complex,Homo sapiens K562,"Michael Snyder, Stanford",0,0,8,,True,,ENCFF266OPF,optimal IDR thresholded peaks,True,199055.0,a30020977d8528dcc6f60d2d4c5abef4,https://www.encodeproject.org/files/ENCFF266OPF/@@download/ENCFF266OPF.bed.gz
K562,K562,ENCSR000EGZ,TF ChIP-seq,MXI1,transcription factor,Homo sapiens K562,"Michael Snyder, Stanford",0,0,10,,True,,ENCFF243QTL,optimal IDR thresholded peaks,True,161340.0,ef2162b321cb4db6098cbf3f2a634995,https://www.encodeproject.org/files/ENCFF243QTL/@@download/ENCFF243QTL.bed.gz
K562,K562,ENCSR000AQA,TF ChIP-seq,KDM5B,chromatin remodeler,Homo sapiens K562,"Bradley Bernstein, Broad",0,1,14,,True,,ENCFF668XLN,optimal IDR thresholded peaks,True,399306.0,ca7272ef7a4efd32be3d3dd96504e87c,https://www.encodeproject.org/files/ENCFF668XLN/@@download/ENCFF668XLN.bed.gz
K562,K562,ENCSR000BSO,TF ChIP-seq,CREB1,transcription factor,Homo sapiens K562,"Richard Myers, HAIB",0,0,1,,True,,ENCFF193LLN,IDR thresholded peaks,True,302075.0,3408797988ec2787de2b5f3a909e3f09,https://www.encodeproject.org/files/ENCFF193LLN/@@download/ENCFF193LLN.bed.gz
K562,K562,ENCSR000EHN,TF ChIP-seq,SMARCB1,chromatin remodeler,Homo sapiens K562,"Michael Snyder, Stanford",0,2,8,,True,,ENCFF308QHX,optimal IDR thresholded peaks,True,56228.0,a8ddaff626781bb6d717dc4eb33d7668,https://www.encodeproject.org/files/ENCFF308QHX/@@download/ENCFF308QHX.bed.gz
K562,K562,ENCSR000DOF,TF ChIP-seq,NELFE,RNA binding protein,Homo sapiens K562,"Kevin Struhl, HMS",0,4,4,,True,,ENCFF265KKE,IDR thresholded peaks,True,10565.0,bf1db716a855ef0b31d522eab955d11a,https://www.encodeproject.org/files/ENCFF265KKE/@@download/ENCFF265KKE.bed.gz
K562,K562,ENCSR000AQG,TF ChIP-seq,HDAC2,chromatin remodeler,Homo sapiens K562,"Bradley Bernstein, Broad",0,1,14,,True,,ENCFF363GSV,optimal IDR thresholded peaks,True,100086.0,67405073f47d435e55cd4f45c411b2d2,https://www.encodeproject.org/files/ENCFF363GSV/@@download/ENCFF363GSV.bed.gz
K562,K562,ENCSR000DOE,TF ChIP-seq,GTF2B,transcription factor,Homo sapiens K562,"Kevin Struhl, HMS",2,2,2,,True,,ENCFF970ULG,optimal IDR thresholded peaks,True,36995.0,4bc6e138727894bdc9d3e9fc571c3222,https://www.encodeproject.org/files/ENCFF970ULG/@@download/ENCFF970ULG.bed.gz
K562,K562,ENCSR000EHD,TF ChIP-seq,CHD2,RNA binding protein,Homo sapiens K562,"Michael Snyder, Stanford",0,0,4,,True,,ENCFF947AEO,IDR thresholded peaks,True,179610.0,9e7b3452012b8aa3c18111799102abbc,https://www.encodeproject.org/files/ENCFF947AEO/@@download/ENCFF947AEO.bed.gz
K562,K562,ENCSR953DVM,TF ChIP-seq,E2F8,transcription factor,Homo sapiens K562,"Michael Snyder, Stanford",0,2,5,,True,,ENCFF171WWF,optimal IDR thresholded peaks,True,237876.0,6ba2a09f16d1dc921809d48f0d085edd,https://www.encodeproject.org/files/ENCFF171WWF/@@download/ENCFF171WWF.bed.gz
K562,K562,ENCSR854MCV,TF ChIP-seq,IRF1,transcription factor,Homo sapiens K562 stably expressing IRF1,"Michael Snyder, Stanford",0,0,9,eGFP,True,,ENCFF203LRV,optimal IDR thresholded peaks,True,326196.0,12b2738402bccb1e62af49e3ce0ed95d,https://www.encodeproject.org/files/ENCFF203LRV/@@download/ENCFF203LRV.bed.gz
K562,K562,ENCSR343ELW,TF ChIP-seq,LEF1,transcription factor,Homo sapiens K562,"Michael Snyder, Stanford",0,0,4,,True,,ENCFF134HQP,optimal IDR thresholded peaks,True,406585.0,d1c621345daf570dd43b3bae98baef6a,https://www.encodeproject.org/files/ENCFF134HQP/@@download/ENCFF134HQP.bed.gz
K562,K562,ENCSR041AXL,TF ChIP-seq,RFX1,transcription factor,Homo sapiens K562,"Michael Snyder, Stanford",0,0,5,,True,,ENCFF905GXS,optimal IDR thresholded peaks,True,336627.0,f9cf1c77884bac03869a5b8f336e1ac2,https://www.encodeproject.org/files/ENCFF905GXS/@@download/ENCFF905GXS.bed.gz
K562,K562,ENCSR138YYY,TF ChIP-seq,GABPB1,transcription factor,Homo sapiens K562,"Michael Snyder, Stanford",0,2,4,,True,,ENCFF700DXR,optimal IDR thresholded peaks,True,556975.0,3762f1d9d39f122dad2f23e26972d833,https://www.encodeproject.org/files/ENCFF700DXR/@@download/ENCFF700DXR.bed.gz
K562,K562,ENCSR115SMW,TF ChIP-seq,PKNOX1,transcription factor,Homo sapiens K562,"Michael Snyder, Stanford",0,0,0,,True,,ENCFF062VBB,optimal IDR thresholded peaks,True,887713.0,bf16b0269116a4fa4b389df05237843a,https://www.encodeproject.org/files/ENCFF062VBB/@@download/ENCFF062VBB.bed.gz
K562,K562,ENCSR302AWT,TF ChIP-seq,FOXK2,transcription factor,Homo sapiens K562,"Michael Snyder, Stanford",0,0,1,,True,,ENCFF066CWG,optimal IDR thresholded peaks,True,416652.0,e5b124183cfc87b447bf46aeec688b49,https://www.encodeproject.org/files/ENCFF066CWG/@@download/ENCFF066CWG.bed.gz
K562,K562,ENCSR106FRG,TF ChIP-seq,TAL1,chromatin remodeler,Homo sapiens K562,"Michael Snyder, Stanford",0,0,2,,True,,ENCFF475LFH,optimal IDR thresholded peaks,True,501763.0,57a4f9c69022e7387283f16da692f152,https://www.encodeproject.org/files/ENCFF475LFH/@@download/ENCFF475LFH.bed.gz
K562,K562,ENCSR654CQU,TF ChIP-seq,SNIP1,RNA binding protein,Homo sapiens K562,"Michael Snyder, Stanford",0,0,5,,True,,ENCFF529BDW,optimal IDR thresholded peaks,True,60816.0,e9fcadd120f9c7e249d1df3815f3612a,https://www.encodeproject.org/files/ENCFF529BDW/@@download/ENCFF529BDW.bed.gz
K562,K562,ENCSR237VLT,TF ChIP-seq,ZBTB40,transcription factor,Homo sapiens K562,"Michael Snyder, Stanford",0,0,0,,True,,ENCFF088LZZ,optimal IDR thresholded peaks,True,551900.0,6b756a71455696367d8fba2829e048c9,https://www.encodeproject.org/files/ENCFF088LZZ/@@download/ENCFF088LZZ.bed.gz
K562,K562,ENCSR325RLL,TF ChIP-seq,POLR2B,RNA polymerase complex,Homo sapiens K562,"Michael Snyder, Stanford",0,2,1,,True,,ENCFF078TXM,optimal IDR thresholded peaks,True,374704.0,cf30fcf78bc41a9d0703a890940edb6b,https://www.encodeproject.org/files/ENCFF078TXM/@@download/ENCFF078TXM.bed.gz
K562,K562,ENCSR107RHZ,TF ChIP-seq,YBX1,transcription factor,Homo sapiens K562,"Michael Snyder, Stanford",0,0,2,,True,,ENCFF520DIY,optimal IDR thresholded peaks,True,25433.0,9fe8d8108be9a9a2a89fc11da7c04f03,https://www.encodeproject.org/files/ENCFF520DIY/@@download/ENCFF520DIY.bed.gz
K562,K562,ENCSR157TCS,TF ChIP-seq,SMARCE1,chromatin remodeler,Homo sapiens K562,"Michael Snyder, Stanford",0,0,2,,True,,ENCFF435SZS,optimal IDR thresholded peaks,True,628471.0,8bfd54d7b34ff6b8b5afaebb7957e9f7,https://www.encodeproject.org/files/ENCFF435SZS/@@download/ENCFF435SZS.bed.gz
K562,K562,ENCSR033VAZ,TF ChIP-seq,TARDBP,RNA binding protein,Homo sapiens K562,"Michael Snyder, Stanford",0,0,0,,True,,ENCFF909RMQ,optimal IDR thresholded peaks,True,240056.0,15bf101d68f40346d3faec87fbca4aa1,https://www.encodeproject.org/files/ENCFF909RMQ/@@download/ENCFF909RMQ.bed.gz
K562,K562,ENCSR336DXE,TF ChIP-seq,SKIL,transcription factor,Homo sapiens K562,"Michael Snyder, Stanford",0,0,2,,True,,ENCFF254QDM,optimal IDR thresholded peaks,True,439315.0,47ce323da31ee8c3a14657ee0a2df60b,https://www.encodeproject.org/files/ENCFF254QDM/@@download/ENCFF254QDM.bed.gz
K562,K562,ENCSR953KEY,TF ChIP-seq,TFE3,transcription factor,Homo sapiens K562 genetically modified (insertion) using CRISPR targeting H. sapiens TFE3,"Michael Snyder, Stanford",0,0,11,eGFP,True,,ENCFF592NJN,IDR thresholded peaks,True,396488.0,87424d6f3ff19415f64f25403fe9ffd2,https://www.encodeproject.org/files/ENCFF592NJN/@@download/ENCFF592NJN.bed.gz
K562,K562,ENCSR972CVS,TF ChIP-seq,ELK3,transcription factor,Homo sapiens K562 genetically modified (insertion) using CRISPR targeting H. sapiens ELK3,"Michael Snyder, Stanford",0,0,4,eGFP,True,,ENCFF198NGY,IDR thresholded peaks,True,29785.0,91e2d481c44a3f933119331eb7f5f9ea,https://www.encodeproject.org/files/ENCFF198NGY/@@download/ENCFF198NGY.bed.gz
K562,K562,ENCSR099MNR,TF ChIP-seq,ZNF75A,transcription factor,Homo sapiens K562 genetically modified (insertion) using CRISPR targeting H. sapiens ZNF75A,"Michael Snyder, Stanford",0,0,4,eGFP,True,,ENCFF307UZC,IDR thresholded peaks,True,74118.0,aa09a723f3ab1f0ea199a6174d3dcd69,https://www.encodeproject.org/files/ENCFF307UZC/@@download/ENCFF307UZC.bed.gz
K562,K562,ENCSR918EFA,TF ChIP-seq,ZNF57,transcription factor,Homo sapiens K562 genetically modified (insertion) using CRISPR targeting H. sapiens ZNF57,"Michael Snyder, Stanford",0,0,6,eGFP,True,,ENCFF945IST,IDR thresholded peaks,True,41937.0,c063fcb672da982bcbbc174c2ed02a3a,https://www.encodeproject.org/files/ENCFF945IST/@@download/ENCFF945IST.bed.gz
K562,K562,ENCSR414TYY,TF ChIP-seq,RUNX1,transcription factor,Homo sapiens K562,"Michael Snyder, Stanford",0,0,6,,True,,ENCFF545WXN,optimal IDR thresholded peaks,True,97883.0,3b9c2426564898386263afe97322ba0d,https://www.encodeproject.org/files/ENCFF545WXN/@@download/ENCFF545WXN.bed.gz
K562,K562,ENCSR784IMK,TF ChIP-seq,TFAP4,transcription factor,Homo sapiens K562 genetically modified (insertion) using CRISPR targeting H. sapiens TFAP4,"Richard Myers, HAIB",0,0,7,3xFLAG,True,,ENCFF438IYI,IDR thresholded peaks,True,777201.0,830ecf0ad6898ab2e5acf7ef877c2912,https://www.encodeproject.org/files/ENCFF438IYI/@@download/ENCFF438IYI.bed.gz
K562,K562,ENCSR690GUG,TF ChIP-seq,U2AF1,RNA binding protein,Homo sapiens K562,"Xiang-Dong Fu, UCSD",0,0,9,,True,,ENCFF482DRO,optimal IDR thresholded peaks,True,82992.0,d26d99b4850455d67a350c8833578aa1,https://www.encodeproject.org/files/ENCFF482DRO/@@download/ENCFF482DRO.bed.gz
K562,K562,ENCSR000EFV,TF ChIP-seq,MAX,transcription factor,Homo sapiens K562,"Michael Snyder, Stanford",0,1,10,,True,,ENCFF618VMC,optimal IDR thresholded peaks,True,625612.0,f4682a1dc246195895e23f28ea0ee326,https://www.encodeproject.org/files/ENCFF618VMC/@@download/ENCFF618VMC.bed.gz
K562,K562,ENCSR000AUB,TF ChIP-seq,SIRT6,chromatin remodeler,Homo sapiens K562,"Bradley Bernstein, Broad",0,0,8,,True,,ENCFF821XJU,IDR thresholded peaks,True,12838.0,52f6fa60b15c7aee469873680cb7144e,https://www.encodeproject.org/files/ENCFF821XJU/@@download/ENCFF821XJU.bed.gz
K562,K562,ENCSR000EGQ,TF ChIP-seq,NFYB,transcription factor,Homo sapiens K562,"Michael Snyder, Stanford",2,3,8,,True,,ENCFF009NXK,optimal IDR thresholded peaks,True,163438.0,6f6bd74c9e69027ea71f11ea2266e469,https://www.encodeproject.org/files/ENCFF009NXK/@@download/ENCFF009NXK.bed.gz
K562,K562,ENCSR479QAJ,TF ChIP-seq,U2AF2,RNA binding protein,Homo sapiens K562,"Xiang-Dong Fu, UCSD",0,0,6,,True,,ENCFF134HBP,optimal IDR thresholded peaks,True,2589.0,b2b9461da7b80c05b72cd1f582905da4,https://www.encodeproject.org/files/ENCFF134HBP/@@download/ENCFF134HBP.bed.gz
K562,K562,ENCSR000AQE,TF ChIP-seq,EZH2,chromatin remodeler,Homo sapiens K562,"Bradley Bernstein, Broad",0,0,7,,True,,ENCFF804RVA,IDR thresholded peaks,True,37188.0,b64ede00c8820a24d09e4fecf3a1200f,https://www.encodeproject.org/files/ENCFF804RVA/@@download/ENCFF804RVA.bed.gz
K562,K562,ENCSR497VFH,TF ChIP-seq,ZNF639,transcription factor,Homo sapiens K562,"Michael Snyder, Stanford",0,2,2,,True,,ENCFF404EVY,optimal IDR thresholded peaks,True,159125.0,dd691acc7afd56a46916b5f1200a7c08,https://www.encodeproject.org/files/ENCFF404EVY/@@download/ENCFF404EVY.bed.gz
K562,K562,ENCSR167KBO,TF ChIP-seq,ZNF316,transcription factor,Homo sapiens K562,"Michael Snyder, Stanford",0,0,0,,True,,ENCFF806GUF,optimal IDR thresholded peaks,True,1520737.0,1dba0952313fc92e69d70299249b4b11,https://www.encodeproject.org/files/ENCFF806GUF/@@download/ENCFF806GUF.bed.gz
K562,K562,ENCSR000ATV,TF ChIP-seq,CBX3,chromatin remodeler,Homo sapiens K562,"Bradley Bernstein, Broad",0,0,4,,True,,ENCFF068OEJ,IDR thresholded peaks,True,13671.0,1f7ce549f03d8503fbc0a290ef11124d,https://www.encodeproject.org/files/ENCFF068OEJ/@@download/ENCFF068OEJ.bed.gz
K562,K562,ENCSR168CEE,TF ChIP-seq,NCOA6,cofactor,Homo sapiens K562,"Michael Snyder, Stanford",0,0,4,,True,,ENCFF438BWN,optimal IDR thresholded peaks,True,89520.0,668c677f841ce7b7b005cdf1afaa9ff7,https://www.encodeproject.org/files/ENCFF438BWN/@@download/ENCFF438BWN.bed.gz
K562,K562,ENCSR494TDU,TF ChIP-seq,NRF1,transcription factor,Homo sapiens K562,"Michael Snyder, Stanford",0,0,2,,True,,ENCFF543STN,optimal IDR thresholded peaks,True,617859.0,a0c264cf57e6f232c64edeacf60a911a,https://www.encodeproject.org/files/ENCFF543STN/@@download/ENCFF543STN.bed.gz
K562,K562,ENCSR000ATX,TF ChIP-seq,KDM1A,chromatin remodeler,Homo sapiens K562,"Bradley Bernstein, Broad",0,6,8,,True,,ENCFF054XCG,IDR thresholded peaks,True,534042.0,2901a1fbb9eaa9b97745a46fe3dde623,https://www.encodeproject.org/files/ENCFF054XCG/@@download/ENCFF054XCG.bed.gz
K562,K562,ENCSR000ATJ,TF ChIP-seq,HDAC6,chromatin remodeler,Homo sapiens K562,"Bradley Bernstein, Broad",0,0,12,,True,,ENCFF295GBP,optimal IDR thresholded peaks,True,28789.0,68bf42e1127e4d21380226156afcb00f,https://www.encodeproject.org/files/ENCFF295GBP/@@download/ENCFF295GBP.bed.gz
K562,K562,ENCSR000EHG,TF ChIP-seq,USF2,transcription factor,Homo sapiens K562,"Michael Snyder, Stanford",0,0,8,,True,,ENCFF425FVY,optimal IDR thresholded peaks,True,64564.0,a832fa37d29027be36f00c525b726315,https://www.encodeproject.org/files/ENCFF425FVY/@@download/ENCFF425FVY.bed.gz
K562,K562,ENCSR474CVP,TF ChIP-seq,TRIM28,transcription factor,Homo sapiens K562,"Michael Snyder, Stanford",0,0,0,,True,,ENCFF168KHS,optimal IDR thresholded peaks,True,357398.0,40bc0db2f9230869b83ab1bf1cc6d264,https://www.encodeproject.org/files/ENCFF168KHS/@@download/ENCFF168KHS.bed.gz
K562,K562,ENCSR343IFJ,TF ChIP-seq,CC2D1A,transcription factor,Homo sapiens K562,"Michael Snyder, Stanford",0,0,4,,True,,ENCFF180TUM,optimal IDR thresholded peaks,True,474250.0,c6a01e42d9542587c329c4ba60a2e61a,https://www.encodeproject.org/files/ENCFF180TUM/@@download/ENCFF180TUM.bed.gz
K562,K562,ENCSR000ATZ,TF ChIP-seq,KAT2B,chromatin remodeler,Homo sapiens K562,"Bradley Bernstein, Broad",0,0,8,,True,,ENCFF349VSP,IDR thresholded peaks,True,13204.0,506b50cc2025385573623572a8ef6f5c,https://www.encodeproject.org/files/ENCFF349VSP/@@download/ENCFF349VSP.bed.gz
K562,K562,ENCSR272JAT,TF ChIP-seq,CBX5,chromatin remodeler;cofactor,Homo sapiens K562,"Richard Myers, HAIB",0,0,2,,True,,ENCFF403TAE,optimal IDR thresholded peaks,True,126176.0,0a2c23700963d8712529a64a2b3d03a3,https://www.encodeproject.org/files/ENCFF403TAE/@@download/ENCFF403TAE.bed.gz
K562,K562,ENCSR583ACG,TF ChIP-seq,BRD4,chromatin remodeler;cofactor,Homo sapiens K562,"Bradley Bernstein, Broad",0,0,3,,True,,ENCFF130JVF,IDR thresholded peaks,True,176197.0,26ac6a7b2857d459abba9fb87e72da31,https://www.encodeproject.org/files/ENCFF130JVF/@@download/ENCFF130JVF.bed.gz
K562,K562,ENCSR011PEI,TF ChIP-seq,ZNF175,transcription factor,Homo sapiens K562 genetically modified (insertion) using CRISPR targeting H. sapiens ZNF175,"Kevin White, UChicago",0,0,5,eGFP,True,,ENCFF192MEM,IDR thresholded peaks,True,347008.0,2c14e1a21077f7bc6fec809dd82f6835,https://www.encodeproject.org/files/ENCFF192MEM/@@download/ENCFF192MEM.bed.gz
K562,K562,ENCSR991ELG,TF ChIP-seq,SP1,transcription factor,Homo sapiens K562,"Michael Snyder, Stanford",0,0,3,,True,,ENCFF452LDK,optimal IDR thresholded peaks,True,269540.0,c9f1fe671a19405e9d00c16311861993,https://www.encodeproject.org/files/ENCFF452LDK/@@download/ENCFF452LDK.bed.gz
K562,K562,ENCSR850WUE,TF ChIP-seq,RBM15,RNA binding protein,Homo sapiens K562,"Xiang-Dong Fu, UCSD",0,2,8,,True,,ENCFF563WDZ,optimal IDR thresholded peaks,True,6248.0,ba175d1279e07895a451afb39e429df4,https://www.encodeproject.org/files/ENCFF563WDZ/@@download/ENCFF563WDZ.bed.gz
K562,K562,ENCSR338UQU,TF ChIP-seq,STAT6,transcription factor,Homo sapiens K562 genetically modified (insertion) using CRISPR targeting H. sapiens STAT6,"Richard Myers, HAIB",0,0,5,3xFLAG,True,,ENCFF598VGY,IDR thresholded peaks,True,110430.0,57cc5728035c922fdc6f3b930c1675f3,https://www.encodeproject.org/files/ENCFF598VGY/@@download/ENCFF598VGY.bed.gz
K562,K562,ENCSR269BSA,TF ChIP-seq,MED1,cofactor,Homo sapiens K562 genetically modified (insertion) using CRISPR targeting H. sapiens MED1,"Richard Myers, HAIB",0,0,2,3xFLAG,True,,ENCFF882ZEN,IDR thresholded peaks,True,29733.0,6e2d95977cfa1af407ca7e8f83be4aae,https://www.encodeproject.org/files/ENCFF882ZEN/@@download/ENCFF882ZEN.bed.gz
K562,K562,ENCSR899GSH,TF ChIP-seq,RBM34,RNA binding protein,Homo sapiens K562,"Xiang-Dong Fu, UCSD",0,2,3,,True,,ENCFF670ILH,optimal IDR thresholded peaks,True,21075.0,dec8a05196abf982d5ce940d7a42067a,https://www.encodeproject.org/files/ENCFF670ILH/@@download/ENCFF670ILH.bed.gz
K562,K562,ENCSR166BAY,TF ChIP-seq,ZBTB1,DNA repair,Homo sapiens K562 genetically modified (insertion) using CRISPR targeting H. sapiens ZBTB1,"Richard Myers, HAIB",0,0,7,3xFLAG,True,,ENCFF916CTU,IDR thresholded peaks,True,155971.0,3054b0984e217753d68182d1cbf23d04,https://www.encodeproject.org/files/ENCFF916CTU/@@download/ENCFF916CTU.bed.gz
K562,K562,ENCSR000AQH,TF ChIP-seq,PHF8,chromatin remodeler,Homo sapiens K562,"Bradley Bernstein, Broad",0,0,12,,True,,ENCFF952YDR,optimal IDR thresholded peaks,True,507030.0,93137eae8a0a7e4817a43790e41b0849,https://www.encodeproject.org/files/ENCFF952YDR/@@download/ENCFF952YDR.bed.gz
K562,K562,ENCSR000EGI,TF ChIP-seq,MAFF,transcription factor,Homo sapiens K562,"Michael Snyder, Stanford",0,0,8,,True,,ENCFF498MGH,optimal IDR thresholded peaks,True,448897.0,46e06647fc96ac749c5a5de3d3cbce49,https://www.encodeproject.org/files/ENCFF498MGH/@@download/ENCFF498MGH.bed.gz
K562,K562,ENCSR000EGA,TF ChIP-seq,TBL1XR1,cofactor,Homo sapiens K562,"Michael Snyder, Stanford",0,0,8,,True,,ENCFF239WFN,optimal IDR thresholded peaks,True,117271.0,0bb3f6845b1bbca94e1dfd27a3c65a75,https://www.encodeproject.org/files/ENCFF239WFN/@@download/ENCFF239WFN.bed.gz
K562,K562,ENCSR000AVE,TF ChIP-seq,WHSC1,DNA repair;chromatin remodeler,Homo sapiens K562,"Bradley Bernstein, Broad",0,0,4,,True,,ENCFF862UUR,IDR thresholded peaks,True,27556.0,2d540bde11b459686dac07e53ab45c9a,https://www.encodeproject.org/files/ENCFF862UUR/@@download/ENCFF862UUR.bed.gz
K562,K562,ENCSR000EFT,TF ChIP-seq,GATA1,transcription factor,Homo sapiens K562,"Michael Snyder, Stanford",0,0,18,,True,,ENCFF148JKK,optimal IDR thresholded peaks,True,262784.0,d5183b4c65853c9dea2b299fd17f2562,https://www.encodeproject.org/files/ENCFF148JKK/@@download/ENCFF148JKK.bed.gz
K562,K562,ENCSR000BRK,TF ChIP-seq,TEAD4,transcription factor,Homo sapiens K562,"Richard Myers, HAIB",0,0,3,,True,,ENCFF547MLB,optimal IDR thresholded peaks,True,632110.0,2b0ac9b8c1ad843bb00b47401296ab78,https://www.encodeproject.org/files/ENCFF547MLB/@@download/ENCFF547MLB.bed.gz
K562,K562,ENCSR000DOB,TF ChIP-seq,HMGN3,cofactor,Homo sapiens K562,"Kevin Struhl, HMS",1,1,7,,True,,ENCFF615AKB,IDR thresholded peaks,True,322316.0,85c38adbbc1bf9d816b3fc766e979441,https://www.encodeproject.org/files/ENCFF615AKB/@@download/ENCFF615AKB.bed.gz
K562,K562,ENCSR000BQY,TF ChIP-seq,PML,DNA repair,Homo sapiens K562,"Richard Myers, HAIB",0,0,3,,True,,ENCFF800QDU,optimal IDR thresholded peaks,True,365755.0,6eec23a48cdde52ad1922299a27a72ad,https://www.encodeproject.org/files/ENCFF800QDU/@@download/ENCFF800QDU.bed.gz
K562,K562,ENCSR000BRS,TF ChIP-seq,NR2F2,transcription factor,Homo sapiens K562,"Richard Myers, HAIB",0,0,7,,True,,ENCFF118HUH,optimal IDR thresholded peaks,True,357044.0,1040399115870575346daaba5c6bc46a,https://www.encodeproject.org/files/ENCFF118HUH/@@download/ENCFF118HUH.bed.gz
K562,K562,ENCSR000EFQ,TF ChIP-seq,ZMIZ1,transcription factor,Homo sapiens K562,"Michael Snyder, Stanford",0,0,5,,True,,ENCFF881DAT,IDR thresholded peaks,True,208127.0,c69f5eb79fabf8599ba382db568bbcc9,https://www.encodeproject.org/files/ENCFF881DAT/@@download/ENCFF881DAT.bed.gz
K562,K562,ENCSR000DOI,TF ChIP-seq,POLR3A,RNA polymerase complex,Homo sapiens K562,"Kevin Struhl, HMS",1,3,3,,True,,ENCFF627DJP,IDR thresholded peaks,True,26398.0,77cc2fd392d32ee49b876a3b625666c0,https://www.encodeproject.org/files/ENCFF627DJP/@@download/ENCFF627DJP.bed.gz
K562,K562,ENCSR000BMH,TF ChIP-seq,YY1,transcription factor,Homo sapiens K562,"Richard Myers, HAIB",0,2,10,,True,,ENCFF024TJO,optimal IDR thresholded peaks,True,507864.0,0dd0a3eb71a0ca45616c9c9568ab7bb5,https://www.encodeproject.org/files/ENCFF024TJO/@@download/ENCFF024TJO.bed.gz
K562,K562,ENCSR000BNN,TF ChIP-seq,THAP1,transcription factor,Homo sapiens K562,"Richard Myers, HAIB",0,4,9,,True,,ENCFF130TPD,optimal IDR thresholded peaks,True,106296.0,b41833219a82f27ff1db888e32c31b17,https://www.encodeproject.org/files/ENCFF130TPD/@@download/ENCFF130TPD.bed.gz
K562,K562,ENCSR000BRR,TF ChIP-seq,STAT5A,transcription factor,Homo sapiens K562,"Richard Myers, HAIB",0,0,4,,True,,ENCFF517IXK,optimal IDR thresholded peaks,True,236998.0,25aaa0e8f779d8d52cd52bed7d3e3c34,https://www.encodeproject.org/files/ENCFF517IXK/@@download/ENCFF517IXK.bed.gz
K562,K562,ENCSR000DOC,TF ChIP-seq,BRF2,transcription factor,Homo sapiens K562,"Kevin Struhl, HMS",0,6,6,,True,,ENCFF944LWS,IDR thresholded peaks,True,984.0,00950d75f1fefb8f08d6f3b6772b0428,https://www.encodeproject.org/files/ENCFF944LWS/@@download/ENCFF944LWS.bed.gz
K562,K562,ENCSR360ECJ,TF ChIP-seq,ZNF232,transcription factor,Homo sapiens K562 genetically modified (insertion) using CRISPR targeting H. sapiens ZNF232,"Richard Myers, HAIB",0,0,4,3xFLAG,True,,ENCFF672PJF,IDR thresholded peaks,True,90068.0,8fb7dff26cde41f8bb48212b19ae9790,https://www.encodeproject.org/files/ENCFF672PJF/@@download/ENCFF672PJF.bed.gz
K562,K562,ENCSR882ERE,TF ChIP-seq,ZKSCAN1,transcription factor,Homo sapiens K562,"Michael Snyder, Stanford",0,0,4,,True,,ENCFF704VDI,optimal IDR thresholded peaks,True,215226.0,d73efa30d687f0d6906ccc21b9513aa8,https://www.encodeproject.org/files/ENCFF704VDI/@@download/ENCFF704VDI.bed.gz
K562,K562,ENCSR776CYN,TF ChIP-seq,ZFP36,RNA binding protein,Homo sapiens K562,"Michael Snyder, Stanford",0,2,3,,True,,ENCFF763HPQ,optimal IDR thresholded peaks,True,382406.0,2c0b59eb801d4029352779b1d40a193e,https://www.encodeproject.org/files/ENCFF763HPQ/@@download/ENCFF763HPQ.bed.gz
K562,K562,ENCSR000ATW,TF ChIP-seq,CBX8,DNA repair;RNA binding protein;chromatin remodeler,Homo sapiens K562,"Bradley Bernstein, Broad",1,2,15,,True,,ENCFF210GJE,optimal IDR thresholded peaks,True,84014.0,deffa54571fba63b8dcf1a3a04b6298a,https://www.encodeproject.org/files/ENCFF210GJE/@@download/ENCFF210GJE.bed.gz
K562,K562,ENCSR782WRO,TF ChIP-seq,BMI1,chromatin remodeler;transcription factor,Homo sapiens K562,"Michael Snyder, Stanford",0,0,2,,True,,ENCFF352DRR,optimal IDR thresholded peaks,True,52553.0,d1d7aba5f95aad6a5682208eec556e60,https://www.encodeproject.org/files/ENCFF352DRR/@@download/ENCFF352DRR.bed.gz
K562,K562,ENCSR000EGG,TF ChIP-seq,RCOR1,chromatin remodeler;transcription factor,Homo sapiens K562,"Michael Snyder, Stanford",0,0,6,,True,,ENCFF627PLM,IDR thresholded peaks,True,744942.0,4f39e90d8f3d3a7f7c7f112c8c00cec8,https://www.encodeproject.org/files/ENCFF627PLM/@@download/ENCFF627PLM.bed.gz
K562,K562,ENCSR286PCG,TF ChIP-seq,ZBED1,transcription factor,Homo sapiens K562,"Richard Myers, HAIB",0,0,0,,True,,ENCFF388TYU,optimal IDR thresholded peaks,True,108938.0,97f1ac53cbf7b2049fdc18567c700d9c,https://www.encodeproject.org/files/ENCFF388TYU/@@download/ENCFF388TYU.bed.gz
K562,K562,ENCSR888XZK,TF ChIP-seq,TCF7L2,transcription factor,Homo sapiens K562,"Michael Snyder, Stanford",0,0,7,,True,,ENCFF556FYF,optimal IDR thresholded peaks,True,39688.0,06fd850832b427a97078af5d005d43e5,https://www.encodeproject.org/files/ENCFF556FYF/@@download/ENCFF556FYF.bed.gz
K562,K562,ENCSR920BLG,TF ChIP-seq,SIN3A,chromatin remodeler,Homo sapiens K562,"Michael Snyder, Stanford",0,0,7,,True,,ENCFF802JAN,optimal IDR thresholded peaks,True,250513.0,24417aa4f4564a237fc97e6e33fd4e0c,https://www.encodeproject.org/files/ENCFF802JAN/@@download/ENCFF802JAN.bed.gz
K562,K562,ENCSR000EFR,TF ChIP-seq,ZC3H11A,RNA binding protein,Homo sapiens K562,"Michael Snyder, Stanford",0,0,9,,True,,ENCFF478PGJ,optimal IDR thresholded peaks,True,51015.0,e3e6d898f696b41259e0fb40a31318f4,https://www.encodeproject.org/files/ENCFF478PGJ/@@download/ENCFF478PGJ.bed.gz
K562,K562,ENCSR000EGD,TF ChIP-seq,BACH1,transcription factor,Homo sapiens K562,"Michael Snyder, Stanford",0,0,11,,True,,ENCFF543FNN,optimal IDR thresholded peaks,True,88418.0,148db2913335434c4f79f4c04b546a2b,https://www.encodeproject.org/files/ENCFF543FNN/@@download/ENCFF543FNN.bed.gz
K562,K562,ENCSR940PYZ,TF ChIP-seq,ZNF609,transcription factor,Homo sapiens K562 genetically modified (insertion) using CRISPR targeting H. sapiens ZNF609,"Richard Myers, HAIB",0,0,6,3xFLAG,True,,ENCFF824EJC,IDR thresholded peaks,True,100827.0,b8104e0f2b14d80630b729bfcb924121,https://www.encodeproject.org/files/ENCFF824EJC/@@download/ENCFF824EJC.bed.gz
K562,K562,ENCSR976MXN,TF ChIP-seq,ZNF317,transcription factor,Homo sapiens K562 genetically modified (insertion) using CRISPR targeting H. sapiens ZNF317,"Richard Myers, HAIB",0,0,6,3xFLAG,True,,ENCFF653DNY,IDR thresholded peaks,True,241843.0,643ff5d54ae4c9defffa5033743393e9,https://www.encodeproject.org/files/ENCFF653DNY/@@download/ENCFF653DNY.bed.gz
K562,K562,ENCSR028WJI,TF ChIP-seq,TGIF2,transcription factor,Homo sapiens K562 genetically modified (insertion) using CRISPR targeting H. sapiens TGIF2,"Richard Myers, HAIB",0,0,6,3xFLAG,True,,ENCFF238XIA,IDR thresholded peaks,True,83156.0,faff5e72439fd29edfd73de886815f60,https://www.encodeproject.org/files/ENCFF238XIA/@@download/ENCFF238XIA.bed.gz
K562,K562,ENCSR000ATM,TF ChIP-seq,REST,transcription factor,Homo sapiens K562,"Bradley Bernstein, Broad",0,4,9,,True,,ENCFF539MIO,IDR thresholded peaks,True,180473.0,bf09d17ad658e487d073f32ef2fcd3fa,https://www.encodeproject.org/files/ENCFF539MIO/@@download/ENCFF539MIO.bed.gz
K562,K562,ENCSR000ATY,TF ChIP-seq,NCOR1,cofactor,Homo sapiens K562,"Bradley Bernstein, Broad",0,3,3,,True,,ENCFF816AEF,IDR thresholded peaks,True,10012.0,35f47b4111c68ca1831fb368ab591416,https://www.encodeproject.org/files/ENCFF816AEF/@@download/ENCFF816AEF.bed.gz
K562,K562,ENCSR000BNV,TF ChIP-seq,MEF2A,transcription factor,Homo sapiens K562,"Richard Myers, HAIB",0,4,9,,True,,ENCFF310SMW,optimal IDR thresholded peaks,True,23534.0,e967915ab5610d1d6ed4def309ca49c1,https://www.encodeproject.org/files/ENCFF310SMW/@@download/ENCFF310SMW.bed.gz
K562,K562,ENCSR000ATT,TF ChIP-seq,CREBBP,cofactor,Homo sapiens K562,"Bradley Bernstein, Broad",0,0,7,,True,,ENCFF532VPN,IDR thresholded peaks,True,13924.0,1303ae8e875e1334ba083f640bdb00ce,https://www.encodeproject.org/files/ENCFF532VPN/@@download/ENCFF532VPN.bed.gz
K562,K562,ENCSR000EHA,TF ChIP-seq,TBP,transcription factor,Homo sapiens K562,"Michael Snyder, Stanford",0,0,12,,True,,ENCFF370YGS,optimal IDR thresholded peaks,True,404676.0,b1e02cad87c932f2787e21483038a402,https://www.encodeproject.org/files/ENCFF370YGS/@@download/ENCFF370YGS.bed.gz
K562,K562,ENCSR000BNL,TF ChIP-seq,SP2,transcription factor,Homo sapiens K562,"Richard Myers, HAIB",1,2,7,,True,,ENCFF741FZG,IDR thresholded peaks,True,62058.0,1364492b223dabbb91257b2a68d3f3b1,https://www.encodeproject.org/files/ENCFF741FZG/@@download/ENCFF741FZG.bed.gz
K562,K562,ENCSR000EHQ,TF ChIP-seq,POLR3G,RNA polymerase complex,Homo sapiens K562,"Michael Snyder, Stanford",2,3,0,,True,,ENCFF307GHJ,IDR thresholded peaks,True,4449.0,4197dc2aeceb62219c7d3baa9dea6531,https://www.encodeproject.org/files/ENCFF307GHJ/@@download/ENCFF307GHJ.bed.gz
K562,K562,ENCSR000BLI,TF ChIP-seq,E2F6,transcription factor,Homo sapiens K562,"Richard Myers, HAIB",0,3,12,,True,,ENCFF533GSH,optimal IDR thresholded peaks,True,533841.0,7d606acf8a9036afa2f4744e0e01b98b,https://www.encodeproject.org/files/ENCFF533GSH/@@download/ENCFF533GSH.bed.gz
K562,K562,ENCSR000FAI,TF ChIP-seq,FOS,transcription factor,Homo sapiens K562,"Sherman Weissman, Yale",3,3,3,,True,,ENCFF258PLH,IDR thresholded peaks,True,126809.0,11b652e6018073b1caff746b314cb149,https://www.encodeproject.org/files/ENCFF258PLH/@@download/ENCFF258PLH.bed.gz
K562,K562,ENCSR000FCD,TF ChIP-seq,SMAD5,transcription factor,Homo sapiens K562,"Richard Myers, HAIB",0,0,2,,True,,ENCFF069AAY,optimal IDR thresholded peaks,True,400019.0,4fae0f8dac0d78ddbd10368544c7f6a5,https://www.encodeproject.org/files/ENCFF069AAY/@@download/ENCFF069AAY.bed.gz
K562,K562,ENCSR799URB,TF ChIP-seq,ZNF121,transcription factor,Homo sapiens K562 genetically modified (insertion) using CRISPR targeting H. sapiens ZNF121,"Richard Myers, HAIB",0,0,1,3xFLAG,True,,ENCFF650DWZ,conservative IDR thresholded peaks,True,438231.0,e47d82c8ca55ecc8f43cd6dd238d7c96,https://www.encodeproject.org/files/ENCFF650DWZ/@@download/ENCFF650DWZ.bed.gz
K562,K562,ENCSR000EGN,TF ChIP-seq,JUND,transcription factor,Homo sapiens K562,"Michael Snyder, Stanford",0,0,10,,True,,ENCFF213EYD,optimal IDR thresholded peaks,True,808369.0,46a248a637663e0555402451943362c9,https://www.encodeproject.org/files/ENCFF213EYD/@@download/ENCFF213EYD.bed.gz
K562,K562,ENCSR652OGX,TF ChIP-seq,ZNF511,transcription factor,Homo sapiens K562 genetically modified (insertion) using CRISPR targeting H. sapiens ZNF511,"Richard Myers, HAIB",0,0,5,3xFLAG,True,,ENCFF653ABW,IDR thresholded peaks,True,216549.0,aafdea2a30b838b4fe35796e02c3c610,https://www.encodeproject.org/files/ENCFF653ABW/@@download/ENCFF653ABW.bed.gz
K562,K562,ENCSR000DOD,TF ChIP-seq,GTF3C2,transcription factor,Homo sapiens K562,"Kevin Struhl, HMS",3,3,9,,True,,ENCFF496PIQ,IDR thresholded peaks,True,34271.0,3cd026825e6bc4cd0ecce8f8da22b945,https://www.encodeproject.org/files/ENCFF496PIQ/@@download/ENCFF496PIQ.bed.gz
K562,K562,ENCSR787CHF,TF ChIP-seq,USF1,transcription factor,Homo sapiens K562 genetically modified (insertion) using CRISPR targeting H. sapiens USF1,"Richard Myers, HAIB",0,0,6,3xFLAG,True,,ENCFF255QDL,IDR thresholded peaks,True,360934.0,66adcc6dbae5d2f61863a379687a2beb,https://www.encodeproject.org/files/ENCFF255QDL/@@download/ENCFF255QDL.bed.gz
K562,K562,ENCSR000EFU,TF ChIP-seq,ELK1,transcription factor,Homo sapiens K562,"Michael Snyder, Stanford",0,0,9,,True,,ENCFF119SCQ,optimal IDR thresholded peaks,True,72970.0,d5791bd9656128411f3090b76911951b,https://www.encodeproject.org/files/ENCFF119SCQ/@@download/ENCFF119SCQ.bed.gz
K562,K562,ENCSR214EKV,TF ChIP-seq,ZNF281,transcription factor,Homo sapiens K562 genetically modified (insertion) using CRISPR targeting H. sapiens ZNF281,"Michael Snyder, Stanford",0,0,7,eGFP,True,,ENCFF648ORA,IDR thresholded peaks,True,730558.0,c8846dc27aceb5493c29f27d1ab00d43,https://www.encodeproject.org/files/ENCFF648ORA/@@download/ENCFF648ORA.bed.gz
K562,K562,ENCSR125YGM,TF ChIP-seq,ID3,transcription factor,Homo sapiens K562 genetically modified (insertion) using CRISPR targeting H. sapiens ID3,"Michael Snyder, Stanford",0,0,6,eGFP,True,,ENCFF794SCQ,IDR thresholded peaks,True,23229.0,e6e475535ea04af262cd6522c6bd3ced,https://www.encodeproject.org/files/ENCFF794SCQ/@@download/ENCFF794SCQ.bed.gz
K562,K562,ENCSR000AQF,TF ChIP-seq,HDAC1,chromatin remodeler,Homo sapiens K562,"Bradley Bernstein, Broad",0,1,15,,True,,ENCFF557WXK,optimal IDR thresholded peaks,True,306909.0,2fd127e707de89023dde25732e1cf762,https://www.encodeproject.org/files/ENCFF557WXK/@@download/ENCFF557WXK.bed.gz
K562,K562,ENCSR000AQI,TF ChIP-seq,RBBP5,chromatin remodeler,Homo sapiens K562,"Bradley Bernstein, Broad",0,3,11,,True,,ENCFF666PCE,optimal IDR thresholded peaks,True,444907.0,32519d91cf9265db07609fd8a27284a6,https://www.encodeproject.org/files/ENCFF666PCE/@@download/ENCFF666PCE.bed.gz
K562,K562,ENCSR000AUT,TF ChIP-seq,SETDB1,chromatin remodeler,Homo sapiens K562,"Bradley Bernstein, Broad",0,0,4,,True,,ENCFF267QRI,IDR thresholded peaks,True,29798.0,fda9b45d1fed8064ece471e6239b0569,https://www.encodeproject.org/files/ENCFF267QRI/@@download/ENCFF267QRI.bed.gz
K562,K562,ENCSR000AQD,TF ChIP-seq,CHD1,chromatin remodeler,Homo sapiens K562,"Bradley Bernstein, Broad",0,0,8,,True,,ENCFF408NUX,IDR thresholded peaks,True,206889.0,bac144bea3a426d98ea70b9d56a50d64,https://www.encodeproject.org/files/ENCFF408NUX/@@download/ENCFF408NUX.bed.gz
K562,K562,ENCSR567NTZ,TF ChIP-seq,TCF15,transcription factor,Homo sapiens K562 genetically modified (insertion) using CRISPR targeting H. sapiens TCF15,"Michael Snyder, Stanford",0,0,7,eGFP,True,,ENCFF415MKA,IDR thresholded peaks,True,64197.0,a64daf572aa7d4a59739d89b7951b32c,https://www.encodeproject.org/files/ENCFF415MKA/@@download/ENCFF415MKA.bed.gz
K562,K562,ENCSR000AUA,TF ChIP-seq,RNF2,transcription factor,Homo sapiens K562,"Bradley Bernstein, Broad",0,3,5,,True,,ENCFF923GDR,IDR thresholded peaks,True,20608.0,7fcd26c1558dae0b1b0035fb9549d251,https://www.encodeproject.org/files/ENCFF923GDR/@@download/ENCFF923GDR.bed.gz
K562,K562,ENCSR000BKQ,TF ChIP-seq,ETS1,transcription factor,Homo sapiens K562,"Richard Myers, HAIB",0,4,8,,True,,ENCFF461PRP,optimal IDR thresholded peaks,True,206712.0,709b8e71866304816aad277c92c8a529,https://www.encodeproject.org/files/ENCFF461PRP/@@download/ENCFF461PRP.bed.gz
K562,K562,ENCSR000ATL,TF ChIP-seq,CHD4,chromatin remodeler,Homo sapiens K562,"Bradley Bernstein, Broad",0,4,9,,True,,ENCFF985QBS,IDR thresholded peaks,True,107135.0,9a7765c851f2ff65cda04ac811057b36,https://www.encodeproject.org/files/ENCFF985QBS/@@download/ENCFF985QBS.bed.gz
K562,K562,ENCSR077TKJ,TF ChIP-seq,ZNF707,transcription factor,Homo sapiens K562 genetically modified (insertion) using CRISPR targeting H. sapiens ZNF707,"Michael Snyder, Stanford",0,0,7,eGFP,True,,ENCFF959ZKZ,conservative IDR thresholded peaks,True,62463.0,bf543742dbd0eddb1b8c703584cc033e,https://www.encodeproject.org/files/ENCFF959ZKZ/@@download/ENCFF959ZKZ.bed.gz
K562,K562,ENCSR377HQG,TF ChIP-seq,ZNF140,transcription factor,Homo sapiens K562 genetically modified (insertion) using CRISPR targeting H. sapiens ZNF140,"Michael Snyder, Stanford",0,0,7,eGFP,True,,ENCFF207XCM,IDR thresholded peaks,True,22844.0,d36727b083d68c12ea737a919a9b6555,https://www.encodeproject.org/files/ENCFF207XCM/@@download/ENCFF207XCM.bed.gz
K562,K562,ENCSR620MHD,TF ChIP-seq,KDM2B,chromatin remodeler,Homo sapiens K562 genetically modified (insertion) using CRISPR targeting H. sapiens KDM2B,"Michael Snyder, Stanford",0,0,6,eGFP,True,,ENCFF702THZ,IDR thresholded peaks,True,99116.0,15a84be1f205db0c29c63f9ee40ce22f,https://www.encodeproject.org/files/ENCFF702THZ/@@download/ENCFF702THZ.bed.gz
K562,K562,ENCSR133DMU,TF ChIP-seq,RERE,cofactor;transcription factor,Homo sapiens K562 genetically modified (insertion) using CRISPR targeting H. sapiens RERE,"Richard Myers, HAIB",0,0,6,3xFLAG,True,,ENCFF473NCJ,IDR thresholded peaks,True,58777.0,1d9e0bcd88f84d61c4c9e3894fe480ac,https://www.encodeproject.org/files/ENCFF473NCJ/@@download/ENCFF473NCJ.bed.gz
K562,K562,ENCSR579XWM,TF ChIP-seq,HSF4,cofactor,Homo sapiens K562 genetically modified (insertion) using CRISPR targeting H. sapiens HSF4,"Michael Snyder, Stanford",0,0,6,eGFP,True,,ENCFF023JGT,IDR thresholded peaks,True,58406.0,0106796a01a2fb655f4f3c6fdfe16f63,https://www.encodeproject.org/files/ENCFF023JGT/@@download/ENCFF023JGT.bed.gz
K562,K562,ENCSR530WIV,TF ChIP-seq,FOXP1,cofactor,Homo sapiens K562 genetically modified (insertion) using CRISPR targeting H. sapiens FOXP1,"Richard Myers, HAIB",0,0,5,3xFLAG,True,,ENCFF491EEI,IDR thresholded peaks,True,231548.0,ca54959be0f42ca980fc94a5fb2e10ff,https://www.encodeproject.org/files/ENCFF491EEI/@@download/ENCFF491EEI.bed.gz
K562,K562,ENCSR307YJU,TF ChIP-seq,MYNN,transcription factor,Homo sapiens K562 genetically modified (insertion) using CRISPR targeting H. sapiens MYNN,"Michael Snyder, Stanford",0,0,5,eGFP,True,,ENCFF603EAX,IDR thresholded peaks,True,19014.0,72a9556858ec9b98aee3a7f32b3f240f,https://www.encodeproject.org/files/ENCFF603EAX/@@download/ENCFF603EAX.bed.gz
K562,K562,ENCSR659YWQ,TF ChIP-seq,ZNF449,transcription factor,Homo sapiens K562 genetically modified (insertion) using CRISPR targeting H. sapiens ZNF449,"Michael Snyder, Stanford",0,0,6,eGFP,True,,ENCFF443BGE,IDR thresholded peaks,True,92800.0,66b4133a5ab20432516083f80e7321b9,https://www.encodeproject.org/files/ENCFF443BGE/@@download/ENCFF443BGE.bed.gz
K562,K562,ENCSR436CZV,TF ChIP-seq,AFF4,transcription factor,Homo sapiens K562 genetically modified (insertion) using CRISPR targeting H. sapiens AFF4,"Richard Myers, HAIB",0,0,5,3xFLAG,True,,ENCFF142MJD,IDR thresholded peaks,True,257805.0,c8f76e772192439a7847dbbea9f73f40,https://www.encodeproject.org/files/ENCFF142MJD/@@download/ENCFF142MJD.bed.gz
K562,K562,ENCSR091GVJ,TF ChIP-seq,ATF1,transcription factor,Homo sapiens K562 stably expressing ATF1,"Michael Snyder, Stanford",0,0,2,eGFP,True,,ENCFF236XAZ,optimal IDR thresholded peaks,True,837317.0,a2c7a380e59e2af725332014de4ffe83,https://www.encodeproject.org/files/ENCFF236XAZ/@@download/ENCFF236XAZ.bed.gz
K562,K562,ENCSR924JOW,TF ChIP-seq,KAT7,chromatin remodeler,Homo sapiens K562 genetically modified (insertion) using CRISPR targeting H. sapiens KAT7,"Richard Myers, HAIB",0,0,6,3xFLAG,True,,ENCFF555IKI,IDR thresholded peaks,True,273354.0,86d79f9c2d1f369de2e5bea3db48176b,https://www.encodeproject.org/files/ENCFF555IKI/@@download/ENCFF555IKI.bed.gz
K562,K562,ENCSR672OHP,TF ChIP-seq,LCOR,transcription factor,Homo sapiens K562 genetically modified (insertion) using CRISPR targeting H. sapiens LCOR,"Richard Myers, HAIB",0,0,5,3xFLAG,True,,ENCFF266MUT,IDR thresholded peaks,True,341448.0,15238935e3a89db82a84a759c7e3bc7d,https://www.encodeproject.org/files/ENCFF266MUT/@@download/ENCFF266MUT.bed.gz
K562,K562,ENCSR249VFB,TF ChIP-seq,ZBTB49,transcription factor,Homo sapiens K562 genetically modified (insertion) using CRISPR targeting H. sapiens ZBTB49,"Richard Myers, HAIB",0,0,6,3xFLAG,True,,ENCFF308VAI,IDR thresholded peaks,True,53987.0,df001b91033c97d18376994e157e9b32,https://www.encodeproject.org/files/ENCFF308VAI/@@download/ENCFF308VAI.bed.gz
K562,K562,ENCSR368GJN,TF ChIP-seq,E2F4,transcription factor,Homo sapiens K562 genetically modified (insertion) using CRISPR targeting H. sapiens E2F4,"Richard Myers, HAIB",0,0,6,3xFLAG,True,,ENCFF221TRR,IDR thresholded peaks,True,98131.0,e4124f95f0f2e2991bc1ca299933152b,https://www.encodeproject.org/files/ENCFF221TRR/@@download/ENCFF221TRR.bed.gz
K562,K562,ENCSR845GGY,TF ChIP-seq,ZNF263,transcription factor,Homo sapiens K562 genetically modified (insertion) using CRISPR targeting H. sapiens ZNF263,"Richard Myers, HAIB",0,0,6,3xFLAG,True,,ENCFF295XBK,IDR thresholded peaks,True,342998.0,f4e613e134764f693b500d2eae745a99,https://www.encodeproject.org/files/ENCFF295XBK/@@download/ENCFF295XBK.bed.gz
K562,K562,ENCSR352BJL,TF ChIP-seq,ZNF318,transcription factor,Homo sapiens K562,"Michael Snyder, Stanford",0,0,4,,True,,ENCFF577LQR,optimal IDR thresholded peaks,True,184702.0,bb9c159f53df46172d968d0f6d728c72,https://www.encodeproject.org/files/ENCFF577LQR/@@download/ENCFF577LQR.bed.gz
K562,K562,ENCSR208VNN,TF ChIP-seq,IFI16,transcription factor,Homo sapiens K562 genetically modified (insertion) using CRISPR targeting H. sapiens IFI16,"Michael Snyder, Stanford",0,0,5,eGFP,True,,ENCFF518SJY,IDR thresholded peaks,True,30993.0,cfe00bdd14523d07a5b232e1e333cff6,https://www.encodeproject.org/files/ENCFF518SJY/@@download/ENCFF518SJY.bed.gz
K562,K562,ENCSR948JND,TF ChIP-seq,ZNF398,transcription factor,Homo sapiens K562 genetically modified (insertion) using CRISPR targeting H. sapiens ZNF398,"Michael Snyder, Stanford",0,0,8,eGFP,True,,ENCFF380KJB,IDR thresholded peaks,True,20460.0,c7661a621c48dd98954a38eb18db75ab,https://www.encodeproject.org/files/ENCFF380KJB/@@download/ENCFF380KJB.bed.gz
K562,K562,ENCSR303SHG,TF ChIP-seq,ZNF699,transcription factor,Homo sapiens K562 genetically modified (insertion) using CRISPR targeting H. sapiens ZNF699,"Michael Snyder, Stanford",0,1,6,eGFP,True,,ENCFF854SNX,IDR thresholded peaks,True,13594.0,900d7723882e4978802aee396a1299e3,https://www.encodeproject.org/files/ENCFF854SNX/@@download/ENCFF854SNX.bed.gz
K562,K562,ENCSR576AMK,TF ChIP-seq,PPARD,transcription factor,Homo sapiens K562 genetically modified (insertion) using CRISPR targeting H. sapiens PPARD,"Michael Snyder, Stanford",0,0,8,eGFP,True,,ENCFF893YKY,IDR thresholded peaks,True,14329.0,4e7dd9c9098dee51f426b9f79fc97101,https://www.encodeproject.org/files/ENCFF893YKY/@@download/ENCFF893YKY.bed.gz
K562,K562,ENCSR567QAD,TF ChIP-seq,ZBTB34,transcription factor,Homo sapiens K562 genetically modified (insertion) using CRISPR targeting H. sapiens ZBTB34,"Michael Snyder, Stanford",0,0,6,eGFP,True,,ENCFF683VXW,IDR thresholded peaks,True,30844.0,da036541d141dc9b20a7e7d9c6fce8bc,https://www.encodeproject.org/files/ENCFF683VXW/@@download/ENCFF683VXW.bed.gz
K562,K562,ENCSR676KDJ,TF ChIP-seq,ARID4B,transcription factor,Homo sapiens K562 genetically modified (insertion) using CRISPR targeting H. sapiens ARID4B,"Michael Snyder, Stanford",0,0,7,eGFP,True,,ENCFF528IDR,IDR thresholded peaks,True,102740.0,6ef0239549730fa777af55dc284d48b9,https://www.encodeproject.org/files/ENCFF528IDR/@@download/ENCFF528IDR.bed.gz
K562,K562,ENCSR177DNR,TF ChIP-seq,FIP1L1,RNA binding protein,Homo sapiens K562,"Xiang-Dong Fu, UCSD",0,3,7,,True,,ENCFF084DTV,optimal IDR thresholded peaks,True,177627.0,855a976a31e1f8e958fffe778e5b8a62,https://www.encodeproject.org/files/ENCFF084DTV/@@download/ENCFF084DTV.bed.gz
K562,K562,ENCSR814AJH,TF ChIP-seq,SRSF9,RNA binding protein,Homo sapiens K562,"Xiang-Dong Fu, UCSD",0,0,5,,True,,ENCFF217HAW,optimal IDR thresholded peaks,True,647.0,ab86c3dadb50c09aed10410be667f6e8,https://www.encodeproject.org/files/ENCFF217HAW/@@download/ENCFF217HAW.bed.gz
K562,K562,ENCSR948QLZ,TF ChIP-seq,CBX1,transcription factor,Homo sapiens K562,"Richard Myers, HAIB",0,0,5,,True,,ENCFF163FLA,optimal IDR thresholded peaks,True,275708.0,c62dfebc3a00c7cd0535bd47ec04a154,https://www.encodeproject.org/files/ENCFF163FLA/@@download/ENCFF163FLA.bed.gz
K562,K562,ENCSR986CDX,TF ChIP-seq,NEUROD1,transcription factor,Homo sapiens K562,"Michael Snyder, Stanford",0,2,4,,True,,ENCFF755APC,optimal IDR thresholded peaks,True,240083.0,c2e8f3a974b9271bb9c3c4c369464a5f,https://www.encodeproject.org/files/ENCFF755APC/@@download/ENCFF755APC.bed.gz
K562,K562,ENCSR268QIQ,TF ChIP-seq,SRSF3,RNA binding protein,Homo sapiens K562,"Xiang-Dong Fu, UCSD",0,2,8,,True,,ENCFF926XGK,optimal IDR thresholded peaks,True,33800.0,bca83ec503a4afd8c43208fd2a0e7be1,https://www.encodeproject.org/files/ENCFF926XGK/@@download/ENCFF926XGK.bed.gz
K562,K562,ENCSR849LXI,TF ChIP-seq,MTF1,transcription factor,Homo sapiens K562 genetically modified (insertion) using CRISPR targeting H. sapiens MTF1,"Michael Snyder, Stanford",0,0,9,eGFP,True,,ENCFF478MAJ,IDR thresholded peaks,True,36476.0,49cb1e591c3834f98e0bdbe4752d3c8c,https://www.encodeproject.org/files/ENCFF478MAJ/@@download/ENCFF478MAJ.bed.gz
K562,K562,ENCSR409PXW,TF ChIP-seq,ZNF224,transcription factor,Homo sapiens K562 genetically modified (insertion) using CRISPR targeting H. sapiens ZNF224,"Richard Myers, HAIB",0,0,5,3xFLAG,True,,ENCFF905RSN,IDR thresholded peaks,True,49666.0,41d1dfe12395313de4fe309022a3074c,https://www.encodeproject.org/files/ENCFF905RSN/@@download/ENCFF905RSN.bed.gz
K562,K562,ENCSR724GSW,TF ChIP-seq,SAFB2,RNA binding protein,Homo sapiens K562,"Xiang-Dong Fu, UCSD",0,2,7,,True,,ENCFF087DKT,optimal IDR thresholded peaks,True,1596.0,aaa4cd7a511a2274573a57a5586295e8,https://www.encodeproject.org/files/ENCFF087DKT/@@download/ENCFF087DKT.bed.gz
K562,K562,ENCSR506KWJ,TF ChIP-seq,XRCC5,transcription factor,Homo sapiens K562,"Xiang-Dong Fu, UCSD",0,0,8,,True,,ENCFF929TWP,optimal IDR thresholded peaks,True,224884.0,b68998b0e9dddfba56900d32052315d1,https://www.encodeproject.org/files/ENCFF929TWP/@@download/ENCFF929TWP.bed.gz
K562,K562,ENCSR415NNQ,TF ChIP-seq,THAP12,transcription factor,Homo sapiens K562 genetically modified (insertion) using CRISPR targeting H. sapiens THAP12,"Michael Snyder, Stanford",0,0,5,eGFP,True,,ENCFF206LMB,IDR thresholded peaks,True,188313.0,2036ca74fcdcfde13c277dc7bf70b2b5,https://www.encodeproject.org/files/ENCFF206LMB/@@download/ENCFF206LMB.bed.gz
K562,K562,ENCSR763FNU,TF ChIP-seq,CGGBP1,transcription factor,Homo sapiens K562 genetically modified (insertion) using CRISPR targeting H. sapiens CGGBP1,"Michael Snyder, Stanford",0,0,4,eGFP,True,,ENCFF771XZZ,IDR thresholded peaks,True,66940.0,1e5d14ffe4735eb1f5b8d3e86ef00c3b,https://www.encodeproject.org/files/ENCFF771XZZ/@@download/ENCFF771XZZ.bed.gz
K562,K562,ENCSR121SPB,TF ChIP-seq,KLF10,transcription factor,Homo sapiens K562 genetically modified (insertion) using CRISPR targeting H. sapiens KLF10,"Michael Snyder, Stanford",0,0,18,eGFP,True,,ENCFF142ZTD,IDR thresholded peaks,True,21501.0,06b317ef05d76533b65394ed228366f4,https://www.encodeproject.org/files/ENCFF142ZTD/@@download/ENCFF142ZTD.bed.gz
K562,K562,ENCSR419CNA,TF ChIP-seq,ZC3H4,RNA binding protein,Homo sapiens K562 genetically modified (insertion) using CRISPR targeting H. sapiens ZC3H4,"Richard Myers, HAIB",0,0,2,3xFLAG,True,,ENCFF270TMW,IDR thresholded peaks,True,94952.0,e7b2f2d8e419a9398b3411c280296f21,https://www.encodeproject.org/files/ENCFF270TMW/@@download/ENCFF270TMW.bed.gz
K562,K562,ENCSR643JRH,TF ChIP-seq,MAZ,transcription factor,Homo sapiens K562 genetically modified (insertion) using CRISPR targeting H. sapiens MAZ,"Michael Snyder, Stanford",0,0,4,eGFP,True,,ENCFF389FLV,conservative IDR thresholded peaks,True,494467.0,c6f1dde2dbef858020f1a1e40b03918d,https://www.encodeproject.org/files/ENCFF389FLV/@@download/ENCFF389FLV.bed.gz
K562,K562,ENCSR998OMC,TF ChIP-seq,TFCP2,transcription factor,Homo sapiens K562 genetically modified (insertion) using CRISPR targeting H. sapiens TFCP2,"Michael Snyder, Stanford",0,0,7,eGFP,True,,ENCFF392MAR,IDR thresholded peaks,True,159751.0,24c441dcd257d355e3623a93c8babed1,https://www.encodeproject.org/files/ENCFF392MAR/@@download/ENCFF392MAR.bed.gz
K562,K562,ENCSR870YEN,TF ChIP-seq,ZSCAN32,transcription factor,Homo sapiens K562 genetically modified (insertion) using CRISPR targeting H. sapiens ZSCAN32,"Michael Snyder, Stanford",0,0,6,eGFP,True,,ENCFF537HHU,IDR thresholded peaks,True,83811.0,1929de42f3669816f04c675a97584442,https://www.encodeproject.org/files/ENCFF537HHU/@@download/ENCFF537HHU.bed.gz
K562,K562,ENCSR119FAD,TF ChIP-seq,DEAF1,transcription factor,Homo sapiens K562 genetically modified (insertion) using CRISPR targeting H. sapiens DEAF1,"Michael Snyder, Stanford",0,0,5,eGFP,True,,ENCFF030AXK,IDR thresholded peaks,True,363080.0,d59dbf514389ddec3ae039ad0a4395d8,https://www.encodeproject.org/files/ENCFF030AXK/@@download/ENCFF030AXK.bed.gz
K562,K562,ENCSR038DJJ,TF ChIP-seq,SMAD1,transcription factor,Homo sapiens K562,"Michael Snyder, Stanford",0,2,3,,True,,ENCFF084BUP,optimal IDR thresholded peaks,True,161589.0,fd1b4333e0049b41fe0deec2b3de53df,https://www.encodeproject.org/files/ENCFF084BUP/@@download/ENCFF084BUP.bed.gz
K562,K562,ENCSR109YGM,TF ChIP-seq,CREB3L1,transcription factor,Homo sapiens K562,"Michael Snyder, Stanford",0,0,9,,True,,ENCFF566HGU,optimal IDR thresholded peaks,True,409522.0,8ac2d34f8435e5c7c7cb81889c5f2479,https://www.encodeproject.org/files/ENCFF566HGU/@@download/ENCFF566HGU.bed.gz
K562,K562,ENCSR000AQJ,TF ChIP-seq,SAP30,chromatin remodeler;cofactor,Homo sapiens K562,"Bradley Bernstein, Broad",0,3,15,,True,,ENCFF103RHL,optimal IDR thresholded peaks,True,251066.0,5e36859e8973d66a657e5842fa816c16,https://www.encodeproject.org/files/ENCFF103RHL/@@download/ENCFF103RHL.bed.gz
K562,K562,ENCSR077DKV,TF ChIP-seq,CREM,transcription factor,Homo sapiens K562,"Richard Myers, HAIB",0,0,3,,True,,ENCFF021XJN,optimal IDR thresholded peaks,True,663445.0,2cc7dab80c84f9a442997a58288842c1,https://www.encodeproject.org/files/ENCFF021XJN/@@download/ENCFF021XJN.bed.gz
K562,K562,ENCSR000BNK,TF ChIP-seq,CTCFL,transcription factor,Homo sapiens K562,"Richard Myers, HAIB",0,3,8,,True,,ENCFF678TFE,optimal IDR thresholded peaks,True,217116.0,52cf0413173f65ad29804dc0a8b17381,https://www.encodeproject.org/files/ENCFF678TFE/@@download/ENCFF678TFE.bed.gz
K562,K562,ENCSR000EGW,TF ChIP-seq,SMC3,DNA replication,Homo sapiens K562,"Michael Snyder, Stanford",0,1,7,,True,,ENCFF175UEE,optimal IDR thresholded peaks,True,451497.0,4dd98262b2cba021b22620f40fbb0ad5,https://www.encodeproject.org/files/ENCFF175UEE/@@download/ENCFF175UEE.bed.gz
K562,K562,ENCSR851BNE,TF ChIP-seq,MEIS2,transcription factor,Homo sapiens K562,"Michael Snyder, Stanford",0,2,2,,True,,ENCFF937UEE,optimal IDR thresholded peaks,True,918044.0,a94e324de7bccb5c31a249ea71e77ec2,https://www.encodeproject.org/files/ENCFF937UEE/@@download/ENCFF937UEE.bed.gz
K562,K562,ENCSR124BJR,TF ChIP-seq,ETV6,transcription factor,Homo sapiens K562,"Michael Snyder, Stanford",0,0,4,,True,,ENCFF658SGJ,optimal IDR thresholded peaks,True,46712.0,4de570718b1b7ba652606e67430ff594,https://www.encodeproject.org/files/ENCFF658SGJ/@@download/ENCFF658SGJ.bed.gz
K562,K562,ENCSR000EFP,TF ChIP-seq,ZNF384,transcription factor,Homo sapiens K562,"Michael Snyder, Stanford",0,0,10,,True,,ENCFF106YXG,optimal IDR thresholded peaks,True,355876.0,76abd36bb30120ad7ee294693c18f569,https://www.encodeproject.org/files/ENCFF106YXG/@@download/ENCFF106YXG.bed.gz
K562,K562,ENCSR000DOJ,TF ChIP-seq,BRF1,cofactor,Homo sapiens K562,"Kevin Struhl, HMS",3,3,6,,True,,ENCFF577LSK,IDR thresholded peaks,True,3555.0,a47f381a1253f713e345ca5ecc0467ab,https://www.encodeproject.org/files/ENCFF577LSK/@@download/ENCFF577LSK.bed.gz
K562,K562,ENCSR524BUE,TF ChIP-seq,RAD51,DNA repair,Homo sapiens K562,"Michael Snyder, Stanford",0,0,6,,True,,ENCFF740OPF,optimal IDR thresholded peaks,True,316367.0,24167873343f8c9474b61ebc7b91c167,https://www.encodeproject.org/files/ENCFF740OPF/@@download/ENCFF740OPF.bed.gz
K562,K562,ENCSR000EVX,TF ChIP-seq,ZNF274,transcription factor,Homo sapiens K562,"Peggy Farnham, USC",0,0,15,,True,,ENCFF498VQZ,optimal IDR thresholded peaks,True,56127.0,eea2b83acf541e36d2707bc9f0075ad0,https://www.encodeproject.org/files/ENCFF498VQZ/@@download/ENCFF498VQZ.bed.gz
K562,K562,ENCSR000EHC,TF ChIP-seq,GTF2F1,RNA polymerase complex,Homo sapiens K562,"Michael Snyder, Stanford",0,0,8,,True,,ENCFF478HYJ,optimal IDR thresholded peaks,True,100269.0,853e928757ef6c6998959eb6e2068ef3,https://www.encodeproject.org/files/ENCFF478HYJ/@@download/ENCFF478HYJ.bed.gz
K562,K562,ENCSR000EGR,TF ChIP-seq,NFYA,transcription factor,Homo sapiens K562,"Michael Snyder, Stanford",1,4,9,,True,,ENCFF302CPE,optimal IDR thresholded peaks,True,79562.0,7edd9048d520370449e8277c99d9e666,https://www.encodeproject.org/files/ENCFF302CPE/@@download/ENCFF302CPE.bed.gz
K562,K562,ENCSR000DOK,TF ChIP-seq,BDP1,cofactor,Homo sapiens K562,"Kevin Struhl, HMS",0,6,3,,True,,ENCFF284FTY,IDR thresholded peaks,True,8441.0,2eb136799de1f5ffdab8a23d4bd4da74,https://www.encodeproject.org/files/ENCFF284FTY/@@download/ENCFF284FTY.bed.gz
K562,K562,ENCSR970NKQ,TF ChIP-seq,NR2F1,transcription factor,Homo sapiens K562,"Michael Snyder, Stanford",0,0,7,,True,,ENCFF363IQN,optimal IDR thresholded peaks,True,681758.0,604cdb65e93975323200d473f7490995,https://www.encodeproject.org/files/ENCFF363IQN/@@download/ENCFF363IQN.bed.gz
K562,K562,ENCSR848AOP,TF ChIP-seq,RBM22,RNA binding protein,Homo sapiens K562,"Xiang-Dong Fu, UCSD",0,6,6,,True,,ENCFF420IBN,optimal IDR thresholded peaks,True,231329.0,e006128fc8065cc3557cc761c668a519,https://www.encodeproject.org/files/ENCFF420IBN/@@download/ENCFF420IBN.bed.gz
K562,K562,ENCSR177XCS,TF ChIP-seq,BRD9,chromatin remodeler,Homo sapiens K562,"Michael Snyder, Stanford",0,2,1,,True,,ENCFF411RMT,optimal IDR thresholded peaks,True,329819.0,c14385af75e35a2fd5161c33948d6f59,https://www.encodeproject.org/files/ENCFF411RMT/@@download/ENCFF411RMT.bed.gz
K562,K562,ENCSR836COE,TF ChIP-seq,RBM17,DNA repair,Homo sapiens K562,"Xiang-Dong Fu, UCSD",0,0,9,,True,,ENCFF056OIG,optimal IDR thresholded peaks,True,1140.0,22a5eafca87a39e5acee380bca87a5f4,https://www.encodeproject.org/files/ENCFF056OIG/@@download/ENCFF056OIG.bed.gz
K562,K562,ENCSR486IFJ,TF ChIP-seq,ESRRA,transcription factor,Homo sapiens K562,"Michael Snyder, Stanford",0,0,5,,True,,ENCFF592GWM,optimal IDR thresholded peaks,True,581507.0,9c784f26d319aa77a01800ad900d28ba,https://www.encodeproject.org/files/ENCFF592GWM/@@download/ENCFF592GWM.bed.gz
K562,K562,ENCSR138SFL,TF ChIP-seq,MCM2,DNA replication,Homo sapiens K562,"Michael Snyder, Stanford",0,0,4,,True,,ENCFF043HHG,optimal IDR thresholded peaks,True,8520.0,8ff0c4e146cfe8601a640e74403858e6,https://www.encodeproject.org/files/ENCFF043HHG/@@download/ENCFF043HHG.bed.gz
K562,K562,ENCSR580IAO,TF ChIP-seq,ZNF197,transcription factor,Homo sapiens K562 genetically modified (insertion) using CRISPR targeting H. sapiens ZNF197,"Kevin White, UChicago",0,0,4,eGFP,True,,ENCFF987UBO,IDR thresholded peaks,True,203823.0,74f38173d84390d2a0b7bd6656973f75,https://www.encodeproject.org/files/ENCFF987UBO/@@download/ENCFF987UBO.bed.gz
K562,K562,ENCSR788RSW,TF ChIP-seq,SOX6,transcription factor,Homo sapiens K562,"Michael Snyder, Stanford",0,0,4,,True,,ENCFF431STY,optimal IDR thresholded peaks,True,664255.0,53acd783fa28f833f0c3f047a2fd7f1f,https://www.encodeproject.org/files/ENCFF431STY/@@download/ENCFF431STY.bed.gz
K562,K562,ENCSR990AZC,TF ChIP-seq,MCM3,DNA replication,Homo sapiens K562,"Michael Snyder, Stanford",0,0,0,,True,,ENCFF672PYP,optimal IDR thresholded peaks,True,51856.0,6c8a3fa3bb9dcefb3bb5f8c48cd57489,https://www.encodeproject.org/files/ENCFF672PYP/@@download/ENCFF672PYP.bed.gz
K562,K562,ENCSR093FKD,TF ChIP-seq,CREB3,transcription factor,Homo sapiens K562 stably expressing CREB3,"Michael Snyder, Stanford",0,0,9,eGFP,True,,ENCFF606EUI,optimal IDR thresholded peaks,True,274057.0,6995dcc0acd4f25451c7ad5ca83be19e,https://www.encodeproject.org/files/ENCFF606EUI/@@download/ENCFF606EUI.bed.gz
K562,K562,ENCSR257XVY,TF ChIP-seq,ZNF83,transcription factor,Homo sapiens K562 stably expressing ZNF83,"Kevin White, UChicago",0,0,4,eGFP,True,,ENCFF451LLC,IDR thresholded peaks,True,211872.0,030b1b8d627f61094898604f9b1f5f98,https://www.encodeproject.org/files/ENCFF451LLC/@@download/ENCFF451LLC.bed.gz
K562,K562,ENCSR797SWM,TF ChIP-seq,MITF,transcription factor,Homo sapiens K562,"Michael Snyder, Stanford",0,2,5,,True,,ENCFF262TMM,optimal IDR thresholded peaks,True,610545.0,d3dc06dc43c2790d9347623732a23475,https://www.encodeproject.org/files/ENCFF262TMM/@@download/ENCFF262TMM.bed.gz
K562,K562,ENCSR086FZL,TF ChIP-seq,KAT8,chromatin remodeler,Homo sapiens K562,"Michael Snyder, Stanford",0,0,6,,True,,ENCFF207ZEK,optimal IDR thresholded peaks,True,45021.0,55e40305c16312e404edd86ba8de8bc2,https://www.encodeproject.org/files/ENCFF207ZEK/@@download/ENCFF207ZEK.bed.gz
K562,K562,ENCSR085QEV,TF ChIP-seq,NBN,DNA repair,Homo sapiens K562,"Michael Snyder, Stanford",0,0,3,,True,,ENCFF728KKP,optimal IDR thresholded peaks,True,383162.0,8dd1f3b760d18bb50be1a56c01c5bcf3,https://www.encodeproject.org/files/ENCFF728KKP/@@download/ENCFF728KKP.bed.gz
K562,K562,ENCSR142YYA,TF ChIP-seq,EWSR1,RNA binding protein,Homo sapiens K562,"Michael Snyder, Stanford",0,2,8,,True,,ENCFF560CYG,optimal IDR thresholded peaks,True,33773.0,6ac479779ece67e788db86fc14ae5733,https://www.encodeproject.org/files/ENCFF560CYG/@@download/ENCFF560CYG.bed.gz
K562,K562,ENCSR448UKK,TF ChIP-seq,ZKSCAN8,transcription factor,Homo sapiens K562 genetically modified (insertion) using CRISPR targeting H. sapiens ZKSCAN8,"Kevin White, UChicago",0,0,2,eGFP,True,,ENCFF908SNB,IDR thresholded peaks,True,217399.0,cdca6c9845ec2b38b12fe9bc784771a2,https://www.encodeproject.org/files/ENCFF908SNB/@@download/ENCFF908SNB.bed.gz
K562,K562,ENCSR000EFS,TF ChIP-seq,JUN,transcription factor,Homo sapiens K562,"Michael Snyder, Stanford",0,0,14,,True,,ENCFF394CEC,optimal IDR thresholded peaks,True,386163.0,a4d1eaceaadf0a4371abbf9afa089c69,https://www.encodeproject.org/files/ENCFF394CEC/@@download/ENCFF394CEC.bed.gz
K562,K562,ENCSR920ASP,TF ChIP-seq,ZFX,cofactor,Homo sapiens K562 genetically modified (insertion) using CRISPR targeting H. sapiens ZFX,"Kevin White, UChicago",0,0,4,eGFP,True,,ENCFF910JTR,IDR thresholded peaks,True,479125.0,3ec3d0cbba02f2c8bfc8651746b9b379,https://www.encodeproject.org/files/ENCFF910JTR/@@download/ENCFF910JTR.bed.gz
K562,K562,ENCSR000DOA,TF ChIP-seq,CCNT2,RNA binding protein,Homo sapiens K562,"Kevin Struhl, HMS",1,1,10,,True,,ENCFF642ZYO,IDR thresholded peaks,True,373029.0,1e3ef435e484029f9a73d655a3545dab,https://www.encodeproject.org/files/ENCFF642ZYO/@@download/ENCFF642ZYO.bed.gz
K562,K562,ENCSR715CCR,TF ChIP-seq,DPF2,cofactor,Homo sapiens K562,"Michael Snyder, Stanford",0,0,0,,True,,ENCFF217ZTP,optimal IDR thresholded peaks,True,810140.0,2a578032f9978572c617f3bea687c6e1,https://www.encodeproject.org/files/ENCFF217ZTP/@@download/ENCFF217ZTP.bed.gz
K562,K562,ENCSR051DXE,TF ChIP-seq,FUS,DNA repair;cofactor,Homo sapiens K562,"Xiang-Dong Fu, UCSD",0,0,4,,True,,ENCFF688ARM,optimal IDR thresholded peaks,True,51122.0,38a4b430c3a24e7315b8cd6dca8134ac,https://www.encodeproject.org/files/ENCFF688ARM/@@download/ENCFF688ARM.bed.gz
K562,K562,ENCSR801JWB,TF ChIP-seq,HOMEZ,transcription factor,Homo sapiens K562 genetically modified (insertion) using CRISPR targeting H. sapiens HOMEZ,"Michael Snyder, Stanford",0,0,6,eGFP,True,,ENCFF601LMD,IDR thresholded peaks,True,48342.0,97d91af9766eea69b6f2305d0b957d84,https://www.encodeproject.org/files/ENCFF601LMD/@@download/ENCFF601LMD.bed.gz
K562,K562,ENCSR000EGV,TF ChIP-seq,BHLHE40,transcription factor,Homo sapiens K562,"Michael Snyder, Stanford",0,0,6,,True,,ENCFF477JTV,optimal IDR thresholded peaks,True,466109.0,eee6b076fbdd11c420adab6839341636,https://www.encodeproject.org/files/ENCFF477JTV/@@download/ENCFF477JTV.bed.gz
K562,K562,ENCSR115BBC,TF ChIP-seq,ASH1L,chromatin remodeler,Homo sapiens K562,"Michael Snyder, Stanford",0,2,4,,True,,ENCFF958YSG,optimal IDR thresholded peaks,True,150230.0,fdb01496814e9dee749648544fe966fd,https://www.encodeproject.org/files/ENCFF958YSG/@@download/ENCFF958YSG.bed.gz
K562,K562,ENCSR222TVA,TF ChIP-seq,ZNF785,transcription factor,Homo sapiens K562 genetically modified (insertion) using CRISPR targeting H. sapiens ZNF785,"Michael Snyder, Stanford",0,0,4,eGFP,True,,ENCFF352NGK,IDR thresholded peaks,True,11677.0,c68a5650b3502f93da64c88471c8d341,https://www.encodeproject.org/files/ENCFF352NGK/@@download/ENCFF352NGK.bed.gz
K562,K562,ENCSR996SKD,TF ChIP-seq,CXXC5,cofactor,Homo sapiens K562 genetically modified (insertion) using CRISPR targeting H. sapiens CXXC5,"Michael Snyder, Stanford",0,0,8,eGFP,True,,ENCFF798LLI,IDR thresholded peaks,True,814355.0,4ad71498ce87f2eb0d6b1c8407bee3ef,https://www.encodeproject.org/files/ENCFF798LLI/@@download/ENCFF798LLI.bed.gz
K562,K562,ENCSR712KVZ,TF ChIP-seq,ZNF324,transcription factor,Homo sapiens K562 genetically modified (insertion) using CRISPR targeting H. sapiens ZNF324,"Michael Snyder, Stanford",0,0,2,eGFP,True,,ENCFF265MQC,IDR thresholded peaks,True,106680.0,d74524c849a2bb906bcada18278c37f4,https://www.encodeproject.org/files/ENCFF265MQC/@@download/ENCFF265MQC.bed.gz
K562,K562,ENCSR898IDK,TF ChIP-seq,ZNF23,transcription factor,Homo sapiens K562 genetically modified (insertion) using CRISPR targeting H. sapiens ZNF23,"Michael Snyder, Stanford",0,0,2,eGFP,True,,ENCFF063VRD,IDR thresholded peaks,True,40577.0,e39d7f6abf53af94c1aadcbcbb57500b,https://www.encodeproject.org/files/ENCFF063VRD/@@download/ENCFF063VRD.bed.gz
K562,K562,ENCSR257AFV,TF ChIP-seq,ZNF76,transcription factor,Homo sapiens K562 genetically modified (insertion) using CRISPR targeting H. sapiens ZNF76,"Michael Snyder, Stanford",0,0,8,eGFP,True,,ENCFF305XQM,IDR thresholded peaks,True,113011.0,632c84d1e76da1fcf5942199bf1c3c71,https://www.encodeproject.org/files/ENCFF305XQM/@@download/ENCFF305XQM.bed.gz
K562,K562,ENCSR508EEX,TF ChIP-seq,ZNF397,transcription factor,Homo sapiens K562 genetically modified (insertion) using CRISPR targeting H. sapiens ZNF397,"Michael Snyder, Stanford",0,0,8,eGFP,True,,ENCFF193BGB,IDR thresholded peaks,True,56943.0,0a2aef83cca2fde6c05d03914d97ffcf,https://www.encodeproject.org/files/ENCFF193BGB/@@download/ENCFF193BGB.bed.gz
K562,K562,ENCSR959BQO,TF ChIP-seq,ZNF700,transcription factor,Homo sapiens K562 genetically modified (insertion) using CRISPR targeting H. sapiens ZNF700,"Michael Snyder, Stanford",0,0,7,eGFP,True,,ENCFF208OME,IDR thresholded peaks,True,44418.0,2ea9b70041e776560d2322965dacb511,https://www.encodeproject.org/files/ENCFF208OME/@@download/ENCFF208OME.bed.gz
K562,K562,ENCSR692RET,TF ChIP-seq,NR4A1,transcription factor,Homo sapiens K562 genetically modified (insertion) using CRISPR targeting H. sapiens NR4A1,"Michael Snyder, Stanford",0,0,4,eGFP,True,,ENCFF137TCL,IDR thresholded peaks,True,92881.0,c5822408d9fc55e16375b1424dd1e7d5,https://www.encodeproject.org/files/ENCFF137TCL/@@download/ENCFF137TCL.bed.gz
K562,K562,ENCSR044IXA,TF ChIP-seq,ZNF354B,transcription factor,Homo sapiens K562 genetically modified (insertion) using CRISPR targeting H. sapiens ZNF354B,"Michael Snyder, Stanford",0,0,0,eGFP,True,,ENCFF712NHB,IDR thresholded peaks,True,53019.0,23a707dc87c5f9e69416a562066970dc,https://www.encodeproject.org/files/ENCFF712NHB/@@download/ENCFF712NHB.bed.gz
K562,K562,ENCSR235PYI,TF ChIP-seq,ZNF41,transcription factor,Homo sapiens K562 genetically modified (insertion) using CRISPR targeting H. sapiens ZNF41,"Michael Snyder, Stanford",0,0,4,eGFP,True,,ENCFF629EAD,conservative IDR thresholded peaks,True,93009.0,dd9c5d589c4bb29fd1895b7f1800949b,https://www.encodeproject.org/files/ENCFF629EAD/@@download/ENCFF629EAD.bed.gz
K562,K562,ENCSR568YNC,TF ChIP-seq,ZNF655,transcription factor,Homo sapiens K562 genetically modified (insertion) using CRISPR targeting H. sapiens ZNF655,"Michael Snyder, Stanford",0,0,0,eGFP,True,,ENCFF156EZP,IDR thresholded peaks,True,16154.0,5af4c9db2db7c396815e457a6ccdb1bb,https://www.encodeproject.org/files/ENCFF156EZP/@@download/ENCFF156EZP.bed.gz
K562,K562,ENCSR657JLK,TF ChIP-seq,SIN3B,chromatin remodeler,Homo sapiens K562,"Michael Snyder, Stanford",0,0,8,,True,,ENCFF543INR,optimal IDR thresholded peaks,True,185965.0,0807855b6152ba7abf613dc780f4056b,https://www.encodeproject.org/files/ENCFF543INR/@@download/ENCFF543INR.bed.gz
K562,K562,ENCSR648INT,TF ChIP-seq,ILK,transcription factor,Homo sapiens K562 stably expressing ILK,"Michael Snyder, Stanford",0,0,9,eGFP,True,,ENCFF406XWT,optimal IDR thresholded peaks,True,42946.0,a785b0ab3b99263face2d00adc1c5c70,https://www.encodeproject.org/files/ENCFF406XWT/@@download/ENCFF406XWT.bed.gz
K562,K562,ENCSR931HNY,TF ChIP-seq,NCOA1,cofactor,Homo sapiens K562,"Michael Snyder, Stanford",0,0,2,,True,,ENCFF382RFJ,optimal IDR thresholded peaks,True,293750.0,94a6818dd2484bf30baacc328b3f53e3,https://www.encodeproject.org/files/ENCFF382RFJ/@@download/ENCFF382RFJ.bed.gz
K562,K562,ENCSR772EEN,TF ChIP-seq,RELA,transcription factor,Homo sapiens K562 stably expressing RELA,"Michael Snyder, Stanford",0,0,5,eGFP,True,,ENCFF931SVP,optimal IDR thresholded peaks,True,192620.0,5645ffd3c2406c5968e2bbe78f27c11a,https://www.encodeproject.org/files/ENCFF931SVP/@@download/ENCFF931SVP.bed.gz
K562,K562,ENCSR818DQV,TF ChIP-seq,MAFG,transcription factor,Homo sapiens K562 stably expressing MAFG,"Michael Snyder, Stanford",0,0,2,eGFP,True,,ENCFF393CCU,optimal IDR thresholded peaks,True,816340.0,0f9a01aecf249adadda32dae613ae85e,https://www.encodeproject.org/files/ENCFF393CCU/@@download/ENCFF393CCU.bed.gz
K562,K562,ENCSR948KMB,TF ChIP-seq,PTBP1,RNA binding protein,Homo sapiens K562,"Xiang-Dong Fu, UCSD",0,0,4,,True,,ENCFF917HXV,optimal IDR thresholded peaks,True,84401.0,b7a99a8e16742bcfcb11974113622d69,https://www.encodeproject.org/files/ENCFF917HXV/@@download/ENCFF917HXV.bed.gz
K562,K562,ENCSR619UPN,TF ChIP-seq,ZNF133,transcription factor,Homo sapiens K562 genetically modified (insertion) using CRISPR targeting H. sapiens ZNF133,"Michael Snyder, Stanford",0,0,4,eGFP,True,,ENCFF810OHB,IDR thresholded peaks,True,30672.0,6ba15fa2e9762fce5b6d2398d24afed0,https://www.encodeproject.org/files/ENCFF810OHB/@@download/ENCFF810OHB.bed.gz
K562,K562,ENCSR758PLU,TF ChIP-seq,ZNF408,transcription factor,Homo sapiens K562 genetically modified (insertion) using CRISPR targeting H. sapiens ZNF408,"Michael Snyder, Stanford",0,0,6,eGFP,True,,ENCFF207MLR,IDR thresholded peaks,True,13494.0,24051023d6fd17519b1b246acc400229,https://www.encodeproject.org/files/ENCFF207MLR/@@download/ENCFF207MLR.bed.gz
K562,K562,ENCSR635GTR,TF ChIP-seq,TEAD2,cofactor;transcription factor,Homo sapiens K562 stably expressing TEAD2,"Michael Snyder, Stanford",0,0,6,eGFP,True,,ENCFF563LGJ,optimal IDR thresholded peaks,True,122484.0,4a765afba563849acd43fff951aeb893,https://www.encodeproject.org/files/ENCFF563LGJ/@@download/ENCFF563LGJ.bed.gz
K562,K562,ENCSR729HVR,TF ChIP-seq,ZNF644,transcription factor,Homo sapiens K562 stably expressing ZNF644,"Kevin White, UChicago",0,0,3,eGFP,True,,ENCFF773XPT,IDR thresholded peaks,True,246298.0,7c22119cebb5fc32a61a7b641574c941,https://www.encodeproject.org/files/ENCFF773XPT/@@download/ENCFF773XPT.bed.gz
K562,K562,ENCSR220YXI,TF ChIP-seq,PRPF4,RNA binding protein,Homo sapiens K562,"Xiang-Dong Fu, UCSD",0,5,5,,True,,ENCFF417RQZ,optimal IDR thresholded peaks,True,124739.0,f345e7332fcc3325d1877c89f65a3cfb,https://www.encodeproject.org/files/ENCFF417RQZ/@@download/ENCFF417RQZ.bed.gz
K562,K562,ENCSR221GAN,TF ChIP-seq,MBD2,chromatin remodeler,Homo sapiens K562,"Richard Myers, HAIB",0,0,2,,True,,ENCFF617QSK,optimal IDR thresholded peaks,True,266336.0,046b782ea7920ad8889abd52fee8102b,https://www.encodeproject.org/files/ENCFF617QSK/@@download/ENCFF617QSK.bed.gz
K562,K562,ENCSR886RYH,TF ChIP-seq,NONO,RNA binding protein,Homo sapiens K562,"Michael Snyder, Stanford",0,0,8,,True,,ENCFF515YFU,optimal IDR thresholded peaks,True,239443.0,8752a1dbef9a6536bb34bc31cad123b3,https://www.encodeproject.org/files/ENCFF515YFU/@@download/ENCFF515YFU.bed.gz
K562,K562,ENCSR385AHH,TF ChIP-seq,ZNF24,transcription factor,Homo sapiens K562,"Michael Snyder, Stanford",0,0,0,,True,,ENCFF723JDW,optimal IDR thresholded peaks,True,336190.0,22f8e676daeb979e726fc1f4d8bcdab8,https://www.encodeproject.org/files/ENCFF723JDW/@@download/ENCFF723JDW.bed.gz
K562,K562,ENCSR091JXL,TF ChIP-seq,HES1,transcription factor,Homo sapiens K562,"Michael Snyder, Stanford",0,0,7,,True,,ENCFF010OOE,optimal IDR thresholded peaks,True,209209.0,c13baaaec9ca12f5c386ff6409336470,https://www.encodeproject.org/files/ENCFF010OOE/@@download/ENCFF010OOE.bed.gz
K562,K562,ENCSR657EOF,TF ChIP-seq,NFRKB,DNA repair,Homo sapiens K562,"Michael Snyder, Stanford",0,0,2,,True,,ENCFF158FUG,optimal IDR thresholded peaks,True,435320.0,7ac60df853db86986c8c15d8e9875565,https://www.encodeproject.org/files/ENCFF158FUG/@@download/ENCFF158FUG.bed.gz
K562,K562,ENCSR175EOM,TF ChIP-seq,EHMT2,chromatin remodeler,Homo sapiens K562,"Michael Snyder, Stanford",0,0,2,,True,,ENCFF682XPD,optimal IDR thresholded peaks,True,368275.0,b8af65ccc10365974dab1293c0c10101,https://www.encodeproject.org/files/ENCFF682XPD/@@download/ENCFF682XPD.bed.gz
K562,K562,ENCSR491EBY,TF ChIP-seq,ARID2,chromatin remodeler,Homo sapiens K562,"Michael Snyder, Stanford",0,0,3,,True,,ENCFF344MKI,optimal IDR thresholded peaks,True,222363.0,7fd96f224170a2e482976b73227b529d,https://www.encodeproject.org/files/ENCFF344MKI/@@download/ENCFF344MKI.bed.gz
K562,K562,ENCSR876GXA,TF ChIP-seq,ZBTB33,transcription factor,Homo sapiens K562,"Michael Snyder, Stanford",0,0,1,,True,,ENCFF556STK,optimal IDR thresholded peaks,True,1123859.0,fbe90617a2d058c5b6c374a662588443,https://www.encodeproject.org/files/ENCFF556STK/@@download/ENCFF556STK.bed.gz
K562,K562,ENCSR119ULQ,TF ChIP-seq,NCOA4,cofactor,Homo sapiens K562,"Michael Snyder, Stanford",0,2,2,,True,,ENCFF749HKV,optimal IDR thresholded peaks,True,57498.0,e8091a198d607ff061a1a8ec86192d37,https://www.encodeproject.org/files/ENCFF749HKV/@@download/ENCFF749HKV.bed.gz
K562,K562,ENCSR400FSM,TF ChIP-seq,POLR2H,RNA polymerase complex,Homo sapiens K562 stably expressing POLR2H,"Michael Snyder, Stanford",0,0,13,eGFP,True,,ENCFF922MYE,optimal IDR thresholded peaks,True,431668.0,2e77a9768dd3084d806135f4607f3d3d,https://www.encodeproject.org/files/ENCFF922MYE/@@download/ENCFF922MYE.bed.gz
K562,K562,ENCSR336GFK,TF ChIP-seq,CAMTA2,cofactor,Homo sapiens K562 genetically modified (insertion) using CRISPR targeting H. sapiens CAMTA2,"Michael Snyder, Stanford",0,0,0,eGFP,True,,ENCFF123IHX,conservative IDR thresholded peaks,True,47388.0,1c2232764b46b5636a719c20e7b043f7,https://www.encodeproject.org/files/ENCFF123IHX/@@download/ENCFF123IHX.bed.gz
K562,K562,ENCSR972ZBV,TF ChIP-seq,ATF7,cofactor,Homo sapiens K562,"Michael Snyder, Stanford",0,0,5,,True,,ENCFF371SJR,optimal IDR thresholded peaks,True,830259.0,669cb3b083f3eac46781498cc9db168d,https://www.encodeproject.org/files/ENCFF371SJR/@@download/ENCFF371SJR.bed.gz
K562,K562,ENCSR815ZDS,TF ChIP-seq,SREBF1,transcription factor,Homo sapiens K562,"Michael Snyder, Stanford",0,0,7,,True,,ENCFF777MYW,optimal IDR thresholded peaks,True,53894.0,003e9a52b0eec20cf37812002d52be38,https://www.encodeproject.org/files/ENCFF777MYW/@@download/ENCFF777MYW.bed.gz
K562,K562,ENCSR000EGX,TF ChIP-seq,MAFK,transcription factor,Homo sapiens K562,"Michael Snyder, Stanford",0,0,6,,True,,ENCFF893SCL,optimal IDR thresholded peaks,True,477127.0,71d744d2459018e65e97fef53e8a8ded,https://www.encodeproject.org/files/ENCFF893SCL/@@download/ENCFF893SCL.bed.gz
K562,K562,ENCSR149ZBI,TF ChIP-seq,ZNF584,transcription factor,Homo sapiens K562 genetically modified (insertion) using CRISPR targeting H. sapiens ZNF584,"Kevin White, UChicago",0,0,6,eGFP,True,,ENCFF005MBI,IDR thresholded peaks,True,279486.0,81ad39567da2210fe461b1ba83465b75,https://www.encodeproject.org/files/ENCFF005MBI/@@download/ENCFF005MBI.bed.gz
K562,K562,ENCSR107GRP,TF ChIP-seq,MLLT1,transcription factor,Homo sapiens K562,"Michael Snyder, Stanford",0,0,0,,True,,ENCFF010AIG,optimal IDR thresholded peaks,True,476775.0,1066a28ac5d170f198afbf05a1d694b8,https://www.encodeproject.org/files/ENCFF010AIG/@@download/ENCFF010AIG.bed.gz
K562,K562,ENCSR494UQJ,TF ChIP-seq,NR3C1,transcription factor,Homo sapiens K562,"Michael Snyder, Stanford",0,2,1,,True,,ENCFF821YMC,optimal IDR thresholded peaks,True,74160.0,c9c4220e59a9e0a0b0d9bae6f4b9f840,https://www.encodeproject.org/files/ENCFF821YMC/@@download/ENCFF821YMC.bed.gz
K562,K562,ENCSR796ITY,TF ChIP-seq,NFIC,transcription factor,Homo sapiens K562,"Michael Snyder, Stanford",0,0,5,,True,,ENCFF092TVM,optimal IDR thresholded peaks,True,878508.0,755fcf39e0513f266110edb9abe198a7,https://www.encodeproject.org/files/ENCFF092TVM/@@download/ENCFF092TVM.bed.gz
K562,K562,ENCSR222MYK,TF ChIP-seq,SRSF7,RNA binding protein,Homo sapiens K562,"Xiang-Dong Fu, UCSD",0,0,8,,True,,ENCFF550VUN,optimal IDR thresholded peaks,True,5162.0,22be748c7ce99137b1a2334377921a91,https://www.encodeproject.org/files/ENCFF550VUN/@@download/ENCFF550VUN.bed.gz
K562,K562,ENCSR863KUB,TF ChIP-seq,TCF7,transcription factor,Homo sapiens K562,"Richard Myers, HAIB",0,0,3,,True,,ENCFF512IAI,optimal IDR thresholded peaks,True,108529.0,e33e20bf2dddde8658e603a7255dc012,https://www.encodeproject.org/files/ENCFF512IAI/@@download/ENCFF512IAI.bed.gz
K562,K562,ENCSR552YGL,TF ChIP-seq,NFE2,transcription factor,Homo sapiens K562 stably expressing NFE2,"Michael Snyder, Stanford",0,0,4,eGFP,True,,ENCFF286HTI,optimal IDR thresholded peaks,True,790918.0,cea53b76d4303d99def897be661dcfcf,https://www.encodeproject.org/files/ENCFF286HTI/@@download/ENCFF286HTI.bed.gz
K562,K562,ENCSR807BGP,TF ChIP-seq,MTA1,cofactor,Homo sapiens K562,"Michael Snyder, Stanford",0,0,1,,True,,ENCFF801KEW,optimal IDR thresholded peaks,True,335713.0,2b67efa03e5a670d42fcb599b73d4122,https://www.encodeproject.org/files/ENCFF801KEW/@@download/ENCFF801KEW.bed.gz
K562,K562,ENCSR997NGQ,TF ChIP-seq,XRCC3,DNA repair,Homo sapiens K562,"Michael Snyder, Stanford",0,0,3,,True,,ENCFF115PGE,optimal IDR thresholded peaks,True,37362.0,8417a885ff667abd50e5bd69ad63d1bd,https://www.encodeproject.org/files/ENCFF115PGE/@@download/ENCFF115PGE.bed.gz
K562,K562,ENCSR626QJQ,TF ChIP-seq,CSDE1,RNA binding protein,Homo sapiens K562,"Michael Snyder, Stanford",0,0,0,,True,,ENCFF671BMR,optimal IDR thresholded peaks,True,43300.0,62e1bc4c843abbf2597b0ea638cf14e8,https://www.encodeproject.org/files/ENCFF671BMR/@@download/ENCFF671BMR.bed.gz
K562,K562,ENCSR971EWR,TF ChIP-seq,ETV5,transcription factor,Homo sapiens K562 genetically modified (insertion) using CRISPR targeting H. sapiens ETV5,"Richard Myers, HAIB",0,0,6,3xFLAG,True,,ENCFF604LXR,IDR thresholded peaks,True,310164.0,19235dc3d6e1d64ca5632a5da41fbd5e,https://www.encodeproject.org/files/ENCFF604LXR/@@download/ENCFF604LXR.bed.gz
K562,K562,ENCSR873LYH,TF ChIP-seq,MLX,transcription factor,Homo sapiens K562 genetically modified (insertion) using CRISPR targeting H. sapiens MLX,"Michael Snyder, Stanford",0,0,0,eGFP,True,,ENCFF171ZNN,conservative IDR thresholded peaks,True,37839.0,598681e8dbb93ed49fc4294bbd72c868,https://www.encodeproject.org/files/ENCFF171ZNN/@@download/ENCFF171ZNN.bed.gz
K562,K562,ENCSR551KXD,TF ChIP-seq,RHOXF2B,transcription factor,Homo sapiens K562 genetically modified (insertion) using CRISPR targeting H. sapiens RHOXF2B,"Michael Snyder, Stanford",0,0,0,eGFP,True,,ENCFF727JXN,conservative IDR thresholded peaks,True,54600.0,ab6be9a5dcd3728b22ca94af5bff9273,https://www.encodeproject.org/files/ENCFF727JXN/@@download/ENCFF727JXN.bed.gz
K562,K562,ENCSR189TRZ,TF ChIP-seq,TCF12,transcription factor,Homo sapiens K562,"Michael Snyder, Stanford",0,0,2,,True,,ENCFF952JIK,optimal IDR thresholded peaks,True,294522.0,52ed0332d740140a177782f40e0872bc,https://www.encodeproject.org/files/ENCFF952JIK/@@download/ENCFF952JIK.bed.gz
K562,K562,ENCSR024LKA,TF ChIP-seq,HDAC3,chromatin remodeler;cofactor,Homo sapiens K562,"Michael Snyder, Stanford",0,2,7,,True,,ENCFF742LSD,optimal IDR thresholded peaks,True,203453.0,a652dacc98f08a6d68539358b6889050,https://www.encodeproject.org/files/ENCFF742LSD/@@download/ENCFF742LSD.bed.gz
K562,K562,ENCSR264CZJ,TF ChIP-seq,THRA,transcription factor,Homo sapiens K562,"Michael Snyder, Stanford",0,0,6,,True,,ENCFF309DMZ,optimal IDR thresholded peaks,True,35340.0,5fdfd9eb0058a8399efabab7c738d564,https://www.encodeproject.org/files/ENCFF309DMZ/@@download/ENCFF309DMZ.bed.gz
K562,K562,ENCSR603REQ,TF ChIP-seq,PCBP2,RNA binding protein,Homo sapiens K562,"Xiang-Dong Fu, UCSD",0,2,9,,True,,ENCFF941XZW,optimal IDR thresholded peaks,True,50682.0,8bf0dd9d3ce9826e344eaad858457ff8,https://www.encodeproject.org/files/ENCFF941XZW/@@download/ENCFF941XZW.bed.gz
K562,K562,ENCSR817QKV,TF ChIP-seq,EP400,chromatin remodeler,Homo sapiens K562,"Michael Snyder, Stanford",0,0,7,,True,,ENCFF225BXA,optimal IDR thresholded peaks,True,620939.0,484ba0bb3a975de9a58cca6606d4af79,https://www.encodeproject.org/files/ENCFF225BXA/@@download/ENCFF225BXA.bed.gz
K562,K562,ENCSR283ZNI,TF ChIP-seq,ZBTB8A,transcription factor,Homo sapiens K562,"Michael Snyder, Stanford",0,2,5,,True,,ENCFF328SSL,optimal IDR thresholded peaks,True,18840.0,c3db005aa15a915ea55304faef8d8303,https://www.encodeproject.org/files/ENCFF328SSL/@@download/ENCFF328SSL.bed.gz
K562,K562,ENCSR740XMB,TF ChIP-seq,RBPJ,transcription factor,Homo sapiens K562 genetically modified (insertion) using CRISPR targeting H. sapiens RBPJ,"Michael Snyder, Stanford",0,0,4,eGFP,True,,ENCFF691JZW,IDR thresholded peaks,True,43066.0,62e27ff2148f4d6a9319b690133b81e9,https://www.encodeproject.org/files/ENCFF691JZW/@@download/ENCFF691JZW.bed.gz
K562,K562,ENCSR894CGX,TF ChIP-seq,SUPT5H,RNA binding protein,Homo sapiens K562,"Michael Snyder, Stanford",0,0,0,,True,,ENCFF721DPQ,optimal IDR thresholded peaks,True,544728.0,e42a19231a68bed191cd2e322f964da2,https://www.encodeproject.org/files/ENCFF721DPQ/@@download/ENCFF721DPQ.bed.gz
K562,K562,ENCSR598TIR,TF ChIP-seq,ZNF507,transcription factor,Homo sapiens K562 stably expressing ZNF507,"Michael Snyder, Stanford",0,0,2,eGFP,True,,ENCFF565EUP,optimal IDR thresholded peaks,True,215562.0,41e7fefe9a39f61ac92989bdc3f65800,https://www.encodeproject.org/files/ENCFF565EUP/@@download/ENCFF565EUP.bed.gz
K562,K562,ENCSR423FCW,TF ChIP-seq,RBM14,RNA binding protein,Homo sapiens K562,"Xiang-Dong Fu, UCSD",0,1,10,,True,,ENCFF465UMU,optimal IDR thresholded peaks,True,53613.0,5b22aa0119500ec6a33b678d6b93075d,https://www.encodeproject.org/files/ENCFF465UMU/@@download/ENCFF465UMU.bed.gz
K562,K562,ENCSR844MAB,TF ChIP-seq,ZNF77,transcription factor,Homo sapiens K562 genetically modified (insertion) using CRISPR targeting H. sapiens ZNF77,"Michael Snyder, Stanford",0,0,0,eGFP,True,,ENCFF809JNC,IDR thresholded peaks,True,17266.0,1d63c8c8595758c3c2ad89a58103d91b,https://www.encodeproject.org/files/ENCFF809JNC/@@download/ENCFF809JNC.bed.gz
K562,K562,ENCSR056VYW,TF ChIP-seq,ZNF174,transcription factor,Homo sapiens K562 genetically modified (insertion) using CRISPR targeting H. sapiens ZNF174,"Michael Snyder, Stanford",0,0,4,eGFP,True,,ENCFF822FXR,IDR thresholded peaks,True,21399.0,b871a819e7c7c148ebea2615431ab461,https://www.encodeproject.org/files/ENCFF822FXR/@@download/ENCFF822FXR.bed.gz
K562,K562,ENCSR296MXW,TF ChIP-seq,HNRNPUL1,RNA binding protein,Homo sapiens K562,"Xiang-Dong Fu, UCSD",0,0,2,,True,,ENCFF991ZSC,optimal IDR thresholded peaks,True,21270.0,8adf2bec91d77edc1bf53b8b6b388a0b,https://www.encodeproject.org/files/ENCFF991ZSC/@@download/ENCFF991ZSC.bed.gz
K562,K562,ENCSR647PJW,TF ChIP-seq,SFPQ,transcription factor,Homo sapiens K562,"Xiang-Dong Fu, UCSD",0,0,9,,True,,ENCFF652ZEN,IDR thresholded peaks,True,4439.0,efdb54dc16abe314f2b7c8ed6573b04d,https://www.encodeproject.org/files/ENCFF652ZEN/@@download/ENCFF652ZEN.bed.gz
K562,K562,ENCSR641BSL,TF ChIP-seq,AGO1,RNA binding protein,Homo sapiens K562,"Xiang-Dong Fu, UCSD",0,0,10,,True,,ENCFF100VYA,optimal IDR thresholded peaks,True,209513.0,132d647cfe6f35c66853b5033ea05b05,https://www.encodeproject.org/files/ENCFF100VYA/@@download/ENCFF100VYA.bed.gz
K562,K562,ENCSR574VJG,TF ChIP-seq,NFIX,transcription factor,Homo sapiens K562 genetically modified (insertion) using CRISPR targeting H. sapiens NFIX,"Michael Snyder, Stanford",0,0,7,eGFP,True,,ENCFF726LLI,IDR thresholded peaks,True,105437.0,1e5101a483208df9577fa869d63f1701,https://www.encodeproject.org/files/ENCFF726LLI/@@download/ENCFF726LLI.bed.gz
K562,K562,ENCSR947PJZ,TF ChIP-seq,HIVEP1,transcription factor,Homo sapiens K562 genetically modified (insertion) using CRISPR targeting H. sapiens HIVEP1,"Michael Snyder, Stanford",0,0,4,eGFP,True,,ENCFF449JMB,IDR thresholded peaks,True,86191.0,b2378c251214c4eb496cd4ae3cc1edd7,https://www.encodeproject.org/files/ENCFF449JMB/@@download/ENCFF449JMB.bed.gz
K562,K562,ENCSR199HGP,TF ChIP-seq,ZKSCAN3,transcription factor,Homo sapiens K562 genetically modified (insertion) using CRISPR targeting H. sapiens ZKSCAN3,"Michael Snyder, Stanford",0,0,0,eGFP,True,,ENCFF697DRN,IDR thresholded peaks,True,20486.0,ccd7a2598bd32ced0b3a150d336a5ae8,https://www.encodeproject.org/files/ENCFF697DRN/@@download/ENCFF697DRN.bed.gz
K562,K562,ENCSR832DMO,TF ChIP-seq,SRSF1,RNA binding protein,Homo sapiens K562,"Xiang-Dong Fu, UCSD",0,0,9,,True,,ENCFF862DEO,optimal IDR thresholded peaks,True,21854.0,27eb3d47424b84b5fcd2da267c441f3f,https://www.encodeproject.org/files/ENCFF862DEO/@@download/ENCFF862DEO.bed.gz
K562,K562,ENCSR987KYK,TF ChIP-seq,ZNF717,transcription factor,Homo sapiens K562 genetically modified (insertion) using CRISPR targeting H. sapiens ZNF717,"Michael Snyder, Stanford",0,0,0,eGFP,True,,ENCFF159END,IDR thresholded peaks,True,30741.0,77a403626fb0e0738b3b49915d5db056,https://www.encodeproject.org/files/ENCFF159END/@@download/ENCFF159END.bed.gz
K562,K562,ENCSR446LAV,TF ChIP-seq,DDX20,cofactor,Homo sapiens K562,"Michael Snyder, Stanford",0,0,7,,True,,ENCFF536LKB,optimal IDR thresholded peaks,True,188949.0,8f6a1814b4ac0307dc16bca134697e6b,https://www.encodeproject.org/files/ENCFF536LKB/@@download/ENCFF536LKB.bed.gz
K562,K562,ENCSR606KTL,TF ChIP-seq,ZNF239,transcription factor,Homo sapiens K562 genetically modified (insertion) using CRISPR targeting H. sapiens ZNF239,"Michael Snyder, Stanford",0,0,4,eGFP,True,,ENCFF569TJP,IDR thresholded peaks,True,121437.0,a28039262ad2576a146343676e993d31,https://www.encodeproject.org/files/ENCFF569TJP/@@download/ENCFF569TJP.bed.gz
K562,K562,ENCSR385IUC,TF ChIP-seq,TBX18,transcription factor,Homo sapiens K562 genetically modified (insertion) using CRISPR targeting H. sapiens TBX18,"Michael Snyder, Stanford",0,0,6,eGFP,True,,ENCFF405EGZ,IDR thresholded peaks,True,116937.0,ee319f59c9da68b3c3a2e62d1871cce1,https://www.encodeproject.org/files/ENCFF405EGZ/@@download/ENCFF405EGZ.bed.gz
K562,K562,ENCSR594BNR,TF ChIP-seq,HNRNPL,RNA binding protein,Homo sapiens K562,"Xiang-Dong Fu, UCSD",0,0,6,,True,,ENCFF984ESZ,optimal IDR thresholded peaks,True,143082.0,0a672143b873eb78e87ffda8ffbbe0c8,https://www.encodeproject.org/files/ENCFF984ESZ/@@download/ENCFF984ESZ.bed.gz
K562,K562,ENCSR581CVA,TF ChIP-seq,HNRNPH1,RNA binding protein,Homo sapiens K562,"Xiang-Dong Fu, UCSD",0,0,9,,True,,ENCFF844QFF,optimal IDR thresholded peaks,True,6512.0,8dc20f0543a8aac6dd4f4ee582d0a74e,https://www.encodeproject.org/files/ENCFF844QFF/@@download/ENCFF844QFF.bed.gz
K562,K562,ENCSR172OSX,TF ChIP-seq,ZBTB12,transcription factor,Homo sapiens K562 genetically modified (insertion) using CRISPR targeting H. sapiens ZBTB12,"Michael Snyder, Stanford",0,0,0,eGFP,True,,ENCFF830MTX,IDR thresholded peaks,True,158072.0,eda6255781c1fc308c3d59696bf19e2d,https://www.encodeproject.org/files/ENCFF830MTX/@@download/ENCFF830MTX.bed.gz
K562,K562,ENCSR085DDI,TF ChIP-seq,NFXL1,transcription factor,Homo sapiens K562,"Michael Snyder, Stanford",0,0,0,,True,,ENCFF329STX,optimal IDR thresholded peaks,True,116079.0,d1f2b121f7aa2350682803c87d5f63f2,https://www.encodeproject.org/files/ENCFF329STX/@@download/ENCFF329STX.bed.gz
K562,K562,ENCSR567JEU,TF ChIP-seq,YBX3,RNA binding protein;cofactor,Homo sapiens K562,"Michael Snyder, Stanford",0,0,0,,True,,ENCFF508WCC,optimal IDR thresholded peaks,True,54121.0,aab7dd8e8aff59499adaa07c77c9ba55,https://www.encodeproject.org/files/ENCFF508WCC/@@download/ENCFF508WCC.bed.gz
K562,K562,ENCSR350XWY,TF ChIP-seq,C11orf30,DNA repair;chromatin remodeler,Homo sapiens K562,"Michael Snyder, Stanford",0,0,3,,True,,ENCFF104MXG,optimal IDR thresholded peaks,True,1093881.0,deefb2b075a1019cafbcf0117822e8dc,https://www.encodeproject.org/files/ENCFF104MXG/@@download/ENCFF104MXG.bed.gz
K562,K562,ENCSR263DFP,TF ChIP-seq,PBX2,transcription factor,Homo sapiens K562 stably expressing PBX2,"Michael Snyder, Stanford",0,0,8,eGFP,True,,ENCFF685CMQ,optimal IDR thresholded peaks,True,654021.0,2378aad048bf2262655ce86dae031382,https://www.encodeproject.org/files/ENCFF685CMQ/@@download/ENCFF685CMQ.bed.gz
K562,K562,ENCSR801RPW,TF ChIP-seq,GTF2A2,RNA polymerase complex,Homo sapiens K562 stably expressing GTF2A2,"Michael Snyder, Stanford",0,0,4,eGFP,True,,ENCFF839QEL,optimal IDR thresholded peaks,True,126672.0,59818792fa40c2c3892123fb99218bb0,https://www.encodeproject.org/files/ENCFF839QEL/@@download/ENCFF839QEL.bed.gz
K562,K562,ENCSR713IFY,TF ChIP-seq,ZNF146,transcription factor,Homo sapiens K562 genetically modified (insertion) using CRISPR targeting H. sapiens ZNF146,"Richard Myers, HAIB",0,1,1,3xFLAG,True,,ENCFF932FVX,IDR thresholded peaks,True,259157.0,fbd8fff9cc8c9169c2856f6c42fb8460,https://www.encodeproject.org/files/ENCFF932FVX/@@download/ENCFF932FVX.bed.gz
K562,K562,ENCSR376WCJ,TF ChIP-seq,IRF2,transcription factor,Homo sapiens K562,"Michael Snyder, Stanford",0,0,2,,True,,ENCFF886EVL,optimal IDR thresholded peaks,True,162552.0,d9a2d56a4d106637d515cedb4176fae9,https://www.encodeproject.org/files/ENCFF886EVL/@@download/ENCFF886EVL.bed.gz
K562,K562,ENCSR547LKC,TF ChIP-seq,GATAD2B,transcription factor,Homo sapiens K562,"Michael Snyder, Stanford",0,0,5,,True,,ENCFF569CMJ,optimal IDR thresholded peaks,True,260548.0,9e55a5f7b19f75666b38def9aef21a8e,https://www.encodeproject.org/files/ENCFF569CMJ/@@download/ENCFF569CMJ.bed.gz
K562,K562,ENCSR504HOI,TF ChIP-seq,SRF,transcription factor,Homo sapiens K562 genetically modified (insertion) using CRISPR targeting H. sapiens SRF,"Michael Snyder, Stanford",0,0,2,eGFP,True,,ENCFF716OTE,IDR thresholded peaks,True,58626.0,aa6e94c32e282b329cc8eddfb6d1b994,https://www.encodeproject.org/files/ENCFF716OTE/@@download/ENCFF716OTE.bed.gz
K562,K562,ENCSR249BHQ,TF ChIP-seq,ZNF592,transcription factor,Homo sapiens K562,"Michael Snyder, Stanford",0,0,6,,True,,ENCFF972UGK,optimal IDR thresholded peaks,True,677044.0,719a9d4a46c1991103ec3136bde2c0ef,https://www.encodeproject.org/files/ENCFF972UGK/@@download/ENCFF972UGK.bed.gz
K562,K562,ENCSR030TJP,TF ChIP-seq,DACH1,transcription factor,Homo sapiens K562,"Michael Snyder, Stanford",0,2,0,,True,,ENCFF870LJV,optimal IDR thresholded peaks,True,357631.0,cc4bdc7c6047ac7deb40b54f6df8604d,https://www.encodeproject.org/files/ENCFF870LJV/@@download/ENCFF870LJV.bed.gz
K562,K562,ENCSR193ZLW,TF ChIP-seq,THAP7,transcription factor,Homo sapiens K562 genetically modified (insertion) using CRISPR targeting H. sapiens THAP7,"Michael Snyder, Stanford",0,0,0,eGFP,True,,ENCFF372YFU,IDR thresholded peaks,True,68518.0,fd66ee347ee95730d0911374ecf449f5,https://www.encodeproject.org/files/ENCFF372YFU/@@download/ENCFF372YFU.bed.gz
K562,K562,ENCSR023OOE,TF ChIP-seq,ZNF764,transcription factor,Homo sapiens K562 genetically modified (insertion) using CRISPR targeting H. sapiens ZNF764,"Michael Snyder, Stanford",0,0,7,eGFP,True,,ENCFF049MDN,IDR thresholded peaks,True,53954.0,118e9af5b19781999d45cc4be5114a5e,https://www.encodeproject.org/files/ENCFF049MDN/@@download/ENCFF049MDN.bed.gz
K562,K562,ENCSR388ZRV,TF ChIP-seq,ZNF311,transcription factor,Homo sapiens K562 genetically modified (insertion) using CRISPR targeting H. sapiens ZNF311,"Michael Snyder, Stanford",0,0,6,eGFP,True,,ENCFF080KWE,IDR thresholded peaks,True,139362.0,5a855f38df14a9bab3e7e84b160876f2,https://www.encodeproject.org/files/ENCFF080KWE/@@download/ENCFF080KWE.bed.gz
K562,K562,ENCSR861UWB,TF ChIP-seq,HOXB6,RNA binding protein,Homo sapiens K562 genetically modified (insertion) using CRISPR targeting H. sapiens HOXB6,"Michael Snyder, Stanford",0,0,6,eGFP,True,,ENCFF285MHB,IDR thresholded peaks,True,28084.0,6b5e0478a247f48dc0ae2447d75466b1,https://www.encodeproject.org/files/ENCFF285MHB/@@download/ENCFF285MHB.bed.gz
K562,K562,ENCSR451UQX,TF ChIP-seq,ZNF551,transcription factor,Homo sapiens K562 genetically modified (insertion) using CRISPR targeting H. sapiens ZNF551,"Michael Snyder, Stanford",0,0,5,eGFP,True,,ENCFF913YMX,IDR thresholded peaks,True,18711.0,fe1c91541a612c01f35272e72b8b5cbf,https://www.encodeproject.org/files/ENCFF913YMX/@@download/ENCFF913YMX.bed.gz
K562,K562,ENCSR970OJY,TF ChIP-seq,TCF3,transcription factor,Homo sapiens K562 genetically modified (insertion) using CRISPR targeting H. sapiens TCF3,"Richard Myers, HAIB",0,0,5,3xFLAG,True,,ENCFF773RNU,IDR thresholded peaks,True,554627.0,b3ca8b482f3218d3a061a2153aa5e1df,https://www.encodeproject.org/files/ENCFF773RNU/@@download/ENCFF773RNU.bed.gz
K562,K562,ENCSR546IHU,TF ChIP-seq,ZNF184,transcription factor,Homo sapiens K562,"Michael Snyder, Stanford",0,0,0,,True,,ENCFF855CUN,optimal IDR thresholded peaks,True,196617.0,5cef6db3c700f8b6ba43ef2088639dae,https://www.encodeproject.org/files/ENCFF855CUN/@@download/ENCFF855CUN.bed.gz
K562,K562,ENCSR239ZLZ,TF ChIP-seq,FOSL1,transcription factor,Homo sapiens K562 stably expressing FOSL1,"Kevin White, UChicago",0,0,2,eGFP,True,,ENCFF256NXT,conservative IDR thresholded peaks,True,1039670.0,7e691ccbe3819b92f6d960d1f59fc1c0,https://www.encodeproject.org/files/ENCFF256NXT/@@download/ENCFF256NXT.bed.gz
K562,K562,ENCSR194IJN,TF ChIP-seq,ZNF766,transcription factor,Homo sapiens K562 genetically modified (insertion) using CRISPR targeting H. sapiens ZNF766,"Kevin White, UChicago",0,0,2,eGFP,True,,ENCFF466PKS,conservative IDR thresholded peaks,True,493167.0,8be5ab3fd39c001fabdfb6b9e1d30b4b,https://www.encodeproject.org/files/ENCFF466PKS/@@download/ENCFF466PKS.bed.gz
K562,K562,ENCSR608HVP,TF ChIP-seq,KLF13,transcription factor,Homo sapiens K562 stably expressing KLF13,"Michael Snyder, Stanford",0,0,9,eGFP,True,,ENCFF381GEK,optimal IDR thresholded peaks,True,224803.0,90e495f57873d7227a45d82efa759347,https://www.encodeproject.org/files/ENCFF381GEK/@@download/ENCFF381GEK.bed.gz
K562,K562,ENCSR000EFN,TF ChIP-seq,HCFC1,chromatin remodeler,Homo sapiens K562,"Michael Snyder, Stanford",0,0,9,,True,,ENCFF167RXK,optimal IDR thresholded peaks,True,231740.0,9fb1d6927269b28a07d2a4418fb2486b,https://www.encodeproject.org/files/ENCFF167RXK/@@download/ENCFF167RXK.bed.gz
K562,K562,ENCSR000EFO,TF ChIP-seq,CUX1,transcription factor,Homo sapiens K562,"Michael Snyder, Stanford",0,0,8,,True,,ENCFF556HMX,optimal IDR thresholded peaks,True,123219.0,153c91356349810df0579535ad132ba6,https://www.encodeproject.org/files/ENCFF556HMX/@@download/ENCFF556HMX.bed.gz
K562,K562,ENCSR370NFS,TF ChIP-seq,ZNF280A,transcription factor,Homo sapiens K562,"Michael Snyder, Stanford",0,2,4,,True,,ENCFF074WRG,optimal IDR thresholded peaks,True,121805.0,2a6c5d6008862ed4d106f8cfca59e679,https://www.encodeproject.org/files/ENCFF074WRG/@@download/ENCFF074WRG.bed.gz
K562,K562,ENCSR550HCT,TF ChIP-seq,KLF1,transcription factor,Homo sapiens K562 stably expressing KLF1,"Michael Snyder, Stanford",0,0,2,eGFP,True,,ENCFF287GDT,optimal IDR thresholded peaks,True,219361.0,f8a5c7ac5b7fc36191a5f8785030e1dd,https://www.encodeproject.org/files/ENCFF287GDT/@@download/ENCFF287GDT.bed.gz
K562,K562,ENCSR416QLJ,TF ChIP-seq,CEBPB,transcription factor,Homo sapiens K562 stably expressing CEBPB,"Michael Snyder, Stanford",0,0,2,eGFP,True,,ENCFF547SJG,optimal IDR thresholded peaks,True,1166965.0,9566f5e3ed270c2ad7aee15acabe49d0,https://www.encodeproject.org/files/ENCFF547SJG/@@download/ENCFF547SJG.bed.gz
K562,K562,ENCSR214PDW,TF ChIP-seq,ZNF780A,transcription factor,Homo sapiens K562 genetically modified (insertion) using CRISPR targeting H. sapiens ZNF780A,"Michael Snyder, Stanford",0,0,4,eGFP,True,,ENCFF794OSY,IDR thresholded peaks,True,19427.0,ba744f45d4b84f1186b06e6e66c50140,https://www.encodeproject.org/files/ENCFF794OSY/@@download/ENCFF794OSY.bed.gz
K562,K562,ENCSR798MFW,TF ChIP-seq,NR1H2,transcription factor,Homo sapiens K562 genetically modified (insertion) using CRISPR targeting H. sapiens NR1H2,"Richard Myers, HAIB",0,0,5,3xFLAG,True,,ENCFF798KXN,IDR thresholded peaks,True,90903.0,6d90bf963f0a622f21352975271a8a1f,https://www.encodeproject.org/files/ENCFF798KXN/@@download/ENCFF798KXN.bed.gz
K562,K562,ENCSR160QYK,TF ChIP-seq,GATAD2A,chromatin remodeler,Homo sapiens K562,"Michael Snyder, Stanford",0,0,0,,True,,ENCFF950ZWP,optimal IDR thresholded peaks,True,277248.0,8117fabe58b052c163d80a8ed93d2451,https://www.encodeproject.org/files/ENCFF950ZWP/@@download/ENCFF950ZWP.bed.gz
K562,K562,ENCSR686EYO,TF ChIP-seq,KHSRP,RNA binding protein,Homo sapiens K562,"Michael Snyder, Stanford",0,0,0,,True,,ENCFF317QKH,optimal IDR thresholded peaks,True,96661.0,62eb332980e769925c44dfa8c4f59b8c,https://www.encodeproject.org/files/ENCFF317QKH/@@download/ENCFF317QKH.bed.gz
K562,K562,ENCSR619GFP,TF ChIP-seq,HINFP,transcription factor,Homo sapiens K562 stably expressing HINFP,"Michael Snyder, Stanford",0,0,10,eGFP,True,,ENCFF558VAL,optimal IDR thresholded peaks,True,157997.0,e16bf2d6312c6ab45aae1c7e5f8ea231,https://www.encodeproject.org/files/ENCFF558VAL/@@download/ENCFF558VAL.bed.gz
K562,K562,ENCSR000BME,TF ChIP-seq,ZBTB7A,cofactor,Homo sapiens K562,"Richard Myers, HAIB",0,4,11,,True,,ENCFF245LRG,optimal IDR thresholded peaks,True,530654.0,2c00a20ed88a81bb259b21e8faf4d309,https://www.encodeproject.org/files/ENCFF245LRG/@@download/ENCFF245LRG.bed.gz
K562,K562,ENCSR116NDV,TF ChIP-seq,CBFB,transcription factor,Homo sapiens K562 genetically modified (insertion) using CRISPR targeting H. sapiens CBFB,"Richard Myers, HAIB",0,0,3,3xFLAG,True,,ENCFF802NHC,IDR thresholded peaks,True,137761.0,ef3d6bc28f95c681e1285a11626c5fed,https://www.encodeproject.org/files/ENCFF802NHC/@@download/ENCFF802NHC.bed.gz
K562,K562,ENCSR024CNP,TF ChIP-seq,EGR1,transcription factor,Homo sapiens K562,"Michael Snyder, Stanford",0,0,2,,True,,ENCFF175VSS,optimal IDR thresholded peaks,True,612592.0,03ac720f9a6b30e8673da2c16d9bcc3f,https://www.encodeproject.org/files/ENCFF175VSS/@@download/ENCFF175VSS.bed.gz
K562,K562,ENCSR594SMP,TF ChIP-seq,PHF20,chromatin remodeler,Homo sapiens K562,"Michael Snyder, Stanford",0,2,0,,True,,ENCFF259HUS,optimal IDR thresholded peaks,True,292869.0,0d27fb83c8e396f6d6f8a91fe5110ed1,https://www.encodeproject.org/files/ENCFF259HUS/@@download/ENCFF259HUS.bed.gz
K562,K562,ENCSR056VMR,TF ChIP-seq,FOXJ3,transcription factor,Homo sapiens K562 genetically modified (insertion) using CRISPR targeting H. sapiens FOXJ3,"Richard Myers, HAIB",0,0,5,3xFLAG,True,,ENCFF567CPM,IDR thresholded peaks,True,28917.0,f6c36db8a98e3a642133b515e38ae6e5,https://www.encodeproject.org/files/ENCFF567CPM/@@download/ENCFF567CPM.bed.gz
K562,K562,ENCSR250WFW,TF ChIP-seq,RREB1,transcription factor,Homo sapiens K562 genetically modified (insertion) using CRISPR targeting H. sapiens RREB1,"Michael Snyder, Stanford",0,0,0,eGFP,True,,ENCFF057RJK,IDR thresholded peaks,True,162986.0,56228a73998ec8a51e279620f6b7e748,https://www.encodeproject.org/files/ENCFF057RJK/@@download/ENCFF057RJK.bed.gz
K562,K562,ENCSR047LSJ,TF ChIP-seq,TAF15,RNA binding protein,Homo sapiens K562,"Xiang-Dong Fu, UCSD",0,0,9,,True,,ENCFF710LLF,optimal IDR thresholded peaks,True,13465.0,8feb6509c8f0d41bf06713a6127b027c,https://www.encodeproject.org/files/ENCFF710LLF/@@download/ENCFF710LLF.bed.gz
K562,K562,ENCSR898XMH,TF ChIP-seq,ZFP91,transcription factor,Homo sapiens K562,"Michael Snyder, Stanford",0,2,0,,True,,ENCFF150ZBH,optimal IDR thresholded peaks,True,270063.0,ae893670f45861e58e9a0249ed59a159,https://www.encodeproject.org/files/ENCFF150ZBH/@@download/ENCFF150ZBH.bed.gz
K562,K562,ENCSR120MPG,TF ChIP-seq,PRDM10,transcription factor,Homo sapiens K562,"Michael Snyder, Stanford",0,2,0,,True,,ENCFF600HPZ,optimal IDR thresholded peaks,True,527281.0,ae29bd3ec6c79ce293dfcad35f2fd401,https://www.encodeproject.org/files/ENCFF600HPZ/@@download/ENCFF600HPZ.bed.gz
K562,K562,ENCSR052PTN,TF ChIP-seq,PCBP1,RNA binding protein,Homo sapiens K562,"Xiang-Dong Fu, UCSD",0,5,7,,True,,ENCFF467RYH,optimal IDR thresholded peaks,True,189337.0,45e9c0449a5d16f8e53288cbc33ef4aa,https://www.encodeproject.org/files/ENCFF467RYH/@@download/ENCFF467RYH.bed.gz
K562,K562,ENCSR822LBD,TF ChIP-seq,RBFOX2,cofactor,Homo sapiens K562,"Xiang-Dong Fu, UCSD",0,0,10,,True,,ENCFF232ASB,optimal IDR thresholded peaks,True,1008580.0,6fb75ec10500be4f9a09c1ff700835b7,https://www.encodeproject.org/files/ENCFF232ASB/@@download/ENCFF232ASB.bed.gz
K562,K562,ENCSR072VUO,TF ChIP-seq,SAFB,RNA binding protein;chromatin remodeler,Homo sapiens K562,"Xiang-Dong Fu, UCSD",0,0,5,,True,,ENCFF411YVY,optimal IDR thresholded peaks,True,103479.0,6515f239fea878af719b52d4479c71f1,https://www.encodeproject.org/files/ENCFF411YVY/@@download/ENCFF411YVY.bed.gz
K562,K562,ENCSR613NUC,TF ChIP-seq,ARNT,transcription factor,Homo sapiens K562,"Michael Snyder, Stanford",0,0,0,,True,,ENCFF655EFA,optimal IDR thresholded peaks,True,304147.0,e59659a28b1920affc1dc60214f358c4,https://www.encodeproject.org/files/ENCFF655EFA/@@download/ENCFF655EFA.bed.gz
K562,K562,ENCSR426MDV,TF ChIP-seq,MIER1,chromatin remodeler,Homo sapiens K562,"Michael Snyder, Stanford",0,0,5,,True,,ENCFF163YZB,optimal IDR thresholded peaks,True,187646.0,7852cd66283e8e5a48b2b02aaece67e0,https://www.encodeproject.org/files/ENCFF163YZB/@@download/ENCFF163YZB.bed.gz
K562,K562,ENCSR454SCH,TF ChIP-seq,ZNF7,transcription factor,Homo sapiens K562 genetically modified (insertion) using CRISPR targeting H. sapiens ZNF7,"Richard Myers, HAIB",0,0,5,3xFLAG,True,,ENCFF018HWM,IDR thresholded peaks,True,271675.0,6b2d6200fb0d99bdbd7924020419fcb7,https://www.encodeproject.org/files/ENCFF018HWM/@@download/ENCFF018HWM.bed.gz
K562,K562,ENCSR444MSK,TF ChIP-seq,RFX7,transcription factor,Homo sapiens K562 genetically modified (insertion) using CRISPR targeting H. sapiens RFX7,"Michael Snyder, Stanford",0,0,2,eGFP,True,,ENCFF774NZZ,IDR thresholded peaks,True,32521.0,a83ff9184d3998c0c9b53025520397af,https://www.encodeproject.org/files/ENCFF774NZZ/@@download/ENCFF774NZZ.bed.gz
K562,K562,ENCSR405KTQ,TF ChIP-seq,HEY1,transcription factor,Homo sapiens K562 genetically modified (insertion) using CRISPR targeting H. sapiens HEY1,"Michael Snyder, Stanford",0,0,8,eGFP,True,,ENCFF180KAV,IDR thresholded peaks,True,52800.0,f5d849f5f35986f10762d5507c0d0bba,https://www.encodeproject.org/files/ENCFF180KAV/@@download/ENCFF180KAV.bed.gz
K562,K562,ENCSR907MZR,TF ChIP-seq,TRIM24,transcription factor,Homo sapiens K562,"Michael Snyder, Stanford",0,0,0,,True,,ENCFF063NXI,optimal IDR thresholded peaks,True,622936.0,b6c9eb5283c3caed90a72319bac3b3e5,https://www.encodeproject.org/files/ENCFF063NXI/@@download/ENCFF063NXI.bed.gz
K562,K562,ENCSR223MLH,TF ChIP-seq,BRCA1,chromatin remodeler,Homo sapiens K562,"Michael Snyder, Stanford",0,0,4,,True,,ENCFF652NES,optimal IDR thresholded peaks,True,16317.0,a0c2cc1d1d1efce88907aa5363d135e5,https://www.encodeproject.org/files/ENCFF652NES/@@download/ENCFF652NES.bed.gz
K562,K562,ENCSR288MOZ,TF ChIP-seq,LARP7,RNA binding protein,Homo sapiens K562,"Michael Snyder, Stanford",0,0,0,,True,,ENCFF668ZTJ,optimal IDR thresholded peaks,True,189607.0,6d9ee84f162d871b9fe2541c95420e2f,https://www.encodeproject.org/files/ENCFF668ZTJ/@@download/ENCFF668ZTJ.bed.gz
K562,K562,ENCSR718SDE,TF ChIP-seq,RLF,transcription factor,Homo sapiens K562,"Michael Snyder, Stanford",0,2,1,,True,,ENCFF599CBB,optimal IDR thresholded peaks,True,202298.0,a5b03d4daf18d199eb04b379a8b4dcdb,https://www.encodeproject.org/files/ENCFF599CBB/@@download/ENCFF599CBB.bed.gz
K562,K562,ENCSR591CCL,TF ChIP-seq,ZNF512,transcription factor,Homo sapiens K562 stably expressing ZNF512,"Michael Snyder, Stanford",0,0,2,eGFP,True,,ENCFF825ZIU,optimal IDR thresholded peaks,True,431257.0,4ab70d959a8e6194fb15b79f10ce6026,https://www.encodeproject.org/files/ENCFF825ZIU/@@download/ENCFF825ZIU.bed.gz
K562,K562,ENCSR079WHK,TF ChIP-seq,MCM5,DNA replication,Homo sapiens K562,"Michael Snyder, Stanford",0,0,1,,True,,ENCFF603SXI,optimal IDR thresholded peaks,True,7154.0,1507bf9a1624f8c26861bce02c5ab885,https://www.encodeproject.org/files/ENCFF603SXI/@@download/ENCFF603SXI.bed.gz
K562,K562,ENCSR290MUH,TF ChIP-seq,GABPA,transcription factor,Homo sapiens K562 stably expressing GABPA,"Kevin White, UChicago",0,0,3,eGFP,True,,ENCFF889XXJ,conservative IDR thresholded peaks,True,594569.0,cb50b070fbb9f6f82b0fe57ce5b80a78,https://www.encodeproject.org/files/ENCFF889XXJ/@@download/ENCFF889XXJ.bed.gz
K562,K562,ENCSR189YMA,TF ChIP-seq,VEZF1,transcription factor,Homo sapiens K562 genetically modified (insertion) using CRISPR targeting H. sapiens VEZF1,"Kevin White, UChicago",0,0,2,eGFP,True,,ENCFF433ERT,IDR thresholded peaks,True,834498.0,7f760786720e0caa5f230d30b6f724b7,https://www.encodeproject.org/files/ENCFF433ERT/@@download/ENCFF433ERT.bed.gz
K562,K562,ENCSR625ZVM,TF ChIP-seq,PRMT5,chromatin remodeler,Homo sapiens K562 genetically modified (insertion) using CRISPR targeting H. sapiens PRMT5,"Richard Myers, HAIB",0,0,1,3xFLAG,True,,ENCFF018TNP,IDR thresholded peaks,True,40212.0,2651fb3f1977a75c1ee33475a45ffbf0,https://www.encodeproject.org/files/ENCFF018TNP/@@download/ENCFF018TNP.bed.gz
K562,K562,ENCSR462QZZ,TF ChIP-seq,ZNF395,transcription factor,Homo sapiens K562 genetically modified (insertion) using CRISPR targeting H. sapiens ZNF395,"Kevin White, UChicago",0,0,2,eGFP,True,,ENCFF430IPX,IDR thresholded peaks,True,470431.0,509f693ea6a661a74f2d4d9fec6da613,https://www.encodeproject.org/files/ENCFF430IPX/@@download/ENCFF430IPX.bed.gz
K562,K562,ENCSR315NNL,TF ChIP-seq,CHAMP1,transcription factor,Homo sapiens K562,"Michael Snyder, Stanford",0,0,1,,True,,ENCFF919KNQ,optimal IDR thresholded peaks,True,127271.0,ed5c069351774948a45f219c7d43c0ae,https://www.encodeproject.org/files/ENCFF919KNQ/@@download/ENCFF919KNQ.bed.gz
K562,K562,ENCSR426PTT,TF ChIP-seq,FOXO4,transcription factor,Homo sapiens K562 genetically modified (insertion) using CRISPR targeting H. sapiens FOXO4,"Michael Snyder, Stanford",0,0,6,eGFP,True,,ENCFF750AGR,IDR thresholded peaks,True,53287.0,2edf89f24c7bcf4ea3130c9e1c67907b,https://www.encodeproject.org/files/ENCFF750AGR/@@download/ENCFF750AGR.bed.gz
K562,K562,ENCSR130HEG,TF ChIP-seq,COPS2,DNA repair,Homo sapiens K562,"Michael Snyder, Stanford",0,0,6,,True,,ENCFF552EBC,optimal IDR thresholded peaks,True,2809.0,436543136748f9d0edf5851f8ca91c2c,https://www.encodeproject.org/files/ENCFF552EBC/@@download/ENCFF552EBC.bed.gz
K562,K562,ENCSR125RFR,TF ChIP-seq,ATF6,transcription factor,Homo sapiens K562 genetically modified (insertion) using CRISPR targeting H. sapiens ATF6,"Richard Myers, HAIB",0,0,5,3xFLAG,True,,ENCFF863ZFH,IDR thresholded peaks,True,152104.0,7dba139384a66c92d2ee77041f4fc9d2,https://www.encodeproject.org/files/ENCFF863ZFH/@@download/ENCFF863ZFH.bed.gz
K562,K562,ENCSR660RNO,TF ChIP-seq,KDM4B,chromatin remodeler,Homo sapiens K562,"Michael Snyder, Stanford",0,0,3,,True,,ENCFF470RHZ,optimal IDR thresholded peaks,True,20437.0,51a09c0515ea8af92993d48e3d444f96,https://www.encodeproject.org/files/ENCFF470RHZ/@@download/ENCFF470RHZ.bed.gz
K562,K562,ENCSR653WFU,TF ChIP-seq,GTF2I,transcription factor,Homo sapiens K562 genetically modified (insertion) using CRISPR targeting H. sapiens GTF2I,"Michael Snyder, Stanford",0,0,0,eGFP,True,,ENCFF866OZW,IDR thresholded peaks,True,419197.0,2fbb2357cc2cc8af5b47141cc42c209b,https://www.encodeproject.org/files/ENCFF866OZW/@@download/ENCFF866OZW.bed.gz
K562,K562,ENCSR003GUC,TF ChIP-seq,E4F1,transcription factor,Homo sapiens K562 genetically modified (insertion) using CRISPR targeting H. sapiens E4F1,"Michael Snyder, Stanford",0,0,6,eGFP,True,,ENCFF439KTZ,IDR thresholded peaks,True,42257.0,4f433defe9063eaff59cc82875711fe4,https://www.encodeproject.org/files/ENCFF439KTZ/@@download/ENCFF439KTZ.bed.gz
K562,K562,ENCSR671GFC,TF ChIP-seq,TAF7,RNA polymerase complex,Homo sapiens K562 stably expressing TAF7,"Michael Snyder, Stanford",0,0,2,eGFP,True,,ENCFF323RGW,optimal IDR thresholded peaks,True,225739.0,c230989b1a11aa4663f27432d27e71aa,https://www.encodeproject.org/files/ENCFF323RGW/@@download/ENCFF323RGW.bed.gz
K562,K562,ENCSR410DWC,TF ChIP-seq,PYGO2,chromatin remodeler,Homo sapiens K562 stably expressing PYGO2,"Michael Snyder, Stanford",0,0,7,eGFP,True,,ENCFF720FJY,optimal IDR thresholded peaks,True,118476.0,3baec9b447c1c7946e00c8d364b23f1b,https://www.encodeproject.org/files/ENCFF720FJY/@@download/ENCFF720FJY.bed.gz
K562,K562,ENCSR128KLX,TF ChIP-seq,NR2F6,transcription factor,Homo sapiens K562 genetically modified (insertion) using CRISPR targeting H. sapiens NR2F6,"Michael Snyder, Stanford",0,0,2,eGFP,True,,ENCFF647RGI,IDR thresholded peaks,True,47254.0,868a5c41b6325d56edd3dac6a2f08a79,https://www.encodeproject.org/files/ENCFF647RGI/@@download/ENCFF647RGI.bed.gz
K562,K562,ENCSR376XAV,TF ChIP-seq,SMAD3,transcription factor,Homo sapiens K562 genetically modified (insertion) using CRISPR targeting H. sapiens SMAD3,"Michael Snyder, Stanford",0,0,4,eGFP,True,,ENCFF718DSJ,conservative IDR thresholded peaks,True,144560.0,20ae398fd04e24d5a1004d32c84049cc,https://www.encodeproject.org/files/ENCFF718DSJ/@@download/ENCFF718DSJ.bed.gz
K562,K562,ENCSR597CHL,TF ChIP-seq,ZNF518B,transcription factor,Homo sapiens K562 genetically modified (insertion) using CRISPR targeting H. sapiens ZNF518B,"Michael Snyder, Stanford",0,0,5,eGFP,True,,ENCFF096AYV,IDR thresholded peaks,True,14706.0,8e01dd9d44e394d5394af3b800871a8e,https://www.encodeproject.org/files/ENCFF096AYV/@@download/ENCFF096AYV.bed.gz
K562,K562,ENCSR440VKE,TF ChIP-seq,ADNP,transcription factor,Homo sapiens K562 stably expressing ADNP,"Kevin White, UChicago",0,0,2,eGFP,True,,ENCFF739AJO,IDR thresholded peaks,True,406720.0,b5fb78fa3a646e434172526ebc693cbe,https://www.encodeproject.org/files/ENCFF739AJO/@@download/ENCFF739AJO.bed.gz
K562,K562,ENCSR670FDA,TF ChIP-seq,NFATC3,transcription factor,Homo sapiens K562,"Michael Snyder, Stanford",0,0,4,,True,,ENCFF082EPO,optimal IDR thresholded peaks,True,128047.0,fe01466152fd2e904e47cfeeb6d3c4ab,https://www.encodeproject.org/files/ENCFF082EPO/@@download/ENCFF082EPO.bed.gz
K562,K562,ENCSR103TYK,TF ChIP-seq,HBP1,transcription factor,Homo sapiens K562 genetically modified (insertion) using CRISPR targeting H. sapiens HBP1,"Michael Snyder, Stanford",0,0,1,eGFP,True,,ENCFF681YLP,IDR thresholded peaks,True,192727.0,76190514f9a92882d0a177a909abf590,https://www.encodeproject.org/files/ENCFF681YLP/@@download/ENCFF681YLP.bed.gz
K562,K562,ENCSR426URK,TF ChIP-seq,AFF1,transcription factor,Homo sapiens K562,"Michael Snyder, Stanford",0,2,4,,True,,ENCFF489SKQ,optimal IDR thresholded peaks,True,358546.0,fddc0e3b44e6576405197755d02fa83a,https://www.encodeproject.org/files/ENCFF489SKQ/@@download/ENCFF489SKQ.bed.gz
K562,K562,ENCSR041YBR,TF ChIP-seq,ZNF12,transcription factor,Homo sapiens K562 genetically modified (insertion) using CRISPR targeting H. sapiens ZNF12,"Richard Myers, HAIB",0,0,5,3xFLAG,True,,ENCFF021JCJ,IDR thresholded peaks,True,154579.0,74355febff5b994ddec3a01938d5f58c,https://www.encodeproject.org/files/ENCFF021JCJ/@@download/ENCFF021JCJ.bed.gz
K562,K562,ENCSR512NLO,TF ChIP-seq,MNT,transcription factor,Homo sapiens K562,"Michael Snyder, Stanford",0,0,5,,True,,ENCFF459DYU,optimal IDR thresholded peaks,True,576447.0,624fb737709c3ddaa02467eac3bc9eba,https://www.encodeproject.org/files/ENCFF459DYU/@@download/ENCFF459DYU.bed.gz
K562,K562,ENCSR018MSO,TF ChIP-seq,ZNF148,transcription factor,Homo sapiens K562 stably expressing ZNF148,"Kevin White, UChicago",0,0,2,eGFP,True,,ENCFF283UWH,IDR thresholded peaks,True,420151.0,ac214a6e2fa60e702ae7b92301674125,https://www.encodeproject.org/files/ENCFF283UWH/@@download/ENCFF283UWH.bed.gz
K562,K562,ENCSR126FZN,TF ChIP-seq,PTRF,RNA binding protein,Homo sapiens K562 stably expressing CAVIN1,"Michael Snyder, Stanford",0,0,4,eGFP,True,,ENCFF229BQZ,optimal IDR thresholded peaks,True,97136.0,6ad779af2eef6ffe8b0bc3aae3197028,https://www.encodeproject.org/files/ENCFF229BQZ/@@download/ENCFF229BQZ.bed.gz
K562,K562,ENCSR632SHZ,TF ChIP-seq,NFE2L1,cofactor,Homo sapiens K562 stably expressing NFE2L1,"Michael Snyder, Stanford",0,0,9,eGFP,True,,ENCFF462UJN,optimal IDR thresholded peaks,True,134560.0,0957a51663a33df2a2c21557e67817b1,https://www.encodeproject.org/files/ENCFF462UJN/@@download/ENCFF462UJN.bed.gz
K562,K562,ENCSR100UQX,TF ChIP-seq,TAF9B,RNA polymerase complex,Homo sapiens K562,"Michael Snyder, Stanford",0,2,2,,True,,ENCFF223HDM,optimal IDR thresholded peaks,True,283821.0,ff04f0f1d6729a6be56ab938910399d6,https://www.encodeproject.org/files/ENCFF223HDM/@@download/ENCFF223HDM.bed.gz
K562,K562,ENCSR764YDL,TF ChIP-seq,NR0B1,transcription factor,Homo sapiens K562,"Michael Snyder, Stanford",0,2,6,,True,,ENCFF305OOU,optimal IDR thresholded peaks,True,7864.0,30431117f6219609c90d541f738aee29,https://www.encodeproject.org/files/ENCFF305OOU/@@download/ENCFF305OOU.bed.gz
K562,K562,ENCSR158BGH,TF ChIP-seq,MBD1,transcription factor,Homo sapiens K562 genetically modified (insertion) using CRISPR targeting H. sapiens MBD1,"Michael Snyder, Stanford",0,0,2,eGFP,True,,ENCFF313VEF,IDR thresholded peaks,True,69717.0,070bd91e67a8728d01a1997f1d64bea2,https://www.encodeproject.org/files/ENCFF313VEF/@@download/ENCFF313VEF.bed.gz
K562,K562,ENCSR387BVC,TF ChIP-seq,DDIT3,transcription factor,Homo sapiens K562 genetically modified (insertion) using CRISPR targeting H. sapiens DDIT3,"Michael Snyder, Stanford",0,0,2,eGFP,True,,ENCFF869RFC,IDR thresholded peaks,True,79216.0,e6561828d2304fe8359416adc06b1524,https://www.encodeproject.org/files/ENCFF869RFC/@@download/ENCFF869RFC.bed.gz
K562,K562,ENCSR674WPB,TF ChIP-seq,TFAM,transcription factor,Homo sapiens K562 genetically modified (insertion) using CRISPR targeting H. sapiens TFAM,"Michael Snyder, Stanford",0,0,6,eGFP,True,,ENCFF269PAM,conservative IDR thresholded peaks,True,8989.0,744434d3417e4bc2e3488cbb7ae51a8e,https://www.encodeproject.org/files/ENCFF269PAM/@@download/ENCFF269PAM.bed.gz
K562,K562,ENCSR682AAS,TF ChIP-seq,ZNF668,transcription factor,Homo sapiens K562 genetically modified (insertion) using CRISPR targeting H. sapiens ZNF668,"Michael Snyder, Stanford",0,0,5,eGFP,True,,ENCFF885HJI,IDR thresholded peaks,True,89230.0,4919ab0f34a20cc1e9dc134f2d261e11,https://www.encodeproject.org/files/ENCFF885HJI/@@download/ENCFF885HJI.bed.gz
K562,K562,ENCSR650AWW,TF ChIP-seq,PHB,chromatin remodeler,Homo sapiens K562 genetically modified (insertion) using CRISPR targeting H. sapiens PHB,"Michael Snyder, Stanford",0,0,0,eGFP,True,,ENCFF424OWM,IDR thresholded peaks,True,66549.0,b061cef8bc5dbf47de0a6e439c67c211,https://www.encodeproject.org/files/ENCFF424OWM/@@download/ENCFF424OWM.bed.gz
K562,K562,ENCSR935PEA,TF ChIP-seq,CREB5,transcription factor,Homo sapiens K562 genetically modified (insertion) using CRISPR targeting H. sapiens CREB5,"Michael Snyder, Stanford",0,0,4,eGFP,True,,ENCFF875JMR,IDR thresholded peaks,True,39243.0,6598d3fec21c9e96563c748d74ea59d6,https://www.encodeproject.org/files/ENCFF875JMR/@@download/ENCFF875JMR.bed.gz
K562,K562,ENCSR670JDQ,TF ChIP-seq,RB1,cohesin,Homo sapiens K562,"Michael Snyder, Stanford",0,0,3,,True,,ENCFF328QZM,optimal IDR thresholded peaks,True,472665.0,a03eb83debb7f343eca8e52bf576135f,https://www.encodeproject.org/files/ENCFF328QZM/@@download/ENCFF328QZM.bed.gz
K562,K562,ENCSR059BWP,TF ChIP-seq,PHTF2,transcription factor,Homo sapiens K562 genetically modified (insertion) using CRISPR targeting H. sapiens PHTF2,"Michael Snyder, Stanford",0,0,4,eGFP,True,,ENCFF130WQT,IDR thresholded peaks,True,32087.0,0fb608052257a5b898591df2c59e9cfb,https://www.encodeproject.org/files/ENCFF130WQT/@@download/ENCFF130WQT.bed.gz
K562,K562,ENCSR697YLJ,TF ChIP-seq,CBFA2T3,cofactor,Homo sapiens K562,"Michael Snyder, Stanford",0,0,0,,True,,ENCFF153IFH,optimal IDR thresholded peaks,True,938708.0,cf527a00dd1ee7aca1ec7f1593edaa05,https://www.encodeproject.org/files/ENCFF153IFH/@@download/ENCFF153IFH.bed.gz
K562,K562,ENCSR154EIH,TF ChIP-seq,TRIP13,cofactor,Homo sapiens K562,"Michael Snyder, Stanford",0,2,6,,True,,ENCFF534VQL,optimal IDR thresholded peaks,True,49363.0,5466c64f400b515e7e0c9105e7398f17,https://www.encodeproject.org/files/ENCFF534VQL/@@download/ENCFF534VQL.bed.gz
K562,K562,ENCSR914NEI,TF ChIP-seq,MTA3,chromatin remodeler,Homo sapiens K562,"Michael Snyder, Stanford",0,0,3,,True,,ENCFF459XLR,optimal IDR thresholded peaks,True,521870.0,d70be6acc32e1783ddb880b4a74e4bfe,https://www.encodeproject.org/files/ENCFF459XLR/@@download/ENCFF459XLR.bed.gz
K562,K562,ENCSR119VCX,TF ChIP-seq,PHF21A,chromatin remodeler,Homo sapiens K562,"Michael Snyder, Stanford",0,0,2,,True,,ENCFF657UVA,optimal IDR thresholded peaks,True,173527.0,3f01baa89ba091ecc16de02e36e27eb7,https://www.encodeproject.org/files/ENCFF657UVA/@@download/ENCFF657UVA.bed.gz
K562,K562,ENCSR699RWG,TF ChIP-seq,ZNF215,transcription factor,Homo sapiens K562 genetically modified (insertion) using CRISPR targeting H. sapiens ZNF215,"Michael Snyder, Stanford",0,0,6,eGFP,True,,ENCFF922RHM,IDR thresholded peaks,True,140461.0,b15a9050f0ded61cdcdc754044dde35c,https://www.encodeproject.org/files/ENCFF922RHM/@@download/ENCFF922RHM.bed.gz
K562,K562,ENCSR091IQZ,TF ChIP-seq,DMBX1,transcription factor,Homo sapiens K562 genetically modified (insertion) using CRISPR targeting H. sapiens DMBX1,"Michael Snyder, Stanford",0,0,9,eGFP,True,,ENCFF359ZQQ,IDR thresholded peaks,True,360892.0,4ffa154dcd4968aa726f4e272d1a3f47,https://www.encodeproject.org/files/ENCFF359ZQQ/@@download/ENCFF359ZQQ.bed.gz
K562,K562,ENCSR000BKR,TF ChIP-seq,POLR2AphosphoS5,RNA polymerase complex,Homo sapiens K562,"Richard Myers, HAIB",0,5,8,,True,,ENCFF053XYZ,optimal IDR thresholded peaks,True,496748.0,ca96abffe1596788d7d0f471d41f959c,https://www.encodeproject.org/files/ENCFF053XYZ/@@download/ENCFF053XYZ.bed.gz
K562,K562,ENCSR598GER,TF ChIP-seq,CCAR2,RNA binding protein,Homo sapiens K562,"Xiang-Dong Fu, UCSD",0,0,6,,True,,ENCFF704PGT,optimal IDR thresholded peaks,True,11578.0,5b9f6b6369948fc225c0e019726dee1c,https://www.encodeproject.org/files/ENCFF704PGT/@@download/ENCFF704PGT.bed.gz
K562,K562,ENCSR264LYE,TF ChIP-seq,ESRRB,transcription factor,Homo sapiens K562 genetically modified (insertion) using CRISPR targeting H. sapiens ESRRB,"Michael Snyder, Stanford",0,0,7,eGFP,True,,ENCFF106ECV,IDR thresholded peaks,True,20045.0,cd4161b4053afad690c7564591f849dc,https://www.encodeproject.org/files/ENCFF106ECV/@@download/ENCFF106ECV.bed.gz
K562,K562,ENCSR283ZRI,TF ChIP-seq,POLR2G,RNA polymerase complex,Homo sapiens K562,"Xiang-Dong Fu, UCSD",0,0,12,,True,,ENCFF283CUY,optimal IDR thresholded peaks,True,1022858.0,3df5a2aa20db7842e933d3420f523221,https://www.encodeproject.org/files/ENCFF283CUY/@@download/ENCFF283CUY.bed.gz
K562,K562,ENCSR115HLM,TF ChIP-seq,ZBTB26,transcription factor,Homo sapiens K562 genetically modified (insertion) using CRISPR targeting H. sapiens ZBTB26,"Michael Snyder, Stanford",0,0,1,eGFP,True,,ENCFF435SNP,IDR thresholded peaks,True,157570.0,7102f5409a6ae48d373323e7292a4cff,https://www.encodeproject.org/files/ENCFF435SNP/@@download/ENCFF435SNP.bed.gz
K562,K562,ENCSR492LTS,TF ChIP-seq,BCLAF1,transcription factor,Homo sapiens K562,"Michael Snyder, Stanford",0,0,4,,True,,ENCFF054DTJ,optimal IDR thresholded peaks,True,62610.0,11e37f4d08c13ba386427268a861516b,https://www.encodeproject.org/files/ENCFF054DTJ/@@download/ENCFF054DTJ.bed.gz
K562,K562,ENCSR764OXF,TF ChIP-seq,RBM39,RNA binding protein,Homo sapiens K562,"Xiang-Dong Fu, UCSD",0,0,4,,True,,ENCFF503DIK,optimal IDR thresholded peaks,True,58149.0,b2a60c137734255b7be0d029f2330a7d,https://www.encodeproject.org/files/ENCFF503DIK/@@download/ENCFF503DIK.bed.gz
K562,K562,ENCSR574XEO,TF ChIP-seq,NUFIP1,RNA binding protein,Homo sapiens K562,"Michael Snyder, Stanford",0,2,0,,True,,ENCFF885JMZ,optimal IDR thresholded peaks,True,68881.0,fb7d9eb59e98bcd1f916e31fabfb3306,https://www.encodeproject.org/files/ENCFF885JMZ/@@download/ENCFF885JMZ.bed.gz
K562,K562,ENCSR934RJP,TF ChIP-seq,ZNF3,transcription factor,Homo sapiens K562 genetically modified (insertion) using CRISPR targeting H. sapiens ZNF3,"Michael Snyder, Stanford",0,0,6,eGFP,True,,ENCFF798AFV,IDR thresholded peaks,True,33658.0,619f069d5b60c5fc65491e32464ee65f,https://www.encodeproject.org/files/ENCFF798AFV/@@download/ENCFF798AFV.bed.gz
K562,K562,ENCSR906CWK,TF ChIP-seq,ZFPM2,cofactor,Homo sapiens K562 genetically modified (insertion) using CRISPR targeting H. sapiens ZFPM2,"Michael Snyder, Stanford",0,0,2,eGFP,True,,ENCFF549NPY,IDR thresholded peaks,True,47756.0,b778c89ab1d46a4840fb66f8dc859edb,https://www.encodeproject.org/files/ENCFF549NPY/@@download/ENCFF549NPY.bed.gz
K562,K562,ENCSR935UQL,TF ChIP-seq,MECOM,chromatin remodeler;transcription factor,Homo sapiens K562 genetically modified (insertion) using CRISPR targeting H. sapiens MECOM,"Michael Snyder, Stanford",0,0,2,eGFP,True,,ENCFF188PLS,IDR thresholded peaks,True,184444.0,2ed8f88d15adbc2c9e5be4e29c0f2f5a,https://www.encodeproject.org/files/ENCFF188PLS/@@download/ENCFF188PLS.bed.gz
K562,K562,ENCSR475ZYA,TF ChIP-seq,OTX1,transcription factor,Homo sapiens K562 genetically modified (insertion) using CRISPR targeting H. sapiens OTX1,"Michael Snyder, Stanford",0,0,4,eGFP,True,,ENCFF245JPK,IDR thresholded peaks,True,200122.0,4794b76867d86d317e5886d5c850f9c2,https://www.encodeproject.org/files/ENCFF245JPK/@@download/ENCFF245JPK.bed.gz
K562,K562,ENCSR494ZGC,TF ChIP-seq,ELF4,transcription factor,Homo sapiens K562 genetically modified (insertion) using CRISPR targeting H. sapiens ELF4,"Michael Snyder, Stanford",0,0,1,eGFP,True,,ENCFF832HNJ,IDR thresholded peaks,True,234733.0,612475eb541f99bff7be2436f83e3c21,https://www.encodeproject.org/files/ENCFF832HNJ/@@download/ENCFF832HNJ.bed.gz
K562,K562,ENCSR744JJU,TF ChIP-seq,MYC,transcription factor,Homo sapiens K562 genetically modified (insertion) using CRISPR targeting H. sapiens MYC,"Michael Snyder, Stanford",0,0,8,eGFP,True,,ENCFF114VAI,IDR thresholded peaks,True,189595.0,e5e9aa94130c28603325bfcf9cb86a50,https://www.encodeproject.org/files/ENCFF114VAI/@@download/ENCFF114VAI.bed.gz
K562,K562,ENCSR775FSH,TF ChIP-seq,ZNF280B,transcription factor,Homo sapiens K562 genetically modified (insertion) using CRISPR targeting H. sapiens ZNF280B,"Michael Snyder, Stanford",0,0,4,eGFP,True,,ENCFF253UAF,IDR thresholded peaks,True,35095.0,551ef640c22c0069aa84b5f5c7cb0ec2,https://www.encodeproject.org/files/ENCFF253UAF/@@download/ENCFF253UAF.bed.gz
K562,K562,ENCSR041QAZ,TF ChIP-seq,RNF219,transcription factor,Homo sapiens K562 genetically modified (insertion) using CRISPR targeting H. sapiens RNF219,"Michael Snyder, Stanford",0,0,4,eGFP,True,,ENCFF417FFL,IDR thresholded peaks,True,26112.0,5adeb46620d91dc57786dde99b957f81,https://www.encodeproject.org/files/ENCFF417FFL/@@download/ENCFF417FFL.bed.gz
K562,K562,ENCSR699PVC,TF ChIP-seq,CBFA2T2,cofactor,Homo sapiens K562,"Michael Snyder, Stanford",0,0,2,,True,,ENCFF419PEK,optimal IDR thresholded peaks,True,577689.0,1036123880424ff327044007f80a51a2,https://www.encodeproject.org/files/ENCFF419PEK/@@download/ENCFF419PEK.bed.gz
K562,K562,ENCSR594HXD,TF ChIP-seq,ELF2,transcription factor,Homo sapiens K562 genetically modified (insertion) using CRISPR targeting H. sapiens ELF2,"Michael Snyder, Stanford",0,0,4,eGFP,True,,ENCFF695PDY,IDR thresholded peaks,True,176510.0,168bcfc8365a83b851e3b87548d14d3c,https://www.encodeproject.org/files/ENCFF695PDY/@@download/ENCFF695PDY.bed.gz
K562,K562,ENCSR271RRH,TF ChIP-seq,ZNF253,transcription factor,Homo sapiens K562 genetically modified (insertion) using CRISPR targeting H. sapiens ZNF253,"Michael Snyder, Stanford",0,0,2,eGFP,True,,ENCFF019NGO,conservative IDR thresholded peaks,True,21829.0,02eb6feb2038b9b55b2093011451a5cd,https://www.encodeproject.org/files/ENCFF019NGO/@@download/ENCFF019NGO.bed.gz
K562,K562,ENCSR582EIB,TF ChIP-seq,ZNF830,DNA repair,Homo sapiens K562 genetically modified (insertion) using CRISPR targeting H. sapiens ZNF830,"Michael Snyder, Stanford",0,0,2,eGFP,True,,ENCFF150ZBY,IDR thresholded peaks,True,79664.0,05b26fc4a3c95b5924206dd9a84f65f3,https://www.encodeproject.org/files/ENCFF150ZBY/@@download/ENCFF150ZBY.bed.gz
K562,K562,ENCSR376UMR,TF ChIP-seq,ZNF84,transcription factor,Homo sapiens K562 genetically modified (insertion) using CRISPR targeting H. sapiens ZNF84,"Michael Snyder, Stanford",0,0,0,eGFP,True,,ENCFF014HYS,IDR thresholded peaks,True,89579.0,c86885f7cc7dd6b9618920da41d2bf12,https://www.encodeproject.org/files/ENCFF014HYS/@@download/ENCFF014HYS.bed.gz
K562,K562,ENCSR822CCM,TF ChIP-seq,ARID1B,chromatin remodeler;cofactor;transcription factor,Homo sapiens K562,"Michael Snyder, Stanford",0,0,5,,True,,ENCFF249TYS,optimal IDR thresholded peaks,True,912130.0,f66a6d097165ef7e610fde9a4db94da0,https://www.encodeproject.org/files/ENCFF249TYS/@@download/ENCFF249TYS.bed.gz
K562,K562,ENCSR532EMP,TF ChIP-seq,ZNF740,transcription factor,Homo sapiens K562 stably expressing ZNF740,"Michael Snyder, Stanford",0,0,4,eGFP,True,,ENCFF865OKF,optimal IDR thresholded peaks,True,114417.0,51caa09eff3bc25c819286358f93a8e0,https://www.encodeproject.org/files/ENCFF865OKF/@@download/ENCFF865OKF.bed.gz
K562,K562,ENCSR162IEM,TF ChIP-seq,MYBL2,transcription factor,Homo sapiens K562,"Michael Snyder, Stanford",0,0,7,,True,,ENCFF905KOD,optimal IDR thresholded peaks,True,89862.0,56cd919bdab94ad8d0462c3fb5db363a,https://www.encodeproject.org/files/ENCFF905KOD/@@download/ENCFF905KOD.bed.gz
K562,K562,ENCSR171CAY,TF ChIP-seq,E2F7,transcription factor,Homo sapiens K562,"Michael Snyder, Stanford",0,0,7,,True,,ENCFF013EHI,optimal IDR thresholded peaks,True,58792.0,ec6f331bac36a3d59fc3b1c9c9a1aef2,https://www.encodeproject.org/files/ENCFF013EHI/@@download/ENCFF013EHI.bed.gz
K562,K562,ENCSR867MET,TF ChIP-seq,THRB,transcription factor,Homo sapiens K562 genetically modified (insertion) using CRISPR targeting H. sapiens THRB,"Michael Snyder, Stanford",0,0,5,eGFP,True,,ENCFF906PUB,conservative IDR thresholded peaks,True,210931.0,b08ff8a05bb5fc64214176f88ac2e845,https://www.encodeproject.org/files/ENCFF906PUB/@@download/ENCFF906PUB.bed.gz
K562,K562,ENCSR153HNT,TF ChIP-seq,STAG1,cohesin,Homo sapiens K562 genetically modified (insertion) using CRISPR targeting H. sapiens STAG1,"Richard Myers, HAIB",0,0,3,3xFLAG,True,,ENCFF921BXP,IDR thresholded peaks,True,208936.0,6a35e7af0485b7b4fde46158f09c8b92,https://www.encodeproject.org/files/ENCFF921BXP/@@download/ENCFF921BXP.bed.gz
K562,K562,ENCSR879HUU,TF ChIP-seq,GABPB2,transcription factor,Homo sapiens K562 genetically modified (insertion) using CRISPR targeting H. sapiens GABPB2,"Michael Snyder, Stanford",0,0,2,eGFP,True,,ENCFF103YZQ,conservative IDR thresholded peaks,True,28716.0,45ce38606570812f10bce3dc6f2a4bcd,https://www.encodeproject.org/files/ENCFF103YZQ/@@download/ENCFF103YZQ.bed.gz
K562,K562,ENCSR102KIN,TF ChIP-seq,ZMYM3,transcription factor,Homo sapiens K562,"Richard Myers, HAIB",0,0,4,,True,,ENCFF195IFB,optimal IDR thresholded peaks,True,670081.0,baaa2bdfb02d2094530f3826d8684ed1,https://www.encodeproject.org/files/ENCFF195IFB/@@download/ENCFF195IFB.bed.gz
K562,K562,ENCSR011NOZ,TF ChIP-seq,ZNF407,transcription factor,Homo sapiens K562,"Michael Snyder, Stanford",0,0,1,,True,,ENCFF255HEF,IDR thresholded peaks,True,87638.0,59f435c18ae5c725548d631a313018f4,https://www.encodeproject.org/files/ENCFF255HEF/@@download/ENCFF255HEF.bed.gz
K562,K562,ENCSR549PVK,TF ChIP-seq,PATZ1,transcription factor,Homo sapiens K562 genetically modified (insertion) using CRISPR targeting H. sapiens PATZ1,"Michael Snyder, Stanford",0,0,6,eGFP,True,,ENCFF743JJF,IDR thresholded peaks,True,47795.0,f677ae737eaa8a167b9954a2314c0f29,https://www.encodeproject.org/files/ENCFF743JJF/@@download/ENCFF743JJF.bed.gz
K562,K562,ENCSR883UGG,TF ChIP-seq,ZNF445,transcription factor,Homo sapiens K562 genetically modified (insertion) using CRISPR targeting H. sapiens ZNF445,"Michael Snyder, Stanford",0,0,7,eGFP,True,,ENCFF416TFM,IDR thresholded peaks,True,55990.0,5f67533d4ab8bcf95d67df4df86952aa,https://www.encodeproject.org/files/ENCFF416TFM/@@download/ENCFF416TFM.bed.gz
K562,K562,ENCSR802AHH,TF ChIP-seq,BCL6,transcription factor,Homo sapiens K562 genetically modified (insertion) using CRISPR targeting H. sapiens BCL6,"Michael Snyder, Stanford",0,0,0,eGFP,True,,ENCFF941EDY,IDR thresholded peaks,True,55263.0,ad58f94719c07a335c0edc88211fb689,https://www.encodeproject.org/files/ENCFF941EDY/@@download/ENCFF941EDY.bed.gz
K562,K562,ENCSR231PDA,TF ChIP-seq,ZNF319,transcription factor,Homo sapiens K562 genetically modified (insertion) using CRISPR targeting H. sapiens ZNF319,"Michael Snyder, Stanford",0,0,0,eGFP,True,,ENCFF873VFI,IDR thresholded peaks,True,136182.0,9d2ba42e2eeedc63d111d06dabe41cf3,https://www.encodeproject.org/files/ENCFF873VFI/@@download/ENCFF873VFI.bed.gz
K562,K562,ENCSR553NTC,TF ChIP-seq,ZNF134,transcription factor,Homo sapiens K562 genetically modified (insertion) using CRISPR targeting H. sapiens ZNF134,"Michael Snyder, Stanford",0,0,0,eGFP,True,,ENCFF169AWH,conservative IDR thresholded peaks,True,124647.0,3d0e3a905add017713b8a6f34cf33659,https://www.encodeproject.org/files/ENCFF169AWH/@@download/ENCFF169AWH.bed.gz
K562,K562,ENCSR150QDE,TF ChIP-seq,SREBF2,transcription factor,Homo sapiens K562 genetically modified (insertion) using CRISPR targeting H. sapiens SREBF2,"Richard Myers, HAIB",0,0,5,3xFLAG,True,,ENCFF710YFH,IDR thresholded peaks,True,32734.0,adbf8f1fd7b2c09c2a09951ef9781573,https://www.encodeproject.org/files/ENCFF710YFH/@@download/ENCFF710YFH.bed.gz
K562,K562,ENCSR787RVK,TF ChIP-seq,TSC22D4,transcription factor,Homo sapiens K562 stably expressing TSC22D4,"Michael Snyder, Stanford",0,0,7,eGFP,True,,ENCFF265QXK,optimal IDR thresholded peaks,True,60234.0,c176aa8d570ea5bfe905c412f1534b96,https://www.encodeproject.org/files/ENCFF265QXK/@@download/ENCFF265QXK.bed.gz
K562,K562,ENCSR228OQM,TF ChIP-seq,CLOCK,transcription factor,Homo sapiens K562 genetically modified (insertion) using CRISPR targeting H. sapiens CLOCK,"Michael Snyder, Stanford",0,0,7,eGFP,True,,ENCFF648UJW,IDR thresholded peaks,True,37825.0,79e8b07c2fa5f664c9d4c08d69ac29ba,https://www.encodeproject.org/files/ENCFF648UJW/@@download/ENCFF648UJW.bed.gz
K562,K562,ENCSR164RIC,TF ChIP-seq,ZNF444,transcription factor,Homo sapiens K562 genetically modified (insertion) using CRISPR targeting H. sapiens ZNF444,"Michael Snyder, Stanford",0,0,6,eGFP,True,,ENCFF295XCB,IDR thresholded peaks,True,56164.0,b3ddc8007562b80f28344bfa9a3e861b,https://www.encodeproject.org/files/ENCFF295XCB/@@download/ENCFF295XCB.bed.gz
K562,K562,ENCSR014RCS,TF ChIP-seq,HNRNPK,transcription factor,Homo sapiens K562,"Xiang-Dong Fu, UCSD",0,4,8,,True,,ENCFF505RNR,conservative IDR thresholded peaks,True,204082.0,5fbb651aa0aa7e05d265111e6f9f0553,https://www.encodeproject.org/files/ENCFF505RNR/@@download/ENCFF505RNR.bed.gz
K562,K562,ENCSR571BUF,TF ChIP-seq,ARHGAP35,transcription factor,Homo sapiens K562,"Michael Snyder, Stanford",0,2,0,,True,,ENCFF089PKE,optimal IDR thresholded peaks,True,94464.0,260a4d6538d8c0d709bb34946b10ff24,https://www.encodeproject.org/files/ENCFF089PKE/@@download/ENCFF089PKE.bed.gz
K562,K562,ENCSR121PFY,TF ChIP-seq,CDC5L,transcription factor,Homo sapiens K562,"Michael Snyder, Stanford",0,0,0,,True,,ENCFF384ALH,optimal IDR thresholded peaks,True,111921.0,3e1236ba63044fac20b89dfacb9f2191,https://www.encodeproject.org/files/ENCFF384ALH/@@download/ENCFF384ALH.bed.gz
K562,K562,ENCSR000EFZ,TF ChIP-seq,UBTF,transcription factor,Homo sapiens K562,"Michael Snyder, Stanford",0,0,14,,True,,ENCFF403TAF,optimal IDR thresholded peaks,True,365960.0,619cd935342a7e3844fee07a9bd87d84,https://www.encodeproject.org/files/ENCFF403TAF/@@download/ENCFF403TAF.bed.gz
K562,K562,ENCSR112RNT,TF ChIP-seq,HNRNPLL,RNA binding protein,Homo sapiens K562,"Xiang-Dong Fu, UCSD",0,3,6,,True,,ENCFF662WPN,optimal IDR thresholded peaks,True,273144.0,c62ec7b0e5aa0d3196d5f29a760c10fe,https://www.encodeproject.org/files/ENCFF662WPN/@@download/ENCFF662WPN.bed.gz
K562,K562,ENCSR995FUM,TF ChIP-seq,ZNF79,transcription factor,Homo sapiens K562 genetically modified (insertion) using CRISPR targeting H. sapiens ZNF79,"Michael Snyder, Stanford",0,0,7,eGFP,True,,ENCFF670RLH,IDR thresholded peaks,True,63231.0,a67b3444e761f0ef9b0726e2da1636fc,https://www.encodeproject.org/files/ENCFF670RLH/@@download/ENCFF670RLH.bed.gz
K562,K562,ENCSR172XJS,TF ChIP-seq,ZNF165,transcription factor,Homo sapiens K562 genetically modified (insertion) using CRISPR targeting H. sapiens ZNF165,"Michael Snyder, Stanford",0,0,2,eGFP,True,,ENCFF169QYL,IDR thresholded peaks,True,67655.0,4c482aed84e47f4d3383d190e33458e0,https://www.encodeproject.org/files/ENCFF169QYL/@@download/ENCFF169QYL.bed.gz
K562,K562,ENCSR297CGF,TF ChIP-seq,KLF6,transcription factor,Homo sapiens K562 genetically modified (insertion) using CRISPR targeting H. sapiens KLF6,"Michael Snyder, Stanford",0,0,8,eGFP,True,,ENCFF563ZJM,IDR thresholded peaks,True,147997.0,b3215e6644e61d31dcbf8f8e73f890c1,https://www.encodeproject.org/files/ENCFF563ZJM/@@download/ENCFF563ZJM.bed.gz
K562,K562,ENCSR958JPH,TF ChIP-seq,TSHZ1,transcription factor,Homo sapiens K562 genetically modified (insertion) using CRISPR targeting H. sapiens TSHZ1,"Michael Snyder, Stanford",0,0,6,eGFP,True,,ENCFF144ZLB,IDR thresholded peaks,True,51365.0,9b05f338c1c892695dc39e207482d579,https://www.encodeproject.org/files/ENCFF144ZLB/@@download/ENCFF144ZLB.bed.gz
K562,K562,ENCSR376RCX,TF ChIP-seq,GMEB1,transcription factor,Homo sapiens K562 genetically modified (insertion) using CRISPR targeting H. sapiens GMEB1,"Michael Snyder, Stanford",0,0,4,eGFP,True,,ENCFF863WFD,IDR thresholded peaks,True,183078.0,cd50d0046af99c5ffc29f611176f0bd0,https://www.encodeproject.org/files/ENCFF863WFD/@@download/ENCFF863WFD.bed.gz
K562,K562,ENCSR557RVF,TF ChIP-seq,ZHX1,cofactor;transcription factor,Homo sapiens K562,"Michael Snyder, Stanford",0,0,2,,True,,ENCFF495BPY,optimal IDR thresholded peaks,True,64861.0,c8c48ba855f11cafe36a2332b9f617ab,https://www.encodeproject.org/files/ENCFF495BPY/@@download/ENCFF495BPY.bed.gz
K562,K562,ENCSR036QIR,TF ChIP-seq,E2F3,transcription factor,Homo sapiens K562 genetically modified (insertion) using CRISPR targeting H. sapiens E2F3,"Michael Snyder, Stanford",0,0,4,eGFP,True,,ENCFF710UAZ,IDR thresholded peaks,True,160591.0,7c5edafafd9e3235282b2b096d560175,https://www.encodeproject.org/files/ENCFF710UAZ/@@download/ENCFF710UAZ.bed.gz
K562,K562,ENCSR924GXX,TF ChIP-seq,PHB2,transcription factor,Homo sapiens K562,"Michael Snyder, Stanford",0,0,1,,True,,ENCFF988OXX,optimal IDR thresholded peaks,True,134417.0,5c57af4ee5d1b18dd20c07695adbcf98,https://www.encodeproject.org/files/ENCFF988OXX/@@download/ENCFF988OXX.bed.gz
K562,K562,ENCSR314BBS,TF ChIP-seq,PTTG1,transcription factor,Homo sapiens K562 stably expressing PTTG1,"Michael Snyder, Stanford",0,0,5,eGFP,True,,ENCFF587PBU,optimal IDR thresholded peaks,True,87923.0,89af7748e051ca3be492460952e50e39,https://www.encodeproject.org/files/ENCFF587PBU/@@download/ENCFF587PBU.bed.gz
K562,K562,ENCSR167JBG,TF ChIP-seq,DIDO1,RNA binding protein,Homo sapiens K562 stably expressing DIDO1,"Michael Snyder, Stanford",0,0,5,eGFP,True,,ENCFF108JFW,optimal IDR thresholded peaks,True,149217.0,5d8acef49b68b5aa5eb08a6fbe28e3c2,https://www.encodeproject.org/files/ENCFF108JFW/@@download/ENCFF108JFW.bed.gz
K562,K562,ENCSR143CEO,TF ChIP-seq,ZC3H8,transcription factor,Homo sapiens K562,"Michael Snyder, Stanford",0,0,0,,True,,ENCFF784MKW,optimal IDR thresholded peaks,True,61334.0,89685b695fd0d1d00fd89d2f5f9cc7cc,https://www.encodeproject.org/files/ENCFF784MKW/@@download/ENCFF784MKW.bed.gz
K562,K562,ENCSR587OQL,TF ChIP-seq,SMARCA4,cofactor,Homo sapiens K562,"Michael Snyder, Stanford",0,0,0,,True,,ENCFF868UOJ,optimal IDR thresholded peaks,True,721619.0,63d768a026e5098724274b19f13558e2,https://www.encodeproject.org/files/ENCFF868UOJ/@@download/ENCFF868UOJ.bed.gz
K562,K562,ENCSR926TAH,TF ChIP-seq,PREB,transcription factor,Homo sapiens K562 genetically modified (insertion) using CRISPR targeting H. sapiens PREB,"Richard Myers, HAIB",0,0,5,3xFLAG,True,,ENCFF927VIS,IDR thresholded peaks,True,82807.0,434ce1966dc29e12377038f781357783,https://www.encodeproject.org/files/ENCFF927VIS/@@download/ENCFF927VIS.bed.gz
K562,K562,ENCSR490LWA,TF ChIP-seq,CEBPG,transcription factor,Homo sapiens K562 stably expressing CEBPG,"Michael Snyder, Stanford",0,0,2,eGFP,True,,ENCFF797MRW,optimal IDR thresholded peaks,True,841645.0,d4109884f770228a5eb64a2622e4f30b,https://www.encodeproject.org/files/ENCFF797MRW/@@download/ENCFF797MRW.bed.gz
K562,K562,ENCSR213HBY,TF ChIP-seq,TOE1,RNA binding protein,Homo sapiens K562,"Michael Snyder, Stanford",0,0,9,,True,,ENCFF014WCO,optimal IDR thresholded peaks,True,367070.0,30c53fc81c2d34d48759c316c8986dd4,https://www.encodeproject.org/files/ENCFF014WCO/@@download/ENCFF014WCO.bed.gz
K562,K562,ENCSR388QZF,TF ChIP-seq,POLR2A,RNA polymerase complex,Homo sapiens K562,"Michael Snyder, Stanford",0,0,0,,True,,ENCFF285MBX,optimal IDR thresholded peaks,True,745128.0,b66ab75e232ac34877a053faf9db5195,https://www.encodeproject.org/files/ENCFF285MBX/@@download/ENCFF285MBX.bed.gz
K562,K562,ENCSR000EGE,TF ChIP-seq,EP300,transcription factor,Homo sapiens K562,"Michael Snyder, Stanford",0,0,8,,True,,ENCFF755HCK,optimal IDR thresholded peaks,True,507309.0,0f3d11026ed80414d813c56b0c574482,https://www.encodeproject.org/files/ENCFF755HCK/@@download/ENCFF755HCK.bed.gz
K562,K562,ENCSR068VRA,TF ChIP-seq,MCM7,DNA replication,Homo sapiens K562,"Michael Snyder, Stanford",0,0,0,,True,,ENCFF914ELA,optimal IDR thresholded peaks,True,51593.0,f8af613a8b6d0c650b2e170e962ed7ba,https://www.encodeproject.org/files/ENCFF914ELA/@@download/ENCFF914ELA.bed.gz
K562,K562,ENCSR519WMW,TF ChIP-seq,SMARCC2,chromatin remodeler,Homo sapiens K562,"Michael Snyder, Stanford",0,0,9,,True,,ENCFF751ZVX,optimal IDR thresholded peaks,True,347207.0,8ec18a0f82ff5880b51c2debe77a83d7,https://www.encodeproject.org/files/ENCFF751ZVX/@@download/ENCFF751ZVX.bed.gz
K562,K562,ENCSR532KTI,TF ChIP-seq,GTF2E2,RNA polymerase complex,Homo sapiens K562 stably expressing GTF2E2,"Kevin White, UChicago",0,0,2,eGFP,True,,ENCFF564KIU,IDR thresholded peaks,True,304389.0,a24340ddd11932a6803345abf8fa8da7,https://www.encodeproject.org/files/ENCFF564KIU/@@download/ENCFF564KIU.bed.gz
K562,K562,ENCSR791OZM,TF ChIP-seq,RBM25,RNA binding protein,Homo sapiens K562,"Xiang-Dong Fu, UCSD",0,4,8,,True,,ENCFF102XVH,optimal IDR thresholded peaks,True,840966.0,1763fe71aba2362d84740a7d4b259bf3,https://www.encodeproject.org/files/ENCFF102XVH/@@download/ENCFF102XVH.bed.gz
K562,K562,ENCSR017GBO,TF ChIP-seq,TFDP1,transcription factor,Homo sapiens K562 stably expressing TFDP1,"Kevin White, UChicago",0,0,3,eGFP,True,,ENCFF362JHQ,IDR thresholded peaks,True,420330.0,c74930e05addf4de007ce2773ae19d57,https://www.encodeproject.org/files/ENCFF362JHQ/@@download/ENCFF362JHQ.bed.gz
K562,K562,ENCSR257RKC,TF ChIP-seq,GATA2,transcription factor,Homo sapiens K562 genetically modified (insertion) using CRISPR targeting H. sapiens GATA2,"Richard Myers, HAIB",0,0,5,3xFLAG,True,,ENCFF772OKO,IDR thresholded peaks,True,279576.0,071b143452bced3d8ce707ada2b7d562,https://www.encodeproject.org/files/ENCFF772OKO/@@download/ENCFF772OKO.bed.gz
K562,K562,ENCSR632TJQ,TF ChIP-seq,ILF3,RNA binding protein,Homo sapiens K562,"Michael Snyder, Stanford",0,0,7,,True,,ENCFF368AAQ,optimal IDR thresholded peaks,True,90535.0,03f379d7fd255fffe332f35e2c73795f,https://www.encodeproject.org/files/ENCFF368AAQ/@@download/ENCFF368AAQ.bed.gz
K562,K562,ENCSR277DMR,TF ChIP-seq,ETV1,transcription factor,Homo sapiens K562 stably expressing ETV1,"Michael Snyder, Stanford",0,0,7,eGFP,True,,ENCFF804KSB,optimal IDR thresholded peaks,True,388044.0,e04edf5fc2da7d2b966ebe8ec4e4296c,https://www.encodeproject.org/files/ENCFF804KSB/@@download/ENCFF804KSB.bed.gz
K562,K562,ENCSR750LYM,TF ChIP-seq,NR2C2,transcription factor,Homo sapiens K562 stably expressing NR2C2,"Kevin White, UChicago",0,0,2,eGFP,True,,ENCFF263VIC,IDR thresholded peaks,True,801017.0,9b07e58009dbd068ad567ddbfff59e01,https://www.encodeproject.org/files/ENCFF263VIC/@@download/ENCFF263VIC.bed.gz
K562,K562,ENCSR603XLW,TF ChIP-seq,ZNF589,transcription factor,Homo sapiens K562 genetically modified (insertion) using CRISPR targeting H. sapiens ZNF589,"Kevin White, UChicago",0,0,3,eGFP,True,,ENCFF345IHK,IDR thresholded peaks,True,392864.0,caad51f1f9f257c1d7a4ccd38131f723,https://www.encodeproject.org/files/ENCFF345IHK/@@download/ENCFF345IHK.bed.gz
K562,K562,ENCSR835TCD,TF ChIP-seq,HDAC8,cohesin,Homo sapiens K562 stably expressing HDAC8,"Michael Snyder, Stanford",0,0,8,eGFP,True,,ENCFF349GBE,optimal IDR thresholded peaks,True,190898.0,26187d9ca672df310af6a379ceb8ab02,https://www.encodeproject.org/files/ENCFF349GBE/@@download/ENCFF349GBE.bed.gz
K562,K562,ENCSR502OEK,TF ChIP-seq,ELF1,transcription factor,Homo sapiens K562,"Michael Snyder, Stanford",0,0,3,,True,,ENCFF617ZLL,optimal IDR thresholded peaks,True,307664.0,7acca57727469981d879609a9141e3af,https://www.encodeproject.org/files/ENCFF617ZLL/@@download/ENCFF617ZLL.bed.gz
K562,K562,ENCSR331BDJ,TF ChIP-seq,NKRF,transcription factor,Homo sapiens K562,"Michael Snyder, Stanford",0,0,1,,True,,ENCFF520QSR,optimal IDR thresholded peaks,True,338676.0,8a2bda65f1df079509a1649adf334cab,https://www.encodeproject.org/files/ENCFF520QSR/@@download/ENCFF520QSR.bed.gz
K562,K562,ENCSR635EXI,TF ChIP-seq,ZSCAN29,transcription factor,Homo sapiens K562,"Michael Snyder, Stanford",0,0,0,,True,,ENCFF979GFF,optimal IDR thresholded peaks,True,102256.0,2b592e6a75fb28ad53ac77be04c8ff20,https://www.encodeproject.org/files/ENCFF979GFF/@@download/ENCFF979GFF.bed.gz
K562,K562,ENCSR709DRM,TF ChIP-seq,E2F5,transcription factor,Homo sapiens K562 genetically modified (insertion) using CRISPR targeting H. sapiens E2F5,"Kevin White, UChicago",0,0,2,eGFP,True,,ENCFF082QHP,conservative IDR thresholded peaks,True,361212.0,4265e5dd30725fb249c7097c44cdf3f2,https://www.encodeproject.org/files/ENCFF082QHP/@@download/ENCFF082QHP.bed.gz
K562,K562,ENCSR710WLO,TF ChIP-seq,MGA,transcription factor,Homo sapiens K562,"Michael Snyder, Stanford",0,0,5,,True,,ENCFF525MPI,optimal IDR thresholded peaks,True,616163.0,771e3875b5bd6a6f256953a6fad4660a,https://www.encodeproject.org/files/ENCFF525MPI/@@download/ENCFF525MPI.bed.gz
K562,K562,ENCSR596IKD,TF ChIP-seq,ETS2,transcription factor,Homo sapiens K562 stably expressing ETS2,"Michael Snyder, Stanford",0,2,7,eGFP,True,,ENCFF687OMH,optimal IDR thresholded peaks,True,33536.0,17227c49db14dbcd7b6f29f75d53c412,https://www.encodeproject.org/files/ENCFF687OMH/@@download/ENCFF687OMH.bed.gz
K562,K562,ENCSR742IDN,TF ChIP-seq,NR2C1,transcription factor,Homo sapiens K562,"Michael Snyder, Stanford",0,0,4,,True,,ENCFF023XHV,optimal IDR thresholded peaks,True,289552.0,054dea6f6c2879fc4cb6179c342a2214,https://www.encodeproject.org/files/ENCFF023XHV/@@download/ENCFF023XHV.bed.gz
K562,K562,ENCSR786OQY,TF ChIP-seq,ZBTB5,transcription factor,Homo sapiens K562,"Michael Snyder, Stanford",0,0,2,,True,,ENCFF813GMP,optimal IDR thresholded peaks,True,95815.0,44c6a9971bc71fb862edde8496ee3c36,https://www.encodeproject.org/files/ENCFF813GMP/@@download/ENCFF813GMP.bed.gz
K562,K562,ENCSR090JNM,TF ChIP-seq,HLTF,RNA binding protein,Homo sapiens K562,"Michael Snyder, Stanford",0,0,0,,True,,ENCFF689LNQ,optimal IDR thresholded peaks,True,237629.0,0fc275ea9102fbc6b6ac690099d14140,https://www.encodeproject.org/files/ENCFF689LNQ/@@download/ENCFF689LNQ.bed.gz
K562,K562,ENCSR847LBF,TF ChIP-seq,FOXJ2,transcription factor,Homo sapiens K562 stably expressing FOXJ2,"Kevin White, UChicago",0,0,2,eGFP,True,,ENCFF957CVJ,IDR thresholded peaks,True,285629.0,3b18b3f1b36f7434b5d08bb207271537,https://www.encodeproject.org/files/ENCFF957CVJ/@@download/ENCFF957CVJ.bed.gz
K562,K562,ENCSR360UHC,TF ChIP-seq,ARID3B,transcription factor,Homo sapiens K562 genetically modified (insertion) using CRISPR targeting H. sapiens ARID3B,"Michael Snyder, Stanford",0,0,2,eGFP,True,,ENCFF270TSN,IDR thresholded peaks,True,51769.0,b8b2697e68293c9d01670c39acd2cbe2,https://www.encodeproject.org/files/ENCFF270TSN/@@download/ENCFF270TSN.bed.gz
K562,K562,ENCSR276RQG,TF ChIP-seq,ZNF696,transcription factor,Homo sapiens K562 genetically modified (insertion) using CRISPR targeting H. sapiens ZNF696,"Michael Snyder, Stanford",0,0,6,eGFP,True,,ENCFF899BJR,conservative IDR thresholded peaks,True,17741.0,f6d0bdce610138ba84b060f3c612a4d6,https://www.encodeproject.org/files/ENCFF899BJR/@@download/ENCFF899BJR.bed.gz
K562,K562,ENCSR754ZHU,TF ChIP-seq,SNRNP70,RNA binding protein,Homo sapiens K562,"Xiang-Dong Fu, UCSD",0,0,4,,True,,ENCFF206MJS,optimal IDR thresholded peaks,True,15551.0,02b18c003378b3efe5b4b035dcd08b15,https://www.encodeproject.org/files/ENCFF206MJS/@@download/ENCFF206MJS.bed.gz
K562,K562,ENCSR775EQV,TF ChIP-seq,ZNF583,transcription factor,Homo sapiens K562 genetically modified (insertion) using CRISPR targeting H. sapiens ZNF583,"Michael Snyder, Stanford",0,0,0,eGFP,True,,ENCFF053ABJ,IDR thresholded peaks,True,182442.0,4e832bde69bfdc64bd28d426dbc23f46,https://www.encodeproject.org/files/ENCFF053ABJ/@@download/ENCFF053ABJ.bed.gz
K562,K562,ENCSR926KTP,TF ChIP-seq,IRF9,transcription factor,Homo sapiens K562 stably expressing IRF9,"Michael Snyder, Stanford",0,0,3,eGFP,True,,ENCFF863WCN,optimal IDR thresholded peaks,True,172340.0,a10e035162770658df2a39f20f34dc49,https://www.encodeproject.org/files/ENCFF863WCN/@@download/ENCFF863WCN.bed.gz
K562,K562,ENCSR000BGX,TF ChIP-seq,SIX5,transcription factor,Homo sapiens K562,"Richard Myers, HAIB",0,0,5,,True,,ENCFF742ZHT,IDR thresholded peaks,True,60082.0,5ea58f1ab62c3f9c839f1d95b10650e8,https://www.encodeproject.org/files/ENCFF742ZHT/@@download/ENCFF742ZHT.bed.gz
K562,K562,ENCSR364SNE,TF ChIP-seq,POU5F1,transcription factor,Homo sapiens K562,"Michael Snyder, Stanford",0,2,7,,True,,ENCFF814QPF,optimal IDR thresholded peaks,True,38828.0,6efe277e840603535c2d355e3e357386,https://www.encodeproject.org/files/ENCFF814QPF/@@download/ENCFF814QPF.bed.gz
K562,K562,ENCSR000ATU,TF ChIP-seq,CBX2,transcription factor,Homo sapiens K562,"Bradley Bernstein, Broad",0,3,5,,True,,ENCFF258XBJ,IDR thresholded peaks,True,52756.0,a37a1c34a0829adebe8032645b8986bd,https://www.encodeproject.org/files/ENCFF258XBJ/@@download/ENCFF258XBJ.bed.gz
K562,K562,ENCSR034GHQ,TF ChIP-seq,HMG20B,transcription factor,Homo sapiens K562 genetically modified (insertion) using CRISPR targeting H. sapiens HMG20B,"Michael Snyder, Stanford",0,0,4,eGFP,True,,ENCFF099OSI,IDR thresholded peaks,True,23357.0,93e6ef8811870cce814a547b84a63efd,https://www.encodeproject.org/files/ENCFF099OSI/@@download/ENCFF099OSI.bed.gz
K562,K562,ENCSR109SJT,TF ChIP-seq,SMAD4,transcription factor,Homo sapiens K562 genetically modified (insertion) using CRISPR targeting H. sapiens SMAD4,"Michael Snyder, Stanford",0,0,7,eGFP,True,,ENCFF232ZHD,conservative IDR thresholded peaks,True,668871.0,ea277205b068a165d5183d2fe5accdce,https://www.encodeproject.org/files/ENCFF232ZHD/@@download/ENCFF232ZHD.bed.gz
K562,K562,ENCSR213VUI,TF ChIP-seq,TRIM25,transcription factor,Homo sapiens K562,"Michael Snyder, Stanford",0,0,1,,True,,ENCFF514DDG,optimal IDR thresholded peaks,True,94955.0,a0fc375177d1b51c260fb692e5c53d0d,https://www.encodeproject.org/files/ENCFF514DDG/@@download/ENCFF514DDG.bed.gz
K562,K562,ENCSR000APD,Histone ChIP-seq,H3K79me2,histone;broad histone mark,Homo sapiens K562,"Bradley Bernstein, Broad",0,7,27,,True,,ENCFF212PQN,replicated peaks,True,1967252.0,6b2d2205d4617091292e2a5fabb3f280,https://www.encodeproject.org/files/ENCFF212PQN/@@download/ENCFF212PQN.bed.gz
K562,K562,ENCSR000AKQ,Histone ChIP-seq,H3K27me3,histone;broad histone mark,Homo sapiens K562,"Bradley Bernstein, Broad",0,6,36,,True,,ENCFF049HUP,replicated peaks,True,1321672.0,eee69bfb5f63194ca1017e62b811b7fa,https://www.encodeproject.org/files/ENCFF049HUP/@@download/ENCFF049HUP.bed.gz
K562,K562,ENCSR000AKX,Histone ChIP-seq,H4K20me1,histone;broad histone mark,Homo sapiens K562,"Bradley Bernstein, Broad",0,4,4,,True,,ENCFF909RKY,replicated peaks,True,821959.0,fe4c93b6faa0ab4153ef41fe516bced4,https://www.encodeproject.org/files/ENCFF909RKY/@@download/ENCFF909RKY.bed.gz
K562,K562,ENCSR000AKT,Histone ChIP-seq,H3K4me2,histone;narrow histone mark,Homo sapiens K562,"Bradley Bernstein, Broad",0,2,8,,True,,ENCFF118PIE,replicated peaks,True,1630598.0,441c7c97aebb0ffbc265eacac75eb83d,https://www.encodeproject.org/files/ENCFF118PIE/@@download/ENCFF118PIE.bed.gz
K562,K562,ENCSR000APC,Histone ChIP-seq,H2AFZ,histone;narrow histone mark,Homo sapiens K562,"Bradley Bernstein, Broad",0,0,9,,True,,ENCFF921IKK,replicated peaks,True,2280814.0,70e47dae6135e4c5d480e7a4236bd7ab,https://www.encodeproject.org/files/ENCFF921IKK/@@download/ENCFF921IKK.bed.gz
K562,K562,ENCSR000AKV,Histone ChIP-seq,H3K9ac,histone;narrow histone mark,Homo sapiens K562,"Bradley Bernstein, Broad",0,1,12,,True,,ENCFF306MNO,replicated peaks,True,969670.0,76d220e42f14353b6b2fabd65d4497ef,https://www.encodeproject.org/files/ENCFF306MNO/@@download/ENCFF306MNO.bed.gz
K562,K562,ENCSR000AKR,Histone ChIP-seq,H3K36me3,histone;broad histone mark,Homo sapiens K562,"Bradley Bernstein, Broad",0,6,29,,True,,ENCFF053DAC,replicated peaks,True,1893318.0,19fb923ac5a84abd36e52c4ad639febe,https://www.encodeproject.org/files/ENCFF053DAC/@@download/ENCFF053DAC.bed.gz
K562,K562,ENCSR000AKW,Histone ChIP-seq,H3K9me1,histone;broad histone mark,Homo sapiens K562,"Bradley Bernstein, Broad",0,3,5,,True,,ENCFF285EKW,pseudoreplicated peaks,True,81850.0,50051f7d801355fac8f8c31ae27d74ca,https://www.encodeproject.org/files/ENCFF285EKW/@@download/ENCFF285EKW.bed.gz
K562,K562,ENCSR000AKP,Histone ChIP-seq,H3K27ac,histone;narrow histone mark,Homo sapiens K562,"Bradley Bernstein, Broad",1,0,35,,True,,ENCFF038DDS,replicated peaks,True,1298162.0,b24e283c2be89cbc2679eeb1688e4962,https://www.encodeproject.org/files/ENCFF038DDS/@@download/ENCFF038DDS.bed.gz
K562,K562,ENCSR000AKS,Histone ChIP-seq,H3K4me1,histone;broad histone mark,Homo sapiens K562,"Bradley Bernstein, Broad",0,4,33,,True,,ENCFF135ZLM,replicated peaks,True,2342260.0,b2db31175e0856a2b27c064da8e4bbb4,https://www.encodeproject.org/files/ENCFF135ZLM/@@download/ENCFF135ZLM.bed.gz
K562,K562,ENCSR000APE,Histone ChIP-seq,H3K9me3,histone;broad histone mark,Homo sapiens K562,"Bradley Bernstein, Broad",0,5,4,,True,,ENCFF371GMJ,replicated peaks,True,108614.0,1e181bc19a1c5f8e2a987eda7fc832f7,https://www.encodeproject.org/files/ENCFF371GMJ/@@download/ENCFF371GMJ.bed.gz
K562,K562,ENCSR668LDD,Histone ChIP-seq,H3K4me3,histone;narrow histone mark,Homo sapiens K562,"Bradley Bernstein, Broad",0,0,9,,True,,ENCFF616DLO,replicated peaks,True,614272.0,b8e50f9f46b92655e8e7b4a33aedcad0,https://www.encodeproject.org/files/ENCFF616DLO/@@download/ENCFF616DLO.bed.gz
iPSC_ESC,WTC11,ENCSR444BFV,TF ChIP-seq,ZNF532,transcription factor,Homo sapiens WTC11 genetically modified (insertion) using CRISPR targeting H. sapiens ZNF532,"Michael Snyder, Stanford",0,0,5,eGFP,True,,ENCFF795EGN,IDR thresholded peaks,True,62020.0,17f8b94811badbee0a45d7e29b4dca41,https://www.encodeproject.org/files/ENCFF795EGN/@@download/ENCFF795EGN.bed.gz
iPSC_ESC,WTC11,ENCSR905MSY,TF ChIP-seq,FOXJ3,transcription factor,Homo sapiens WTC11 genetically modified (insertion) using CRISPR targeting H. sapiens FOXJ3,"Richard Myers, HAIB",0,0,6,3xFLAG,True,,ENCFF117RRT,IDR thresholded peaks,True,14972.0,67c2f9f4178006a4c90cd8780a2c32a2,https://www.encodeproject.org/files/ENCFF117RRT/@@download/ENCFF117RRT.bed.gz
iPSC_ESC,WTC11,ENCSR110QIL,TF ChIP-seq,RORB,transcription factor,Homo sapiens WTC11 genetically modified (insertion) using CRISPR targeting H. sapiens RORB,"Michael Snyder, Stanford",0,0,4,eGFP,True,,ENCFF989FMK,IDR thresholded peaks,True,14868.0,6b6c827d0c4a0f89ba676bd7a6d1c039,https://www.encodeproject.org/files/ENCFF989FMK/@@download/ENCFF989FMK.bed.gz
iPSC_ESC,WTC11,ENCSR499FDW,TF ChIP-seq,ZSCAN18,transcription factor,Homo sapiens WTC11 genetically modified (insertion) using CRISPR targeting H. sapiens ZSCAN18,"Michael Snyder, Stanford",0,0,6,eGFP,True,,ENCFF969PVK,IDR thresholded peaks,True,29834.0,1bc4039b65353774297942c93daa847e,https://www.encodeproject.org/files/ENCFF969PVK/@@download/ENCFF969PVK.bed.gz
iPSC_ESC,WTC11,ENCSR413CVQ,TF ChIP-seq,ZNF423,transcription factor,Homo sapiens WTC11 genetically modified (insertion) using CRISPR targeting H. sapiens ZNF423,"Michael Snyder, Stanford",0,0,6,eGFP,True,,ENCFF717YTN,IDR thresholded peaks,True,283969.0,23f80d951e4447cd728ad8564278e1f7,https://www.encodeproject.org/files/ENCFF717YTN/@@download/ENCFF717YTN.bed.gz
iPSC_ESC,WTC11,ENCSR260GQA,TF ChIP-seq,ZNF671,transcription factor,Homo sapiens WTC11 genetically modified (insertion) using CRISPR targeting H. sapiens ZNF671,"Michael Snyder, Stanford",0,0,4,eGFP,True,,ENCFF300TKM,IDR thresholded peaks,True,53925.0,5bf5c54b985c8f1233bbae985b6cc2f7,https://www.encodeproject.org/files/ENCFF300TKM/@@download/ENCFF300TKM.bed.gz
iPSC_ESC,WTC11,ENCSR440UPD,TF ChIP-seq,EMX1,transcription factor,Homo sapiens WTC11 genetically modified (insertion) using CRISPR targeting H. sapiens EMX1,"Michael Snyder, Stanford",0,0,4,eGFP,True,,ENCFF149LMA,IDR thresholded peaks,True,78072.0,ff3f1173cbb5168c7a805d9e2bdbc3c5,https://www.encodeproject.org/files/ENCFF149LMA/@@download/ENCFF149LMA.bed.gz
iPSC_ESC,WTC11,ENCSR804OBA,TF ChIP-seq,JUN,transcription factor,Homo sapiens WTC11 genetically modified (insertion) using CRISPR targeting H. sapiens JUN,"Richard Myers, HAIB",0,0,5,3xFLAG,True,,ENCFF459NUP,IDR thresholded peaks,True,105962.0,aa6b66081ca641d71fd81e9bd237ed49,https://www.encodeproject.org/files/ENCFF459NUP/@@download/ENCFF459NUP.bed.gz
iPSC_ESC,WTC11,ENCSR963CCJ,TF ChIP-seq,ARID4B,transcription factor,Homo sapiens WTC11 genetically modified (insertion) using CRISPR targeting H. sapiens ARID4B,"Richard Myers, HAIB",0,0,4,3xFLAG,True,,ENCFF413VSG,IDR thresholded peaks,True,259360.0,45364be7058e112e1909766c0c380de2,https://www.encodeproject.org/files/ENCFF413VSG/@@download/ENCFF413VSG.bed.gz
iPSC_ESC,WTC11,ENCSR203PCF,TF ChIP-seq,ZNF121,transcription factor,Homo sapiens WTC11 genetically modified (insertion) using CRISPR targeting H. sapiens ZNF121,"Richard Myers, HAIB",0,0,1,3xFLAG,True,,ENCFF974DKV,IDR thresholded peaks,True,541324.0,f2b0d25d70cd6eeb46fa584639921abb,https://www.encodeproject.org/files/ENCFF974DKV/@@download/ENCFF974DKV.bed.gz
iPSC_ESC,WTC11,ENCSR092DCD,TF ChIP-seq,PRDM15,transcription factor,Homo sapiens WTC11 genetically modified (insertion) using CRISPR targeting H. sapiens PRDM15,"Richard Myers, HAIB",0,0,1,3xFLAG,True,,ENCFF003OAO,IDR thresholded peaks,True,205418.0,b4a4c63f93f2003b93538b6265731192,https://www.encodeproject.org/files/ENCFF003OAO/@@download/ENCFF003OAO.bed.gz
iPSC_ESC,WTC11,ENCSR381IES,TF ChIP-seq,IRF1,transcription factor,Homo sapiens WTC11 genetically modified (insertion) using CRISPR targeting H. sapiens IRF1,"Richard Myers, HAIB",0,0,1,3xFLAG,True,,ENCFF837ISW,IDR thresholded peaks,True,98126.0,b040cee205e8dbab23ffe5482ab65ee9,https://www.encodeproject.org/files/ENCFF837ISW/@@download/ENCFF837ISW.bed.gz
iPSC_ESC,WTC11,ENCSR063FUV,TF ChIP-seq,ZNF143,transcription factor,Homo sapiens WTC11 genetically modified (insertion) using CRISPR targeting H. sapiens ZNF143,"Richard Myers, HAIB",0,0,5,3xFLAG,True,,ENCFF715DQS,IDR thresholded peaks,True,140382.0,81e0c3eae0582eb8b725e99cf29180fc,https://www.encodeproject.org/files/ENCFF715DQS/@@download/ENCFF715DQS.bed.gz
iPSC_ESC,WTC11,ENCSR744RAS,TF ChIP-seq,GRHL2,transcription factor,Homo sapiens WTC11 genetically modified (insertion) using CRISPR targeting H. sapiens GRHL2,"Michael Snyder, Stanford",0,2,5,eGFP,True,,ENCFF885XKL,IDR thresholded peaks,True,1154.0,84ec8b489aba87f6d2a92107727807eb,https://www.encodeproject.org/files/ENCFF885XKL/@@download/ENCFF885XKL.bed.gz
iPSC_ESC,WTC11,ENCSR934WOF,TF ChIP-seq,TEAD1,transcription factor,Homo sapiens WTC11 genetically modified (insertion) using CRISPR targeting H. sapiens TEAD1,"Richard Myers, HAIB",0,0,5,3xFLAG,True,,ENCFF464BVI,IDR thresholded peaks,True,333139.0,c7b7e1cb9c6d14d86d0582f9f5e9e1de,https://www.encodeproject.org/files/ENCFF464BVI/@@download/ENCFF464BVI.bed.gz
iPSC_ESC,WTC11,ENCSR795KRU,TF ChIP-seq,ZNF317,transcription factor,Homo sapiens WTC11 genetically modified (insertion) using CRISPR targeting H. sapiens ZNF317,"Richard Myers, HAIB",0,0,8,3xFLAG,True,,ENCFF859KDF,IDR thresholded peaks,True,139059.0,a2f8104f4b9f11942e6310940c1a5913,https://www.encodeproject.org/files/ENCFF859KDF/@@download/ENCFF859KDF.bed.gz
iPSC_ESC,WTC11,ENCSR634WRC,TF ChIP-seq,ZNF512,transcription factor,Homo sapiens WTC11 genetically modified (insertion) using CRISPR targeting H. sapiens ZNF512,"Richard Myers, HAIB",0,0,2,3xFLAG,True,,ENCFF545DCW,IDR thresholded peaks,True,109924.0,5bb37647ceb90f2ffd1c305a80186292,https://www.encodeproject.org/files/ENCFF545DCW/@@download/ENCFF545DCW.bed.gz
iPSC_ESC,WTC11,ENCSR992XTY,TF ChIP-seq,CTCF,transcription factor,Homo sapiens WTC11,"Bradley Bernstein, Broad",0,0,36,,True,,ENCFF112GJQ,IDR thresholded peaks,True,553996.0,95a48b97fdae4a8c5c37b4b824823add,https://www.encodeproject.org/files/ENCFF112GJQ/@@download/ENCFF112GJQ.bed.gz
iPSC_ESC,WTC11,ENCSR473ASI,TF ChIP-seq,ELF4,transcription factor,Homo sapiens WTC11 genetically modified (insertion) using CRISPR targeting H. sapiens ELF4,"Richard Myers, HAIB",0,0,11,3xFLAG,True,,ENCFF567ADL,IDR thresholded peaks,True,56845.0,b4ef946a53327952a108101ee0cfa3b1,https://www.encodeproject.org/files/ENCFF567ADL/@@download/ENCFF567ADL.bed.gz
iPSC_ESC,WTC11,ENCSR583CGO,TF ChIP-seq,SP1,transcription factor,Homo sapiens WTC11 genetically modified (insertion) using CRISPR targeting H. sapiens SP1,"Richard Myers, HAIB",0,0,1,3xFLAG,True,,ENCFF854DMH,conservative IDR thresholded peaks,True,431809.0,4f4f296728286ab971d935b0e1dff9f5,https://www.encodeproject.org/files/ENCFF854DMH/@@download/ENCFF854DMH.bed.gz
iPSC_ESC,WTC11,ENCSR029TLS,TF ChIP-seq,ETV6,transcription factor,Homo sapiens WTC11 genetically modified (insertion) using CRISPR targeting H. sapiens ETV6,"Richard Myers, HAIB",0,0,5,3xFLAG,True,,ENCFF008QFJ,IDR thresholded peaks,True,362000.0,27ca391478c8b10c9c062eeb4a7edb4e,https://www.encodeproject.org/files/ENCFF008QFJ/@@download/ENCFF008QFJ.bed.gz
iPSC_ESC,WTC11,ENCSR513WUJ,TF ChIP-seq,SIX4,transcription factor,Homo sapiens WTC11 genetically modified (insertion) using CRISPR targeting H. sapiens SIX4,"Richard Myers, HAIB",0,0,1,3xFLAG,True,,ENCFF847XQW,IDR thresholded peaks,True,163634.0,6ce8aceb5a2be1f90cc0cc420a8abbfa,https://www.encodeproject.org/files/ENCFF847XQW/@@download/ENCFF847XQW.bed.gz
iPSC_ESC,WTC11,ENCSR943MQH,TF ChIP-seq,ZBTB33,transcription factor,Homo sapiens WTC11 genetically modified (insertion) using CRISPR targeting H. sapiens ZBTB33,"Richard Myers, HAIB",0,1,6,3xFLAG,True,,ENCFF231XIJ,IDR thresholded peaks,True,100831.0,2260813033c00afb9fb61621bf516200,https://www.encodeproject.org/files/ENCFF231XIJ/@@download/ENCFF231XIJ.bed.gz
iPSC_ESC,WTC11,ENCSR989LMJ,TF ChIP-seq,RELA,transcription factor,Homo sapiens WTC11 genetically modified (insertion) using CRISPR targeting H. sapiens RELA,"Richard Myers, HAIB",0,0,6,3xFLAG,True,,ENCFF095PJP,IDR thresholded peaks,True,101132.0,aab8bda8e3c6d3ec6f9434ff0c681dc5,https://www.encodeproject.org/files/ENCFF095PJP/@@download/ENCFF095PJP.bed.gz
iPSC_ESC,WTC11,ENCSR146UIC,TF ChIP-seq,NFYB,transcription factor,Homo sapiens WTC11 genetically modified (insertion) using CRISPR targeting H. sapiens NFYB,"Richard Myers, HAIB",0,0,2,3xFLAG,True,,ENCFF765MOP,conservative IDR thresholded peaks,True,169897.0,079fad2a9590e27dace74c41b167cd22,https://www.encodeproject.org/files/ENCFF765MOP/@@download/ENCFF765MOP.bed.gz
iPSC_ESC,WTC11,ENCSR564TIP,TF ChIP-seq,CREM,transcription factor,Homo sapiens WTC11 genetically modified (insertion) using CRISPR targeting H. sapiens CREM,"Richard Myers, HAIB",0,0,6,3xFLAG,True,,ENCFF893GOI,IDR thresholded peaks,True,227240.0,8c4ace1e9c5717b99fc1eb314eadc4b1,https://www.encodeproject.org/files/ENCFF893GOI/@@download/ENCFF893GOI.bed.gz
iPSC_ESC,WTC11,ENCSR928BPP,TF ChIP-seq,ATF2,transcription factor,Homo sapiens WTC11 genetically modified (insertion) using CRISPR targeting H. sapiens ATF2,"Richard Myers, HAIB",0,0,3,3xFLAG,True,,ENCFF671PCI,IDR thresholded peaks,True,25272.0,e1c956c909e17b751bceae556caf781b,https://www.encodeproject.org/files/ENCFF671PCI/@@download/ENCFF671PCI.bed.gz
iPSC_ESC,WTC11,ENCSR713KVZ,TF ChIP-seq,HMGXB4,transcription factor,Homo sapiens WTC11 genetically modified (insertion) using CRISPR targeting H. sapiens HMGXB4,"Richard Myers, HAIB",0,0,6,3xFLAG,True,,ENCFF760GCW,IDR thresholded peaks,True,387878.0,7a68e028014b12b7ad5dfd7c705efb38,https://www.encodeproject.org/files/ENCFF760GCW/@@download/ENCFF760GCW.bed.gz
iPSC_ESC,WTC11,ENCSR156JWW,TF ChIP-seq,ZNF263,transcription factor,Homo sapiens WTC11 genetically modified (insertion) using CRISPR targeting H. sapiens ZNF263,"Richard Myers, HAIB",0,0,9,3xFLAG,True,,ENCFF209UEC,IDR thresholded peaks,True,121492.0,9141c2a3a92849f8f00262416467ad9c,https://www.encodeproject.org/files/ENCFF209UEC/@@download/ENCFF209UEC.bed.gz
iPSC_ESC,WTC11,ENCSR029OPK,TF ChIP-seq,ESRRA,transcription factor,Homo sapiens WTC11 genetically modified (insertion) using CRISPR targeting H. sapiens ESRRA,"Richard Myers, HAIB",0,0,6,3xFLAG,True,,ENCFF258HYD,IDR thresholded peaks,True,132406.0,926693a8330d6ac433a8058f755b181c,https://www.encodeproject.org/files/ENCFF258HYD/@@download/ENCFF258HYD.bed.gz
iPSC_ESC,WTC11,ENCSR214RUE,TF ChIP-seq,ZNF219,transcription factor,Homo sapiens WTC11 genetically modified (insertion) using CRISPR targeting H. sapiens ZNF219,"Richard Myers, HAIB",0,0,3,3xFLAG,True,,ENCFF660FXN,IDR thresholded peaks,True,73405.0,e9a27d9230f69304aa662b3b41842d9e,https://www.encodeproject.org/files/ENCFF660FXN/@@download/ENCFF660FXN.bed.gz
iPSC_ESC,WTC11,ENCSR032DGZ,TF ChIP-seq,ZNF281,transcription factor,Homo sapiens WTC11 genetically modified (insertion) using CRISPR targeting H. sapiens ZNF281,"Richard Myers, HAIB",0,0,5,3xFLAG,True,,ENCFF716OVN,IDR thresholded peaks,True,151338.0,dd81290009f147feb6a9db9e441d5e1f,https://www.encodeproject.org/files/ENCFF716OVN/@@download/ENCFF716OVN.bed.gz
iPSC_ESC,WTC11,ENCSR349FYX,TF ChIP-seq,MAX,transcription factor,Homo sapiens WTC11 genetically modified (insertion) using CRISPR targeting H. sapiens MAX,"Richard Myers, HAIB",0,0,3,3xFLAG,True,,ENCFF760NBK,IDR thresholded peaks,True,537219.0,7d628edad5bd477fdf6cf8965200a05d,https://www.encodeproject.org/files/ENCFF760NBK/@@download/ENCFF760NBK.bed.gz
iPSC_ESC,WTC11,ENCSR507RVF,TF ChIP-seq,FOXP4,transcription factor,Homo sapiens WTC11 genetically modified (insertion) using CRISPR targeting H. sapiens FOXP4,"Richard Myers, HAIB",0,0,3,3xFLAG,True,,ENCFF172KCZ,IDR thresholded peaks,True,285348.0,7649603a8f0d8d9dfda4724d3b3ee59b,https://www.encodeproject.org/files/ENCFF172KCZ/@@download/ENCFF172KCZ.bed.gz
iPSC_ESC,WTC11,ENCSR546PDE,TF ChIP-seq,FOXP1,cofactor,Homo sapiens WTC11 genetically modified (insertion) using CRISPR targeting H. sapiens FOXP1,"Richard Myers, HAIB",0,0,9,3xFLAG,True,,ENCFF023NWB,IDR thresholded peaks,True,327187.0,823cc33aedc5768c8b1915fe4339ba30,https://www.encodeproject.org/files/ENCFF023NWB/@@download/ENCFF023NWB.bed.gz
iPSC_ESC,WTC11,ENCSR248QBT,TF ChIP-seq,USF1,transcription factor,Homo sapiens WTC11 genetically modified (insertion) using CRISPR targeting H. sapiens USF1,"Richard Myers, HAIB",0,0,3,3xFLAG,True,,ENCFF254GEZ,IDR thresholded peaks,True,289889.0,1ca32e281605816b090652ac357146bd,https://www.encodeproject.org/files/ENCFF254GEZ/@@download/ENCFF254GEZ.bed.gz
iPSC_ESC,WTC11,ENCSR836SPL,TF ChIP-seq,E2F1,transcription factor,Homo sapiens WTC11 genetically modified (insertion) using CRISPR targeting H. sapiens E2F1,"Richard Myers, HAIB",0,0,5,3xFLAG,True,,ENCFF548QOU,IDR thresholded peaks,True,84591.0,8da9f7ffdcce2d5edb442e60bdd6ab23,https://www.encodeproject.org/files/ENCFF548QOU/@@download/ENCFF548QOU.bed.gz
iPSC_ESC,WTC11,ENCSR454GVT,TF ChIP-seq,NR2C2,transcription factor,Homo sapiens WTC11 genetically modified (insertion) using CRISPR targeting H. sapiens NR2C2,"Richard Myers, HAIB",0,0,5,3xFLAG,True,,ENCFF847UIM,IDR thresholded peaks,True,55577.0,d03d2e7149c02d831f97e5914a4364b7,https://www.encodeproject.org/files/ENCFF847UIM/@@download/ENCFF847UIM.bed.gz
iPSC_ESC,WTC11,ENCSR229QAN,TF ChIP-seq,USF2,transcription factor,Homo sapiens WTC11 genetically modified (insertion) using CRISPR targeting H. sapiens USF2,"Richard Myers, HAIB",0,0,7,3xFLAG,True,,ENCFF071DRB,IDR thresholded peaks,True,321683.0,e1a8d560885a7dde5ff071b39629e31c,https://www.encodeproject.org/files/ENCFF071DRB/@@download/ENCFF071DRB.bed.gz
iPSC_ESC,WTC11,ENCSR199PXS,TF ChIP-seq,ZBTB43,transcription factor,Homo sapiens WTC11 genetically modified (insertion) using CRISPR targeting H. sapiens ZBTB43,"Richard Myers, HAIB",0,0,5,3xFLAG,True,,ENCFF058ZDU,IDR thresholded peaks,True,190511.0,72e625d8fe939047509c001c6ee188ef,https://www.encodeproject.org/files/ENCFF058ZDU/@@download/ENCFF058ZDU.bed.gz
iPSC_ESC,WTC11,ENCSR910UQX,TF ChIP-seq,TGIF2,transcription factor,Homo sapiens WTC11 genetically modified (insertion) using CRISPR targeting H. sapiens TGIF2,"Richard Myers, HAIB",0,0,7,3xFLAG,True,,ENCFF219OPP,conservative IDR thresholded peaks,True,288980.0,da5caabc9886236f52fdca954ec28953,https://www.encodeproject.org/files/ENCFF219OPP/@@download/ENCFF219OPP.bed.gz
iPSC_ESC,WTC11,ENCSR150LGS,TF ChIP-seq,E2F5,transcription factor,Homo sapiens WTC11 genetically modified (insertion) using CRISPR targeting H. sapiens E2F5,"Richard Myers, HAIB",0,0,6,3xFLAG,True,,ENCFF746QNQ,IDR thresholded peaks,True,253979.0,d19cc68326ed76e4a9afbc13fa2568ab,https://www.encodeproject.org/files/ENCFF746QNQ/@@download/ENCFF746QNQ.bed.gz
iPSC_ESC,WTC11,ENCSR722OTA,TF ChIP-seq,NR3C1,transcription factor,Homo sapiens WTC11 genetically modified (insertion) using CRISPR targeting H. sapiens NR3C1,"Richard Myers, HAIB",0,0,6,3xFLAG,True,,ENCFF640UMI,conservative IDR thresholded peaks,True,49704.0,2b86d4ca7aa0102bcb47608f832090cc,https://www.encodeproject.org/files/ENCFF640UMI/@@download/ENCFF640UMI.bed.gz
iPSC_ESC,WTC11,ENCSR962BEI,TF ChIP-seq,ZBTB21,transcription factor,Homo sapiens WTC11 genetically modified (insertion) using CRISPR targeting H. sapiens ZBTB21,"Richard Myers, HAIB",0,0,6,3xFLAG,True,,ENCFF248QLP,IDR thresholded peaks,True,138328.0,ed65fea03ae57f030871de06bb5bae3e,https://www.encodeproject.org/files/ENCFF248QLP/@@download/ENCFF248QLP.bed.gz
iPSC_ESC,WTC11,ENCSR887VJM,TF ChIP-seq,ATF1,transcription factor,Homo sapiens WTC11 genetically modified (insertion) using CRISPR targeting H. sapiens ATF1,"Richard Myers, HAIB",0,0,6,3xFLAG,True,,ENCFF395OJF,IDR thresholded peaks,True,69319.0,11e77d6e37947ac00eb35d54c3e6d654,https://www.encodeproject.org/files/ENCFF395OJF/@@download/ENCFF395OJF.bed.gz
iPSC_ESC,WTC11,ENCSR048PPE,TF ChIP-seq,STAT6,transcription factor,Homo sapiens WTC11 genetically modified (insertion) using CRISPR targeting H. sapiens STAT6,"Richard Myers, HAIB",0,0,7,3xFLAG,True,,ENCFF391UZB,conservative IDR thresholded peaks,True,26526.0,dd2a6befeeb0d6b3146e124dd2b308e8,https://www.encodeproject.org/files/ENCFF391UZB/@@download/ENCFF391UZB.bed.gz
iPSC_ESC,WTC11,ENCSR760GZL,TF ChIP-seq,TP53,transcription factor,Homo sapiens WTC11 genetically modified (insertion) using CRISPR targeting H. sapiens TP53,"Richard Myers, HAIB",0,0,5,3xFLAG,True,,ENCFF403HEQ,IDR thresholded peaks,True,154470.0,09b86a09c6bc0ac8c6b0efb2a8eec5ae,https://www.encodeproject.org/files/ENCFF403HEQ/@@download/ENCFF403HEQ.bed.gz
iPSC_ESC,WTC11,ENCSR350LBJ,TF ChIP-seq,KAT7,chromatin remodeler,Homo sapiens WTC11 genetically modified (insertion) using CRISPR targeting H. sapiens KAT7,"Richard Myers, HAIB",0,0,6,3xFLAG,True,,ENCFF019XPF,IDR thresholded peaks,True,171827.0,32d461d7cf9322679d1602d92faf8612,https://www.encodeproject.org/files/ENCFF019XPF/@@download/ENCFF019XPF.bed.gz
iPSC_ESC,WTC11,ENCSR352RXE,TF ChIP-seq,FOXK1,transcription factor,Homo sapiens WTC11 genetically modified (insertion) using CRISPR targeting H. sapiens FOXK1,"Richard Myers, HAIB",0,0,5,3xFLAG,True,,ENCFF934PLP,IDR thresholded peaks,True,320623.0,0ba9e485da9ebb1ef57f50c7fc74f774,https://www.encodeproject.org/files/ENCFF934PLP/@@download/ENCFF934PLP.bed.gz
iPSC_ESC,WTC11,ENCSR592ZQB,TF ChIP-seq,IRF2,transcription factor,Homo sapiens WTC11 genetically modified (insertion) using CRISPR targeting H. sapiens IRF2,"Richard Myers, HAIB",0,0,3,3xFLAG,True,,ENCFF168YVH,IDR thresholded peaks,True,22340.0,52519b777e9f5b0c0becded63214af92,https://www.encodeproject.org/files/ENCFF168YVH/@@download/ENCFF168YVH.bed.gz
iPSC_ESC,WTC11,ENCSR866VOW,TF ChIP-seq,CBFB,transcription factor,Homo sapiens WTC11 genetically modified (insertion) using CRISPR targeting H. sapiens CBFB,"Richard Myers, HAIB",0,0,6,3xFLAG,True,,ENCFF341OPF,IDR thresholded peaks,True,87700.0,ab54bb92e201de5a0842ad0c9f687081,https://www.encodeproject.org/files/ENCFF341OPF/@@download/ENCFF341OPF.bed.gz
iPSC_ESC,WTC11,ENCSR640STN,TF ChIP-seq,ZNF184,transcription factor,Homo sapiens WTC11 genetically modified (insertion) using CRISPR targeting H. sapiens ZNF184,"Richard Myers, HAIB",0,0,6,3xFLAG,True,,ENCFF122AFS,IDR thresholded peaks,True,206922.0,f4adb251d6a8b567195b59112cb6d821,https://www.encodeproject.org/files/ENCFF122AFS/@@download/ENCFF122AFS.bed.gz
iPSC_ESC,WTC11,ENCSR963EQY,TF ChIP-seq,NR1H2,transcription factor,Homo sapiens WTC11 genetically modified (insertion) using CRISPR targeting H. sapiens NR1H2,"Richard Myers, HAIB",0,0,6,3xFLAG,True,,ENCFF434STO,IDR thresholded peaks,True,21725.0,8f4350d63def4fdfb433c319f53e2bc5,https://www.encodeproject.org/files/ENCFF434STO/@@download/ENCFF434STO.bed.gz
iPSC_ESC,WTC11,ENCSR231CZR,TF ChIP-seq,SOX15,transcription factor,Homo sapiens WTC11 genetically modified (insertion) using CRISPR targeting H. sapiens SOX15,"Michael Snyder, Stanford",0,0,4,eGFP,True,,ENCFF812XUO,IDR thresholded peaks,True,3517.0,bc9d13fd65b235cd00f4c37aea00c470,https://www.encodeproject.org/files/ENCFF812XUO/@@download/ENCFF812XUO.bed.gz
iPSC_ESC,WTC11,ENCSR181ELQ,TF ChIP-seq,OVOL2,transcription factor,Homo sapiens WTC11 genetically modified (insertion) using CRISPR targeting H. sapiens OVOL2,"Michael Snyder, Stanford",0,0,5,eGFP,True,,ENCFF581WFU,IDR thresholded peaks,True,6267.0,38d4cefd3ebd32a2939ab9ca572873e6,https://www.encodeproject.org/files/ENCFF581WFU/@@download/ENCFF581WFU.bed.gz
iPSC_ESC,WTC11,ENCSR568LRK,TF ChIP-seq,JAZF1,cofactor,Homo sapiens WTC11 genetically modified (insertion) using CRISPR targeting H. sapiens JAZF1,"Michael Snyder, Stanford",0,0,6,eGFP,True,,ENCFF955OZK,IDR thresholded peaks,True,3902.0,ea6af7412b260b2dfbea7f23b32cee9a,https://www.encodeproject.org/files/ENCFF955OZK/@@download/ENCFF955OZK.bed.gz
iPSC_ESC,WTC11,ENCSR027BEE,TF ChIP-seq,CDX4,transcription factor,Homo sapiens WTC11 genetically modified (insertion) using CRISPR targeting H. sapiens CDX4,"Michael Snyder, Stanford",0,0,7,eGFP,True,,ENCFF371MSO,IDR thresholded peaks,True,10415.0,e1fed52f0c270f5e5e45250bf102bf76,https://www.encodeproject.org/files/ENCFF371MSO/@@download/ENCFF371MSO.bed.gz
iPSC_ESC,WTC11,ENCSR288NNJ,TF ChIP-seq,ZNF416,transcription factor,Homo sapiens WTC11 genetically modified (insertion) using CRISPR targeting H. sapiens ZNF416,"Michael Snyder, Stanford",0,0,5,eGFP,True,,ENCFF717CPE,IDR thresholded peaks,True,87200.0,a720ba2cd3a327a9dcd456491e186a27,https://www.encodeproject.org/files/ENCFF717CPE/@@download/ENCFF717CPE.bed.gz
iPSC_ESC,WTC11,ENCSR807VQT,TF ChIP-seq,ZMAT4,transcription factor,Homo sapiens WTC11 genetically modified (insertion) using CRISPR targeting H. sapiens ZMAT4,"Michael Snyder, Stanford",0,0,4,eGFP,True,,ENCFF092WKT,IDR thresholded peaks,True,40272.0,57c23d0a2492cde31fa9a81f9070f2e9,https://www.encodeproject.org/files/ENCFF092WKT/@@download/ENCFF092WKT.bed.gz
iPSC_ESC,WTC11,ENCSR547WSB,TF ChIP-seq,TRERF1,transcription factor,Homo sapiens WTC11 genetically modified (insertion) using CRISPR targeting H. sapiens TRERF1,"Michael Snyder, Stanford",0,0,5,eGFP,True,,ENCFF752MWG,IDR thresholded peaks,True,21600.0,595f26ddac1c4368870e32844cd4caf8,https://www.encodeproject.org/files/ENCFF752MWG/@@download/ENCFF752MWG.bed.gz
iPSC_ESC,WTC11,ENCSR422ODX,TF ChIP-seq,ZNF396,transcription factor,Homo sapiens WTC11 genetically modified (insertion) using CRISPR targeting H. sapiens ZNF396,"Michael Snyder, Stanford",0,0,7,eGFP,True,,ENCFF636EFK,IDR thresholded peaks,True,19145.0,d955e9cb86a720d08680ac4e8cae4b31,https://www.encodeproject.org/files/ENCFF636EFK/@@download/ENCFF636EFK.bed.gz
iPSC_ESC,WTC11,ENCSR264OKN,TF ChIP-seq,E2F4,transcription factor,Homo sapiens WTC11 genetically modified (insertion) using CRISPR targeting H. sapiens E2F4,"Richard Myers, HAIB",0,0,9,3xFLAG,True,,ENCFF592JBT,IDR thresholded peaks,True,85651.0,87109916a6a428a4b360cb3f31670cba,https://www.encodeproject.org/files/ENCFF592JBT/@@download/ENCFF592JBT.bed.gz
iPSC_ESC,WTC11,ENCSR373KKV,TF ChIP-seq,ZNF138,transcription factor,Homo sapiens WTC11 genetically modified (insertion) using CRISPR targeting H. sapiens ZNF138,"Richard Myers, HAIB",0,0,7,3xFLAG,True,,ENCFF270TFX,conservative IDR thresholded peaks,True,69468.0,00ac55fa45a79f165802e4847ba1bac7,https://www.encodeproject.org/files/ENCFF270TFX/@@download/ENCFF270TFX.bed.gz
iPSC_ESC,WTC11,ENCSR115QIT,TF ChIP-seq,ZKSCAN8,transcription factor,Homo sapiens WTC11 genetically modified (insertion) using CRISPR targeting H. sapiens ZKSCAN8,"Richard Myers, HAIB",0,0,3,3xFLAG,True,,ENCFF416MZE,IDR thresholded peaks,True,66006.0,9ecfaa54562e6491e9d491cfac65acb7,https://www.encodeproject.org/files/ENCFF416MZE/@@download/ENCFF416MZE.bed.gz
iPSC_ESC,WTC11,ENCSR245QUM,TF ChIP-seq,NFE2L1,cofactor,Homo sapiens WTC11 genetically modified (insertion) using CRISPR targeting H. sapiens NFE2L1,"Richard Myers, HAIB",0,0,1,3xFLAG,True,,ENCFF954PAC,IDR thresholded peaks,True,187920.0,967f84756cc624eff752163fa161a369,https://www.encodeproject.org/files/ENCFF954PAC/@@download/ENCFF954PAC.bed.gz
iPSC_ESC,WTC11,ENCSR561YGS,TF ChIP-seq,GABPB1,transcription factor,Homo sapiens WTC11 genetically modified (insertion) using CRISPR targeting H. sapiens GABPB1,"Richard Myers, HAIB",0,0,5,3xFLAG,True,,ENCFF024GMY,IDR thresholded peaks,True,470870.0,a896dec9a2e7ab83669ac357be6df79d,https://www.encodeproject.org/files/ENCFF024GMY/@@download/ENCFF024GMY.bed.gz
iPSC_ESC,WTC11,ENCSR987FPY,TF ChIP-seq,ATF6,transcription factor,Homo sapiens WTC11 genetically modified (insertion) using CRISPR targeting H. sapiens ATF6,"Richard Myers, HAIB",0,0,5,3xFLAG,True,,ENCFF953GZH,IDR thresholded peaks,True,12374.0,267bbe8eeb3b1eb1535ac7a38b0b2c8d,https://www.encodeproject.org/files/ENCFF953GZH/@@download/ENCFF953GZH.bed.gz
iPSC_ESC,WTC11,ENCSR579RFH,TF ChIP-seq,SMAD3,transcription factor,Homo sapiens WTC11 genetically modified (insertion) using CRISPR targeting H. sapiens SMAD3,"Richard Myers, HAIB",0,0,6,3xFLAG,True,,ENCFF580MYL,IDR thresholded peaks,True,132772.0,70ff80d202f8adba982a84f49395d442,https://www.encodeproject.org/files/ENCFF580MYL/@@download/ENCFF580MYL.bed.gz
iPSC_ESC,WTC11,ENCSR717QWW,TF ChIP-seq,ZNF425,transcription factor,Homo sapiens WTC11 genetically modified (insertion) using CRISPR targeting H. sapiens ZNF425,"Michael Snyder, Stanford",0,0,4,eGFP,True,,ENCFF992ZXB,conservative IDR thresholded peaks,True,41783.0,ea673a8009de7be20fae709e60bf5d94,https://www.encodeproject.org/files/ENCFF992ZXB/@@download/ENCFF992ZXB.bed.gz
iPSC_ESC,WTC11,ENCSR284SMX,TF ChIP-seq,PREB,transcription factor,Homo sapiens WTC11 genetically modified (insertion) using CRISPR targeting H. sapiens PREB,"Richard Myers, HAIB",0,0,5,3xFLAG,True,,ENCFF365TGJ,IDR thresholded peaks,True,51135.0,d1f0060128085be1cf8d61ba4af552c1,https://www.encodeproject.org/files/ENCFF365TGJ/@@download/ENCFF365TGJ.bed.gz
iPSC_ESC,WTC11,ENCSR034IND,TF ChIP-seq,ZNF232,transcription factor,Homo sapiens WTC11 genetically modified (insertion) using CRISPR targeting H. sapiens ZNF232,"Richard Myers, HAIB",0,0,5,3xFLAG,True,,ENCFF641XDM,IDR thresholded peaks,True,172568.0,9c238d8659716ffa3d1b16ad0e352bb5,https://www.encodeproject.org/files/ENCFF641XDM/@@download/ENCFF641XDM.bed.gz
iPSC_ESC,WTC11,ENCSR127NBZ,TF ChIP-seq,ERG,transcription factor,Homo sapiens WTC11 genetically modified (insertion) using CRISPR targeting H. sapiens ERG,"Michael Snyder, Stanford",0,0,4,eGFP,True,,ENCFF910CYH,IDR thresholded peaks,True,61739.0,99314a5d5d990fb8372170950d61caec,https://www.encodeproject.org/files/ENCFF910CYH/@@download/ENCFF910CYH.bed.gz
iPSC_ESC,WTC11,ENCSR004HEA,TF ChIP-seq,OTX2,transcription factor,Homo sapiens WTC11 genetically modified (insertion) using CRISPR targeting H. sapiens OTX2,"Michael Snyder, Stanford",0,0,4,eGFP,True,,ENCFF200AEP,conservative IDR thresholded peaks,True,95786.0,5f12bb1a157457390f7e4789fe69ac01,https://www.encodeproject.org/files/ENCFF200AEP/@@download/ENCFF200AEP.bed.gz
iPSC_ESC,WTC11,ENCSR623TZE,TF ChIP-seq,SMAD4,transcription factor,Homo sapiens WTC11 genetically modified (insertion) using CRISPR targeting H. sapiens SMAD4,"Richard Myers, HAIB",0,0,5,3xFLAG,True,,ENCFF126SGU,IDR thresholded peaks,True,54417.0,da457410c249c67a5ba4d6c2d571e081,https://www.encodeproject.org/files/ENCFF126SGU/@@download/ENCFF126SGU.bed.gz
iPSC_ESC,WTC11,ENCSR803FIV,TF ChIP-seq,MXD4,cofactor,Homo sapiens WTC11 genetically modified (insertion) using CRISPR targeting H. sapiens MXD4,"Michael Snyder, Stanford",0,0,7,eGFP,True,,ENCFF519ZDH,IDR thresholded peaks,True,12518.0,143df31786e512761473a9338533bb1a,https://www.encodeproject.org/files/ENCFF519ZDH/@@download/ENCFF519ZDH.bed.gz
iPSC_ESC,WTC11,ENCSR285HHZ,TF ChIP-seq,TEAD4,transcription factor,Homo sapiens WTC11 genetically modified (insertion) using CRISPR targeting H. sapiens TEAD4,"Richard Myers, HAIB",0,0,3,3xFLAG,True,,ENCFF602FXL,IDR thresholded peaks,True,90595.0,4e145d1ccaef5cb40773ff883a5d9b9b,https://www.encodeproject.org/files/ENCFF602FXL/@@download/ENCFF602FXL.bed.gz
iPSC_ESC,WTC11,ENCSR281VWZ,TF ChIP-seq,GTF2I,transcription factor,Homo sapiens WTC11 genetically modified (insertion) using CRISPR targeting H. sapiens GTF2I,"Michael Snyder, Stanford",0,0,4,eGFP,True,,ENCFF848ADM,conservative IDR thresholded peaks,True,142733.0,a1e9666b3251f3f9bcf79fa04467992c,https://www.encodeproject.org/files/ENCFF848ADM/@@download/ENCFF848ADM.bed.gz
iPSC_ESC,WTC11,ENCSR762LIP,TF ChIP-seq,AR,transcription factor,Homo sapiens WTC11 genetically modified (insertion) using CRISPR targeting H. sapiens AR,"Michael Snyder, Stanford",0,0,4,eGFP,True,,ENCFF414STO,IDR thresholded peaks,True,61414.0,3505f19c8ec70b5105564a407c563fa4,https://www.encodeproject.org/files/ENCFF414STO/@@download/ENCFF414STO.bed.gz
iPSC_ESC,WTC11,ENCSR096OUP,TF ChIP-seq,NFATC4,transcription factor,Homo sapiens WTC11 genetically modified (insertion) using CRISPR targeting H. sapiens NFATC4,"Michael Snyder, Stanford",0,0,4,eGFP,True,,ENCFF230EPT,IDR thresholded peaks,True,58217.0,8c7e08d47195a86b9b4f20da178be1ff,https://www.encodeproject.org/files/ENCFF230EPT/@@download/ENCFF230EPT.bed.gz
iPSC_ESC,WTC11,ENCSR742DAU,TF ChIP-seq,HMGA2,transcription factor,Homo sapiens WTC11 genetically modified (insertion) using CRISPR targeting H. sapiens HMGA2,"Michael Snyder, Stanford",0,0,5,eGFP,True,,ENCFF614IHQ,IDR thresholded peaks,True,500916.0,cc1ab8502d2f81f6ddd41b3fc034644c,https://www.encodeproject.org/files/ENCFF614IHQ/@@download/ENCFF614IHQ.bed.gz
iPSC_ESC,WTC11,ENCSR261EBV,TF ChIP-seq,AFF4,transcription factor,Homo sapiens WTC11 genetically modified (insertion) using CRISPR targeting H. sapiens AFF4,"Richard Myers, HAIB",0,0,6,3xFLAG,True,,ENCFF835WQS,IDR thresholded peaks,True,74891.0,67e5d0eda69284152255a646b3870ccc,https://www.encodeproject.org/files/ENCFF835WQS/@@download/ENCFF835WQS.bed.gz
iPSC_ESC,WTC11,ENCSR859ZAC,TF ChIP-seq,MYBL2,transcription factor,Homo sapiens WTC11 genetically modified (insertion) using CRISPR targeting H. sapiens MYBL2,"Richard Myers, HAIB",0,0,7,3xFLAG,True,,ENCFF946KCK,IDR thresholded peaks,True,207529.0,be478823e35421818f297c68c28a55a6,https://www.encodeproject.org/files/ENCFF946KCK/@@download/ENCFF946KCK.bed.gz
iPSC_ESC,WTC11,ENCSR373ZOY,TF ChIP-seq,MLX,transcription factor,Homo sapiens WTC11 genetically modified (insertion) using CRISPR targeting H. sapiens MLX,"Richard Myers, HAIB",0,0,6,3xFLAG,True,,ENCFF269CPF,IDR thresholded peaks,True,40816.0,ccd900e79a84dd970fead957c88267b5,https://www.encodeproject.org/files/ENCFF269CPF/@@download/ENCFF269CPF.bed.gz
iPSC_ESC,WTC11,ENCSR879YNX,TF ChIP-seq,ATF3,transcription factor,Homo sapiens WTC11 genetically modified (insertion) using CRISPR targeting H. sapiens ATF3,"Richard Myers, HAIB",0,0,3,3xFLAG,True,,ENCFF887NWU,conservative IDR thresholded peaks,True,27978.0,1e39baa53ccb7d058a11fd7e10031523,https://www.encodeproject.org/files/ENCFF887NWU/@@download/ENCFF887NWU.bed.gz
iPSC_ESC,WTC11,ENCSR023IPQ,TF ChIP-seq,PRRX2,transcription factor,Homo sapiens WTC11 genetically modified (insertion) using CRISPR targeting H. sapiens PRRX2,"Michael Snyder, Stanford",0,0,4,eGFP,True,,ENCFF728JNA,IDR thresholded peaks,True,65746.0,14d63920dc0f6a21bebac6b41425ed8a,https://www.encodeproject.org/files/ENCFF728JNA/@@download/ENCFF728JNA.bed.gz
iPSC_ESC,WTC11,ENCSR753PPY,TF ChIP-seq,TCF7,transcription factor,Homo sapiens WTC11 genetically modified (insertion) using CRISPR targeting H. sapiens TCF7,"Richard Myers, HAIB",0,0,8,3xFLAG,True,,ENCFF032CCV,IDR thresholded peaks,True,64748.0,a0a817c4a91cb7265de068bec04a12eb,https://www.encodeproject.org/files/ENCFF032CCV/@@download/ENCFF032CCV.bed.gz
iPSC_ESC,WTC11,ENCSR700LFA,TF ChIP-seq,CREB1,transcription factor,Homo sapiens WTC11 genetically modified (insertion) using CRISPR targeting H. sapiens CREB1,"Richard Myers, HAIB",0,0,5,3xFLAG,True,,ENCFF403FJH,IDR thresholded peaks,True,88717.0,034f472a72c1f8545497cd6b0fec0749,https://www.encodeproject.org/files/ENCFF403FJH/@@download/ENCFF403FJH.bed.gz
iPSC_ESC,WTC11,ENCSR146DPQ,Mint-ChIP-seq,H3K27ac,histone;narrow histone mark,Homo sapiens WTC11,"Bradley Bernstein, Broad",0,0,3,,True,,ENCFF655PNM,pseudoreplicated peaks,True,6229904.0,59ffdb2a778013f87bef4fb0c3363888,https://www.encodeproject.org/files/ENCFF655PNM/@@download/ENCFF655PNM.bed.gz
iPSC_ESC,WTC11,ENCSR987PGG,Mint-ChIP-seq,H3K9me3,histone;broad histone mark,Homo sapiens WTC11,"Bradley Bernstein, Broad",0,0,3,,True,,ENCFF108GEU,pseudoreplicated peaks,True,9151138.0,6c075acc35430eb780509e557ae88b95,https://www.encodeproject.org/files/ENCFF108GEU/@@download/ENCFF108GEU.bed.gz
iPSC_ESC,WTC11,ENCSR356QPN,Mint-ChIP-seq,H3K36me3,histone;broad histone mark,Homo sapiens WTC11,"Bradley Bernstein, Broad",0,0,3,,True,,ENCFF281TUY,pseudoreplicated peaks,True,9285129.0,b84c69daa204a2e1031dbe81e57171aa,https://www.encodeproject.org/files/ENCFF281TUY/@@download/ENCFF281TUY.bed.gz
iPSC_ESC,WTC11,ENCSR473GYW,Mint-ChIP-seq,H3K4me1,histone;broad histone mark,Homo sapiens WTC11,"Bradley Bernstein, Broad",0,0,3,,True,,ENCFF199JTJ,pseudoreplicated peaks,True,10797137.0,516224eaaec30f8ecffeb92ecfd03b90,https://www.encodeproject.org/files/ENCFF199JTJ/@@download/ENCFF199JTJ.bed.gz
iPSC_ESC,WTC11,ENCSR418YEV,Mint-ChIP-seq,H3K27me3,histone;broad histone mark,Homo sapiens WTC11,"Bradley Bernstein, Broad",0,0,11,,True,,ENCFF801DJK,pseudoreplicated peaks,True,3512183.0,b1f0358c4db34fc0d96d4df965fa572e,https://www.encodeproject.org/files/ENCFF801DJK/@@download/ENCFF801DJK.bed.gz
iPSC_ESC,WTC11,ENCSR549BTS,Mint-ChIP-seq,H3K4me3,histone;narrow histone mark,Homo sapiens WTC11,"Bradley Bernstein, Broad",0,0,9,,True,,ENCFF602PJG,pseudoreplicated peaks,True,1862586.0,8fa4fcac7e868ce3978fc68b3676090c,https://www.encodeproject.org/files/ENCFF602PJG/@@download/ENCFF602PJG.bed.gz
iPSC_ESC,H1,ENCSR000ECF,TF ChIP-seq,RFX5,transcription factor,Homo sapiens H1,"Michael Snyder, Stanford",0,0,8,,True,,ENCFF062WBN,optimal IDR thresholded peaks,True,43422.0,7417b8d5ef128ebb9612050dcda350e9,https://www.encodeproject.org/files/ENCFF062WBN/@@download/ENCFF062WBN.bed.gz
iPSC_ESC,H1,ENCSR000EUO,TF ChIP-seq,CTBP2,cofactor,Homo sapiens H1,"Peggy Farnham, USC",0,3,8,,True,,ENCFF482FLE,optimal IDR thresholded peaks,True,154307.0,c194e676642456af60b15be219fee3c9,https://www.encodeproject.org/files/ENCFF482FLE/@@download/ENCFF482FLE.bed.gz
iPSC_ESC,H1,ENCSR000EUN,TF ChIP-seq,ZNF274,transcription factor,Homo sapiens H1,"Peggy Farnham, USC",1,0,9,,True,,ENCFF943NOT,optimal IDR thresholded peaks,True,25123.0,9aeebb6c94faeda4fc0a3408ec829fa1,https://www.encodeproject.org/files/ENCFF943NOT/@@download/ENCFF943NOT.bed.gz
iPSC_ESC,H1,ENCSR000BIV,TF ChIP-seq,SRF,transcription factor,Homo sapiens H1,"Richard Myers, HAIB",0,0,10,,True,,ENCFF345IDL,optimal IDR thresholded peaks,True,97696.0,42c991348384d45a505fa2cf2a6e35ff,https://www.encodeproject.org/files/ENCFF345IDL/@@download/ENCFF345IDL.bed.gz
iPSC_ESC,H1,ENCSR000EBP,TF ChIP-seq,GTF2F1,RNA polymerase complex,Homo sapiens H1,"Michael Snyder, Stanford",0,0,10,,True,,ENCFF493PRB,optimal IDR thresholded peaks,True,77391.0,abdfbf0352aa633ace1fd3e2d5383d54,https://www.encodeproject.org/files/ENCFF493PRB/@@download/ENCFF493PRB.bed.gz
iPSC_ESC,H1,ENCSR000ECC,TF ChIP-seq,NRF1,transcription factor,Homo sapiens H1,"Michael Snyder, Stanford",0,0,9,,True,,ENCFF407IVS,optimal IDR thresholded peaks,True,87390.0,d947727aba48694e2b48c19dae2912f5,https://www.encodeproject.org/files/ENCFF407IVS/@@download/ENCFF407IVS.bed.gz
iPSC_ESC,H1,ENCSR000AVA,TF ChIP-seq,CHD7,transcription factor,Homo sapiens H1,"Bradley Bernstein, Broad",0,1,9,,True,,ENCFF658SXI,optimal IDR thresholded peaks,True,122072.0,1ee91329fad981f8122dadc318d79650,https://www.encodeproject.org/files/ENCFF658SXI/@@download/ENCFF658SXI.bed.gz
iPSC_ESC,H1,ENCSR000BJW,TF ChIP-seq,RXRA,transcription factor,Homo sapiens H1,"Richard Myers, HAIB",0,1,6,,True,,ENCFF430SIE,optimal IDR thresholded peaks,True,35762.0,9f0108ecc1dd2dd7c60219069f22a2a3,https://www.encodeproject.org/files/ENCFF430SIE/@@download/ENCFF430SIE.bed.gz
iPSC_ESC,H1,ENCSR000ATR,TF ChIP-seq,SAP30,chromatin remodeler;cofactor,Homo sapiens H1,"Bradley Bernstein, Broad",0,3,6,,True,,ENCFF193TFR,optimal IDR thresholded peaks,True,160361.0,5c428d1abecb23e07637338356033dde,https://www.encodeproject.org/files/ENCFF193TFR/@@download/ENCFF193TFR.bed.gz
iPSC_ESC,H1,ENCSR000AVB,TF ChIP-seq,HDAC2,chromatin remodeler,Homo sapiens H1,"Bradley Bernstein, Broad",0,0,7,,True,,ENCFF497YNJ,optimal IDR thresholded peaks,True,319510.0,c899549e2edc5d667677c100b4908080,https://www.encodeproject.org/files/ENCFF497YNJ/@@download/ENCFF497YNJ.bed.gz
iPSC_ESC,H1,ENCSR000ATQ,TF ChIP-seq,HDAC6,chromatin remodeler,Homo sapiens H1,"Bradley Bernstein, Broad",0,0,6,,True,,ENCFF802HUU,IDR thresholded peaks,True,3259.0,2699038a4b552d45a9d31548e1a3c243,https://www.encodeproject.org/files/ENCFF802HUU/@@download/ENCFF802HUU.bed.gz
iPSC_ESC,H1,ENCSR000EBZ,TF ChIP-seq,JUND,transcription factor,Homo sapiens H1,"Michael Snyder, Stanford",0,0,10,,True,,ENCFF443HNU,optimal IDR thresholded peaks,True,237702.0,b507ee46a549c51ca139b12f285e9515,https://www.encodeproject.org/files/ENCFF443HNU/@@download/ENCFF443HNU.bed.gz
iPSC_ESC,H1,ENCSR000BKD,TF ChIP-seq,YY1,transcription factor,Homo sapiens H1,"Richard Myers, HAIB",0,0,7,,True,,ENCFF509GYP,optimal IDR thresholded peaks,True,425257.0,60a16f0e4b44bad618dd6a05511bde2d,https://www.encodeproject.org/files/ENCFF509GYP/@@download/ENCFF509GYP.bed.gz
iPSC_ESC,H1,ENCSR000ASY,TF ChIP-seq,EZH2,chromatin remodeler,Homo sapiens H1,"Bradley Bernstein, Broad",0,1,12,,True,,ENCFF414CAB,IDR thresholded peaks,True,333775.0,2a5bbe3c257fe3ac222d41899e861ce4,https://www.encodeproject.org/files/ENCFF414CAB/@@download/ENCFF414CAB.bed.gz
iPSC_ESC,H1,ENCSR000BQG,TF ChIP-seq,SP2,transcription factor,Homo sapiens H1,"Richard Myers, HAIB",0,0,7,,True,,ENCFF309QRC,IDR thresholded peaks,True,41772.0,311e63beaf63314eefd174f6a749b8c3,https://www.encodeproject.org/files/ENCFF309QRC/@@download/ENCFF309QRC.bed.gz
iPSC_ESC,H1,ENCSR000BIW,TF ChIP-seq,GABPA,transcription factor,Homo sapiens H1,"Richard Myers, HAIB",0,1,6,,True,,ENCFF225GFQ,optimal IDR thresholded peaks,True,162870.0,1b76a66a073593c6aa559fcbadc5560c,https://www.encodeproject.org/files/ENCFF225GFQ/@@download/ENCFF225GFQ.bed.gz
iPSC_ESC,H1,ENCSR000EBY,TF ChIP-seq,MYC,transcription factor,Homo sapiens H1,"Michael Snyder, Stanford",0,0,13,,True,,ENCFF392JJN,optimal IDR thresholded peaks,True,121090.0,2eb2174f94c3d036591290de643646ff,https://www.encodeproject.org/files/ENCFF392JJN/@@download/ENCFF392JJN.bed.gz
iPSC_ESC,H1,ENCSR000BJA,TF ChIP-seq,EGR1,transcription factor,Homo sapiens H1,"Richard Myers, HAIB",0,0,4,,True,,ENCFF477ANT,optimal IDR thresholded peaks,True,205541.0,29679d804ec39d878f61ec037a69b2b7,https://www.encodeproject.org/files/ENCFF477ANT/@@download/ENCFF477ANT.bed.gz
iPSC_ESC,H1,ENCSR000ECB,TF ChIP-seq,TBP,transcription factor,Homo sapiens H1,"Michael Snyder, Stanford",0,0,7,,True,,ENCFF748YXF,optimal IDR thresholded peaks,True,400085.0,d91c6161ca0615e10045d7408ea25edb,https://www.encodeproject.org/files/ENCFF748YXF/@@download/ENCFF748YXF.bed.gz
iPSC_ESC,H1,ENCSR000BQV,TF ChIP-seq,SP4,transcription factor,Homo sapiens H1,"Richard Myers, HAIB",0,0,3,,True,,ENCFF257FUV,IDR thresholded peaks,True,138857.0,fb832c8e033746379c5dbc8c6a14a181,https://www.encodeproject.org/files/ENCFF257FUV/@@download/ENCFF257FUV.bed.gz
iPSC_ESC,H1,ENCSR000BLU,TF ChIP-seq,TAF7,RNA polymerase complex,Homo sapiens H1,"Richard Myers, HAIB",0,0,9,,True,,ENCFF243PSJ,optimal IDR thresholded peaks,True,268805.0,7ca8e296ed81a8ede4969ea54007a197,https://www.encodeproject.org/files/ENCFF243PSJ/@@download/ENCFF243PSJ.bed.gz
iPSC_ESC,H1,ENCSR000EBR,TF ChIP-seq,MXI1,transcription factor,Homo sapiens H1,"Michael Snyder, Stanford",0,0,4,,True,,ENCFF727RNJ,IDR thresholded peaks,True,133509.0,4c073d6fcdff7e42a35ff630c517ca95,https://www.encodeproject.org/files/ENCFF727RNJ/@@download/ENCFF727RNJ.bed.gz
iPSC_ESC,H1,ENCSR000ECE,TF ChIP-seq,RAD21,cohesin,Homo sapiens H1,"Michael Snyder, Stanford",0,0,7,,True,,ENCFF255FRL,optimal IDR thresholded peaks,True,1035891.0,a6672d55836af7a7a3593d0af32917e0,https://www.encodeproject.org/files/ENCFF255FRL/@@download/ENCFF255FRL.bed.gz
iPSC_ESC,H1,ENCSR000BMT,TF ChIP-seq,NANOG,transcription factor,Homo sapiens H1,"Richard Myers, HAIB",0,3,5,,True,,ENCFF794GVQ,optimal IDR thresholded peaks,True,139159.0,7d86f995b39984be80c7f701ba3f671e,https://www.encodeproject.org/files/ENCFF794GVQ/@@download/ENCFF794GVQ.bed.gz
iPSC_ESC,H1,ENCSR000EBX,TF ChIP-seq,BRCA1,chromatin remodeler,Homo sapiens H1,"Michael Snyder, Stanford",0,0,9,,True,,ENCFF962YTC,optimal IDR thresholded peaks,True,35829.0,e0e2665489187f6c34c4bde2b4a4b997,https://www.encodeproject.org/files/ENCFF962YTC/@@download/ENCFF962YTC.bed.gz
iPSC_ESC,H1,ENCSR000BIP,TF ChIP-seq,BCL11A,transcription factor,Homo sapiens H1,"Richard Myers, HAIB",0,0,4,,True,,ENCFF847HXU,IDR thresholded peaks,True,20167.0,caf70b2564697f300378b90ec7607867,https://www.encodeproject.org/files/ENCFF847HXU/@@download/ENCFF847HXU.bed.gz
iPSC_ESC,H1,ENCSR000EBT,TF ChIP-seq,CHD2,RNA binding protein,Homo sapiens H1,"Michael Snyder, Stanford",0,0,8,,True,,ENCFF245UXM,optimal IDR thresholded peaks,True,165834.0,e94fbfd86b033f49986a2264c18fc411,https://www.encodeproject.org/files/ENCFF245UXM/@@download/ENCFF245UXM.bed.gz
iPSC_ESC,H1,ENCSR000BMU,TF ChIP-seq,POU5F1,transcription factor,Homo sapiens H1,"Richard Myers, HAIB",0,0,10,,True,,ENCFF383EYO,IDR thresholded peaks,True,86965.0,c60c4f9b1608fb4e047f5d073a724b12,https://www.encodeproject.org/files/ENCFF383EYO/@@download/ENCFF383EYO.bed.gz
iPSC_ESC,H1,ENCSR000BIT,TF ChIP-seq,TCF12,transcription factor,Homo sapiens H1,"Richard Myers, HAIB",0,0,6,,True,,ENCFF740HPV,optimal IDR thresholded peaks,True,201307.0,c24e29c6e2b2b45cbf81d057dd2e7e56,https://www.encodeproject.org/files/ENCFF740HPV/@@download/ENCFF740HPV.bed.gz
iPSC_ESC,H1,ENCSR000EBQ,TF ChIP-seq,BACH1,transcription factor,Homo sapiens H1,"Michael Snyder, Stanford",0,0,8,,True,,ENCFF851YHG,optimal IDR thresholded peaks,True,238333.0,c65a25bd893fd3bae4be49add7eb739c,https://www.encodeproject.org/files/ENCFF851YHG/@@download/ENCFF851YHG.bed.gz
iPSC_ESC,H1,ENCSR000AUQ,TF ChIP-seq,EP300,transcription factor,Homo sapiens H1,"Bradley Bernstein, Broad",0,0,6,,True,,ENCFF583FUX,IDR thresholded peaks,True,34676.0,287a510b1063ffe945e09b28398cb0b6,https://www.encodeproject.org/files/ENCFF583FUX/@@download/ENCFF583FUX.bed.gz
iPSC_ESC,H1,ENCSR000EBV,TF ChIP-seq,CEBPB,transcription factor,Homo sapiens H1,"Michael Snyder, Stanford",0,0,5,,True,,ENCFF823KCM,IDR thresholded peaks,True,357918.0,248d11012573504d157aff69275a7ba8,https://www.encodeproject.org/files/ENCFF823KCM/@@download/ENCFF823KCM.bed.gz
iPSC_ESC,H1,ENCSR000EBO,TF ChIP-seq,SIN3A,chromatin remodeler,Homo sapiens H1,"Michael Snyder, Stanford",0,0,8,,True,,ENCFF514BGQ,optimal IDR thresholded peaks,True,549571.0,90a77b9cab6dd553e270a2b042c486a3,https://www.encodeproject.org/files/ENCFF514BGQ/@@download/ENCFF514BGQ.bed.gz
iPSC_ESC,H1,ENCSR000AUS,TF ChIP-seq,SIRT6,chromatin remodeler,Homo sapiens H1,"Bradley Bernstein, Broad",0,0,2,,True,,ENCFF219XEX,IDR thresholded peaks,True,5663.0,c7740986fb1594e17c340329ee351f42,https://www.encodeproject.org/files/ENCFF219XEX/@@download/ENCFF219XEX.bed.gz
iPSC_ESC,H1,ENCSR000AQK,TF ChIP-seq,CHD1,chromatin remodeler,Homo sapiens H1,"Bradley Bernstein, Broad",0,1,8,,True,,ENCFF549ODQ,optimal IDR thresholded peaks,True,174100.0,a79aed59e1975675283345d59a89b250,https://www.encodeproject.org/files/ENCFF549ODQ/@@download/ENCFF549ODQ.bed.gz
iPSC_ESC,H1,ENCSR000BHO,TF ChIP-seq,TAF1,RNA polymerase complex,Homo sapiens H1,"Richard Myers, HAIB",0,0,6,,True,,ENCFF870SFJ,optimal IDR thresholded peaks,True,491657.0,37a1e34d55ce2dbc5e698b270c80ac13,https://www.encodeproject.org/files/ENCFF870SFJ/@@download/ENCFF870SFJ.bed.gz
iPSC_ESC,H1,ENCSR771SNW,TF ChIP-seq,CBX8,DNA repair;RNA binding protein;chromatin remodeler,Homo sapiens H1,"Bradley Bernstein, Broad",0,0,5,,True,,ENCFF483UZG,IDR thresholded peaks,True,48511.0,34fd32b4f5a28760983894a80922622b,https://www.encodeproject.org/files/ENCFF483UZG/@@download/ENCFF483UZG.bed.gz
iPSC_ESC,H1,ENCSR418RRF,TF ChIP-seq,KDM1A,chromatin remodeler,Homo sapiens H1,"Bradley Bernstein, Broad",0,0,6,,True,,ENCFF562OAN,optimal IDR thresholded peaks,True,360272.0,3a4ecb92e0a2dd51a44be48fae9384af,https://www.encodeproject.org/files/ENCFF562OAN/@@download/ENCFF562OAN.bed.gz
iPSC_ESC,H1,ENCSR000AVC,TF ChIP-seq,KDM4A,chromatin remodeler,Homo sapiens H1,"Bradley Bernstein, Broad",0,1,5,,True,,ENCFF021QGZ,IDR thresholded peaks,True,619130.0,1f1bfb8de62a6052e7f400606e8eec6d,https://www.encodeproject.org/files/ENCFF021QGZ/@@download/ENCFF021QGZ.bed.gz
iPSC_ESC,H1,ENCSR000BSI,TF ChIP-seq,E2F6,transcription factor,Homo sapiens H1,"Richard Myers, HAIB",0,0,1,,True,,ENCFF174AVU,IDR thresholded peaks,True,524026.0,b95060a21787373240a3e980ca76f4bb,https://www.encodeproject.org/files/ENCFF174AVU/@@download/ENCFF174AVU.bed.gz
iPSC_ESC,H1,ENCSR000EBS,TF ChIP-seq,MAFK,transcription factor,Homo sapiens H1,"Michael Snyder, Stanford",0,0,11,,True,,ENCFF712RIS,optimal IDR thresholded peaks,True,235179.0,b0ecbc3c994eb0727a73de2fe070b1f7,https://www.encodeproject.org/files/ENCFF712RIS/@@download/ENCFF712RIS.bed.gz
iPSC_ESC,H1,ENCSR000ATS,TF ChIP-seq,SUZ12,chromatin remodeler,Homo sapiens H1,"Bradley Bernstein, Broad",0,0,10,,True,,ENCFF671SZQ,optimal IDR thresholded peaks,True,323399.0,3e356ac4b4d1a22eb6b89d2efe4570d4,https://www.encodeproject.org/files/ENCFF671SZQ/@@download/ENCFF671SZQ.bed.gz
iPSC_ESC,H1,ENCSR000AQC,TF ChIP-seq,RBBP5,chromatin remodeler,Homo sapiens H1,"Bradley Bernstein, Broad",0,0,8,,True,,ENCFF607WCG,optimal IDR thresholded peaks,True,423333.0,1d5d4fc00b50a874cda80b9556bfb60d,https://www.encodeproject.org/files/ENCFF607WCG/@@download/ENCFF607WCG.bed.gz
iPSC_ESC,H1,ENCSR000ATK,TF ChIP-seq,PHF8,chromatin remodeler,Homo sapiens H1,"Bradley Bernstein, Broad",0,0,10,,True,,ENCFF651QOL,optimal IDR thresholded peaks,True,392849.0,00b5f4f2e35a700ec1521c51a7dcf1eb,https://www.encodeproject.org/files/ENCFF651QOL/@@download/ENCFF651QOL.bed.gz
iPSC_ESC,H1,ENCSR160ZLP,TF ChIP-seq,KDM5A,chromatin remodeler,Homo sapiens H1,"Bradley Bernstein, Broad",0,0,8,,True,,ENCFF342EEV,optimal IDR thresholded peaks,True,69730.0,dbde3937e8c8db51e886f1f005db59d6,https://www.encodeproject.org/files/ENCFF342EEV/@@download/ENCFF342EEV.bed.gz
iPSC_ESC,H1,ENCSR000BIQ,TF ChIP-seq,SIX5,transcription factor,Homo sapiens H1,"Richard Myers, HAIB",0,0,6,,True,,ENCFF644BNN,optimal IDR thresholded peaks,True,58211.0,ef33160da1dbc7d345f7eb36065717f9,https://www.encodeproject.org/files/ENCFF644BNN/@@download/ENCFF644BNN.bed.gz
iPSC_ESC,H1,ENCSR850KIP,TF ChIP-seq,ASH2L,chromatin remodeler,Homo sapiens H1,"Bradley Bernstein, Broad",0,0,7,,True,,ENCFF693FGQ,IDR thresholded peaks,True,662939.0,0298e4291237464e6556e8959808e7ea,https://www.encodeproject.org/files/ENCFF693FGQ/@@download/ENCFF693FGQ.bed.gz
iPSC_ESC,H1,ENCSR000BHN,TF ChIP-seq,POLR2A,RNA polymerase complex,Homo sapiens H1,"Richard Myers, HAIB",0,0,6,,True,,ENCFF422HDN,optimal IDR thresholded peaks,True,668440.0,81e25b8c10a5241e0d03b2c2ffe0fde1,https://www.encodeproject.org/files/ENCFF422HDN/@@download/ENCFF422HDN.bed.gz
iPSC_ESC,H1,ENCSR784VUY,TF ChIP-seq,RNF2,transcription factor,Homo sapiens H1,"Bradley Bernstein, Broad",2,2,8,,True,,ENCFF283MNG,optimal IDR thresholded peaks,True,193485.0,945422171ef459e0fc87ab580a2cfda8,https://www.encodeproject.org/files/ENCFF283MNG/@@download/ENCFF283MNG.bed.gz
iPSC_ESC,H1,ENCSR000BIC,TF ChIP-seq,POLR2AphosphoS5,RNA polymerase complex,Homo sapiens H1,"Richard Myers, HAIB",0,0,4,,True,,ENCFF418QVJ,optimal IDR thresholded peaks,True,584500.0,e02c29a59b2bea50cecbdaf1d09060a2,https://www.encodeproject.org/files/ENCFF418QVJ/@@download/ENCFF418QVJ.bed.gz
iPSC_ESC,H1,ENCSR663WAR,TF ChIP-seq,REST,transcription factor,Homo sapiens H1,"Bradley Bernstein, Broad",0,0,6,,True,,ENCFF779CWH,optimal IDR thresholded peaks,True,112622.0,c00d4edc304c9026168b72ef514f3506,https://www.encodeproject.org/files/ENCFF779CWH/@@download/ENCFF779CWH.bed.gz
iPSC_ESC,H1,ENCSR814KIO,TF ChIP-seq,CBX5,chromatin remodeler;cofactor,Homo sapiens H1,"Bradley Bernstein, Broad",0,0,6,,True,,ENCFF218OXB,IDR thresholded peaks,True,6922.0,b50ea868d2296a13a6ea9a9f29032894,https://www.encodeproject.org/files/ENCFF218OXB/@@download/ENCFF218OXB.bed.gz
iPSC_ESC,H1,ENCSR000BNS,TF ChIP-seq,FOSL1,transcription factor,Homo sapiens H1,"Richard Myers, HAIB",0,1,9,,True,,ENCFF063OKB,optimal IDR thresholded peaks,True,23332.0,e8bebbdea3d446deb3f5f0230d2fe018,https://www.encodeproject.org/files/ENCFF063OKB/@@download/ENCFF063OKB.bed.gz
iPSC_ESC,H1,ENCSR000APY,Histone ChIP-seq,H3K79me2,histone;broad histone mark,Homo sapiens H1,"Bradley Bernstein, Broad",0,2,5,,True,,ENCFF792SGR,pseudoreplicated peaks,True,2345599.0,88e887bf1ae6a4c15f7c5d1ba48ff61e,https://www.encodeproject.org/files/ENCFF792SGR/@@download/ENCFF792SGR.bed.gz
iPSC_ESC,H1,ENCSR462XRE,Histone ChIP-seq,H2BK20ac,histone,Homo sapiens H1,"Bing Ren, UCSD",0,0,2,,True,,ENCFF628KOM,replicated peaks,True,1809842.0,b5309db44e4dca70be84240dc440c9f7,https://www.encodeproject.org/files/ENCFF628KOM/@@download/ENCFF628KOM.bed.gz
iPSC_ESC,H1,ENCSR000AND,Histone ChIP-seq,H3K9ac,histone;narrow histone mark,Homo sapiens H1,"Bradley Bernstein, Broad",0,0,8,,True,,ENCFF266WWW,pseudoreplicated peaks,True,801208.0,f2863f8ae66422c3786daf8e946f9df5,https://www.encodeproject.org/files/ENCFF266WWW/@@download/ENCFF266WWW.bed.gz
iPSC_ESC,H1,ENCSR442DGE,Histone ChIP-seq,H3K79me1,histone,Homo sapiens H1,"Bing Ren, UCSD",0,0,6,,True,,ENCFF385DSV,replicated peaks,True,1144996.0,08b798987916efff9b695ae2f635d3cd,https://www.encodeproject.org/files/ENCFF385DSV/@@download/ENCFF385DSV.bed.gz
iPSC_ESC,H1,ENCSR000APX,Histone ChIP-seq,H2AFZ,histone;narrow histone mark,Homo sapiens H1,"Bradley Bernstein, Broad",0,0,3,,True,,ENCFF268SLY,pseudoreplicated peaks,True,3026461.0,25242fbf16981066d232669f25059d1a,https://www.encodeproject.org/files/ENCFF268SLY/@@download/ENCFF268SLY.bed.gz
iPSC_ESC,H1,ENCSR364BKW,Histone ChIP-seq,H2BK12ac,histone,Homo sapiens H1,"Bing Ren, UCSD",0,0,3,,True,,ENCFF315NAV,replicated peaks,True,3594459.0,7fb317580e691e70e865b329d698025a,https://www.encodeproject.org/files/ENCFF315NAV/@@download/ENCFF315NAV.bed.gz
iPSC_ESC,H1,ENCSR000ANC,Histone ChIP-seq,H3K4me2,histone;narrow histone mark,Homo sapiens H1,"Bradley Bernstein, Broad",0,0,5,,True,,ENCFF752DDE,pseudoreplicated peaks,True,1851469.0,da7e16f4e215d626c2de3c50bff9420e,https://www.encodeproject.org/files/ENCFF752DDE/@@download/ENCFF752DDE.bed.gz
iPSC_ESC,H1,ENCSR000AMH,Histone ChIP-seq,H4K20me1,histone;broad histone mark,Homo sapiens H1,"Bradley Bernstein, Broad",0,2,5,,True,,ENCFF178IZC,pseudoreplicated peaks,True,947891.0,2a44ffc6e9c738d8fe01578818ed802a,https://www.encodeproject.org/files/ENCFF178IZC/@@download/ENCFF178IZC.bed.gz
iPSC_ESC,H1,ENCSR675FLJ,Histone ChIP-seq,H4K5ac,histone,Homo sapiens H1,"Bing Ren, UCSD",0,3,5,,True,,ENCFF237OAY,replicated peaks,True,1255250.0,5dda9822dd47513a56c018d559f63b18,https://www.encodeproject.org/files/ENCFF237OAY/@@download/ENCFF237OAY.bed.gz
iPSC_ESC,H1,ENCSR703KXH,Histone ChIP-seq,H2AK5ac,histone,Homo sapiens H1,"Bing Ren, UCSD",0,0,3,,True,,ENCFF160CEI,replicated peaks,True,2428315.0,0c46c59d6b175c25fedb74a2595464ba,https://www.encodeproject.org/files/ENCFF160CEI/@@download/ENCFF160CEI.bed.gz
iPSC_ESC,H1,ENCSR739BZR,Histone ChIP-seq,H2BK15ac,histone,Homo sapiens H1,"Bing Ren, UCSD",0,0,2,,True,,ENCFF997ZDN,replicated peaks,True,1423664.0,834e0291f65f22f2eea65da82af162aa,https://www.encodeproject.org/files/ENCFF997ZDN/@@download/ENCFF997ZDN.bed.gz
iPSC_ESC,H1,ENCSR161NON,Histone ChIP-seq,H2BK5ac,histone,Homo sapiens H1,"Bing Ren, UCSD",0,0,3,,True,,ENCFF068IZP,replicated peaks,True,3197276.0,b58eac18ef682d0876689146308618c5,https://www.encodeproject.org/files/ENCFF068IZP/@@download/ENCFF068IZP.bed.gz
iPSC_ESC,H1,ENCSR326NQF,Histone ChIP-seq,H3K23me2,histone,Homo sapiens H1,"Bing Ren, UCSD",0,0,3,,True,,ENCFF987CBQ,replicated peaks,True,1079224.0,8952511ad98afbc99d8a2873a2a24511,https://www.encodeproject.org/files/ENCFF987CBQ/@@download/ENCFF987CBQ.bed.gz
iPSC_ESC,H1,ENCSR848DUN,Histone ChIP-seq,H2BK120ac,histone,Homo sapiens H1,"Bing Ren, UCSD",0,0,7,,True,,ENCFF808BIC,replicated peaks,True,931525.0,89c663bf98809e8d576485ea50a9d83b,https://www.encodeproject.org/files/ENCFF808BIC/@@download/ENCFF808BIC.bed.gz
iPSC_ESC,H9,ENCSR230WNU,Histone ChIP-seq,H3K4ac,histone,Homo sapiens H9,"Bing Ren, UCSD",0,0,16,,True,,ENCFF649KWH,replicated peaks,True,64653.0,e00169fdff2bd081da8a574a0087ca63,https://www.encodeproject.org/files/ENCFF649KWH/@@download/ENCFF649KWH.bed.gz
iPSC_ESC,H9,ENCSR282SNG,Histone ChIP-seq,H3K23ac,histone,Homo sapiens H9,"Bing Ren, UCSD",0,2,6,,True,,ENCFF618YXI,replicated peaks,True,367140.0,578fce63740fbec35f10476044e319eb,https://www.encodeproject.org/files/ENCFF618YXI/@@download/ENCFF618YXI.bed.gz
iPSC_ESC,H9,ENCSR294WUR,Histone ChIP-seq,H3K18ac,histone,Homo sapiens H9,"Bing Ren, UCSD",0,3,7,,True,,ENCFF428KUR,replicated peaks,True,1022907.0,8d403e5c3733be73614ba2832e990f83,https://www.encodeproject.org/files/ENCFF428KUR/@@download/ENCFF428KUR.bed.gz
iPSC_ESC,H9,ENCSR047TJL,Histone ChIP-seq,H3K56ac,histone,Homo sapiens H9,"Bing Ren, UCSD",0,1,10,,True,,ENCFF014ZNA,replicated peaks,True,375594.0,f1c29d7bd570c710e6dd3b112c060f90,https://www.encodeproject.org/files/ENCFF014ZNA/@@download/ENCFF014ZNA.bed.gz
iPSC_ESC,H9,ENCSR367JIO,Histone ChIP-seq,H4K8ac,histone,Homo sapiens H9,"Bing Ren, UCSD",0,4,6,,True,,ENCFF393FNY,replicated peaks,True,740731.0,62425708016ab8041b71f6e15afc25fb,https://www.encodeproject.org/files/ENCFF393FNY/@@download/ENCFF393FNY.bed.gz
iPSC_ESC,H9,ENCSR386WCR,Histone ChIP-seq,H4K91ac,histone,Homo sapiens H9,"Bing Ren, UCSD",0,2,11,,True,,ENCFF332EPM,replicated peaks,True,216763.0,a90caf7feaedde8fb1477aa3e013db59,https://www.encodeproject.org/files/ENCFF332EPM/@@download/ENCFF332EPM.bed.gz
iPSC_ESC,H9,ENCSR957GYL,Histone ChIP-seq,H3T11ph,histone,Homo sapiens H9,"Bing Ren, UCSD",0,0,6,,True,,ENCFF408HZN,pseudoreplicated peaks,True,124149.0,c9130e0e4f0dd932e24f4144436fbe2c,https://www.encodeproject.org/files/ENCFF408HZN/@@download/ENCFF408HZN.bed.gz
iPSC_ESC,H9,ENCSR440BZV,Histone ChIP-seq,H3K14ac,histone,Homo sapiens H9,"Bing Ren, UCSD",0,1,5,,True,,ENCFF562CAI,replicated peaks,True,1267669.0,8f8ab580cc0a415330865adae95d02d4,https://www.encodeproject.org/files/ENCFF562CAI/@@download/ENCFF562CAI.bed.gz
