cellset,term_name,experiment,assay,target,investigated_as,biosample_summary,lab,n_audit_error,n_audit_notcompliant,n_audit_warning,endogenous_tag,keep,exclude_reason,file,output_type,preferred_default,file_size,md5sum,href
K562,K562,ENCSR696URR,TF ChIP-seq,ZNF512,transcription factor,Homo sapiens K562 genetically modified (insertion) using CRISPR targeting H. sapiens ZNF512,"Richard Myers, HAIB",0,0,3,3xFLAG,False,"not selected: one experiment per target (conventional ChIP-seq over Mint-ChIP, then lab priority Bernstein>Snyder>Stamatoyannopoulos, then audit flags)",ENCFF817EJA,IDR thresholded peaks,True,67312.0,e902146507b7f8d5255d3e1b4b7f0f69,https://www.encodeproject.org/files/ENCFF817EJA/@@download/ENCFF817EJA.bed.gz
K562,K562,ENCSR744GHR,TF ChIP-seq,E2F5,transcription factor,Homo sapiens K562 genetically modified (insertion) using CRISPR targeting H. sapiens E2F5,"Richard Myers, HAIB",0,0,5,3xFLAG,False,"not selected: one experiment per target (conventional ChIP-seq over Mint-ChIP, then lab priority Bernstein>Snyder>Stamatoyannopoulos, then audit flags)",ENCFF173QUY,IDR thresholded peaks,True,100306.0,8a96fec76b8ca5f6a49053f771395398,https://www.encodeproject.org/files/ENCFF173QUY/@@download/ENCFF173QUY.bed.gz
K562,K562,ENCSR427XYP,TF ChIP-seq,ZNF740,transcription factor,Homo sapiens K562 genetically modified (insertion) using CRISPR targeting H. sapiens ZNF740,"Richard Myers, HAIB",0,0,3,3xFLAG,False,"not selected: one experiment per target (conventional ChIP-seq over Mint-ChIP, then lab priority Bernstein>Snyder>Stamatoyannopoulos, then audit flags)",ENCFF959SMC,IDR thresholded peaks,True,251360.0,c4629ee079fe91c3549958447238a8cd,https://www.encodeproject.org/files/ENCFF959SMC/@@download/ENCFF959SMC.bed.gz
K562,K562,ENCSR755CRA,TF ChIP-seq,ZKSCAN8,transcription factor,Homo sapiens K562 genetically modified (insertion) using CRISPR targeting H. sapiens ZKSCAN8,"Richard Myers, HAIB",0,0,7,3xFLAG,False,"not selected: one experiment per target (conventional ChIP-seq over Mint-ChIP, then lab priority Bernstein>Snyder>Stamatoyannopoulos, then audit flags)",ENCFF109UVJ,IDR thresholded peaks,True,81652.0,b48e9cd401e02eccced7cf053e85fc69,https://www.encodeproject.org/files/ENCFF109UVJ/@@download/ENCFF109UVJ.bed.gz
K562,K562,ENCSR578KEN,TF ChIP-seq,USF2,transcription factor,Homo sapiens K562 genetically modified (insertion) using CRISPR targeting H. sapiens USF2,"Richard Myers, HAIB",0,0,1,3xFLAG,False,"not selected: one experiment per target (conventional ChIP-seq over Mint-ChIP, then lab priority Bernstein>Snyder>Stamatoyannopoulos, then audit flags)",ENCFF289ZIR,IDR thresholded peaks,True,296929.0,b56a26efdacc99d462b55eccc4a8602e,https://www.encodeproject.org/files/ENCFF289ZIR/@@download/ENCFF289ZIR.bed.gz
K562,K562,ENCSR879KXD,TF ChIP-seq,RAD21,cohesin,Homo sapiens K562 genetically modified (insertion) using CRISPR targeting H. sapiens RAD21,"Michael Snyder, Stanford",0,0,5,eGFP,False,"not selected: one experiment per target (conventional ChIP-seq over Mint-ChIP, then lab priority Bernstein>Snyder>Stamatoyannopoulos, then audit flags)",ENCFF057JFH,conservative IDR thresholded peaks,True,566848.0,0e638759eb09e8d0825d3d124b2c77d6,https://www.encodeproject.org/files/ENCFF057JFH/@@download/ENCFF057JFH.bed.gz
K562,K562,ENCSR392JVX,TF ChIP-seq,ELK1,transcription factor,Homo sapiens K562 genetically modified (insertion) using CRISPR targeting H. sapiens ELK1,"Richard Myers, HAIB",0,0,1,3xFLAG,False,"not selected: one experiment per target (conventional ChIP-seq over Mint-ChIP, then lab priority Bernstein>Snyder>Stamatoyannopoulos, then audit flags)",ENCFF586MZX,IDR thresholded peaks,True,13210.0,9b53c324c117cb28a957665cfe659da4,https://www.encodeproject.org/files/ENCFF586MZX/@@download/ENCFF586MZX.bed.gz
K562,K562,ENCSR163VTS,TF ChIP-seq,NFYA,transcription factor,Homo sapiens K562 genetically modified (insertion) using CRISPR targeting H. sapiens NFYA,"Richard Myers, HAIB",0,0,5,3xFLAG,False,"not selected: one experiment per target (conventional ChIP-seq over Mint-ChIP, then lab priority Bernstein>Snyder>Stamatoyannopoulos, then audit flags)",ENCFF786CRW,IDR thresholded peaks,True,189662.0,9fd1a4986fde22bc030c9024ce1a0858,https://www.encodeproject.org/files/ENCFF786CRW/@@download/ENCFF786CRW.bed.gz
K562,K562,ENCSR744CXJ,TF ChIP-seq,ELF1,transcription factor,Homo sapiens K562 genetically modified (insertion) using CRISPR targeting H. sapiens ELF1,"Richard Myers, HAIB",0,0,2,3xFLAG,False,"not selected: one experiment per target (conventional ChIP-seq over Mint-ChIP, then lab priority Bernstein>Snyder>Stamatoyannopoulos, then audit flags)",ENCFF763MXW,IDR thresholded peaks,True,220013.0,dafa682f98b898ea2d8154dcdd6b894f,https://www.encodeproject.org/files/ENCFF763MXW/@@download/ENCFF763MXW.bed.gz
K562,K562,ENCSR645ZWR,TF ChIP-seq,IRF2,transcription factor,Homo sapiens K562 genetically modified (insertion) using CRISPR targeting H. sapiens IRF2,"Richard Myers, HAIB",0,0,5,3xFLAG,False,"not selected: one experiment per target (conventional ChIP-seq over Mint-ChIP, then lab priority Bernstein>Snyder>Stamatoyannopoulos, then audit flags)",ENCFF430YXJ,IDR thresholded peaks,True,42222.0,6b1da25b7cdbe3f2993a8fa36995e18d,https://www.encodeproject.org/files/ENCFF430YXJ/@@download/ENCFF430YXJ.bed.gz
K562,K562,ENCSR054JMQ,TF ChIP-seq,REST,transcription factor,Homo sapiens K562 genetically modified (insertion) using CRISPR targeting H. sapiens REST,"Michael Snyder, Stanford",0,0,5,eGFP,False,"not selected: one experiment per target (conventional ChIP-seq over Mint-ChIP, then lab priority Bernstein>Snyder>Stamatoyannopoulos, then audit flags)",ENCFF118ECK,IDR thresholded peaks,True,190810.0,20b6edf4fc2dc85c41234e1fac95a6d2,https://www.encodeproject.org/files/ENCFF118ECK/@@download/ENCFF118ECK.bed.gz
K562,K562,ENCSR837EYC,TF ChIP-seq,NRF1,transcription factor,Homo sapiens K562,"Richard Myers, HAIB",0,0,5,,False,"not selected: one experiment per target (conventional ChIP-seq over Mint-ChIP, then lab priority Bernstein>Snyder>Stamatoyannopoulos, then audit flags)",ENCFF626VDA,optimal IDR thresholded peaks,True,376439.0,073ab3f58f304ec82215a5ecfcb383b8,https://www.encodeproject.org/files/ENCFF626VDA/@@download/ENCFF626VDA.bed.gz
K562,K562,ENCSR798ILC,TF ChIP-seq,NCOR1,cofactor,Homo sapiens K562,"Michael Snyder, Stanford",0,0,2,,False,"not selected: one experiment per target (conventional ChIP-seq over Mint-ChIP, then lab priority Bernstein>Snyder>Stamatoyannopoulos, then audit flags)",ENCFF007ZUL,optimal IDR thresholded peaks,True,490433.0,878253b762325dff1663e201db17803c,https://www.encodeproject.org/files/ENCFF007ZUL/@@download/ENCFF007ZUL.bed.gz
K562,K562,ENCSR431XGJ,TF ChIP-seq,PYGO2,chromatin remodeler,Homo sapiens K562,"Michael Snyder, Stanford",0,2,1,,False,"not selected: one experiment per target (conventional ChIP-seq over Mint-ChIP, then lab priority Bernstein>Snyder>Stamatoyannopoulos, then audit flags)",ENCFF442XXV,optimal IDR thresholded peaks,True,82654.0,179c55cb971fe6cb2872ffee6eb0aaf2,https://www.encodeproject.org/files/ENCFF442XXV/@@download/ENCFF442XXV.bed.gz
K562,K562,ENCSR675LRO,TF ChIP-seq,MLLT1,transcription factor,Homo sapiens K562,"Michael Snyder, Stanford",0,0,0,,False,"not selected: one experiment per target (conventional ChIP-seq over Mint-ChIP, then lab priority Bernstein>Snyder>Stamatoyannopoulos, then audit flags)",ENCFF388LUX,optimal IDR thresholded peaks,True,249289.0,2bd8969d70f944c99a46017e037274a6,https://www.encodeproject.org/files/ENCFF388LUX/@@download/ENCFF388LUX.bed.gz
K562,K562,ENCSR004GKA,TF ChIP-seq,ZEB2,transcription factor,Homo sapiens K562,"Michael Snyder, Stanford",0,0,5,,False,"not selected: one experiment per target (conventional ChIP-seq over Mint-ChIP, then lab priority Bernstein>Snyder>Stamatoyannopoulos, then audit flags)",ENCFF242AOL,IDR thresholded peaks,True,467234.0,677976d65be5ad7aad99b1ee1ccbf970,https://www.encodeproject.org/files/ENCFF242AOL/@@download/ENCFF242AOL.bed.gz
K562,K562,ENCSR000EWN,TF ChIP-seq,ZNF263,transcription factor,Homo sapiens K562,"Peggy Farnham, USC",2,2,0,,False,"not selected: one experiment per target (conventional ChIP-seq over Mint-ChIP, then lab priority Bernstein>Snyder>Stamatoyannopoulos, then audit flags)",ENCFF579ETM,optimal IDR thresholded peaks,True,67789.0,b6c38bae2ef61a659aadf55b977a891a,https://www.encodeproject.org/files/ENCFF579ETM/@@download/ENCFF579ETM.bed.gz
K562,K562,ENCSR907JPB,TF ChIP-seq,ZMIZ1,transcription factor,Homo sapiens K562,"Michael Snyder, Stanford",0,0,8,,False,"not selected: one experiment per target (conventional ChIP-seq over Mint-ChIP, then lab priority Bernstein>Snyder>Stamatoyannopoulos, then audit flags)",ENCFF526PMI,optimal IDR thresholded peaks,True,21193.0,69fd6d6fa35b80f8d160e562391c7d70,https://www.encodeproject.org/files/ENCFF526PMI/@@download/ENCFF526PMI.bed.gz
K562,K562,ENCSR000EHJ,TF ChIP-seq,STAT1,transcription factor,Homo sapiens K562 treated with Interferon gamma for 6 hours,"Michael Snyder, Stanford",0,4,6,,False,treatment: Interferon gamma (protein),ENCFF431NLF,optimal IDR thresholded peaks,True,49074.0,348d81f4c05a13fc0c9e4e08cb1285a4,https://www.encodeproject.org/files/ENCFF431NLF/@@download/ENCFF431NLF.bed.gz
K562,K562,ENCSR949NVY,TF ChIP-seq,ZNF639,transcription factor,Homo sapiens K562,"Michael Snyder, Stanford",0,2,2,,False,"not selected: one experiment per target (conventional ChIP-seq over Mint-ChIP, then lab priority Bernstein>Snyder>Stamatoyannopoulos, then audit flags)",ENCFF008JJE,optimal IDR thresholded peaks,True,305852.0,27f9539a3aad2ab0b3e625a001f1492d,https://www.encodeproject.org/files/ENCFF008JJE/@@download/ENCFF008JJE.bed.gz
K562,K562,ENCSR033NQK,TF ChIP-seq,ZNF830,DNA repair,Homo sapiens K562,"Michael Snyder, Stanford",0,2,6,,False,"not selected: one experiment per target (conventional ChIP-seq over Mint-ChIP, then lab priority Bernstein>Snyder>Stamatoyannopoulos, then audit flags)",ENCFF979NKM,optimal IDR thresholded peaks,True,66586.0,a4cc5a08895ade9dede6859e3aaae5dc,https://www.encodeproject.org/files/ENCFF979NKM/@@download/ENCFF979NKM.bed.gz
K562,K562,ENCSR065XVO,TF ChIP-seq,CHAMP1,transcription factor,Homo sapiens K562,"Michael Snyder, Stanford",0,0,4,,False,"not selected: one experiment per target (conventional ChIP-seq over Mint-ChIP, then lab priority Bernstein>Snyder>Stamatoyannopoulos, then audit flags)",ENCFF646MEF,optimal IDR thresholded peaks,True,278256.0,fa755334fe03f026bea8a7d699fe31ca,https://www.encodeproject.org/files/ENCFF646MEF/@@download/ENCFF646MEF.bed.gz
K562,K562,ENCSR298JCG,TF ChIP-seq,NCOR1,cofactor,Homo sapiens K562,"Michael Snyder, Stanford",0,0,1,,False,"not selected: one experiment per target (conventional ChIP-seq over Mint-ChIP, then lab priority Bernstein>Snyder>Stamatoyannopoulos, then audit flags)",ENCFF638IIC,optimal IDR thresholded peaks,True,168899.0,a6fb144af17e1bf26776ea364011337f,https://www.encodeproject.org/files/ENCFF638IIC/@@download/ENCFF638IIC.bed.gz
K562,K562,ENCSR707QWA,TF ChIP-seq,NR2F6,transcription factor,Homo sapiens K562,"Richard Myers, HAIB",0,0,4,,False,"not selected: one experiment per target (conventional ChIP-seq over Mint-ChIP, then lab priority Bernstein>Snyder>Stamatoyannopoulos, then audit flags)",ENCFF194VBK,optimal IDR thresholded peaks,True,405789.0,851d5f8c99376f6433641934c9eeeb00,https://www.encodeproject.org/files/ENCFF194VBK/@@download/ENCFF194VBK.bed.gz
K562,K562,ENCSR621ATC,TF ChIP-seq,ZNF184,transcription factor,Homo sapiens K562,"Michael Snyder, Stanford",0,2,1,,False,"not selected: one experiment per target (conventional ChIP-seq over Mint-ChIP, then lab priority Bernstein>Snyder>Stamatoyannopoulos, then audit flags)",ENCFF760EPB,optimal IDR thresholded peaks,True,254161.0,2dfcc0dbcc16a66ad3c37f4ccea080eb,https://www.encodeproject.org/files/ENCFF760EPB/@@download/ENCFF760EPB.bed.gz
K562,K562,ENCSR075HTM,TF ChIP-seq,HDAC2,chromatin remodeler,Homo sapiens K562,"Michael Snyder, Stanford",0,0,2,,False,"not selected: one experiment per target (conventional ChIP-seq over Mint-ChIP, then lab priority Bernstein>Snyder>Stamatoyannopoulos, then audit flags)",ENCFF618YRQ,optimal IDR thresholded peaks,True,559567.0,4874fe372a32dd38b068561e6343a8b0,https://www.encodeproject.org/files/ENCFF618YRQ/@@download/ENCFF618YRQ.bed.gz
K562,K562,ENCSR720HUL,TF ChIP-seq,E2F1,transcription factor,Homo sapiens K562,"Michael Snyder, Stanford",0,4,7,,False,"not selected: one experiment per target (conventional ChIP-seq over Mint-ChIP, then lab priority Bernstein>Snyder>Stamatoyannopoulos, then audit flags)",ENCFF134JLR,optimal IDR thresholded peaks,True,418689.0,5a13794056dcab90483355bd68656432,https://www.encodeproject.org/files/ENCFF134JLR/@@download/ENCFF134JLR.bed.gz
K562,K562,ENCSR000EWF,TF ChIP-seq,YY1,transcription factor,Homo sapiens K562,"Peggy Farnham, USC",0,4,3,,False,"not selected: one experiment per target (conventional ChIP-seq over Mint-ChIP, then lab priority Bernstein>Snyder>Stamatoyannopoulos, then audit flags)",ENCFF635XCI,optimal IDR thresholded peaks,True,93625.0,4545455201e3285ee2249fc874722330,https://www.encodeproject.org/files/ENCFF635XCI/@@download/ENCFF635XCI.bed.gz
K562,K562,ENCSR360HRA,TF ChIP-seq,KDM1A,chromatin remodeler,Homo sapiens K562,"Michael Snyder, Stanford",0,0,4,,False,"not selected: one experiment per target (conventional ChIP-seq over Mint-ChIP, then lab priority Bernstein>Snyder>Stamatoyannopoulos, then audit flags)",ENCFF483BRD,optimal IDR thresholded peaks,True,623757.0,3424efdcc9ed08c70164c9d973284841,https://www.encodeproject.org/files/ENCFF483BRD/@@download/ENCFF483BRD.bed.gz
K562,K562,ENCSR000DJY,TF ChIP-seq,JUNB,cofactor,Homo sapiens K562 stably expressing JUNB,"Kevin White, UChicago",0,2,10,eGFP,False,"not selected: one experiment per target (conventional ChIP-seq over Mint-ChIP, then lab priority Bernstein>Snyder>Stamatoyannopoulos, then audit flags)",ENCFF362UGH,IDR thresholded peaks,True,280831.0,24745c1227df645491fde34562c60211,https://www.encodeproject.org/files/ENCFF362UGH/@@download/ENCFF362UGH.bed.gz
K562,K562,ENCSR000DJX,TF ChIP-seq,JUND,transcription factor,Homo sapiens K562 stably expressing JUND,"Kevin White, UChicago",0,0,12,eGFP,False,"not selected: one experiment per target (conventional ChIP-seq over Mint-ChIP, then lab priority Bernstein>Snyder>Stamatoyannopoulos, then audit flags)",ENCFF273KIA,IDR thresholded peaks,True,649109.0,e6c49997c88d90df4c4eb22783ce8edd,https://www.encodeproject.org/files/ENCFF273KIA/@@download/ENCFF273KIA.bed.gz
K562,K562,ENCSR000EFW,TF ChIP-seq,UBTF,transcription factor,Homo sapiens K562,"Michael Snyder, Stanford",0,0,15,,False,"not selected: one experiment per target (conventional ChIP-seq over Mint-ChIP, then lab priority Bernstein>Snyder>Stamatoyannopoulos, then audit flags)",ENCFF345RRM,optimal IDR thresholded peaks,True,176110.0,9e66db53dcd2f86ed247589462858e71,https://www.encodeproject.org/files/ENCFF345RRM/@@download/ENCFF345RRM.bed.gz
K562,K562,ENCSR000FBC,TF ChIP-seq,STAT2,transcription factor,Homo sapiens K562 treated with interferon alpha for 6 hours,"Sherman Weissman, Yale",1,3,6,,False,treatment: interferon alpha (protein),ENCFF545JVD,optimal IDR thresholded peaks,True,40880.0,a891a9fda490ce3ed55772f7fbfc5a79,https://www.encodeproject.org/files/ENCFF545JVD/@@download/ENCFF545JVD.bed.gz
K562,K562,ENCSR000FAZ,TF ChIP-seq,MYC,transcription factor,Homo sapiens K562 treated with interferon alpha for 30 minutes,"Sherman Weissman, Yale",0,4,5,,False,treatment: interferon alpha (protein),ENCFF700TLG,optimal IDR thresholded peaks,True,158337.0,ff1b2e4c23fa1e538b57ef5f01112acd,https://www.encodeproject.org/files/ENCFF700TLG/@@download/ENCFF700TLG.bed.gz
K562,K562,ENCSR000EHB,TF ChIP-seq,TAL1,chromatin remodeler,Homo sapiens K562,"Michael Snyder, Stanford",0,0,11,,False,"not selected: one experiment per target (conventional ChIP-seq over Mint-ChIP, then lab priority Bernstein>Snyder>Stamatoyannopoulos, then audit flags)",ENCFF078OUD,optimal IDR thresholded peaks,True,499377.0,7fd38a26279682973b79079be2bd5c58,https://www.encodeproject.org/files/ENCFF078OUD/@@download/ENCFF078OUD.bed.gz
K562,K562,ENCSR000BKU,TF ChIP-seq,YY1,transcription factor,Homo sapiens K562,"Richard Myers, HAIB",1,6,8,,False,"not selected: one experiment per target (conventional ChIP-seq over Mint-ChIP, then lab priority Bernstein>Snyder>Stamatoyannopoulos, then audit flags)",ENCFF953BTB,optimal IDR thresholded peaks,True,274304.0,5e0d8c3af8f5ee9de64681feb5dc4bfe,https://www.encodeproject.org/files/ENCFF953BTB/@@download/ENCFF953BTB.bed.gz
K562,K562,ENCSR000DOG,TF ChIP-seq,ATF3,transcription factor,Homo sapiens K562,"Kevin Struhl, HMS",0,4,2,,False,"not selected: one experiment per target (conventional ChIP-seq over Mint-ChIP, then lab priority Bernstein>Snyder>Stamatoyannopoulos, then audit flags)",ENCFF895RNS,IDR thresholded peaks,True,22538.0,7dab414cf6f9671e0e922f75284c07d2,https://www.encodeproject.org/files/ENCFF895RNS/@@download/ENCFF895RNS.bed.gz
K562,K562,ENCSR000FAT,TF ChIP-seq,STAT2,transcription factor,Homo sapiens K562 treated with interferon alpha for 30 minutes,"Sherman Weissman, Yale",0,4,4,,False,treatment: interferon alpha (protein),ENCFF204VQS,optimal IDR thresholded peaks,True,66160.0,5496fa50897dda446d76e8e279d6aa60,https://www.encodeproject.org/files/ENCFF204VQS/@@download/ENCFF204VQS.bed.gz
K562,K562,ENCSR000FAF,TF ChIP-seq,NFE2,transcription factor,Homo sapiens K562,"Sherman Weissman, Yale",2,2,2,,False,"not selected: one experiment per target (conventional ChIP-seq over Mint-ChIP, then lab priority Bernstein>Snyder>Stamatoyannopoulos, then audit flags)",ENCFF714MVQ,conservative IDR thresholded peaks,True,47311.0,a7171282b1f2e63b51d6eaf070ebe63d,https://www.encodeproject.org/files/ENCFF714MVQ/@@download/ENCFF714MVQ.bed.gz
K562,K562,ENCSR000FAW,TF ChIP-seq,POLR2A,RNA polymerase complex,Homo sapiens K562 treated with Interferon gamma for 6 hours,"Sherman Weissman, Yale",0,4,6,,False,treatment: Interferon gamma (protein),ENCFF099NYA,optimal IDR thresholded peaks,True,383286.0,c596a6ebffcfce8c02e2dedd3db4468e,https://www.encodeproject.org/files/ENCFF099NYA/@@download/ENCFF099NYA.bed.gz
K562,K562,ENCSR000DJZ,TF ChIP-seq,HDAC8,cohesin,Homo sapiens K562 stably expressing HDAC8,"Kevin White, UChicago",0,1,7,eGFP,False,"not selected: one experiment per target (conventional ChIP-seq over Mint-ChIP, then lab priority Bernstein>Snyder>Stamatoyannopoulos, then audit flags)",ENCFF237RPL,optimal IDR thresholded peaks,True,42093.0,58b0a8c7747dd8173a3b0aa870073ea6,https://www.encodeproject.org/files/ENCFF237RPL/@@download/ENCFF237RPL.bed.gz
K562,K562,ENCSR000EHP,TF ChIP-seq,POLR2A,RNA polymerase complex,Homo sapiens K562 treated with Interferon gamma for 30 minutes,"Michael Snyder, Stanford",0,7,4,,False,treatment: Interferon gamma (protein),ENCFF730DLS,optimal IDR thresholded peaks,True,400191.0,6703f2ed1b6467c0fb8f7151d30b608b,https://www.encodeproject.org/files/ENCFF730DLS/@@download/ENCFF730DLS.bed.gz
K562,K562,ENCSR000FAG,TF ChIP-seq,MYC,transcription factor,Homo sapiens K562,"Sherman Weissman, Yale",2,2,3,,False,"not selected: one experiment per target (conventional ChIP-seq over Mint-ChIP, then lab priority Bernstein>Snyder>Stamatoyannopoulos, then audit flags)",ENCFF675PHY,IDR thresholded peaks,True,85460.0,6ac174e470b650bad989ee2c1ed328db,https://www.encodeproject.org/files/ENCFF675PHY/@@download/ENCFF675PHY.bed.gz
K562,K562,ENCSR000FAY,TF ChIP-seq,POLR2A,RNA polymerase complex,Homo sapiens K562 treated with interferon alpha for 30 minutes,"Sherman Weissman, Yale",0,4,6,,False,treatment: interferon alpha (protein),ENCFF668VIK,optimal IDR thresholded peaks,True,327240.0,9da46723e82c01d8cac75af9b1c42054,https://www.encodeproject.org/files/ENCFF668VIK/@@download/ENCFF668VIK.bed.gz
K562,K562,ENCSR000EZT,TF ChIP-seq,JUN,transcription factor,Homo sapiens K562 treated with Interferon gamma for 30 minutes,"Sherman Weissman, Yale",1,7,2,,False,treatment: Interferon gamma (protein),ENCFF167WUZ,optimal IDR thresholded peaks,True,149656.0,12397850a41177f618070e26e9e89d28,https://www.encodeproject.org/files/ENCFF167WUZ/@@download/ENCFF167WUZ.bed.gz
K562,K562,ENCSR000BMV,TF ChIP-seq,FOSL1,transcription factor,Homo sapiens K562,"Richard Myers, HAIB",0,4,10,,False,"not selected: one experiment per target (conventional ChIP-seq over Mint-ChIP, then lab priority Bernstein>Snyder>Stamatoyannopoulos, then audit flags)",ENCFF087MFG,optimal IDR thresholded peaks,True,133901.0,275db6953ea2392131ba3492abb1019d,https://www.encodeproject.org/files/ENCFF087MFG/@@download/ENCFF087MFG.bed.gz
K562,K562,ENCSR000EGY,TF ChIP-seq,EP300,transcription factor,Homo sapiens K562,"Michael Snyder, Stanford",1,1,5,,False,"not selected: one experiment per target (conventional ChIP-seq over Mint-ChIP, then lab priority Bernstein>Snyder>Stamatoyannopoulos, then audit flags)",ENCFF821MKR,IDR thresholded peaks,True,56065.0,2348231ccbb4c778aa62ab3c82bd9586,https://www.encodeproject.org/files/ENCFF821MKR/@@download/ENCFF821MKR.bed.gz
K562,K562,ENCSR113LAS,TF ChIP-seq,MTA2,chromatin remodeler,Homo sapiens K562,"Michael Snyder, Stanford",0,0,2,,False,"not selected: one experiment per target (conventional ChIP-seq over Mint-ChIP, then lab priority Bernstein>Snyder>Stamatoyannopoulos, then audit flags)",ENCFF713ZVD,optimal IDR thresholded peaks,True,311438.0,7d5c422e2e0fbd38738e7f2e5ba6653d,https://www.encodeproject.org/files/ENCFF713ZVD/@@download/ENCFF713ZVD.bed.gz
K562,K562,ENCSR387UWP,TF ChIP-seq,HDAC1,chromatin remodeler,Homo sapiens K562,"Michael Snyder, Stanford",0,0,5,,False,"not selected: one experiment per target (conventional ChIP-seq over Mint-ChIP, then lab priority Bernstein>Snyder>Stamatoyannopoulos, then audit flags)",ENCFF188TBM,optimal IDR thresholded peaks,True,917615.0,fb05b3614c249aebaa15b71588273a47,https://www.encodeproject.org/files/ENCFF188TBM/@@download/ENCFF188TBM.bed.gz
K562,K562,ENCSR197ALX,TF ChIP-seq,HDGF,cofactor,Homo sapiens K562,"Michael Snyder, Stanford",0,0,3,,False,"not selected: one experiment per target (conventional ChIP-seq over Mint-ChIP, then lab priority Bernstein>Snyder>Stamatoyannopoulos, then audit flags)",ENCFF575WFB,optimal IDR thresholded peaks,True,188401.0,e902bd67ee5b2c86f079498a170f908d,https://www.encodeproject.org/files/ENCFF575WFB/@@download/ENCFF575WFB.bed.gz
K562,K562,ENCSR395HWC,TF ChIP-seq,IKZF1,transcription factor,Homo sapiens K562,"Michael Snyder, Stanford",0,0,5,,False,"not selected: one experiment per target (conventional ChIP-seq over Mint-ChIP, then lab priority Bernstein>Snyder>Stamatoyannopoulos, then audit flags)",ENCFF994OQH,optimal IDR thresholded peaks,True,959869.0,c34f95ee3df4e2e3e5092c6da750dd67,https://www.encodeproject.org/files/ENCFF994OQH/@@download/ENCFF994OQH.bed.gz
K562,K562,ENCSR788DXU,TF ChIP-seq,FOXA3,transcription factor,Homo sapiens K562 genetically modified (insertion) using CRISPR targeting H. sapiens FOXA3,"Richard Myers, HAIB",0,0,5,3xFLAG,False,"not selected: one experiment per target (conventional ChIP-seq over Mint-ChIP, then lab priority Bernstein>Snyder>Stamatoyannopoulos, then audit flags)",ENCFF197SXI,IDR thresholded peaks,True,227558.0,9d7cadf2a30e0095778a7db5ac3dfdd2,https://www.encodeproject.org/files/ENCFF197SXI/@@download/ENCFF197SXI.bed.gz
K562,K562,ENCSR928KOR,TF ChIP-seq,GMEB1,transcription factor,Homo sapiens K562,"Michael Snyder, Stanford",0,2,0,,False,"not selected: one experiment per target (conventional ChIP-seq over Mint-ChIP, then lab priority Bernstein>Snyder>Stamatoyannopoulos, then audit flags)",ENCFF678VPQ,optimal IDR thresholded peaks,True,504173.0,7fd98e2b51c3f809d13313460b8c418b,https://www.encodeproject.org/files/ENCFF678VPQ/@@download/ENCFF678VPQ.bed.gz
K562,K562,ENCSR000DKA,TF ChIP-seq,GATA2,transcription factor,Homo sapiens K562 stably expressing GATA2,"Kevin White, UChicago",0,1,6,eGFP,False,"not selected: one experiment per target (conventional ChIP-seq over Mint-ChIP, then lab priority Bernstein>Snyder>Stamatoyannopoulos, then audit flags)",ENCFF997NUA,optimal IDR thresholded peaks,True,367057.0,6e6fbb7e4e34db3c1698ef089d41790b,https://www.encodeproject.org/files/ENCFF997NUA/@@download/ENCFF997NUA.bed.gz
K562,K562,ENCSR349TZO,TF ChIP-seq,NCOA2,cofactor,Homo sapiens K562,"Michael Snyder, Stanford",0,2,5,,False,"not selected: one experiment per target (conventional ChIP-seq over Mint-ChIP, then lab priority Bernstein>Snyder>Stamatoyannopoulos, then audit flags)",ENCFF584SNZ,optimal IDR thresholded peaks,True,75816.0,28d8b072c63a6142f93a5014827e57d0,https://www.encodeproject.org/files/ENCFF584SNZ/@@download/ENCFF584SNZ.bed.gz
K562,K562,ENCSR000BMR,TF ChIP-seq,POLR2A,RNA polymerase complex,Homo sapiens K562,"Richard Myers, HAIB",0,4,4,,False,"not selected: one experiment per target (conventional ChIP-seq over Mint-ChIP, then lab priority Bernstein>Snyder>Stamatoyannopoulos, then audit flags)",ENCFF182YZG,optimal IDR thresholded peaks,True,664881.0,b944c338bd7ff9253c3498707b9b6b12,https://www.encodeproject.org/files/ENCFF182YZG/@@download/ENCFF182YZG.bed.gz
K562,K562,ENCSR000EHF,TF ChIP-seq,POLR2AphosphoS2,RNA polymerase complex,Homo sapiens K562,"Michael Snyder, Stanford",1,3,1,,False,"not selected: one experiment per target (conventional ChIP-seq over Mint-ChIP, then lab priority Bernstein>Snyder>Stamatoyannopoulos, then audit flags)",ENCFF950YZE,IDR thresholded peaks,True,72204.0,d7c4c640b4d7061d75cd988c1cab8d68,https://www.encodeproject.org/files/ENCFF950YZE/@@download/ENCFF950YZE.bed.gz
K562,K562,ENCSR494PWZ,TF ChIP-seq,ZC3H8,transcription factor,Homo sapiens K562,"Michael Snyder, Stanford",0,0,1,,False,"not selected: one experiment per target (conventional ChIP-seq over Mint-ChIP, then lab priority Bernstein>Snyder>Stamatoyannopoulos, then audit flags)",ENCFF588EZF,optimal IDR thresholded peaks,True,142690.0,138a759e818fe9e79cd8f1bf412dbe04,https://www.encodeproject.org/files/ENCFF588EZF/@@download/ENCFF588EZF.bed.gz
K562,K562,ENCSR000EWI,TF ChIP-seq,SETDB1,chromatin remodeler,Homo sapiens K562,"Peggy Farnham, USC",0,4,2,,False,"not selected: one experiment per target (conventional ChIP-seq over Mint-ChIP, then lab priority Bernstein>Snyder>Stamatoyannopoulos, then audit flags)",ENCFF690WNQ,optimal IDR thresholded peaks,True,75317.0,b4dbf7b0808315c0ca7fe2235b961f76,https://www.encodeproject.org/files/ENCFF690WNQ/@@download/ENCFF690WNQ.bed.gz
K562,K562,ENCSR175SZH,TF ChIP-seq,ZSCAN29,transcription factor,Homo sapiens K562,"Michael Snyder, Stanford",0,0,2,,False,"not selected: one experiment per target (conventional ChIP-seq over Mint-ChIP, then lab priority Bernstein>Snyder>Stamatoyannopoulos, then audit flags)",ENCFF908ZLN,optimal IDR thresholded peaks,True,325836.0,2613b9d76c067f199852593f8ae62cfb,https://www.encodeproject.org/files/ENCFF908ZLN/@@download/ENCFF908ZLN.bed.gz
K562,K562,ENCSR996ESX,TF ChIP-seq,NFRKB,DNA repair,Homo sapiens K562,"Michael Snyder, Stanford",0,2,5,,False,"not selected: one experiment per target (conventional ChIP-seq over Mint-ChIP, then lab priority Bernstein>Snyder>Stamatoyannopoulos, then audit flags)",ENCFF779KIS,optimal IDR thresholded peaks,True,147610.0,ef3e0a027be245d770f97067ee92e74e,https://www.encodeproject.org/files/ENCFF779KIS/@@download/ENCFF779KIS.bed.gz
K562,K562,ENCSR439OCL,TF ChIP-seq,ZNF407,transcription factor,Homo sapiens K562,"Michael Snyder, Stanford",0,2,3,,False,"not selected: one experiment per target (conventional ChIP-seq over Mint-ChIP, then lab priority Bernstein>Snyder>Stamatoyannopoulos, then audit flags)",ENCFF644XES,optimal IDR thresholded peaks,True,68018.0,56994a1ff485a6855877f0d684aab018,https://www.encodeproject.org/files/ENCFF644XES/@@download/ENCFF644XES.bed.gz
K562,K562,ENCSR744WOO,TF ChIP-seq,TCF12,transcription factor,Homo sapiens K562,"Michael Snyder, Stanford",0,0,2,,False,"not selected: one experiment per target (conventional ChIP-seq over Mint-ChIP, then lab priority Bernstein>Snyder>Stamatoyannopoulos, then audit flags)",ENCFF912LXU,optimal IDR thresholded peaks,True,512986.0,5b1fd7afd9bf8cc4eff806045deca8bb,https://www.encodeproject.org/files/ENCFF912LXU/@@download/ENCFF912LXU.bed.gz
K562,K562,ENCSR331GDC,TF ChIP-seq,ZBTB11,transcription factor,Homo sapiens K562,"Richard Myers, HAIB",0,0,6,,False,"not selected: one experiment per target (conventional ChIP-seq over Mint-ChIP, then lab priority Bernstein>Snyder>Stamatoyannopoulos, then audit flags)",ENCFF913HCQ,optimal IDR thresholded peaks,True,132646.0,b70784948dfa6357fa0dc16a2d1d4dc2,https://www.encodeproject.org/files/ENCFF913HCQ/@@download/ENCFF913HCQ.bed.gz
K562,K562,ENCSR957LDM,TF ChIP-seq,TRIM24,transcription factor,Homo sapiens K562,"Michael Snyder, Stanford",0,0,0,,False,"not selected: one experiment per target (conventional ChIP-seq over Mint-ChIP, then lab priority Bernstein>Snyder>Stamatoyannopoulos, then audit flags)",ENCFF950TOJ,optimal IDR thresholded peaks,True,369995.0,10336ca13796bd6de0efef8d3ed56c0e,https://www.encodeproject.org/files/ENCFF950TOJ/@@download/ENCFF950TOJ.bed.gz
K562,K562,ENCSR000EGK,TF ChIP-seq,IRF1,transcription factor,Homo sapiens K562 treated with Interferon gamma for 30 minutes,"Michael Snyder, Stanford",0,4,6,,False,treatment: Interferon gamma (protein),ENCFF688XON,optimal IDR thresholded peaks,True,246488.0,da91f0a6bf4dc7319b2c220c94ea6655,https://www.encodeproject.org/files/ENCFF688XON/@@download/ENCFF688XON.bed.gz
K562,K562,ENCSR000FAU,TF ChIP-seq,STAT1,transcription factor,Homo sapiens K562 treated with interferon alpha for 6 hours,"Sherman Weissman, Yale",0,4,7,,False,treatment: interferon alpha (protein),ENCFF747ICD,optimal IDR thresholded peaks,True,22148.0,726728ad07d94d62ed145038a4cf6a6e,https://www.encodeproject.org/files/ENCFF747ICD/@@download/ENCFF747ICD.bed.gz
K562,K562,ENCSR000EWH,TF ChIP-seq,NR2C2,transcription factor,Homo sapiens K562,"Peggy Farnham, USC",0,4,2,,False,"not selected: one experiment per target (conventional ChIP-seq over Mint-ChIP, then lab priority Bernstein>Snyder>Stamatoyannopoulos, then audit flags)",ENCFF791ZPU,optimal IDR thresholded peaks,True,10865.0,2c06d5202c81ec20cb1b5e46ae39d730,https://www.encodeproject.org/files/ENCFF791ZPU/@@download/ENCFF791ZPU.bed.gz
K562,K562,ENCSR740NPG,TF ChIP-seq,BACH1,transcription factor,Homo sapiens K562 stably expressing BACH1,"Kevin White, UChicago",0,0,2,eGFP,False,"not selected: one experiment per target (conventional ChIP-seq over Mint-ChIP, then lab priority Bernstein>Snyder>Stamatoyannopoulos, then audit flags)",ENCFF678TXX,IDR thresholded peaks,True,298783.0,7e686d295e688234da2d72a6ca7e3011,https://www.encodeproject.org/files/ENCFF678TXX/@@download/ENCFF678TXX.bed.gz
K562,K562,ENCSR158RYZ,TF ChIP-seq,ZBTB40,transcription factor,Homo sapiens K562 genetically modified (insertion) using CRISPR targeting H. sapiens ZBTB40,"Kevin White, UChicago",0,0,3,eGFP,False,"not selected: one experiment per target (conventional ChIP-seq over Mint-ChIP, then lab priority Bernstein>Snyder>Stamatoyannopoulos, then audit flags)",ENCFF803CYY,IDR thresholded peaks,True,349092.0,3b2d9e00ff98aec91b37642251af00a4,https://www.encodeproject.org/files/ENCFF803CYY/@@download/ENCFF803CYY.bed.gz
K562,K562,ENCSR955LXM,TF ChIP-seq,ZBTB33,transcription factor,Homo sapiens K562 genetically modified (insertion) using CRISPR targeting H. sapiens ZBTB33,"Richard Myers, HAIB",0,0,5,3xFLAG,False,"not selected: one experiment per target (conventional ChIP-seq over Mint-ChIP, then lab priority Bernstein>Snyder>Stamatoyannopoulos, then audit flags)",ENCFF763XBV,IDR thresholded peaks,True,654702.0,b24df0ea04ee9cacc9eeb47ebc740c48,https://www.encodeproject.org/files/ENCFF763XBV/@@download/ENCFF763XBV.bed.gz
K562,K562,ENCSR178DEG,TF ChIP-seq,NR2C1,transcription factor,Homo sapiens K562 stably expressing NR2C1,"Michael Snyder, Stanford",0,0,7,eGFP,False,"not selected: one experiment per target (conventional ChIP-seq over Mint-ChIP, then lab priority Bernstein>Snyder>Stamatoyannopoulos, then audit flags)",ENCFF431GJK,optimal IDR thresholded peaks,True,446273.0,07faf723ed3075a3081c4c8d9b173ccf,https://www.encodeproject.org/files/ENCFF431GJK/@@download/ENCFF431GJK.bed.gz
K562,K562,ENCSR117WTM,TF ChIP-seq,ZNF24,transcription factor,Homo sapiens K562 stably expressing ZNF24,"Michael Snyder, Stanford",0,0,4,eGFP,False,"not selected: one experiment per target (conventional ChIP-seq over Mint-ChIP, then lab priority Bernstein>Snyder>Stamatoyannopoulos, then audit flags)",ENCFF205IFX,optimal IDR thresholded peaks,True,266097.0,6fd62fd2b04c80cb9fbed279e5b2a0a1,https://www.encodeproject.org/files/ENCFF205IFX/@@download/ENCFF205IFX.bed.gz
K562,K562,ENCSR910JAI,TF ChIP-seq,NCOR1,cofactor,Homo sapiens K562,"Michael Snyder, Stanford",0,0,5,,False,"not selected: one experiment per target (conventional ChIP-seq over Mint-ChIP, then lab priority Bernstein>Snyder>Stamatoyannopoulos, then audit flags)",ENCFF856HUK,optimal IDR thresholded peaks,True,479826.0,3fce17d32adedb8d11def5e87ff3d0fe,https://www.encodeproject.org/files/ENCFF856HUK/@@download/ENCFF856HUK.bed.gz
K562,K562,ENCSR225OGU,TF ChIP-seq,ERF,cofactor,Homo sapiens K562 genetically modified (insertion) using CRISPR targeting H. sapiens ERF,"Richard Myers, HAIB",0,0,8,3xFLAG,False,"not selected: one experiment per target (conventional ChIP-seq over Mint-ChIP, then lab priority Bernstein>Snyder>Stamatoyannopoulos, then audit flags)",ENCFF330EGV,IDR thresholded peaks,True,49376.0,1aed2eba88c74f09e568a20949faa66d,https://www.encodeproject.org/files/ENCFF330EGV/@@download/ENCFF330EGV.bed.gz
K562,K562,ENCSR568ZXG,TF ChIP-seq,ATF3,transcription factor,Homo sapiens K562 genetically modified (insertion) using CRISPR targeting H. sapiens ATF3,"Richard Myers, HAIB",0,0,6,3xFLAG,False,"not selected: one experiment per target (conventional ChIP-seq over Mint-ChIP, then lab priority Bernstein>Snyder>Stamatoyannopoulos, then audit flags)",ENCFF246USC,conservative IDR thresholded peaks,True,214535.0,66f036ca0dac2fd61ce12227e8d3c282,https://www.encodeproject.org/files/ENCFF246USC/@@download/ENCFF246USC.bed.gz
K562,K562,ENCSR130PDE,TF ChIP-seq,NR4A1,transcription factor,Homo sapiens K562 stably expressing NR4A1,"Michael Snyder, Stanford",0,0,8,eGFP,False,"not selected: one experiment per target (conventional ChIP-seq over Mint-ChIP, then lab priority Bernstein>Snyder>Stamatoyannopoulos, then audit flags)",ENCFF475VMR,optimal IDR thresholded peaks,True,393206.0,ea26658f9dc7224f020f0594840f0d6a,https://www.encodeproject.org/files/ENCFF475VMR/@@download/ENCFF475VMR.bed.gz
K562,K562,ENCSR000FAV,TF ChIP-seq,STAT1,transcription factor,Homo sapiens K562 treated with interferon alpha for 30 minutes,"Sherman Weissman, Yale",0,4,4,,False,treatment: interferon alpha (protein),ENCFF646MXG,optimal IDR thresholded peaks,True,26514.0,f89b2c4ecdac0570b786a0bd15c3ad2d,https://www.encodeproject.org/files/ENCFF646MXG/@@download/ENCFF646MXG.bed.gz
K562,K562,ENCSR000BNE,TF ChIP-seq,EGR1,transcription factor,Homo sapiens K562,"Richard Myers, HAIB",0,4,8,,False,"not selected: one experiment per target (conventional ChIP-seq over Mint-ChIP, then lab priority Bernstein>Snyder>Stamatoyannopoulos, then audit flags)",ENCFF561OGS,optimal IDR thresholded peaks,True,627927.0,b45c5bffe7443eafc8922d733c211f2a,https://www.encodeproject.org/files/ENCFF561OGS/@@download/ENCFF561OGS.bed.gz
K562,K562,ENCSR000EWD,TF ChIP-seq,SETDB1,chromatin remodeler,Homo sapiens K562,"Peggy Farnham, USC",0,4,5,,False,"not selected: one experiment per target (conventional ChIP-seq over Mint-ChIP, then lab priority Bernstein>Snyder>Stamatoyannopoulos, then audit flags)",ENCFF319ZYX,IDR thresholded peaks,True,63262.0,765096f42484c59c49079effd27df8e5,https://www.encodeproject.org/files/ENCFF319ZYX/@@download/ENCFF319ZYX.bed.gz
K562,K562,ENCSR000EHH,TF ChIP-seq,NRF1,transcription factor,Homo sapiens K562,"Michael Snyder, Stanford",1,0,5,,False,"not selected: one experiment per target (conventional ChIP-seq over Mint-ChIP, then lab priority Bernstein>Snyder>Stamatoyannopoulos, then audit flags)",ENCFF410RJD,IDR thresholded peaks,True,79812.0,3c3b4f0891b26a598aec80b7541d174a,https://www.encodeproject.org/files/ENCFF410RJD/@@download/ENCFF410RJD.bed.gz
K562,K562,ENCSR000FAE,TF ChIP-seq,MAX,transcription factor,Homo sapiens K562,"Sherman Weissman, Yale",1,3,3,,False,"not selected: one experiment per target (conventional ChIP-seq over Mint-ChIP, then lab priority Bernstein>Snyder>Stamatoyannopoulos, then audit flags)",ENCFF493DCP,IDR thresholded peaks,True,66654.0,e0f2628a910ce417183785819a3ed3b1,https://www.encodeproject.org/files/ENCFF493DCP/@@download/ENCFF493DCP.bed.gz
K562,K562,ENCSR000BKM,TF ChIP-seq,GATA2,transcription factor,Homo sapiens K562,"Richard Myers, HAIB",0,0,9,,False,"not selected: one experiment per target (conventional ChIP-seq over Mint-ChIP, then lab priority Bernstein>Snyder>Stamatoyannopoulos, then audit flags)",ENCFF242YZU,IDR thresholded peaks,True,359810.0,873c0bf5ab6c7bdeb64d06192213aad3,https://www.encodeproject.org/files/ENCFF242YZU/@@download/ENCFF242YZU.bed.gz
K562,K562,ENCSR000EZX,TF ChIP-seq,JUN,transcription factor,Homo sapiens K562 treated with interferon alpha for 6 hours,"Sherman Weissman, Yale",0,4,6,,False,treatment: interferon alpha (protein),ENCFF032UMW,optimal IDR thresholded peaks,True,90781.0,fa444e84dbaab69ed24a22454f4b9bc9,https://www.encodeproject.org/files/ENCFF032UMW/@@download/ENCFF032UMW.bed.gz
K562,K562,ENCSR000BKV,TF ChIP-seq,RAD21,cohesin,Homo sapiens K562,"Richard Myers, HAIB",0,2,7,,False,"not selected: one experiment per target (conventional ChIP-seq over Mint-ChIP, then lab priority Bernstein>Snyder>Stamatoyannopoulos, then audit flags)",ENCFF930WPG,IDR thresholded peaks,True,714504.0,b21e4e3e0b4afb82902692db97d35bfc,https://www.encodeproject.org/files/ENCFF930WPG/@@download/ENCFF930WPG.bed.gz
K562,K562,ENCSR000BRT,TF ChIP-seq,CBX3,chromatin remodeler,Homo sapiens K562,"Richard Myers, HAIB",0,0,4,,False,"not selected: one experiment per target (conventional ChIP-seq over Mint-ChIP, then lab priority Bernstein>Snyder>Stamatoyannopoulos, then audit flags)",ENCFF951BQB,optimal IDR thresholded peaks,True,466486.0,a7402798ec5e5c167abce02eb04f525f,https://www.encodeproject.org/files/ENCFF951BQB/@@download/ENCFF951BQB.bed.gz
K562,K562,ENCSR000EHK,TF ChIP-seq,STAT1,transcription factor,Homo sapiens K562 treated with Interferon gamma for 30 minutes,"Michael Snyder, Stanford",0,7,2,,False,treatment: Interferon gamma (protein),ENCFF405ZPR,IDR thresholded peaks,True,14712.0,078cdc99487139e9f423ee5a0479672a,https://www.encodeproject.org/files/ENCFF405ZPR/@@download/ENCFF405ZPR.bed.gz
K562,K562,ENCSR000BRQ,TF ChIP-seq,CEBPB,transcription factor,Homo sapiens K562,"Richard Myers, HAIB",0,1,4,,False,"not selected: one experiment per target (conventional ChIP-seq over Mint-ChIP, then lab priority Bernstein>Snyder>Stamatoyannopoulos, then audit flags)",ENCFF813LOW,optimal IDR thresholded peaks,True,415368.0,8163db7fab7a18aae4396d2cc750b4c1,https://www.encodeproject.org/files/ENCFF813LOW/@@download/ENCFF813LOW.bed.gz
K562,K562,ENCSR068QXO,TF ChIP-seq,SMAD4,transcription factor,Homo sapiens K562 genetically modified (insertion) using CRISPR targeting H. sapiens SMAD4,"Richard Myers, HAIB",0,0,6,3xFLAG,False,"not selected: one experiment per target (conventional ChIP-seq over Mint-ChIP, then lab priority Bernstein>Snyder>Stamatoyannopoulos, then audit flags)",ENCFF934NEX,IDR thresholded peaks,True,155623.0,513fe3c2e974048735d5b4b967cc58dc,https://www.encodeproject.org/files/ENCFF934NEX/@@download/ENCFF934NEX.bed.gz
K562,K562,ENCSR000BKH,TF ChIP-seq,BCLAF1,transcription factor,Homo sapiens K562,"Richard Myers, HAIB",0,4,7,,False,"not selected: one experiment per target (conventional ChIP-seq over Mint-ChIP, then lab priority Bernstein>Snyder>Stamatoyannopoulos, then audit flags)",ENCFF496YJC,optimal IDR thresholded peaks,True,39755.0,f1fc3159c8dc7811416c2320108d41bb,https://www.encodeproject.org/files/ENCFF496YJC/@@download/ENCFF496YJC.bed.gz
K562,K562,ENCSR000BLO,TF ChIP-seq,GABPA,transcription factor,Homo sapiens K562,"Richard Myers, HAIB",0,8,6,,False,"not selected: one experiment per target (conventional ChIP-seq over Mint-ChIP, then lab priority Bernstein>Snyder>Stamatoyannopoulos, then audit flags)",ENCFF124HAC,optimal IDR thresholded peaks,True,261370.0,02eada5e9e0de75b0ff67b7d443fead1,https://www.encodeproject.org/files/ENCFF124HAC/@@download/ENCFF124HAC.bed.gz
K562,K562,ENCSR138FUZ,TF ChIP-seq,RNF2,transcription factor,Homo sapiens K562,"Michael Snyder, Stanford",0,0,5,,False,"not selected: one experiment per target (conventional ChIP-seq over Mint-ChIP, then lab priority Bernstein>Snyder>Stamatoyannopoulos, then audit flags)",ENCFF820LKT,optimal IDR thresholded peaks,True,91248.0,222287580210015da4086a1003fa371e,https://www.encodeproject.org/files/ENCFF820LKT/@@download/ENCFF820LKT.bed.gz
K562,K562,ENCSR000EZW,TF ChIP-seq,JUN,transcription factor,Homo sapiens K562 treated with Interferon gamma for 6 hours,"Sherman Weissman, Yale",1,3,7,,False,treatment: Interferon gamma (protein),ENCFF881AVX,optimal IDR thresholded peaks,True,109084.0,53d7ceedc495abecf48529eda56f93a9,https://www.encodeproject.org/files/ENCFF881AVX/@@download/ENCFF881AVX.bed.gz
K562,K562,ENCSR000EGC,TF ChIP-seq,RCOR1,chromatin remodeler;transcription factor,Homo sapiens K562,"Michael Snyder, Stanford",0,0,11,,False,"not selected: one experiment per target (conventional ChIP-seq over Mint-ChIP, then lab priority Bernstein>Snyder>Stamatoyannopoulos, then audit flags)",ENCFF968SUH,optimal IDR thresholded peaks,True,123152.0,1481dcd0e4051afd7bbabee2758f0e75,https://www.encodeproject.org/files/ENCFF968SUH/@@download/ENCFF968SUH.bed.gz
K562,K562,ENCSR000EGB,TF ChIP-seq,TBL1XR1,cofactor,Homo sapiens K562,"Michael Snyder, Stanford",0,0,9,,False,"not selected: one experiment per target (conventional ChIP-seq over Mint-ChIP, then lab priority Bernstein>Snyder>Stamatoyannopoulos, then audit flags)",ENCFF868SWL,optimal IDR thresholded peaks,True,275587.0,36c7bcbb729dc172e1cf6fbe7620a435,https://www.encodeproject.org/files/ENCFF868SWL/@@download/ENCFF868SWL.bed.gz
K562,K562,ENCSR000BLP,TF ChIP-seq,MAX,transcription factor,Homo sapiens K562,"Richard Myers, HAIB",0,0,8,,False,"not selected: one experiment per target (conventional ChIP-seq over Mint-ChIP, then lab priority Bernstein>Snyder>Stamatoyannopoulos, then audit flags)",ENCFF900NVQ,optimal IDR thresholded peaks,True,999894.0,601ed3798660585b840d49abb2d4cb1c,https://www.encodeproject.org/files/ENCFF900NVQ/@@download/ENCFF900NVQ.bed.gz
K562,K562,ENCSR153DWR,TF ChIP-seq,E2F1,transcription factor,Homo sapiens K562 genetically modified (insertion) using CRISPR targeting H. sapiens E2F1,"Richard Myers, HAIB",0,0,6,3xFLAG,False,"not selected: one experiment per target (conventional ChIP-seq over Mint-ChIP, then lab priority Bernstein>Snyder>Stamatoyannopoulos, then audit flags)",ENCFF904RTN,IDR thresholded peaks,True,190916.0,a8a5d2c4db7a6c55fa80dafdb243d56b,https://www.encodeproject.org/files/ENCFF904RTN/@@download/ENCFF904RTN.bed.gz
K562,K562,ENCSR498JCG,TF ChIP-seq,ELF4,transcription factor,Homo sapiens K562 genetically modified (insertion) using CRISPR targeting H. sapiens ELF4,"Richard Myers, HAIB",0,0,3,3xFLAG,False,"not selected: one experiment per target (conventional ChIP-seq over Mint-ChIP, then lab priority Bernstein>Snyder>Stamatoyannopoulos, then audit flags)",ENCFF518EGY,IDR thresholded peaks,True,180305.0,e41f615a93c73ee55c54e5ef60220a8f,https://www.encodeproject.org/files/ENCFF518EGY/@@download/ENCFF518EGY.bed.gz
K562,K562,ENCSR000EGJ,TF ChIP-seq,MYC,transcription factor,Homo sapiens K562,"Michael Snyder, Stanford",0,0,9,,False,"not selected: one experiment per target (conventional ChIP-seq over Mint-ChIP, then lab priority Bernstein>Snyder>Stamatoyannopoulos, then audit flags)",ENCFF492XUU,optimal IDR thresholded peaks,True,530950.0,de1e6fbb2410c41327714236770bd01e,https://www.encodeproject.org/files/ENCFF492XUU/@@download/ENCFF492XUU.bed.gz
K562,K562,ENCSR014ARU,TF ChIP-seq,ATF2,transcription factor,Homo sapiens K562 genetically modified (insertion) using CRISPR targeting H. sapiens ATF2,"Richard Myers, HAIB",0,0,1,3xFLAG,False,"not selected: one experiment per target (conventional ChIP-seq over Mint-ChIP, then lab priority Bernstein>Snyder>Stamatoyannopoulos, then audit flags)",ENCFF121HYT,IDR thresholded peaks,True,49930.0,bb407abe86df5439cef62a5fa5246ec7,https://www.encodeproject.org/files/ENCFF121HYT/@@download/ENCFF121HYT.bed.gz
K562,K562,ENCSR372IML,TF ChIP-seq,SP1,transcription factor,Homo sapiens K562 genetically modified (insertion) using CRISPR targeting H. sapiens SP1,"Richard Myers, HAIB",0,0,5,3xFLAG,False,"not selected: one experiment per target (conventional ChIP-seq over Mint-ChIP, then lab priority Bernstein>Snyder>Stamatoyannopoulos, then audit flags)",ENCFF412ERW,IDR thresholded peaks,True,430973.0,a03b1cc52202015b7bb35c64935f57f1,https://www.encodeproject.org/files/ENCFF412ERW/@@download/ENCFF412ERW.bed.gz
K562,K562,ENCSR140GLO,TF ChIP-seq,SMAD3,transcription factor,Homo sapiens K562 genetically modified (insertion) using CRISPR targeting H. sapiens SMAD3,"Richard Myers, HAIB",0,0,6,3xFLAG,False,"not selected: one experiment per target (conventional ChIP-seq over Mint-ChIP, then lab priority Bernstein>Snyder>Stamatoyannopoulos, then audit flags)",ENCFF335ZTU,IDR thresholded peaks,True,51965.0,48ff6d2f45fc703cd6d2a4a7bcb9f895,https://www.encodeproject.org/files/ENCFF335ZTU/@@download/ENCFF335ZTU.bed.gz
K562,K562,ENCSR000EWM,TF ChIP-seq,GATA1,transcription factor,Homo sapiens K562,"Peggy Farnham, USC",1,3,3,,False,"not selected: one experiment per target (conventional ChIP-seq over Mint-ChIP, then lab priority Bernstein>Snyder>Stamatoyannopoulos, then audit flags)",ENCFF576YJD,optimal IDR thresholded peaks,True,71091.0,0e027d8aeed6a6ee8da9d4e88cf23ab4,https://www.encodeproject.org/files/ENCFF576YJD/@@download/ENCFF576YJD.bed.gz
K562,K562,ENCSR000BRW,TF ChIP-seq,TRIM28,transcription factor,Homo sapiens K562,"Richard Myers, HAIB",0,1,9,,False,"not selected: one experiment per target (conventional ChIP-seq over Mint-ChIP, then lab priority Bernstein>Snyder>Stamatoyannopoulos, then audit flags)",ENCFF996AMX,optimal IDR thresholded peaks,True,246030.0,360d0e8096959f20f6c52a978ed25c87,https://www.encodeproject.org/files/ENCFF996AMX/@@download/ENCFF996AMX.bed.gz
K562,K562,ENCSR000DMA,TF ChIP-seq,CTCF,transcription factor,Homo sapiens K562,"Vishwanath Iyer, UTA",0,5,1,,False,"not selected: one experiment per target (conventional ChIP-seq over Mint-ChIP, then lab priority Bernstein>Snyder>Stamatoyannopoulos, then audit flags)",ENCFF221SKA,IDR thresholded peaks,True,920264.0,e8a7102f0e50afb2fbcd6438868c4b4f,https://www.encodeproject.org/files/ENCFF221SKA/@@download/ENCFF221SKA.bed.gz
K562,K562,ENCSR000FCE,TF ChIP-seq,ETV6,transcription factor,Homo sapiens K562,"Richard Myers, HAIB",0,0,4,,False,"not selected: one experiment per target (conventional ChIP-seq over Mint-ChIP, then lab priority Bernstein>Snyder>Stamatoyannopoulos, then audit flags)",ENCFF965PER,IDR thresholded peaks,True,123187.0,0c6bff5143065945751d21983a178cfa,https://www.encodeproject.org/files/ENCFF965PER/@@download/ENCFF965PER.bed.gz
K562,K562,ENCSR000BMW,TF ChIP-seq,REST,transcription factor,Homo sapiens K562,"Richard Myers, HAIB",0,7,8,,False,"not selected: one experiment per target (conventional ChIP-seq over Mint-ChIP, then lab priority Bernstein>Snyder>Stamatoyannopoulos, then audit flags)",ENCFF023ZUW,optimal IDR thresholded peaks,True,236250.0,32adbc5e9e50c18860ffbb3c15be97b6,https://www.encodeproject.org/files/ENCFF023ZUW/@@download/ENCFF023ZUW.bed.gz
K562,K562,ENCSR000BKT,TF ChIP-seq,USF1,transcription factor,Homo sapiens K562,"Richard Myers, HAIB",1,6,8,,False,"not selected: one experiment per target (conventional ChIP-seq over Mint-ChIP, then lab priority Bernstein>Snyder>Stamatoyannopoulos, then audit flags)",ENCFF717KGR,optimal IDR thresholded peaks,True,344249.0,265cbc2d514f989af73979fec5570bb3,https://www.encodeproject.org/files/ENCFF717KGR/@@download/ENCFF717KGR.bed.gz
K562,K562,ENCSR000BPJ,TF ChIP-seq,CTCF,transcription factor,Homo sapiens K562,"Richard Myers, HAIB",0,1,13,,False,"not selected: one experiment per target (conventional ChIP-seq over Mint-ChIP, then lab priority Bernstein>Snyder>Stamatoyannopoulos, then audit flags)",ENCFF119XFJ,optimal IDR thresholded peaks,True,801899.0,d188231ecd51e08a69f22a2b2faf23f6,https://www.encodeproject.org/files/ENCFF119XFJ/@@download/ENCFF119XFJ.bed.gz
K562,K562,ENCSR000DKB,TF ChIP-seq,FOS,transcription factor,Homo sapiens K562 stably expressing FOS,"Kevin White, UChicago",0,0,11,eGFP,False,no GRCh38 narrowPeak (hg19 only),,,,,,
K562,K562,ENCSR000BNM,TF ChIP-seq,TAF7,RNA polymerase complex,Homo sapiens K562,"Richard Myers, HAIB",0,4,9,,False,"not selected: one experiment per target (conventional ChIP-seq over Mint-ChIP, then lab priority Bernstein>Snyder>Stamatoyannopoulos, then audit flags)",ENCFF852NOL,optimal IDR thresholded peaks,True,12435.0,5cf6d1f9a14bbdcedf73fff57d04e6fe,https://www.encodeproject.org/files/ENCFF852NOL/@@download/ENCFF852NOL.bed.gz
K562,K562,ENCSR000EHE,TF ChIP-seq,CEBPB,transcription factor,Homo sapiens K562,"Michael Snyder, Stanford",0,0,7,,False,"not selected: one experiment per target (conventional ChIP-seq over Mint-ChIP, then lab priority Bernstein>Snyder>Stamatoyannopoulos, then audit flags)",ENCFF321KQD,optimal IDR thresholded peaks,True,765147.0,7eefd24d34e7e7022be375a336f82ac8,https://www.encodeproject.org/files/ENCFF321KQD/@@download/ENCFF321KQD.bed.gz
K562,K562,ENCSR000EVY,TF ChIP-seq,TRIM28,transcription factor,Homo sapiens K562,"Peggy Farnham, USC",0,2,9,,False,"not selected: one experiment per target (conventional ChIP-seq over Mint-ChIP, then lab priority Bernstein>Snyder>Stamatoyannopoulos, then audit flags)",ENCFF623ELO,optimal IDR thresholded peaks,True,89903.0,99942fd6c50b421da7144d15f9b304d1,https://www.encodeproject.org/files/ENCFF623ELO/@@download/ENCFF623ELO.bed.gz
K562,K562,ENCSR000DOH,TF ChIP-seq,SIRT6,chromatin remodeler,Homo sapiens K562,"Kevin Struhl, HMS",0,4,2,,False,"not selected: one experiment per target (conventional ChIP-seq over Mint-ChIP, then lab priority Bernstein>Snyder>Stamatoyannopoulos, then audit flags)",ENCFF217ACS,IDR thresholded peaks,True,25146.0,f195c93166b6bbaca39773eb191957c7,https://www.encodeproject.org/files/ENCFF217ACS/@@download/ENCFF217ACS.bed.gz
K562,K562,ENCSR000EWL,TF ChIP-seq,E2F4,transcription factor,Homo sapiens K562,"Peggy Farnham, USC",1,3,1,,False,"not selected: one experiment per target (conventional ChIP-seq over Mint-ChIP, then lab priority Bernstein>Snyder>Stamatoyannopoulos, then audit flags)",ENCFF225TLP,optimal IDR thresholded peaks,True,172432.0,bdda78cf9f5c0857af42c0c6077cd1c1,https://www.encodeproject.org/files/ENCFF225TLP/@@download/ENCFF225TLP.bed.gz
K562,K562,ENCSR000FCC,TF ChIP-seq,NFE2,transcription factor,Homo sapiens K562,"Richard Myers, HAIB",0,0,3,,False,"not selected: one experiment per target (conventional ChIP-seq over Mint-ChIP, then lab priority Bernstein>Snyder>Stamatoyannopoulos, then audit flags)",ENCFF474PRJ,IDR thresholded peaks,True,494676.0,6d0d8313eb77f1cbd34f5444edcb1ae7,https://www.encodeproject.org/files/ENCFF474PRJ/@@download/ENCFF474PRJ.bed.gz
K562,K562,ENCSR000DJW,TF ChIP-seq,NR4A1,transcription factor,Homo sapiens K562 stably expressing NR4A1,"Kevin White, UChicago",0,1,7,eGFP,False,"not selected: one experiment per target (conventional ChIP-seq over Mint-ChIP, then lab priority Bernstein>Snyder>Stamatoyannopoulos, then audit flags)",ENCFF868BIT,optimal IDR thresholded peaks,True,15594.0,51debf39c5cf7bebc1d7e177410af26e,https://www.encodeproject.org/files/ENCFF868BIT/@@download/ENCFF868BIT.bed.gz
K562,K562,ENCSR000BMD,TF ChIP-seq,ELF1,transcription factor,Homo sapiens K562,"Richard Myers, HAIB",0,4,9,,False,"not selected: one experiment per target (conventional ChIP-seq over Mint-ChIP, then lab priority Bernstein>Snyder>Stamatoyannopoulos, then audit flags)",ENCFF463GCH,optimal IDR thresholded peaks,True,569548.0,425ae520c266a3da61db4b1767c41189,https://www.encodeproject.org/files/ENCFF463GCH/@@download/ENCFF463GCH.bed.gz
K562,K562,ENCSR000DLY,TF ChIP-seq,POLR2A,RNA polymerase complex,Homo sapiens K562,"Vishwanath Iyer, UTA",0,1,6,,False,"not selected: one experiment per target (conventional ChIP-seq over Mint-ChIP, then lab priority Bernstein>Snyder>Stamatoyannopoulos, then audit flags)",ENCFF410CPY,IDR thresholded peaks,True,508066.0,b78e8b765151122111ed77e05cde30c7,https://www.encodeproject.org/files/ENCFF410CPY/@@download/ENCFF410CPY.bed.gz
K562,K562,ENCSR361UTL,TF ChIP-seq,MYBL2,transcription factor,Homo sapiens K562 genetically modified (insertion) using CRISPR targeting H. sapiens MYBL2,"Richard Myers, HAIB",0,0,2,3xFLAG,False,"not selected: one experiment per target (conventional ChIP-seq over Mint-ChIP, then lab priority Bernstein>Snyder>Stamatoyannopoulos, then audit flags)",ENCFF227LKX,IDR thresholded peaks,True,15205.0,7f9365e43c0329292a2b86b501275018,https://www.encodeproject.org/files/ENCFF227LKX/@@download/ENCFF227LKX.bed.gz
K562,K562,ENCSR493JTJ,TF ChIP-seq,ETV6,transcription factor,Homo sapiens K562 genetically modified (insertion) using CRISPR targeting H. sapiens ETV6,"Richard Myers, HAIB",0,0,6,3xFLAG,False,"not selected: one experiment per target (conventional ChIP-seq over Mint-ChIP, then lab priority Bernstein>Snyder>Stamatoyannopoulos, then audit flags)",ENCFF405QTW,IDR thresholded peaks,True,63482.0,3116158f4ce629d42e5154b319a0f0a2,https://www.encodeproject.org/files/ENCFF405QTW/@@download/ENCFF405QTW.bed.gz
K562,K562,ENCSR000EGU,TF ChIP-seq,IRF1,transcription factor,Homo sapiens K562 treated with interferon alpha for 30 minutes,"Michael Snyder, Stanford",0,2,9,,False,treatment: interferon alpha (protein),ENCFF938NBD,optimal IDR thresholded peaks,True,28320.0,84e979cfdb944d58bb9a920cf52161ed,https://www.encodeproject.org/files/ENCFF938NBD/@@download/ENCFF938NBD.bed.gz
K562,K562,ENCSR000FAJ,TF ChIP-seq,POLR2A,RNA polymerase complex,Homo sapiens K562,"Sherman Weissman, Yale",0,4,2,,False,"not selected: one experiment per target (conventional ChIP-seq over Mint-ChIP, then lab priority Bernstein>Snyder>Stamatoyannopoulos, then audit flags)",ENCFF107SJD,IDR thresholded peaks,True,398440.0,beb365ecb20e27529fcc392b762d81bf,https://www.encodeproject.org/files/ENCFF107SJD/@@download/ENCFF107SJD.bed.gz
K562,K562,ENCSR158LJN,TF ChIP-seq,MAX,transcription factor,Homo sapiens K562 genetically modified (insertion) using CRISPR targeting H. sapiens MAX,"Richard Myers, HAIB",0,0,7,3xFLAG,False,"not selected: one experiment per target (conventional ChIP-seq over Mint-ChIP, then lab priority Bernstein>Snyder>Stamatoyannopoulos, then audit flags)",ENCFF266YHW,IDR thresholded peaks,True,525123.0,57d0811daccb6c9e014828ca2d3657fc,https://www.encodeproject.org/files/ENCFF266YHW/@@download/ENCFF266YHW.bed.gz
K562,K562,ENCSR939CDD,TF ChIP-seq,ARID4B,transcription factor,Homo sapiens K562 genetically modified (insertion) using CRISPR targeting H. sapiens ARID4B,"Richard Myers, HAIB",0,0,5,3xFLAG,False,"not selected: one experiment per target (conventional ChIP-seq over Mint-ChIP, then lab priority Bernstein>Snyder>Stamatoyannopoulos, then audit flags)",ENCFF086FAZ,IDR thresholded peaks,True,339617.0,5c32882156ff9a8d1042cf91c0d37de0,https://www.encodeproject.org/files/ENCFF086FAZ/@@download/ENCFF086FAZ.bed.gz
K562,K562,ENCSR000EGL,TF ChIP-seq,IRF1,transcription factor,Homo sapiens K562 treated with interferon alpha for 6 hours,"Michael Snyder, Stanford",0,0,11,,False,treatment: interferon alpha (protein),ENCFF978BBL,optimal IDR thresholded peaks,True,222922.0,3cf058dd9ea7d55c1849293e4292fee6,https://www.encodeproject.org/files/ENCFF978BBL/@@download/ENCFF978BBL.bed.gz
K562,K562,ENCSR000EGT,TF ChIP-seq,IRF1,transcription factor,Homo sapiens K562 treated with Interferon gamma for 6 hours,"Michael Snyder, Stanford",0,2,9,,False,treatment: Interferon gamma (protein),ENCFF346LMY,optimal IDR thresholded peaks,True,251613.0,88bc01e2bc400f74f411b8459b4d70c6,https://www.encodeproject.org/files/ENCFF346LMY/@@download/ENCFF346LMY.bed.gz
K562,K562,ENCSR228ELU,TF ChIP-seq,TEAD1,transcription factor,Homo sapiens K562 genetically modified (insertion) using CRISPR targeting H. sapiens TEAD1,"Richard Myers, HAIB",0,0,5,3xFLAG,False,"not selected: one experiment per target (conventional ChIP-seq over Mint-ChIP, then lab priority Bernstein>Snyder>Stamatoyannopoulos, then audit flags)",ENCFF214SNH,IDR thresholded peaks,True,330511.0,a864ccf68ff3ca9e7539f90ef7208260,https://www.encodeproject.org/files/ENCFF214SNH/@@download/ENCFF214SNH.bed.gz
K562,K562,ENCSR817FMN,TF ChIP-seq,TEAD4,transcription factor,Homo sapiens K562 genetically modified (insertion) using CRISPR targeting H. sapiens TEAD4,"Richard Myers, HAIB",0,0,6,3xFLAG,False,"not selected: one experiment per target (conventional ChIP-seq over Mint-ChIP, then lab priority Bernstein>Snyder>Stamatoyannopoulos, then audit flags)",ENCFF303CVC,IDR thresholded peaks,True,74229.0,3ac930fb7df2fdcfd0236e8c01776281,https://www.encodeproject.org/files/ENCFF303CVC/@@download/ENCFF303CVC.bed.gz
K562,K562,ENCSR000BKO,TF ChIP-seq,SP1,transcription factor,Homo sapiens K562,"Richard Myers, HAIB",0,0,7,,False,"not selected: one experiment per target (conventional ChIP-seq over Mint-ChIP, then lab priority Bernstein>Snyder>Stamatoyannopoulos, then audit flags)",ENCFF171NEU,IDR thresholded peaks,True,142900.0,ed96812047e32cf031bf7a494bbcfc54,https://www.encodeproject.org/files/ENCFF171NEU/@@download/ENCFF171NEU.bed.gz
K562,K562,ENCSR000BKF,TF ChIP-seq,ZBTB33,transcription factor,Homo sapiens K562,"Richard Myers, HAIB",0,0,6,,False,"not selected: one experiment per target (conventional ChIP-seq over Mint-ChIP, then lab priority Bernstein>Snyder>Stamatoyannopoulos, then audit flags)",ENCFF146GZZ,IDR thresholded peaks,True,62007.0,8ac0ef9bb5256371dae70c5c42031e27,https://www.encodeproject.org/files/ENCFF146GZZ/@@download/ENCFF146GZZ.bed.gz
K562,K562,ENCSR000EWG,TF ChIP-seq,GATA2,transcription factor,Homo sapiens K562,"Peggy Farnham, USC",0,5,2,,False,"not selected: one experiment per target (conventional ChIP-seq over Mint-ChIP, then lab priority Bernstein>Snyder>Stamatoyannopoulos, then audit flags)",ENCFF173TXA,optimal IDR thresholded peaks,True,185059.0,c395f505b604dfc3a2e6759e674e5857,https://www.encodeproject.org/files/ENCFF173TXA/@@download/ENCFF173TXA.bed.gz
K562,K562,ENCSR000FAX,TF ChIP-seq,POLR2A,RNA polymerase complex,Homo sapiens K562 treated with interferon alpha for 6 hours,"Sherman Weissman, Yale",0,4,6,,False,treatment: interferon alpha (protein),ENCFF798PUX,optimal IDR thresholded peaks,True,336981.0,bc2c108096d06887b68705dd72015e76,https://www.encodeproject.org/files/ENCFF798PUX/@@download/ENCFF798PUX.bed.gz
K562,K562,ENCSR000FAH,TF ChIP-seq,JUN,transcription factor,Homo sapiens K562,"Sherman Weissman, Yale",1,3,3,,False,"not selected: one experiment per target (conventional ChIP-seq over Mint-ChIP, then lab priority Bernstein>Snyder>Stamatoyannopoulos, then audit flags)",ENCFF589QXC,IDR thresholded peaks,True,173670.0,4ee82c51376a8d36015d7cb91d0d5c82,https://www.encodeproject.org/files/ENCFF589QXC/@@download/ENCFF589QXC.bed.gz
K562,K562,ENCSR000EWJ,TF ChIP-seq,E2F6,transcription factor,Homo sapiens K562,"Peggy Farnham, USC",2,2,2,,False,"not selected: one experiment per target (conventional ChIP-seq over Mint-ChIP, then lab priority Bernstein>Snyder>Stamatoyannopoulos, then audit flags)",ENCFF417DTI,optimal IDR thresholded peaks,True,335871.0,85481cde4239ba77168c9dff2e3fa9cb,https://www.encodeproject.org/files/ENCFF417DTI/@@download/ENCFF417DTI.bed.gz
K562,K562,ENCSR000DNZ,TF ChIP-seq,ATF1,transcription factor,Homo sapiens K562,"Kevin Struhl, HMS",0,0,9,,False,"not selected: one experiment per target (conventional ChIP-seq over Mint-ChIP, then lab priority Bernstein>Snyder>Stamatoyannopoulos, then audit flags)",ENCFF206BGR,IDR thresholded peaks,True,292217.0,13a758619083d7b597e891eed150245a,https://www.encodeproject.org/files/ENCFF206BGR/@@download/ENCFF206BGR.bed.gz
K562,K562,ENCSR058DRG,TF ChIP-seq,CEBPG,transcription factor,Homo sapiens K562 genetically modified (insertion) using CRISPR targeting H. sapiens CEBPG,"Richard Myers, HAIB",0,0,5,3xFLAG,False,"not selected: one experiment per target (conventional ChIP-seq over Mint-ChIP, then lab priority Bernstein>Snyder>Stamatoyannopoulos, then audit flags)",ENCFF558AJI,IDR thresholded peaks,True,334577.0,80d2e8c69d6dd36c8164a9c90a93367f,https://www.encodeproject.org/files/ENCFF558AJI/@@download/ENCFF558AJI.bed.gz
K562,K562,ENCSR626HJW,TF ChIP-seq,HMG20A,transcription factor,Homo sapiens K562 genetically modified (insertion) using CRISPR targeting H. sapiens HMG20A,"Richard Myers, HAIB",0,0,6,3xFLAG,False,"not selected: one experiment per target (conventional ChIP-seq over Mint-ChIP, then lab priority Bernstein>Snyder>Stamatoyannopoulos, then audit flags)",ENCFF866ARI,IDR thresholded peaks,True,268682.0,d14be75d0067bc809d8978d1628e2c91,https://www.encodeproject.org/files/ENCFF866ARI/@@download/ENCFF866ARI.bed.gz
K562,K562,ENCSR516SWI,TF ChIP-seq,NR2C2,transcription factor,Homo sapiens K562 genetically modified (insertion) using CRISPR targeting H. sapiens NR2C2,"Richard Myers, HAIB",0,0,5,3xFLAG,False,"not selected: one experiment per target (conventional ChIP-seq over Mint-ChIP, then lab priority Bernstein>Snyder>Stamatoyannopoulos, then audit flags)",ENCFF946CTR,IDR thresholded peaks,True,182066.0,172dc18808518597204fb4184259ef1d,https://www.encodeproject.org/files/ENCFF946CTR/@@download/ENCFF946CTR.bed.gz
K562,K562,ENCSR471WXT,TF ChIP-seq,CREB1,transcription factor,Homo sapiens K562 genetically modified (insertion) using CRISPR targeting H. sapiens CREB1,"Richard Myers, HAIB",0,0,6,3xFLAG,False,"not selected: one experiment per target (conventional ChIP-seq over Mint-ChIP, then lab priority Bernstein>Snyder>Stamatoyannopoulos, then audit flags)",ENCFF970QKS,IDR thresholded peaks,True,330387.0,b6a703a3fdae9bf862db17e47c79bc6d,https://www.encodeproject.org/files/ENCFF970QKS/@@download/ENCFF970QKS.bed.gz
K562,K562,ENCSR011WGT,TF ChIP-seq,GABPB1,transcription factor,Homo sapiens K562 genetically modified (insertion) using CRISPR targeting H. sapiens GABPB1,"Richard Myers, HAIB",0,0,5,3xFLAG,False,"not selected: one experiment per target (conventional ChIP-seq over Mint-ChIP, then lab priority Bernstein>Snyder>Stamatoyannopoulos, then audit flags)",ENCFF009RFC,IDR thresholded peaks,True,418536.0,03f477652819abc2afd90b296805750a,https://www.encodeproject.org/files/ENCFF009RFC/@@download/ENCFF009RFC.bed.gz
K562,K562,ENCSR085XDP,TF ChIP-seq,ATF1,transcription factor,Homo sapiens K562 genetically modified (insertion) using CRISPR targeting H. sapiens ATF1,"Richard Myers, HAIB",0,0,9,3xFLAG,False,"not selected: one experiment per target (conventional ChIP-seq over Mint-ChIP, then lab priority Bernstein>Snyder>Stamatoyannopoulos, then audit flags)",ENCFF793HSJ,IDR thresholded peaks,True,61553.0,f283121cf720ccd5a649027a808132e6,https://www.encodeproject.org/files/ENCFF793HSJ/@@download/ENCFF793HSJ.bed.gz
K562,K562,ENCSR946WBN,TF ChIP-seq,JUN,transcription factor,Homo sapiens K562 genetically modified (insertion) using CRISPR targeting H. sapiens JUN,"Richard Myers, HAIB",0,0,6,3xFLAG,False,"not selected: one experiment per target (conventional ChIP-seq over Mint-ChIP, then lab priority Bernstein>Snyder>Stamatoyannopoulos, then audit flags)",ENCFF865UPM,IDR thresholded peaks,True,133394.0,1504363b2971689d5806367e9be0f4a5,https://www.encodeproject.org/files/ENCFF865UPM/@@download/ENCFF865UPM.bed.gz
K562,K562,ENCSR229KXQ,TF ChIP-seq,ZNF282,transcription factor,Homo sapiens K562 genetically modified (insertion) using CRISPR targeting H. sapiens ZNF282,"Richard Myers, HAIB",0,0,1,3xFLAG,False,"not selected: one experiment per target (conventional ChIP-seq over Mint-ChIP, then lab priority Bernstein>Snyder>Stamatoyannopoulos, then audit flags)",ENCFF094FBP,IDR thresholded peaks,True,62736.0,be8367724365cef53c9490dbfe9054bf,https://www.encodeproject.org/files/ENCFF094FBP/@@download/ENCFF094FBP.bed.gz
K562,K562,ENCSR201DCF,TF ChIP-seq,ZFP91,transcription factor,Homo sapiens K562 genetically modified (insertion) using CRISPR targeting H. sapiens ZFP91,"Richard Myers, HAIB",0,0,5,3xFLAG,False,"not selected: one experiment per target (conventional ChIP-seq over Mint-ChIP, then lab priority Bernstein>Snyder>Stamatoyannopoulos, then audit flags)",ENCFF718IGO,IDR thresholded peaks,True,95101.0,49f3f82c32ae50e935dd3b01e66231e0,https://www.encodeproject.org/files/ENCFF718IGO/@@download/ENCFF718IGO.bed.gz
K562,K562,ENCSR628DJK,TF ChIP-seq,ZFX,cofactor,Homo sapiens K562 genetically modified (insertion) using CRISPR targeting H. sapiens ZFX,"Richard Myers, HAIB",0,0,6,3xFLAG,False,"not selected: one experiment per target (conventional ChIP-seq over Mint-ChIP, then lab priority Bernstein>Snyder>Stamatoyannopoulos, then audit flags)",ENCFF840NZE,IDR thresholded peaks,True,675041.0,6501d53b9952201df15a16610da5e3db,https://www.encodeproject.org/files/ENCFF840NZE/@@download/ENCFF840NZE.bed.gz
K562,K562,ENCSR013UDY,TF ChIP-seq,TOE1,RNA binding protein,Homo sapiens K562 genetically modified (insertion) using CRISPR targeting H. sapiens TOE1,"Richard Myers, HAIB",0,0,7,3xFLAG,False,"not selected: one experiment per target (conventional ChIP-seq over Mint-ChIP, then lab priority Bernstein>Snyder>Stamatoyannopoulos, then audit flags)",ENCFF917HUH,IDR thresholded peaks,True,78635.0,028d5e474d612dda1bb14321bd71113d,https://www.encodeproject.org/files/ENCFF917HUH/@@download/ENCFF917HUH.bed.gz
K562,K562,ENCSR588AKU,TF ChIP-seq,RUNX1,transcription factor,Homo sapiens K562,"Richard Myers, HAIB",0,0,3,,False,"not selected: one experiment per target (conventional ChIP-seq over Mint-ChIP, then lab priority Bernstein>Snyder>Stamatoyannopoulos, then audit flags)",ENCFF091MQJ,optimal IDR thresholded peaks,True,66220.0,5c2f1d696ec866604a2f43624f6b8839,https://www.encodeproject.org/files/ENCFF091MQJ/@@download/ENCFF091MQJ.bed.gz
K562,K562,ENCSR795IYP,TF ChIP-seq,JUNB,cofactor,Homo sapiens K562,"Richard Myers, HAIB",0,0,4,,False,"not selected: one experiment per target (conventional ChIP-seq over Mint-ChIP, then lab priority Bernstein>Snyder>Stamatoyannopoulos, then audit flags)",ENCFF739XTO,optimal IDR thresholded peaks,True,92277.0,6a857de42db30576df96a5224a3d56b8,https://www.encodeproject.org/files/ENCFF739XTO/@@download/ENCFF739XTO.bed.gz
K562,K562,ENCSR415TXN,TF ChIP-seq,NONO,RNA binding protein,Homo sapiens K562,"Xiang-Dong Fu, UCSD",0,0,10,,False,"not selected: one experiment per target (conventional ChIP-seq over Mint-ChIP, then lab priority Bernstein>Snyder>Stamatoyannopoulos, then audit flags)",ENCFF823CQK,optimal IDR thresholded peaks,True,96411.0,23a93e1a57c7dd694ed44cfa4c5e72c1,https://www.encodeproject.org/files/ENCFF823CQK/@@download/ENCFF823CQK.bed.gz
K562,K562,ENCSR377BLZ,TF ChIP-seq,GTF2F1,RNA polymerase complex,Homo sapiens K562,"Xiang-Dong Fu, UCSD",0,5,7,,False,"not selected: one experiment per target (conventional ChIP-seq over Mint-ChIP, then lab priority Bernstein>Snyder>Stamatoyannopoulos, then audit flags)",ENCFF843UHP,optimal IDR thresholded peaks,True,269256.0,e1965b4b42bacc9d61965c3981c66dc1,https://www.encodeproject.org/files/ENCFF843UHP/@@download/ENCFF843UHP.bed.gz
K562,K562,ENCSR901VIE,TF ChIP-seq,TFDP1,transcription factor,Homo sapiens K562 genetically modified (insertion) using CRISPR targeting H. sapiens TFDP1,"Richard Myers, HAIB",0,0,5,3xFLAG,False,"not selected: one experiment per target (conventional ChIP-seq over Mint-ChIP, then lab priority Bernstein>Snyder>Stamatoyannopoulos, then audit flags)",ENCFF044IDV,IDR thresholded peaks,True,395314.0,9d448c84f857160afd5f9ca126d93fda,https://www.encodeproject.org/files/ENCFF044IDV/@@download/ENCFF044IDV.bed.gz
K562,K562,ENCSR998AJK,TF ChIP-seq,NRF1,transcription factor,Homo sapiens K562,"Michael Snyder, Stanford",0,0,2,,False,"not selected: one experiment per target (conventional ChIP-seq over Mint-ChIP, then lab priority Bernstein>Snyder>Stamatoyannopoulos, then audit flags)",ENCFF782YFS,optimal IDR thresholded peaks,True,684837.0,f22788b5a3d64f0348e8aa61bf92085c,https://www.encodeproject.org/files/ENCFF782YFS/@@download/ENCFF782YFS.bed.gz
K562,K562,ENCSR731LHZ,TF ChIP-seq,E4F1,transcription factor,Homo sapiens K562,"Michael Snyder, Stanford",0,2,6,,False,"not selected: one experiment per target (conventional ChIP-seq over Mint-ChIP, then lab priority Bernstein>Snyder>Stamatoyannopoulos, then audit flags)",ENCFF752KNU,optimal IDR thresholded peaks,True,512900.0,c83d74e0214a815c337cb5a61b85bcd1,https://www.encodeproject.org/files/ENCFF752KNU/@@download/ENCFF752KNU.bed.gz
K562,K562,ENCSR258PSN,TF ChIP-seq,ZNF639,transcription factor,Homo sapiens K562 genetically modified (insertion) using CRISPR targeting H. sapiens ZNF639,"Richard Myers, HAIB",0,0,1,3xFLAG,False,"not selected: one experiment per target (conventional ChIP-seq over Mint-ChIP, then lab priority Bernstein>Snyder>Stamatoyannopoulos, then audit flags)",ENCFF645OCW,conservative IDR thresholded peaks,True,22609.0,31eba7488883f23341ee704265ebadf8,https://www.encodeproject.org/files/ENCFF645OCW/@@download/ENCFF645OCW.bed.gz
K562,K562,ENCSR526HRN,TF ChIP-seq,ZNF184,transcription factor,Homo sapiens K562 genetically modified (insertion) using CRISPR targeting H. sapiens ZNF184,"Richard Myers, HAIB",0,0,1,3xFLAG,False,"not selected: one experiment per target (conventional ChIP-seq over Mint-ChIP, then lab priority Bernstein>Snyder>Stamatoyannopoulos, then audit flags)",ENCFF882XTP,IDR thresholded peaks,True,27642.0,95f98e307d92e6099d4f0530839629a2,https://www.encodeproject.org/files/ENCFF882XTP/@@download/ENCFF882XTP.bed.gz
K562,K562,ENCSR992KLV,TF ChIP-seq,MYNN,transcription factor,Homo sapiens K562 genetically modified (insertion) using CRISPR targeting H. sapiens MYNN,"Richard Myers, HAIB",0,0,1,3xFLAG,False,"not selected: one experiment per target (conventional ChIP-seq over Mint-ChIP, then lab priority Bernstein>Snyder>Stamatoyannopoulos, then audit flags)",ENCFF749GMT,IDR thresholded peaks,True,21577.0,253107ac11b7a36df05a41da1cc2747e,https://www.encodeproject.org/files/ENCFF749GMT/@@download/ENCFF749GMT.bed.gz
K562,K562,ENCSR579YNY,TF ChIP-seq,ZBTB40,transcription factor,Homo sapiens K562 genetically modified (insertion) using CRISPR targeting H. sapiens ZBTB40,"Richard Myers, HAIB",0,0,10,3xFLAG,False,"not selected: one experiment per target (conventional ChIP-seq over Mint-ChIP, then lab priority Bernstein>Snyder>Stamatoyannopoulos, then audit flags)",ENCFF132DPY,IDR thresholded peaks,True,94612.0,90e0215e2c43ed94902b93d6eb4ade9b,https://www.encodeproject.org/files/ENCFF132DPY/@@download/ENCFF132DPY.bed.gz
K562,K562,ENCSR000BMG,TF ChIP-seq,HDAC2,chromatin remodeler,Homo sapiens K562,"Richard Myers, HAIB",0,3,9,,False,"not selected: one experiment per target (conventional ChIP-seq over Mint-ChIP, then lab priority Bernstein>Snyder>Stamatoyannopoulos, then audit flags)",ENCFF741IMY,optimal IDR thresholded peaks,True,165026.0,15bb764a113181237eaeb47dc5b28201,https://www.encodeproject.org/files/ENCFF741IMY/@@download/ENCFF741IMY.bed.gz
K562,K562,ENCSR000EWE,TF ChIP-seq,ZNF274,transcription factor,Homo sapiens K562,"Peggy Farnham, USC",0,4,2,,False,"not selected: one experiment per target (conventional ChIP-seq over Mint-ChIP, then lab priority Bernstein>Snyder>Stamatoyannopoulos, then audit flags)",ENCFF323AWS,optimal IDR thresholded peaks,True,7515.0,d9d7782ccf01187a959d1c8b960d9165,https://www.encodeproject.org/files/ENCFF323AWS/@@download/ENCFF323AWS.bed.gz
K562,K562,ENCSR353HEP,TF ChIP-seq,TARDBP,RNA binding protein,Homo sapiens K562,"Richard Myers, HAIB",0,0,1,,False,"not selected: one experiment per target (conventional ChIP-seq over Mint-ChIP, then lab priority Bernstein>Snyder>Stamatoyannopoulos, then audit flags)",ENCFF641AXD,optimal IDR thresholded peaks,True,137540.0,7e814721301eb261472ed85b8adbeed3,https://www.encodeproject.org/files/ENCFF641AXD/@@download/ENCFF641AXD.bed.gz
K562,K562,ENCSR000BNU,TF ChIP-seq,ATF3,transcription factor,Homo sapiens K562,"Richard Myers, HAIB",0,4,7,,False,"not selected: one experiment per target (conventional ChIP-seq over Mint-ChIP, then lab priority Bernstein>Snyder>Stamatoyannopoulos, then audit flags)",ENCFF467WOR,optimal IDR thresholded peaks,True,131560.0,0eea4ec13ed728c59950c45219d7f880,https://www.encodeproject.org/files/ENCFF467WOR/@@download/ENCFF467WOR.bed.gz
K562,K562,ENCSR137ZMQ,TF ChIP-seq,REST,transcription factor,Homo sapiens K562,"Michael Snyder, Stanford",0,0,3,,False,"not selected: one experiment per target (conventional ChIP-seq over Mint-ChIP, then lab priority Bernstein>Snyder>Stamatoyannopoulos, then audit flags)",ENCFF290ESJ,optimal IDR thresholded peaks,True,861777.0,cda2eb3701a3c2cf983119e3cb16ca41,https://www.encodeproject.org/files/ENCFF290ESJ/@@download/ENCFF290ESJ.bed.gz
K562,K562,ENCSR000FAD,TF ChIP-seq,RAD21,cohesin,Homo sapiens K562,"Sherman Weissman, Yale",0,4,2,,False,"not selected: one experiment per target (conventional ChIP-seq over Mint-ChIP, then lab priority Bernstein>Snyder>Stamatoyannopoulos, then audit flags)",ENCFF258VXX,IDR thresholded peaks,True,279716.0,8ea125d06f3a4348bc2c8f91dc03d3d7,https://www.encodeproject.org/files/ENCFF258VXX/@@download/ENCFF258VXX.bed.gz
K562,K562,ENCSR000FCB,TF ChIP-seq,MITF,transcription factor,Homo sapiens K562,"Richard Myers, HAIB",0,0,2,,False,"not selected: one experiment per target (conventional ChIP-seq over Mint-ChIP, then lab priority Bernstein>Snyder>Stamatoyannopoulos, then audit flags)",ENCFF605XYC,IDR thresholded peaks,True,131430.0,339102905c609b5e15eef0d8b331d99e,https://www.encodeproject.org/files/ENCFF605XYC/@@download/ENCFF605XYC.bed.gz
K562,K562,ENCSR000EFX,TF ChIP-seq,MAZ,transcription factor,Homo sapiens K562,"Michael Snyder, Stanford",0,0,5,,False,"not selected: one experiment per target (conventional ChIP-seq over Mint-ChIP, then lab priority Bernstein>Snyder>Stamatoyannopoulos, then audit flags)",ENCFF837NNR,IDR thresholded peaks,True,720608.0,0f46e360910a07090b382856ea784738,https://www.encodeproject.org/files/ENCFF837NNR/@@download/ENCFF837NNR.bed.gz
K562,K562,ENCSR000DLZ,TF ChIP-seq,MYC,transcription factor,Homo sapiens K562,"Vishwanath Iyer, UTA",0,6,10,,False,"not selected: one experiment per target (conventional ChIP-seq over Mint-ChIP, then lab priority Bernstein>Snyder>Stamatoyannopoulos, then audit flags)",ENCFF566CTX,IDR thresholded peaks,True,265894.0,7f87f7347dfdcdd619e8ef8af09bab89,https://www.encodeproject.org/files/ENCFF566CTX/@@download/ENCFF566CTX.bed.gz
K562,K562,ENCSR000DWE,TF ChIP-seq,CTCF,transcription factor,Homo sapiens K562,"John Stamatoyannopoulos, UW",0,3,7,,False,"not selected: one experiment per target (conventional ChIP-seq over Mint-ChIP, then lab priority Bernstein>Snyder>Stamatoyannopoulos, then audit flags)",ENCFF843VHC,optimal IDR thresholded peaks,True,702428.0,58222b6f11836bebf802919942dd9933,https://www.encodeproject.org/files/ENCFF843VHC/@@download/ENCFF843VHC.bed.gz
K562,K562,ENCSR000EHL,TF ChIP-seq,POLR2A,RNA polymerase complex,Homo sapiens K562,"Michael Snyder, Stanford",0,4,4,,False,"not selected: one experiment per target (conventional ChIP-seq over Mint-ChIP, then lab priority Bernstein>Snyder>Stamatoyannopoulos, then audit flags)",ENCFF741JES,optimal IDR thresholded peaks,True,244175.0,b037ddb38486dcbd9735cb77b8861b19,https://www.encodeproject.org/files/ENCFF741JES/@@download/ENCFF741JES.bed.gz
K562,K562,ENCSR000EHO,TF ChIP-seq,SMARCA4,cofactor,Homo sapiens K562,"Michael Snyder, Stanford",0,3,5,,False,"not selected: one experiment per target (conventional ChIP-seq over Mint-ChIP, then lab priority Bernstein>Snyder>Stamatoyannopoulos, then audit flags)",ENCFF703NAE,optimal IDR thresholded peaks,True,71250.0,4cdefb528e2b466dc2060dfac36e2596,https://www.encodeproject.org/files/ENCFF703NAE/@@download/ENCFF703NAE.bed.gz
K562,K562,ENCSR000EZU,TF ChIP-seq,MYC,transcription factor,Homo sapiens K562 treated with Interferon gamma for 6 hours,"Sherman Weissman, Yale",0,4,7,,False,treatment: Interferon gamma (protein),ENCFF527EGF,optimal IDR thresholded peaks,True,371250.0,3a8523899d1f1064e0fc3ca82eed8c9b,https://www.encodeproject.org/files/ENCFF527EGF/@@download/ENCFF527EGF.bed.gz
K562,K562,ENCSR000BLR,TF ChIP-seq,SIN3A,chromatin remodeler,Homo sapiens K562,"Richard Myers, HAIB",0,4,10,,False,"not selected: one experiment per target (conventional ChIP-seq over Mint-ChIP, then lab priority Bernstein>Snyder>Stamatoyannopoulos, then audit flags)",ENCFF407VGB,optimal IDR thresholded peaks,True,35624.0,65f6f45f8f01ff27847c8d1f175cddb6,https://www.encodeproject.org/files/ENCFF407VGB/@@download/ENCFF407VGB.bed.gz
K562,K562,ENCSR000BLK,TF ChIP-seq,SRF,transcription factor,Homo sapiens K562,"Richard Myers, HAIB",0,2,5,,False,"not selected: one experiment per target (conventional ChIP-seq over Mint-ChIP, then lab priority Bernstein>Snyder>Stamatoyannopoulos, then audit flags)",ENCFF101SEZ,IDR thresholded peaks,True,96493.0,185e2e39fff28996da66ef81bd07af76,https://www.encodeproject.org/files/ENCFF101SEZ/@@download/ENCFF101SEZ.bed.gz
K562,K562,ENCSR145TSJ,TF ChIP-seq,ATF4,transcription factor,Homo sapiens K562,"Michael Snyder, Stanford",0,2,4,,False,"not selected: one experiment per target (conventional ChIP-seq over Mint-ChIP, then lab priority Bernstein>Snyder>Stamatoyannopoulos, then audit flags)",ENCFF182MNO,optimal IDR thresholded peaks,True,753608.0,62346989db6fe72bd2f91d3dc4ab8251,https://www.encodeproject.org/files/ENCFF182MNO/@@download/ENCFF182MNO.bed.gz
K562,K562,ENCSR099NCH,TF ChIP-seq,ZNF24,transcription factor,Homo sapiens K562,"Michael Snyder, Stanford",0,0,1,,False,"not selected: one experiment per target (conventional ChIP-seq over Mint-ChIP, then lab priority Bernstein>Snyder>Stamatoyannopoulos, then audit flags)",ENCFF007EEV,optimal IDR thresholded peaks,True,489096.0,d9037895850efa7df09bc263f8c6c129,https://www.encodeproject.org/files/ENCFF007EEV/@@download/ENCFF007EEV.bed.gz
K562,K562,ENCSR382AIB,TF ChIP-seq,DDX20,cofactor,Homo sapiens K562 stably expressing DDX20,"Michael Snyder, Stanford",0,0,10,eGFP,False,"not selected: one experiment per target (conventional ChIP-seq over Mint-ChIP, then lab priority Bernstein>Snyder>Stamatoyannopoulos, then audit flags)",ENCFF952MVU,optimal IDR thresholded peaks,True,101636.0,5f109587b86a22367553b0cbbf888dc2,https://www.encodeproject.org/files/ENCFF952MVU/@@download/ENCFF952MVU.bed.gz
K562,K562,ENCSR845BCL,TF ChIP-seq,ZNF639,transcription factor,Homo sapiens K562 genetically modified (insertion) using CRISPR targeting H. sapiens ZNF639,"Kevin White, UChicago",0,0,2,eGFP,False,"not selected: one experiment per target (conventional ChIP-seq over Mint-ChIP, then lab priority Bernstein>Snyder>Stamatoyannopoulos, then audit flags)",ENCFF643AUL,IDR thresholded peaks,True,471368.0,f73f10ad99a0bfbc4576b61d11d75d36,https://www.encodeproject.org/files/ENCFF643AUL/@@download/ENCFF643AUL.bed.gz
K562,K562,ENCSR628APV,TF ChIP-seq,MCM5,DNA replication,Homo sapiens K562,"Michael Snyder, Stanford",0,2,0,,False,"not selected: one experiment per target (conventional ChIP-seq over Mint-ChIP, then lab priority Bernstein>Snyder>Stamatoyannopoulos, then audit flags)",ENCFF658SJY,optimal IDR thresholded peaks,True,30017.0,2ff700b71f660671593ac41b1f9837f9,https://www.encodeproject.org/files/ENCFF658SJY/@@download/ENCFF658SJY.bed.gz
K562,K562,ENCSR389PWB,TF ChIP-seq,ZBTB5,transcription factor,Homo sapiens K562,"Michael Snyder, Stanford",0,2,1,,False,"not selected: one experiment per target (conventional ChIP-seq over Mint-ChIP, then lab priority Bernstein>Snyder>Stamatoyannopoulos, then audit flags)",ENCFF014KUI,optimal IDR thresholded peaks,True,78281.0,21b4afdf9dc4444e03516f090a066414,https://www.encodeproject.org/files/ENCFF014KUI/@@download/ENCFF014KUI.bed.gz
K562,K562,ENCSR577KQD,TF ChIP-seq,ZNF507,transcription factor,Homo sapiens K562 genetically modified (insertion) using CRISPR targeting H. sapiens ZNF507,"Michael Snyder, Stanford",0,0,7,eGFP,False,"not selected: one experiment per target (conventional ChIP-seq over Mint-ChIP, then lab priority Bernstein>Snyder>Stamatoyannopoulos, then audit flags)",ENCFF878SVX,IDR thresholded peaks,True,102207.0,048c65c285d4fe09398d262aac40f8bb,https://www.encodeproject.org/files/ENCFF878SVX/@@download/ENCFF878SVX.bed.gz
K562,K562,ENCSR000EGH,TF ChIP-seq,JUN,transcription factor,Homo sapiens K562 treated with interferon alpha for 30 minutes,"Michael Snyder, Stanford",0,1,16,,False,treatment: interferon alpha (protein),ENCFF672LKE,optimal IDR thresholded peaks,True,166185.0,9ef1aec820c35f0188e0fcc19d0e91af,https://www.encodeproject.org/files/ENCFF672LKE/@@download/ENCFF672LKE.bed.gz
K562,K562,ENCSR620VIC,TF ChIP-seq,CEBPG,transcription factor,Homo sapiens K562 stably expressing CEBPG,"Kevin White, UChicago",0,0,2,eGFP,False,"not selected: one experiment per target (conventional ChIP-seq over Mint-ChIP, then lab priority Bernstein>Snyder>Stamatoyannopoulos, then audit flags)",ENCFF998LIR,conservative IDR thresholded peaks,True,679093.0,d6bbbcde63f3d1b743ba173dd2a46e9c,https://www.encodeproject.org/files/ENCFF998LIR/@@download/ENCFF998LIR.bed.gz
K562,K562,ENCSR737UST,TF ChIP-seq,ZNF740,transcription factor,Homo sapiens K562 stably expressing ZNF740,"Kevin White, UChicago",0,0,2,eGFP,False,"not selected: one experiment per target (conventional ChIP-seq over Mint-ChIP, then lab priority Bernstein>Snyder>Stamatoyannopoulos, then audit flags)",ENCFF219NIA,IDR thresholded peaks,True,150408.0,8a04e2a8011b27797d25dab963823427,https://www.encodeproject.org/files/ENCFF219NIA/@@download/ENCFF219NIA.bed.gz
K562,K562,ENCSR633EIC,TF ChIP-seq,PBX2,transcription factor,Homo sapiens K562 genetically modified (insertion) using CRISPR targeting H. sapiens PBX2,"Richard Myers, HAIB",0,0,1,3xFLAG,False,"not selected: one experiment per target (conventional ChIP-seq over Mint-ChIP, then lab priority Bernstein>Snyder>Stamatoyannopoulos, then audit flags)",ENCFF925OBR,optimal IDR thresholded peaks,True,71594.0,a192e09fb75616923efec4f248adf041,https://www.encodeproject.org/files/ENCFF925OBR/@@download/ENCFF925OBR.bed.gz
K562,K562,ENCSR706BJO,TF ChIP-seq,ZBTB11,transcription factor,Homo sapiens K562 genetically modified (insertion) using CRISPR targeting H. sapiens ZBTB11,"Kevin White, UChicago",0,0,2,eGFP,False,"not selected: one experiment per target (conventional ChIP-seq over Mint-ChIP, then lab priority Bernstein>Snyder>Stamatoyannopoulos, then audit flags)",ENCFF991VAW,IDR thresholded peaks,True,487708.0,9845c6216878d760c2b1a450fe1be2f6,https://www.encodeproject.org/files/ENCFF991VAW/@@download/ENCFF991VAW.bed.gz
K562,K562,ENCSR695EQB,TF ChIP-seq,ZNF24,transcription factor,Homo sapiens K562,"Michael Snyder, Stanford",0,0,2,,False,"not selected: one experiment per target (conventional ChIP-seq over Mint-ChIP, then lab priority Bernstein>Snyder>Stamatoyannopoulos, then audit flags)",ENCFF260CBQ,optimal IDR thresholded peaks,True,520138.0,5a37d6db72e31e29e52b6c2b83618f68,https://www.encodeproject.org/files/ENCFF260CBQ/@@download/ENCFF260CBQ.bed.gz
K562,K562,ENCSR638QHV,TF ChIP-seq,ELF4,transcription factor,Homo sapiens K562,"Michael Snyder, Stanford",0,0,9,,False,"not selected: one experiment per target (conventional ChIP-seq over Mint-ChIP, then lab priority Bernstein>Snyder>Stamatoyannopoulos, then audit flags)",ENCFF539SXG,optimal IDR thresholded peaks,True,372701.0,40f72df28c276c4dbe859b809f985ff0,https://www.encodeproject.org/files/ENCFF539SXG/@@download/ENCFF539SXG.bed.gz
K562,K562,ENCSR893WSB,TF ChIP-seq,HDAC2,chromatin remodeler,Homo sapiens K562,"Michael Snyder, Stanford",0,2,1,,False,"not selected: one experiment per target (conventional ChIP-seq over Mint-ChIP, then lab priority Bernstein>Snyder>Stamatoyannopoulos, then audit flags)",ENCFF519RWJ,optimal IDR thresholded peaks,True,714356.0,ce3ad1a0d42079a4eecba3f7e22fd380,https://www.encodeproject.org/files/ENCFF519RWJ/@@download/ENCFF519RWJ.bed.gz
K562,K562,ENCSR820GND,TF ChIP-seq,RNF2,transcription factor,Homo sapiens K562,"Michael Snyder, Stanford",0,0,2,,False,"not selected: one experiment per target (conventional ChIP-seq over Mint-ChIP, then lab priority Bernstein>Snyder>Stamatoyannopoulos, then audit flags)",ENCFF349MSP,optimal IDR thresholded peaks,True,164122.0,dfb29d14928060c7b12347bbf74fedb5,https://www.encodeproject.org/files/ENCFF349MSP/@@download/ENCFF349MSP.bed.gz
K562,K562,ENCSR737LTZ,TF ChIP-seq,MYNN,transcription factor,Homo sapiens K562,"Richard Myers, HAIB",0,0,2,,False,"not selected: one experiment per target (conventional ChIP-seq over Mint-ChIP, then lab priority Bernstein>Snyder>Stamatoyannopoulos, then audit flags)",ENCFF272LLG,optimal IDR thresholded peaks,True,262233.0,ef8ff622f37beebd0ba43150fe879b82,https://www.encodeproject.org/files/ENCFF272LLG/@@download/ENCFF272LLG.bed.gz
K562,K562,ENCSR632DCH,TF ChIP-seq,ATF3,transcription factor,Homo sapiens K562 stably expressing ATF3,"Michael Snyder, Stanford",0,0,9,eGFP,False,"not selected: one experiment per target (conventional ChIP-seq over Mint-ChIP, then lab priority Bernstein>Snyder>Stamatoyannopoulos, then audit flags)",ENCFF419WTZ,optimal IDR thresholded peaks,True,795933.0,db80ad0dec4830532fc99a3350ab1b37,https://www.encodeproject.org/files/ENCFF419WTZ/@@download/ENCFF419WTZ.bed.gz
K562,K562,ENCSR508DQA,TF ChIP-seq,FOXK2,transcription factor,Homo sapiens K562,"Michael Snyder, Stanford",0,0,4,,False,"not selected: one experiment per target (conventional ChIP-seq over Mint-ChIP, then lab priority Bernstein>Snyder>Stamatoyannopoulos, then audit flags)",ENCFF490EQR,optimal IDR thresholded peaks,True,413118.0,8e7d965948f669a017bdd7bc2b7685dd,https://www.encodeproject.org/files/ENCFF490EQR/@@download/ENCFF490EQR.bed.gz
K562,K562,ENCSR219BXP,TF ChIP-seq,DPF2,cofactor,Homo sapiens K562,"Michael Snyder, Stanford",0,0,1,,False,"not selected: one experiment per target (conventional ChIP-seq over Mint-ChIP, then lab priority Bernstein>Snyder>Stamatoyannopoulos, then audit flags)",ENCFF537VKZ,optimal IDR thresholded peaks,True,456441.0,4576691925fb5ba9366e3c4086bd14b2,https://www.encodeproject.org/files/ENCFF537VKZ/@@download/ENCFF537VKZ.bed.gz
K562,K562,ENCSR163IUV,TF ChIP-seq,MAZ,transcription factor,Homo sapiens K562 genetically modified (insertion) using CRISPR targeting H. sapiens MAZ,"Richard Myers, HAIB",0,0,1,3xFLAG,False,"not selected: one experiment per target (conventional ChIP-seq over Mint-ChIP, then lab priority Bernstein>Snyder>Stamatoyannopoulos, then audit flags)",ENCFF704UVS,IDR thresholded peaks,True,594331.0,8a9c89a09f387dd00fd1d68caf733fd2,https://www.encodeproject.org/files/ENCFF704UVS/@@download/ENCFF704UVS.bed.gz
K562,K562,ENCSR200JYP,TF ChIP-seq,ZNF316,transcription factor,Homo sapiens K562,"Michael Snyder, Stanford",0,0,8,,False,"not selected: one experiment per target (conventional ChIP-seq over Mint-ChIP, then lab priority Bernstein>Snyder>Stamatoyannopoulos, then audit flags)",ENCFF056SEM,optimal IDR thresholded peaks,True,354148.0,fe638884c76bb59409ba977becdde421,https://www.encodeproject.org/files/ENCFF056SEM/@@download/ENCFF056SEM.bed.gz
K562,K562,ENCSR674SCQ,TF ChIP-seq,ZNF354B,transcription factor,Homo sapiens K562 stably expressing ZNF354B,"Michael Snyder, Stanford",0,0,6,eGFP,False,"not selected: one experiment per target (conventional ChIP-seq over Mint-ChIP, then lab priority Bernstein>Snyder>Stamatoyannopoulos, then audit flags)",ENCFF533OBT,optimal IDR thresholded peaks,True,91678.0,8a565b68c91fb99cf36e3acb754ad3aa,https://www.encodeproject.org/files/ENCFF533OBT/@@download/ENCFF533OBT.bed.gz
K562,K562,ENCSR908CMW,TF ChIP-seq,KDM1A,chromatin remodeler,Homo sapiens K562,"Michael Snyder, Stanford",0,0,4,,False,"not selected: one experiment per target (conventional ChIP-seq over Mint-ChIP, then lab priority Bernstein>Snyder>Stamatoyannopoulos, then audit flags)",ENCFF796VMI,optimal IDR thresholded peaks,True,840969.0,cc84cf4b01776c9894610ffbf9bb953c,https://www.encodeproject.org/files/ENCFF796VMI/@@download/ENCFF796VMI.bed.gz
K562,K562,ENCSR325DER,TF ChIP-seq,NR3C1,transcription factor,Homo sapiens K562,"Michael Snyder, Stanford",0,2,6,,False,"not selected: one experiment per target (conventional ChIP-seq over Mint-ChIP, then lab priority Bernstein>Snyder>Stamatoyannopoulos, then audit flags)",ENCFF315MUH,optimal IDR thresholded peaks,True,46528.0,5e76f902cc00cb2c1a6d7123b4dbc9d7,https://www.encodeproject.org/files/ENCFF315MUH/@@download/ENCFF315MUH.bed.gz
K562,K562,ENCSR642VZY,TF ChIP-seq,KDM4B,chromatin remodeler,Homo sapiens K562,"Richard Myers, HAIB",0,0,5,,False,"not selected: one experiment per target (conventional ChIP-seq over Mint-ChIP, then lab priority Bernstein>Snyder>Stamatoyannopoulos, then audit flags)",ENCFF955AOD,optimal IDR thresholded peaks,True,149529.0,bc4c11d9d78b94563fe383ad4e73cabf,https://www.encodeproject.org/files/ENCFF955AOD/@@download/ENCFF955AOD.bed.gz
K562,K562,ENCSR711SNW,TF ChIP-seq,NCOA1,cofactor,Homo sapiens K562,"Michael Snyder, Stanford",0,2,8,,False,"not selected: one experiment per target (conventional ChIP-seq over Mint-ChIP, then lab priority Bernstein>Snyder>Stamatoyannopoulos, then audit flags)",ENCFF589OOF,optimal IDR thresholded peaks,True,30516.0,fcc3ca42fca4cf49e5c33d2d91d198de,https://www.encodeproject.org/files/ENCFF589OOF/@@download/ENCFF589OOF.bed.gz
K562,K562,ENCSR402XII,TF ChIP-seq,CSDE1,RNA binding protein,Homo sapiens K562,"Michael Snyder, Stanford",0,0,4,,False,"not selected: one experiment per target (conventional ChIP-seq over Mint-ChIP, then lab priority Bernstein>Snyder>Stamatoyannopoulos, then audit flags)",ENCFF351DBE,optimal IDR thresholded peaks,True,111813.0,27b0b51708910745225fabbbb41c0e47,https://www.encodeproject.org/files/ENCFF351DBE/@@download/ENCFF351DBE.bed.gz
K562,K562,ENCSR195QFV,TF ChIP-seq,ZNF3,transcription factor,Homo sapiens K562 genetically modified (insertion) using CRISPR targeting H. sapiens ZNF3,"Richard Myers, HAIB",0,1,1,3xFLAG,False,"not selected: one experiment per target (conventional ChIP-seq over Mint-ChIP, then lab priority Bernstein>Snyder>Stamatoyannopoulos, then audit flags)",ENCFF180XUM,IDR thresholded peaks,True,43697.0,311fdacc08f79c931c305e781a0f4654,https://www.encodeproject.org/files/ENCFF180XUM/@@download/ENCFF180XUM.bed.gz
K562,K562,ENCSR643VTW,TF ChIP-seq,SMARCA4,cofactor,Homo sapiens K562,"Michael Snyder, Stanford",0,0,3,,False,"not selected: one experiment per target (conventional ChIP-seq over Mint-ChIP, then lab priority Bernstein>Snyder>Stamatoyannopoulos, then audit flags)",ENCFF361RWX,optimal IDR thresholded peaks,True,465677.0,b1f87d1b831be06b49195b578bc64bbc,https://www.encodeproject.org/files/ENCFF361RWX/@@download/ENCFF361RWX.bed.gz
K562,K562,ENCSR412CTM,TF ChIP-seq,SUZ12,chromatin remodeler,Homo sapiens K562,"Michael Snyder, Stanford",0,0,5,,False,"not selected: one experiment per target (conventional ChIP-seq over Mint-ChIP, then lab priority Bernstein>Snyder>Stamatoyannopoulos, then audit flags)",ENCFF856HYC,optimal IDR thresholded peaks,True,43926.0,9aeff388cdd3efa63a663f43f6a37be8,https://www.encodeproject.org/files/ENCFF856HYC/@@download/ENCFF856HYC.bed.gz
K562,K562,ENCSR829UCH,TF ChIP-seq,NFXL1,transcription factor,Homo sapiens K562 genetically modified (insertion) using CRISPR targeting H. sapiens NFXL1,"Michael Snyder, Stanford",0,0,4,eGFP,False,"not selected: one experiment per target (conventional ChIP-seq over Mint-ChIP, then lab priority Bernstein>Snyder>Stamatoyannopoulos, then audit flags)",ENCFF201WFM,IDR thresholded peaks,True,60513.0,f7f731e4b0dedd442a7e2b056c1c0b60,https://www.encodeproject.org/files/ENCFF201WFM/@@download/ENCFF201WFM.bed.gz
K562,K562,ENCSR946BXO,TF ChIP-seq,BRCA1,chromatin remodeler,Homo sapiens K562 genetically modified (insertion) using CRISPR targeting H. sapiens BRCA1,"Richard Myers, HAIB",0,0,1,3xFLAG,False,"not selected: one experiment per target (conventional ChIP-seq over Mint-ChIP, then lab priority Bernstein>Snyder>Stamatoyannopoulos, then audit flags)",ENCFF620FIH,IDR thresholded peaks,True,48665.0,4999659f849b0bd877d053a14ff3b719,https://www.encodeproject.org/files/ENCFF620FIH/@@download/ENCFF620FIH.bed.gz
K562,K562,ENCSR711VWL,TF ChIP-seq,HDAC1,chromatin remodeler,Homo sapiens K562,"Michael Snyder, Stanford",0,0,0,,False,"not selected: one experiment per target (conventional ChIP-seq over Mint-ChIP, then lab priority Bernstein>Snyder>Stamatoyannopoulos, then audit flags)",ENCFF758PGF,optimal IDR thresholded peaks,True,676849.0,428c2a08a1f7872d2fb43284f30c9543,https://www.encodeproject.org/files/ENCFF758PGF/@@download/ENCFF758PGF.bed.gz
K562,K562,ENCSR005NMT,TF ChIP-seq,ID3,transcription factor,Homo sapiens K562 stably expressing ID3,"Michael Snyder, Stanford",0,0,7,eGFP,False,"not selected: one experiment per target (conventional ChIP-seq over Mint-ChIP, then lab priority Bernstein>Snyder>Stamatoyannopoulos, then audit flags)",ENCFF375SIS,IDR thresholded peaks,True,353459.0,7ba7b7482e444fe3838b06fb92f05b16,https://www.encodeproject.org/files/ENCFF375SIS/@@download/ENCFF375SIS.bed.gz
K562,K562,ENCSR000EGS,TF ChIP-seq,MYC,transcription factor,Homo sapiens K562 treated with Interferon gamma for 30 minutes,"Michael Snyder, Stanford",0,4,5,,False,treatment: Interferon gamma (protein),ENCFF605WXD,optimal IDR thresholded peaks,True,653860.0,2650cfd5835a8475a07ff6d8c27ed722,https://www.encodeproject.org/files/ENCFF605WXD/@@download/ENCFF605WXD.bed.gz
K562,K562,ENCSR000EZV,TF ChIP-seq,MYC,transcription factor,Homo sapiens K562 treated with interferon alpha for 6 hours,"Sherman Weissman, Yale",0,4,6,,False,treatment: interferon alpha (protein),ENCFF339AQP,optimal IDR thresholded peaks,True,213482.0,07ed17fb6c01e4e0b15d825fe992e974,https://www.encodeproject.org/files/ENCFF339AQP/@@download/ENCFF339AQP.bed.gz
K562,K562,ENCSR211LTF,TF ChIP-seq,EGR1,transcription factor,Homo sapiens K562,"Michael Snyder, Stanford",0,0,2,,False,"not selected: one experiment per target (conventional ChIP-seq over Mint-ChIP, then lab priority Bernstein>Snyder>Stamatoyannopoulos, then audit flags)",ENCFF375RDB,optimal IDR thresholded peaks,True,538133.0,df1598e8f6f9854c15424d47603f41b4,https://www.encodeproject.org/files/ENCFF375RDB/@@download/ENCFF375RDB.bed.gz
K562,K562,ENCSR189VXS,TF ChIP-seq,GTF2F1,RNA polymerase complex,Homo sapiens K562,"Michael Snyder, Stanford",0,2,0,,False,"not selected: one experiment per target (conventional ChIP-seq over Mint-ChIP, then lab priority Bernstein>Snyder>Stamatoyannopoulos, then audit flags)",ENCFF713ALB,optimal IDR thresholded peaks,True,325965.0,e7bf6f24985c7a298095f6b94c2adf87,https://www.encodeproject.org/files/ENCFF713ALB/@@download/ENCFF713ALB.bed.gz
K562,K562,ENCSR669NFS,TF ChIP-seq,ARNT,transcription factor,Homo sapiens K562,"Michael Snyder, Stanford",0,2,4,,False,"not selected: one experiment per target (conventional ChIP-seq over Mint-ChIP, then lab priority Bernstein>Snyder>Stamatoyannopoulos, then audit flags)",ENCFF913AQF,optimal IDR thresholded peaks,True,113819.0,203a5e4e8b1b7299f993e8cccaa7642a,https://www.encodeproject.org/files/ENCFF913AQF/@@download/ENCFF913AQF.bed.gz
K562,K562,ENCSR076YPO,TF ChIP-seq,RNF2,transcription factor,Homo sapiens K562,"Richard Myers, HAIB",0,0,0,,False,"not selected: one experiment per target (conventional ChIP-seq over Mint-ChIP, then lab priority Bernstein>Snyder>Stamatoyannopoulos, then audit flags)",ENCFF741CLJ,optimal IDR thresholded peaks,True,303753.0,fd614180ded8d33a00c702f5fc83e723,https://www.encodeproject.org/files/ENCFF741CLJ/@@download/ENCFF741CLJ.bed.gz
K562,K562,ENCSR387SYS,TF ChIP-seq,DEAF1,transcription factor,Homo sapiens K562,"Richard Myers, HAIB",0,0,3,,False,"not selected: one experiment per target (conventional ChIP-seq over Mint-ChIP, then lab priority Bernstein>Snyder>Stamatoyannopoulos, then audit flags)",ENCFF532HCE,optimal IDR thresholded peaks,True,65861.0,024805d8bbc803eb8d4a9e158fa30823,https://www.encodeproject.org/files/ENCFF532HCE/@@download/ENCFF532HCE.bed.gz
K562,K562,ENCSR582IAO,TF ChIP-seq,SRF,transcription factor,Homo sapiens K562 genetically modified (insertion) using CRISPR targeting H. sapiens SRF,"Richard Myers, HAIB",0,0,1,3xFLAG,False,"not selected: one experiment per target (conventional ChIP-seq over Mint-ChIP, then lab priority Bernstein>Snyder>Stamatoyannopoulos, then audit flags)",ENCFF087EVW,IDR thresholded peaks,True,282853.0,6ca188ea83223aac97b5823953f928b5,https://www.encodeproject.org/files/ENCFF087EVW/@@download/ENCFF087EVW.bed.gz
K562,K562,ENCSR792IYC,TF ChIP-seq,BCLAF1,transcription factor,Homo sapiens K562,"Michael Snyder, Stanford",0,2,2,,False,"not selected: one experiment per target (conventional ChIP-seq over Mint-ChIP, then lab priority Bernstein>Snyder>Stamatoyannopoulos, then audit flags)",ENCFF094XPM,optimal IDR thresholded peaks,True,38374.0,2c022b5939304c36a2949f7d583a06b6,https://www.encodeproject.org/files/ENCFF094XPM/@@download/ENCFF094XPM.bed.gz
K562,K562,ENCSR051OUX,TF ChIP-seq,NFATC3,transcription factor,Homo sapiens K562,"Michael Snyder, Stanford",0,2,2,,False,"not selected: one experiment per target (conventional ChIP-seq over Mint-ChIP, then lab priority Bernstein>Snyder>Stamatoyannopoulos, then audit flags)",ENCFF430JFH,optimal IDR thresholded peaks,True,244558.0,8ae11d1153b850cad6bdd12c86ca6134,https://www.encodeproject.org/files/ENCFF430JFH/@@download/ENCFF430JFH.bed.gz
K562,K562,ENCSR390VGH,TF ChIP-seq,MNT,transcription factor,Homo sapiens K562,"Michael Snyder, Stanford",0,0,6,,False,"not selected: one experiment per target (conventional ChIP-seq over Mint-ChIP, then lab priority Bernstein>Snyder>Stamatoyannopoulos, then audit flags)",ENCFF926CRV,optimal IDR thresholded peaks,True,697021.0,42dc879ba07ade844e614f635def9031,https://www.encodeproject.org/files/ENCFF926CRV/@@download/ENCFF926CRV.bed.gz
K562,K562,ENCSR979QYJ,TF ChIP-seq,MNT,transcription factor,Homo sapiens K562,"Michael Snyder, Stanford",0,0,6,,False,"not selected: one experiment per target (conventional ChIP-seq over Mint-ChIP, then lab priority Bernstein>Snyder>Stamatoyannopoulos, then audit flags)",ENCFF454QQD,optimal IDR thresholded peaks,True,409477.0,772a82f2af4913c70907f14868bbe9d7,https://www.encodeproject.org/files/ENCFF454QQD/@@download/ENCFF454QQD.bed.gz
K562,K562,ENCSR359NFW,TF ChIP-seq,USF2,transcription factor,Homo sapiens K562 genetically modified (insertion) using CRISPR targeting H. sapiens USF2,"Kevin White, UChicago",0,0,4,eGFP,False,"not selected: one experiment per target (conventional ChIP-seq over Mint-ChIP, then lab priority Bernstein>Snyder>Stamatoyannopoulos, then audit flags)",ENCFF640ZIN,IDR thresholded peaks,True,312617.0,d127c42ccfda09bcddab91a9915f3f71,https://www.encodeproject.org/files/ENCFF640ZIN/@@download/ENCFF640ZIN.bed.gz
K562,K562,ENCSR968GIB,TF ChIP-seq,RFX1,transcription factor,Homo sapiens K562,"Michael Snyder, Stanford",0,0,6,,False,"not selected: one experiment per target (conventional ChIP-seq over Mint-ChIP, then lab priority Bernstein>Snyder>Stamatoyannopoulos, then audit flags)",ENCFF193PVX,optimal IDR thresholded peaks,True,351650.0,2a7a796c41def255c0a3425c32550198,https://www.encodeproject.org/files/ENCFF193PVX/@@download/ENCFF193PVX.bed.gz
K562,K562,ENCSR975SSR,TF ChIP-seq,ELF1,transcription factor,Homo sapiens K562 stably expressing ELF1,"Kevin White, UChicago",0,0,2,eGFP,False,"not selected: one experiment per target (conventional ChIP-seq over Mint-ChIP, then lab priority Bernstein>Snyder>Stamatoyannopoulos, then audit flags)",ENCFF133TSU,IDR thresholded peaks,True,375290.0,6c8c1a64bf41bf0c3f9d6cace2d419e0,https://www.encodeproject.org/files/ENCFF133TSU/@@download/ENCFF133TSU.bed.gz
K562,K562,ENCSR608XTF,TF ChIP-seq,RNF2,transcription factor,Homo sapiens K562,"Michael Snyder, Stanford",0,0,6,,False,"not selected: one experiment per target (conventional ChIP-seq over Mint-ChIP, then lab priority Bernstein>Snyder>Stamatoyannopoulos, then audit flags)",ENCFF462AZY,optimal IDR thresholded peaks,True,733892.0,5a66428f408e8eb4593f0ec2663cebff,https://www.encodeproject.org/files/ENCFF462AZY/@@download/ENCFF462AZY.bed.gz
K562,K562,ENCSR241LIH,TF ChIP-seq,AFF1,transcription factor,Homo sapiens K562,"Michael Snyder, Stanford",0,2,5,,False,"not selected: one experiment per target (conventional ChIP-seq over Mint-ChIP, then lab priority Bernstein>Snyder>Stamatoyannopoulos, then audit flags)",ENCFF869BYK,optimal IDR thresholded peaks,True,184513.0,1d7cd15c0c354140544e566a31b75604,https://www.encodeproject.org/files/ENCFF869BYK/@@download/ENCFF869BYK.bed.gz
K562,K562,ENCSR159OCC,TF ChIP-seq,ATF1,transcription factor,Homo sapiens K562 genetically modified (insertion) using CRISPR targeting H. sapiens ATF1,"Richard Myers, HAIB",0,0,0,3xFLAG,False,"not selected: one experiment per target (conventional ChIP-seq over Mint-ChIP, then lab priority Bernstein>Snyder>Stamatoyannopoulos, then audit flags)",ENCFF715PLB,optimal IDR thresholded peaks,True,64654.0,a7aecaf01e510d88609e18f39450c557,https://www.encodeproject.org/files/ENCFF715PLB/@@download/ENCFF715PLB.bed.gz
K562,K562,ENCSR087TYG,TF ChIP-seq,NR2F6,transcription factor,Homo sapiens K562 genetically modified (insertion) using CRISPR targeting H. sapiens NR2F6,"Richard Myers, HAIB",0,0,3,3xFLAG,False,"not selected: one experiment per target (conventional ChIP-seq over Mint-ChIP, then lab priority Bernstein>Snyder>Stamatoyannopoulos, then audit flags)",ENCFF529SRS,IDR thresholded peaks,True,75034.0,499c71fc7a59eed3c6d1ae217f2ccfc1,https://www.encodeproject.org/files/ENCFF529SRS/@@download/ENCFF529SRS.bed.gz
K562,K562,ENCSR468DVP,TF ChIP-seq,ZBTB11,transcription factor,Homo sapiens K562 genetically modified (insertion) using CRISPR targeting H. sapiens ZBTB11,"Michael Snyder, Stanford",0,0,6,eGFP,False,"not selected: one experiment per target (conventional ChIP-seq over Mint-ChIP, then lab priority Bernstein>Snyder>Stamatoyannopoulos, then audit flags)",ENCFF539GWU,IDR thresholded peaks,True,197695.0,e854942f2a0db0d3dc4789e44fc05aa9,https://www.encodeproject.org/files/ENCFF539GWU/@@download/ENCFF539GWU.bed.gz
K562,K562,ENCSR664AOA,TF ChIP-seq,TRIM25,transcription factor,Homo sapiens K562,"Michael Snyder, Stanford",0,2,5,,False,"not selected: one experiment per target (conventional ChIP-seq over Mint-ChIP, then lab priority Bernstein>Snyder>Stamatoyannopoulos, then audit flags)",ENCFF227JWR,optimal IDR thresholded peaks,True,119167.0,8ec69f86a76d38d49dec9016af896ebe,https://www.encodeproject.org/files/ENCFF227JWR/@@download/ENCFF227JWR.bed.gz
K562,K562,ENCSR438RRM,TF ChIP-seq,FOXM1,DNA repair,Homo sapiens K562 genetically modified (insertion) using CRISPR targeting H. sapiens FOXM1,"Richard Myers, HAIB",0,0,7,3xFLAG,False,"not selected: one experiment per target (conventional ChIP-seq over Mint-ChIP, then lab priority Bernstein>Snyder>Stamatoyannopoulos, then audit flags)",ENCFF820MJD,IDR thresholded peaks,True,123989.0,61b39bbf0d7ffe5a6bee6af1876bf902,https://www.encodeproject.org/files/ENCFF820MJD/@@download/ENCFF820MJD.bed.gz
K562,K562,ENCSR832OGB,TF ChIP-seq,LEF1,transcription factor,Homo sapiens K562,"Michael Snyder, Stanford",0,0,5,,False,"not selected: one experiment per target (conventional ChIP-seq over Mint-ChIP, then lab priority Bernstein>Snyder>Stamatoyannopoulos, then audit flags)",ENCFF697VRJ,optimal IDR thresholded peaks,True,97013.0,8203a101e2dc74caa9c493c67dc0f0a3,https://www.encodeproject.org/files/ENCFF697VRJ/@@download/ENCFF697VRJ.bed.gz
K562,K562,ENCSR568PGX,TF ChIP-seq,HDAC1,chromatin remodeler,Homo sapiens K562,"Michael Snyder, Stanford",0,0,7,,False,"not selected: one experiment per target (conventional ChIP-seq over Mint-ChIP, then lab priority Bernstein>Snyder>Stamatoyannopoulos, then audit flags)",ENCFF661VOO,optimal IDR thresholded peaks,True,76135.0,61e24bc3f8f4c822d14ccef71fd89050,https://www.encodeproject.org/files/ENCFF661VOO/@@download/ENCFF661VOO.bed.gz
K562,K562,ENCSR038RGL,TF ChIP-seq,MCM7,DNA replication,Homo sapiens K562,"Michael Snyder, Stanford",0,0,3,,False,"not selected: one experiment per target (conventional ChIP-seq over Mint-ChIP, then lab priority Bernstein>Snyder>Stamatoyannopoulos, then audit flags)",ENCFF159MQI,optimal IDR thresholded peaks,True,48563.0,552dcc1a4366dc2b4561aef2a19e6fbc,https://www.encodeproject.org/files/ENCFF159MQI/@@download/ENCFF159MQI.bed.gz
K562,K562,ENCSR851XLW,TF ChIP-seq,ZNF830,DNA repair,Homo sapiens K562,"Michael Snyder, Stanford",0,2,6,,False,"not selected: one experiment per target (conventional ChIP-seq over Mint-ChIP, then lab priority Bernstein>Snyder>Stamatoyannopoulos, then audit flags)",ENCFF951OSW,optimal IDR thresholded peaks,True,19637.0,7b054009b99792b51a2ab0f32346881d,https://www.encodeproject.org/files/ENCFF951OSW/@@download/ENCFF951OSW.bed.gz
K562,K562,ENCSR031TFS,TF ChIP-seq,POLR2A,RNA polymerase complex,Homo sapiens K562,"Michael Snyder, Stanford",0,0,5,,False,"not selected: one experiment per target (conventional ChIP-seq over Mint-ChIP, then lab priority Bernstein>Snyder>Stamatoyannopoulos, then audit flags)",ENCFF881ONC,optimal IDR thresholded peaks,True,459016.0,f8a5691141a23717efbeb8a04ca5463d,https://www.encodeproject.org/files/ENCFF881ONC/@@download/ENCFF881ONC.bed.gz
K562,K562,ENCSR658WFQ,TF ChIP-seq,NCOA1,cofactor,Homo sapiens K562,"Michael Snyder, Stanford",0,2,5,,False,"not selected: one experiment per target (conventional ChIP-seq over Mint-ChIP, then lab priority Bernstein>Snyder>Stamatoyannopoulos, then audit flags)",ENCFF474QDS,optimal IDR thresholded peaks,True,412523.0,8a46781063384c72279f3b61d09cf95d,https://www.encodeproject.org/files/ENCFF474QDS/@@download/ENCFF474QDS.bed.gz
K562,K562,ENCSR809JSD,TF ChIP-seq,IRF1,transcription factor,Homo sapiens K562 genetically modified (insertion) using CRISPR targeting H. sapiens IRF1,"Richard Myers, HAIB",0,0,6,3xFLAG,False,"not selected: one experiment per target (conventional ChIP-seq over Mint-ChIP, then lab priority Bernstein>Snyder>Stamatoyannopoulos, then audit flags)",ENCFF093BBG,IDR thresholded peaks,True,39313.0,a9c34aa0b304ac147f35135504b75965,https://www.encodeproject.org/files/ENCFF093BBG/@@download/ENCFF093BBG.bed.gz
K562,K562,ENCSR552PSV,TF ChIP-seq,MCM2,DNA replication,Homo sapiens K562,"Michael Snyder, Stanford",0,2,0,,False,"not selected: one experiment per target (conventional ChIP-seq over Mint-ChIP, then lab priority Bernstein>Snyder>Stamatoyannopoulos, then audit flags)",ENCFF571REC,optimal IDR thresholded peaks,True,85800.0,a7b1a93ff1be9fe1e4061bc81ca45305,https://www.encodeproject.org/files/ENCFF571REC/@@download/ENCFF571REC.bed.gz
K562,K562,ENCSR542WJU,TF ChIP-seq,MCM7,DNA replication,Homo sapiens K562,"Michael Snyder, Stanford",0,0,0,,False,"not selected: one experiment per target (conventional ChIP-seq over Mint-ChIP, then lab priority Bernstein>Snyder>Stamatoyannopoulos, then audit flags)",ENCFF288ZRD,optimal IDR thresholded peaks,True,38961.0,a857aa4b2e3800fd7500c4f91739f432,https://www.encodeproject.org/files/ENCFF288ZRD/@@download/ENCFF288ZRD.bed.gz
K562,K562,ENCSR178NTX,TF ChIP-seq,CUX1,transcription factor,Homo sapiens K562 genetically modified (insertion) using CRISPR targeting H. sapiens CUX1,"Kevin White, UChicago",0,0,2,eGFP,False,"not selected: one experiment per target (conventional ChIP-seq over Mint-ChIP, then lab priority Bernstein>Snyder>Stamatoyannopoulos, then audit flags)",ENCFF136KLM,IDR thresholded peaks,True,135768.0,f4ca0af2b564ee4191e3855b99cad0d0,https://www.encodeproject.org/files/ENCFF136KLM/@@download/ENCFF136KLM.bed.gz
K562,K562,ENCSR155KHM,TF ChIP-seq,ARNT,transcription factor,Homo sapiens K562,"Michael Snyder, Stanford",0,0,4,,False,"not selected: one experiment per target (conventional ChIP-seq over Mint-ChIP, then lab priority Bernstein>Snyder>Stamatoyannopoulos, then audit flags)",ENCFF447FIO,optimal IDR thresholded peaks,True,216862.0,94c5616daeacc3b7d0b525da033c9f7a,https://www.encodeproject.org/files/ENCFF447FIO/@@download/ENCFF447FIO.bed.gz
K562,K562,ENCSR334HSW,TF ChIP-seq,ZNF318,transcription factor,Homo sapiens K562,"Michael Snyder, Stanford",0,0,7,,False,"not selected: one experiment per target (conventional ChIP-seq over Mint-ChIP, then lab priority Bernstein>Snyder>Stamatoyannopoulos, then audit flags)",ENCFF082RIZ,optimal IDR thresholded peaks,True,35445.0,43264cb78152663aa4e31c68033a0126,https://www.encodeproject.org/files/ENCFF082RIZ/@@download/ENCFF082RIZ.bed.gz
K562,K562,ENCSR429XTR,TF ChIP-seq,TARDBP,RNA binding protein,Homo sapiens K562,"Xiang-Dong Fu, UCSD",0,0,8,,False,"not selected: one experiment per target (conventional ChIP-seq over Mint-ChIP, then lab priority Bernstein>Snyder>Stamatoyannopoulos, then audit flags)",ENCFF448YOS,optimal IDR thresholded peaks,True,161538.0,c29e833c1cf56dbb7b813161c87dbcd6,https://www.encodeproject.org/files/ENCFF448YOS/@@download/ENCFF448YOS.bed.gz
K562,K562,ENCSR475ZGL,TF ChIP-seq,MLX,transcription factor,Homo sapiens K562 genetically modified (insertion) using CRISPR targeting H. sapiens MLX,"Richard Myers, HAIB",0,0,6,3xFLAG,False,"not selected: one experiment per target (conventional ChIP-seq over Mint-ChIP, then lab priority Bernstein>Snyder>Stamatoyannopoulos, then audit flags)",ENCFF128YWS,conservative IDR thresholded peaks,True,61735.0,24350c498e752e86a49b43b8e002c0d5,https://www.encodeproject.org/files/ENCFF128YWS/@@download/ENCFF128YWS.bed.gz
K562,K562,ENCSR980ZWE,TF ChIP-seq,NR3C1,transcription factor,Homo sapiens K562 genetically modified (insertion) using CRISPR targeting H. sapiens NR3C1,"Richard Myers, HAIB",0,0,1,3xFLAG,False,"not selected: one experiment per target (conventional ChIP-seq over Mint-ChIP, then lab priority Bernstein>Snyder>Stamatoyannopoulos, then audit flags)",ENCFF201BGD,IDR thresholded peaks,True,77950.0,73d3cbdd19e9aa165dd64d8691cc71be,https://www.encodeproject.org/files/ENCFF201BGD/@@download/ENCFF201BGD.bed.gz
K562,K562,ENCSR000BNW,TF ChIP-seq,SIX5,transcription factor,Homo sapiens K562,"Richard Myers, HAIB",0,1,6,,False,"not selected: one experiment per target (conventional ChIP-seq over Mint-ChIP, then lab priority Bernstein>Snyder>Stamatoyannopoulos, then audit flags)",ENCFF247LOF,optimal IDR thresholded peaks,True,60929.0,58e643a89b9cf4aa01de67366da4a9be,https://www.encodeproject.org/files/ENCFF247LOF/@@download/ENCFF247LOF.bed.gz
K562,K562,ENCSR000EGM,TF ChIP-seq,CTCF,transcription factor,Homo sapiens K562,"Michael Snyder, Stanford",0,0,10,,False,"not selected: one experiment per target (conventional ChIP-seq over Mint-ChIP, then lab priority Bernstein>Snyder>Stamatoyannopoulos, then audit flags)",ENCFF396BZQ,optimal IDR thresholded peaks,True,912199.0,ec6d58713b0306f762dbc4cab091df71,https://www.encodeproject.org/files/ENCFF396BZQ/@@download/ENCFF396BZQ.bed.gz
K562,K562,ENCSR000AKU,Histone ChIP-seq,H3K4me3,histone;narrow histone mark,Homo sapiens K562,"Bradley Bernstein, Broad",0,1,10,,False,"not selected: one experiment per target (conventional ChIP-seq over Mint-ChIP, then lab priority Bernstein>Snyder>Stamatoyannopoulos, then audit flags)",ENCFF909PMV,replicated peaks,True,1069763.0,c0a6138d8099c866c3509ff11e30f369,https://www.encodeproject.org/files/ENCFF909PMV/@@download/ENCFF909PMV.bed.gz
K562,K562,ENCSR000EWA,Histone ChIP-seq,H3K4me3,histone;narrow histone mark,Homo sapiens K562,"Peggy Farnham, USC",0,0,12,,False,"not selected: one experiment per target (conventional ChIP-seq over Mint-ChIP, then lab priority Bernstein>Snyder>Stamatoyannopoulos, then audit flags)",ENCFF961SPZ,replicated peaks,True,668981.0,680df6c3c0db2033541cb544805b719b,https://www.encodeproject.org/files/ENCFF961SPZ/@@download/ENCFF961SPZ.bed.gz
K562,K562,ENCSR000EVZ,Histone ChIP-seq,H3K9ac,histone;narrow histone mark,Homo sapiens K562,"Peggy Farnham, USC",0,0,5,,False,"not selected: one experiment per target (conventional ChIP-seq over Mint-ChIP, then lab priority Bernstein>Snyder>Stamatoyannopoulos, then audit flags)",ENCFF558JOB,replicated peaks,True,3062775.0,64087477ee672519086252bd725b4291,https://www.encodeproject.org/files/ENCFF558JOB/@@download/ENCFF558JOB.bed.gz
K562,K562,ENCSR000EWC,Histone ChIP-seq,H3K4me1,histone;broad histone mark,Homo sapiens K562,"Peggy Farnham, USC",0,6,10,,False,"not selected: one experiment per target (conventional ChIP-seq over Mint-ChIP, then lab priority Bernstein>Snyder>Stamatoyannopoulos, then audit flags)",ENCFF159VKJ,replicated peaks,True,2724281.0,0db8f1cdd1a82dd72b8da0f128b162a6,https://www.encodeproject.org/files/ENCFF159VKJ/@@download/ENCFF159VKJ.bed.gz
K562,K562,ENCSR000DWD,Histone ChIP-seq,H3K4me3,histone;narrow histone mark,Homo sapiens K562,"John Stamatoyannopoulos, UW",0,0,8,,False,"not selected: one experiment per target (conventional ChIP-seq over Mint-ChIP, then lab priority Bernstein>Snyder>Stamatoyannopoulos, then audit flags)",ENCFF148POZ,replicated peaks,True,799663.0,bba174497f0a94d497e6b9eb4b8fe0a4,https://www.encodeproject.org/files/ENCFF148POZ/@@download/ENCFF148POZ.bed.gz
K562,K562,ENCSR000DWB,Histone ChIP-seq,H3K36me3,histone;broad histone mark,Homo sapiens K562,"John Stamatoyannopoulos, UW",0,6,4,,False,"not selected: one experiment per target (conventional ChIP-seq over Mint-ChIP, then lab priority Bernstein>Snyder>Stamatoyannopoulos, then audit flags)",ENCFF631VWP,replicated peaks,True,1550285.0,b1b1a74b8a714907d071d9f4730d57c3,https://www.encodeproject.org/files/ENCFF631VWP/@@download/ENCFF631VWP.bed.gz
K562,K562,ENCSR000EWB,Histone ChIP-seq,H3K27me3,histone;broad histone mark,Homo sapiens K562,"Peggy Farnham, USC",0,6,5,,False,"not selected: one experiment per target (conventional ChIP-seq over Mint-ChIP, then lab priority Bernstein>Snyder>Stamatoyannopoulos, then audit flags)",ENCFF031FSF,replicated peaks,True,3580016.0,90a06168472cf34bd7ae734da4b1dd39,https://www.encodeproject.org/files/ENCFF031FSF/@@download/ENCFF031FSF.bed.gz
iPSC_ESC,WTC11,ENCSR572DUR,TF ChIP-seq,FOS,transcription factor,"Homo sapiens WTC11 genetically modified (insertion) using CRISPR targeting H. sapiens FOS, (insertion) using TALEN inserting M. musculus Neurog2","Michael Snyder, Stanford",0,0,6,eGFP,False,"perturbing GM: purpose=expression,method=TALEN,target=?",ENCFF574QJR,IDR thresholded peaks,True,17773.0,f43b3e680bf1d11bb49c5c96eb14e0f1,https://www.encodeproject.org/files/ENCFF574QJR/@@download/ENCFF574QJR.bed.gz
iPSC_ESC,WTC11,ENCSR426WZU,TF ChIP-seq,EGR1,transcription factor,"Homo sapiens WTC11 genetically modified (insertion) using CRISPR targeting H. sapiens EGR1, (insertion) using TALEN inserting M. musculus Neurog2","Michael Snyder, Stanford",0,0,5,3xFLAG,False,"perturbing GM: purpose=expression,method=TALEN,target=?",ENCFF980KFI,IDR thresholded peaks,True,2406.0,bcaf60575765e3b3e793b97e12a3a3ea,https://www.encodeproject.org/files/ENCFF980KFI/@@download/ENCFF980KFI.bed.gz
iPSC_ESC,WTC11,ENCSR508NBY,TF ChIP-seq,TOX4,transcription factor,"Homo sapiens WTC11 genetically modified (insertion) using CRISPR targeting H. sapiens TOX4, (insertion) using TALEN inserting M. musculus Neurog2","Michael Snyder, Stanford",0,0,5,eGFP,False,"perturbing GM: purpose=expression,method=TALEN,target=?",ENCFF384CBC,IDR thresholded peaks,True,18381.0,517400e6e052cb92a46fe3149d535c71,https://www.encodeproject.org/files/ENCFF384CBC/@@download/ENCFF384CBC.bed.gz
iPSC_ESC,H1,ENCSR000BKP,TF ChIP-seq,JUND,transcription factor,Homo sapiens H1,"Richard Myers, HAIB",0,2,9,,False,"not selected: one experiment per target (conventional ChIP-seq over Mint-ChIP, then lab priority Bernstein>Snyder>Stamatoyannopoulos, then audit flags)",ENCFF646IUA,optimal IDR thresholded peaks,True,248403.0,4e5987a810e7796cf5e42c219da30108,https://www.encodeproject.org/files/ENCFF646IUA/@@download/ENCFF646IUA.bed.gz
iPSC_ESC,H1,ENCSR000BHM,TF ChIP-seq,REST,transcription factor,Homo sapiens H1,"Richard Myers, HAIB",0,0,5,,False,"not selected: one experiment per target (conventional ChIP-seq over Mint-ChIP, then lab priority Bernstein>Snyder>Stamatoyannopoulos, then audit flags)",ENCFF403CAJ,optimal IDR thresholded peaks,True,280001.0,9f84b13c5eb67b5b9b2abc6d136f1972,https://www.encodeproject.org/files/ENCFF403CAJ/@@download/ENCFF403CAJ.bed.gz
iPSC_ESC,H1,ENCSR000EUP,TF ChIP-seq,MAX,transcription factor,Homo sapiens H1,"Peggy Farnham, USC",2,2,3,,False,WTC11 data available for this target (H1/H9 fallback not used),ENCFF762LKG,optimal IDR thresholded peaks,True,94385.0,f43f8ec35061a85fbc5fd880e790ead4,https://www.encodeproject.org/files/ENCFF762LKG/@@download/ENCFF762LKG.bed.gz
iPSC_ESC,H1,ENCSR000DLI,TF ChIP-seq,MYC,transcription factor,Homo sapiens H1,"Vishwanath Iyer, UTA",0,2,3,,False,"not selected: one experiment per target (conventional ChIP-seq over Mint-ChIP, then lab priority Bernstein>Snyder>Stamatoyannopoulos, then audit flags)",ENCFF049SMR,IDR thresholded peaks,True,159.0,2ffaf2f242e9fe88c69f7060e62d583a,https://www.encodeproject.org/files/ENCFF049SMR/@@download/ENCFF049SMR.bed.gz
iPSC_ESC,H1,ENCSR000BLD,TF ChIP-seq,RAD21,cohesin,Homo sapiens H1,"Richard Myers, HAIB",0,0,8,,False,"not selected: one experiment per target (conventional ChIP-seq over Mint-ChIP, then lab priority Bernstein>Snyder>Stamatoyannopoulos, then audit flags)",ENCFF060IVS,optimal IDR thresholded peaks,True,1187766.0,a8c72827b71b341202ede8867c201a8b,https://www.encodeproject.org/files/ENCFF060IVS/@@download/ENCFF060IVS.bed.gz
iPSC_ESC,H1,ENCSR000BMJ,TF ChIP-seq,BCL11A,transcription factor,Homo sapiens H1,"Richard Myers, HAIB",0,0,4,,False,"not selected: one experiment per target (conventional ChIP-seq over Mint-ChIP, then lab priority Bernstein>Snyder>Stamatoyannopoulos, then audit flags)",ENCFF262EKX,IDR thresholded peaks,True,15500.0,de8c9ccce37c5196f185be38e3e30911,https://www.encodeproject.org/files/ENCFF262EKX/@@download/ENCFF262EKX.bed.gz
iPSC_ESC,H1,ENCSR000BIR,TF ChIP-seq,SP1,transcription factor,Homo sapiens H1,"Richard Myers, HAIB",0,0,4,,False,WTC11 data available for this target (H1/H9 fallback not used),ENCFF500JFI,optimal IDR thresholded peaks,True,364303.0,90cc3b9e4c87a99cafe7098f1a5b1843,https://www.encodeproject.org/files/ENCFF500JFI/@@download/ENCFF500JFI.bed.gz
iPSC_ESC,H1,ENCSR000BSN,TF ChIP-seq,CREB1,transcription factor,Homo sapiens H1,"Richard Myers, HAIB",0,0,1,,False,WTC11 data available for this target (H1/H9 fallback not used),ENCFF978KGB,IDR thresholded peaks,True,358032.0,fc8296ce9b1cd964d7b121db26f0d5a9,https://www.encodeproject.org/files/ENCFF978KGB/@@download/ENCFF978KGB.bed.gz
iPSC_ESC,H1,ENCSR000DLJ,TF ChIP-seq,POLR2A,RNA polymerase complex,Homo sapiens H1,"Vishwanath Iyer, UTA",2,0,4,,False,"not selected: one experiment per target (conventional ChIP-seq over Mint-ChIP, then lab priority Bernstein>Snyder>Stamatoyannopoulos, then audit flags)",ENCFF918UHB,IDR thresholded peaks,True,265188.0,bf6931da434db4dad62a9339f5ef6e6b,https://www.encodeproject.org/files/ENCFF918UHB/@@download/ENCFF918UHB.bed.gz
iPSC_ESC,H1,ENCSR000BIU,TF ChIP-seq,USF1,transcription factor,Homo sapiens H1,"Richard Myers, HAIB",0,0,4,,False,WTC11 data available for this target (H1/H9 fallback not used),ENCFF699HXL,optimal IDR thresholded peaks,True,534069.0,e0651aa4696007dd00ff5a3d9c993f46,https://www.encodeproject.org/files/ENCFF699HXL/@@download/ENCFF699HXL.bed.gz
iPSC_ESC,H1,ENCSR000BRY,TF ChIP-seq,TEAD4,transcription factor,Homo sapiens H1,"Richard Myers, HAIB",0,0,5,,False,WTC11 data available for this target (H1/H9 fallback not used),ENCFF885PQR,IDR thresholded peaks,True,391520.0,4e0d0dd4f67b5213c0a9a9112a9972ef,https://www.encodeproject.org/files/ENCFF885PQR/@@download/ENCFF885PQR.bed.gz
iPSC_ESC,H1,ENCSR000ECA,TF ChIP-seq,JUN,transcription factor,Homo sapiens H1,"Michael Snyder, Stanford",0,0,11,,False,WTC11 data available for this target (H1/H9 fallback not used),ENCFF312GEN,optimal IDR thresholded peaks,True,51395.0,5554e274614e0bd6f8829b17f0070219,https://www.encodeproject.org/files/ENCFF312GEN/@@download/ENCFF312GEN.bed.gz
iPSC_ESC,H1,ENCSR000BKC,TF ChIP-seq,ATF3,transcription factor,Homo sapiens H1,"Richard Myers, HAIB",0,1,5,,False,WTC11 data available for this target (H1/H9 fallback not used),ENCFF487GLV,optimal IDR thresholded peaks,True,95778.0,12425177b305e4d7671fca9031627a72,https://www.encodeproject.org/files/ENCFF487GLV/@@download/ENCFF487GLV.bed.gz
iPSC_ESC,H1,ENCSR000DLK,TF ChIP-seq,CTCF,transcription factor,Homo sapiens H1,"Vishwanath Iyer, UTA",2,1,2,,False,WTC11 data available for this target (H1/H9 fallback not used),ENCFF412KEU,IDR thresholded peaks,True,595484.0,a6f6143c04c10d75862e1e922d87f8d7,https://www.encodeproject.org/files/ENCFF412KEU/@@download/ENCFF412KEU.bed.gz
iPSC_ESC,H1,ENCSR000ECD,TF ChIP-seq,USF2,transcription factor,Homo sapiens H1,"Michael Snyder, Stanford",0,0,6,,False,WTC11 data available for this target (H1/H9 fallback not used),ENCFF710JBU,optimal IDR thresholded peaks,True,150440.0,601512de9a77ef0469c0de93165675d7,https://www.encodeproject.org/files/ENCFF710JBU/@@download/ENCFF710JBU.bed.gz
iPSC_ESC,H1,ENCSR000EBU,TF ChIP-seq,CHD1,chromatin remodeler,Homo sapiens H1,"Michael Snyder, Stanford",0,0,9,,False,"not selected: one experiment per target (conventional ChIP-seq over Mint-ChIP, then lab priority Bernstein>Snyder>Stamatoyannopoulos, then audit flags)",ENCFF806HXY,optimal IDR thresholded peaks,True,38520.0,5908ebf5322a0e548020dcde56401f9e,https://www.encodeproject.org/files/ENCFF806HXY/@@download/ENCFF806HXY.bed.gz
iPSC_ESC,H1,ENCSR000EUQ,TF ChIP-seq,SUZ12,chromatin remodeler,Homo sapiens H1,"Peggy Farnham, USC",0,3,4,,False,"not selected: one experiment per target (conventional ChIP-seq over Mint-ChIP, then lab priority Bernstein>Snyder>Stamatoyannopoulos, then audit flags)",ENCFF938PCI,optimal IDR thresholded peaks,True,78387.0,ad21632c1b801140f11f879c8dd722a4,https://www.encodeproject.org/files/ENCFF938PCI/@@download/ENCFF938PCI.bed.gz
iPSC_ESC,H1,ENCSR000BIS,TF ChIP-seq,SIN3A,chromatin remodeler,Homo sapiens H1,"Richard Myers, HAIB",0,0,6,,False,"not selected: one experiment per target (conventional ChIP-seq over Mint-ChIP, then lab priority Bernstein>Snyder>Stamatoyannopoulos, then audit flags)",ENCFF905VZD,optimal IDR thresholded peaks,True,244137.0,9df45f832a076cb13dc3852def56f03c,https://www.encodeproject.org/files/ENCFF905VZD/@@download/ENCFF905VZD.bed.gz
iPSC_ESC,H1,ENCSR000BSJ,TF ChIP-seq,MAX,transcription factor,Homo sapiens H1,"Richard Myers, HAIB",0,0,1,,False,WTC11 data available for this target (H1/H9 fallback not used),ENCFF460LNS,IDR thresholded peaks,True,705302.0,49b2fae44d4bb1ea24fc438529071065,https://www.encodeproject.org/files/ENCFF460LNS/@@download/ENCFF460LNS.bed.gz
iPSC_ESC,H1,ENCSR000BQU,TF ChIP-seq,ATF2,transcription factor,Homo sapiens H1,"Richard Myers, HAIB",0,0,3,,False,WTC11 data available for this target (H1/H9 fallback not used),ENCFF352KLD,IDR thresholded peaks,True,152345.0,f2d8da4f96ee322d13e45f9719c226d2,https://www.encodeproject.org/files/ENCFF352KLD/@@download/ENCFF352KLD.bed.gz
iPSC_ESC,H1,ENCSR000BNR,TF ChIP-seq,HDAC2,chromatin remodeler,Homo sapiens H1,"Richard Myers, HAIB",0,0,10,,False,"not selected: one experiment per target (conventional ChIP-seq over Mint-ChIP, then lab priority Bernstein>Snyder>Stamatoyannopoulos, then audit flags)",ENCFF009IVJ,optimal IDR thresholded peaks,True,172087.0,d5025509d1d369bfdabc0eb2c82f18f2,https://www.encodeproject.org/files/ENCFF009IVJ/@@download/ENCFF009IVJ.bed.gz
iPSC_ESC,H1,ENCSR000AMF,TF ChIP-seq,CTCF,transcription factor,Homo sapiens H1,"Bradley Bernstein, Broad",0,0,5,,False,WTC11 data available for this target (H1/H9 fallback not used),ENCFF692RPA,IDR thresholded peaks,True,1093090.0,c3c17414a7f588e17f0b53a38befbd0b,https://www.encodeproject.org/files/ENCFF692RPA/@@download/ENCFF692RPA.bed.gz
iPSC_ESC,H1,ENCSR000BNH,TF ChIP-seq,CTCF,transcription factor,Homo sapiens H1,"Richard Myers, HAIB",0,0,10,,False,WTC11 data available for this target (H1/H9 fallback not used),ENCFF821AQO,optimal IDR thresholded peaks,True,896598.0,6b8cb10006e54394256ba65597a853c4,https://www.encodeproject.org/files/ENCFF821AQO/@@download/ENCFF821AQO.bed.gz
iPSC_ESC,H1,ENCSR000BKK,TF ChIP-seq,EP300,transcription factor,Homo sapiens H1,"Richard Myers, HAIB",0,0,7,,False,"not selected: one experiment per target (conventional ChIP-seq over Mint-ChIP, then lab priority Bernstein>Snyder>Stamatoyannopoulos, then audit flags)",ENCFF834UVX,optimal IDR thresholded peaks,True,240550.0,ae2651345c0138178945300c6923d004,https://www.encodeproject.org/files/ENCFF834UVX/@@download/ENCFF834UVX.bed.gz
iPSC_ESC,H1,ENCSR000AMG,Histone ChIP-seq,H3K4me3,histone;narrow histone mark,Homo sapiens H1,"Bradley Bernstein, Broad",0,1,4,,False,WTC11 data available for this target (H1/H9 fallback not used),ENCFF118FXI,pseudoreplicated peaks,True,890506.0,7f283a55ec616de04266849f5b041b7b,https://www.encodeproject.org/files/ENCFF118FXI/@@download/ENCFF118FXI.bed.gz
iPSC_ESC,H1,ENCSR571IIS,Histone ChIP-seq,H2AFZ,histone;narrow histone mark,Homo sapiens H1,"Bing Ren, UCSD",0,3,2,,False,"not selected: one experiment per target (conventional ChIP-seq over Mint-ChIP, then lab priority Bernstein>Snyder>Stamatoyannopoulos, then audit flags)",ENCFF584JOM,pseudoreplicated peaks,True,608873.0,f38554ab3b7cda98a9e1734f5f37a107,https://www.encodeproject.org/files/ENCFF584JOM/@@download/ENCFF584JOM.bed.gz
iPSC_ESC,H1,ENCSR322MEI,Histone ChIP-seq,H3K4me2,histone;narrow histone mark,Homo sapiens H1,"Bing Ren, UCSD",0,1,10,,False,"not selected: one experiment per target (conventional ChIP-seq over Mint-ChIP, then lab priority Bernstein>Snyder>Stamatoyannopoulos, then audit flags)",ENCFF441MSJ,replicated peaks,True,2818266.0,3f97268ce344bb1c641140dc917691cf,https://www.encodeproject.org/files/ENCFF441MSJ/@@download/ENCFF441MSJ.bed.gz
iPSC_ESC,H1,ENCSR496DCY,Histone ChIP-seq,H3K36me3,histone;broad histone mark,Homo sapiens H1,"Joseph Costello, UCSF",0,2,9,,False,WTC11 data available for this target (H1/H9 fallback not used),ENCFF422MTS,replicated peaks,True,2736669.0,f46116ac8d96674773d737d25c5af1ca,https://www.encodeproject.org/files/ENCFF422MTS/@@download/ENCFF422MTS.bed.gz
iPSC_ESC,H1,ENCSR925LJZ,Histone ChIP-seq,H3K36me3,histone;broad histone mark,Homo sapiens H1,"Bradley Bernstein, Broad",0,6,4,,False,WTC11 data available for this target (H1/H9 fallback not used),ENCFF736WAN,replicated peaks,True,828134.0,be26760d8cf695b908741bf17772d5e7,https://www.encodeproject.org/files/ENCFF736WAN/@@download/ENCFF736WAN.bed.gz
iPSC_ESC,H1,ENCSR813CTI,Histone ChIP-seq,H3K9ac,histone;narrow histone mark,Homo sapiens H1,"Joseph Costello, UCSF",1,0,1,,False,"not selected: one experiment per target (conventional ChIP-seq over Mint-ChIP, then lab priority Bernstein>Snyder>Stamatoyannopoulos, then audit flags)",ENCFF443ZMH,pseudoreplicated peaks,True,874336.0,298a98fc2aa9c0de3c33c34bc93f79cf,https://www.encodeproject.org/files/ENCFF443ZMH/@@download/ENCFF443ZMH.bed.gz
iPSC_ESC,H1,ENCSR019SQX,Histone ChIP-seq,H3K4me3,histone;narrow histone mark,Homo sapiens H1,"Bradley Bernstein, Broad",0,1,9,,False,WTC11 data available for this target (H1/H9 fallback not used),ENCFF408FCY,replicated peaks,True,808862.0,1aef12d991cbdafbbc919c4ec8a9f620,https://www.encodeproject.org/files/ENCFF408FCY/@@download/ENCFF408FCY.bed.gz
iPSC_ESC,H1,ENCSR395USV,Histone ChIP-seq,H3K9me3,histone;broad histone mark,Homo sapiens H1,"Joseph Costello, UCSF",0,2,13,,False,WTC11 data available for this target (H1/H9 fallback not used),ENCFF250GSY,replicated peaks,True,2953129.0,a726cf18a507cead1f881cd2715194bc,https://www.encodeproject.org/files/ENCFF250GSY/@@download/ENCFF250GSY.bed.gz
iPSC_ESC,H1,ENCSR891KGZ,Histone ChIP-seq,H4K8ac,histone,Homo sapiens H1,"Bing Ren, UCSD",1,1,10,,False,"not selected: one experiment per target (conventional ChIP-seq over Mint-ChIP, then lab priority Bernstein>Snyder>Stamatoyannopoulos, then audit flags)",ENCFF760EFQ,replicated peaks,True,2897578.0,71fcd5446e6f983b1e08648228b8ba7e,https://www.encodeproject.org/files/ENCFF760EFQ/@@download/ENCFF760EFQ.bed.gz
iPSC_ESC,H1,ENCSR631RJR,Histone ChIP-seq,H3K4me1,histone;broad histone mark,Homo sapiens H1,"Bradley Bernstein, Broad",0,6,3,,False,WTC11 data available for this target (H1/H9 fallback not used),ENCFF558IKG,replicated peaks,True,1256697.0,fde92ba19a36b3ed2e7705766b737ed0,https://www.encodeproject.org/files/ENCFF558IKG/@@download/ENCFF558IKG.bed.gz
iPSC_ESC,H1,ENCSR057BTG,Histone ChIP-seq,H3K14ac,histone,Homo sapiens H1,"Bing Ren, UCSD",0,6,4,,False,"not selected: one experiment per target (conventional ChIP-seq over Mint-ChIP, then lab priority Bernstein>Snyder>Stamatoyannopoulos, then audit flags)",ENCFF642IBN,replicated peaks,True,161606.0,83d1b1f1daa37147121ba4632e6ccd8d,https://www.encodeproject.org/files/ENCFF642IBN/@@download/ENCFF642IBN.bed.gz
iPSC_ESC,H1,ENCSR768FWX,Histone ChIP-seq,H3K56ac,histone,Homo sapiens H1,"Bing Ren, UCSD",0,3,9,,False,"not selected: one experiment per target (conventional ChIP-seq over Mint-ChIP, then lab priority Bernstein>Snyder>Stamatoyannopoulos, then audit flags)",ENCFF053HKF,replicated peaks,True,688356.0,27cc90f1550ec73f7627d17f3bb4a6c7,https://www.encodeproject.org/files/ENCFF053HKF/@@download/ENCFF053HKF.bed.gz
iPSC_ESC,H1,ENCSR728SZE,Histone ChIP-seq,H4K20me1,histone;broad histone mark,Homo sapiens H1,"Bing Ren, UCSD",0,6,4,,False,"not selected: one experiment per target (conventional ChIP-seq over Mint-ChIP, then lab priority Bernstein>Snyder>Stamatoyannopoulos, then audit flags)",ENCFF439CWL,replicated peaks,True,2086571.0,ad14163cfef9afc9f969f98851e6ac38,https://www.encodeproject.org/files/ENCFF439CWL/@@download/ENCFF439CWL.bed.gz
iPSC_ESC,H1,ENCSR883AQJ,Histone ChIP-seq,H3K9me3,histone;broad histone mark,Homo sapiens H1,"Bing Ren, UCSD",0,7,9,,False,WTC11 data available for this target (H1/H9 fallback not used),ENCFF348GGB,replicated peaks,True,1660220.0,8ceb88b1436fa6841df6f24d0488ab0f,https://www.encodeproject.org/files/ENCFF348GGB/@@download/ENCFF348GGB.bed.gz
iPSC_ESC,H1,ENCSR038PFD,Histone ChIP-seq,H3K18ac,histone,Homo sapiens H1,"Bing Ren, UCSD",1,0,2,,False,"not selected: one experiment per target (conventional ChIP-seq over Mint-ChIP, then lab priority Bernstein>Snyder>Stamatoyannopoulos, then audit flags)",ENCFF397EFT,replicated peaks,True,1819496.0,b53e9c9864947614ec715bc7fe2e2bc2,https://www.encodeproject.org/files/ENCFF397EFT/@@download/ENCFF397EFT.bed.gz
iPSC_ESC,H1,ENCSR186OBR,Histone ChIP-seq,H3K27me3,histone;broad histone mark,Homo sapiens H1,"Bing Ren, UCSD",0,8,8,,False,WTC11 data available for this target (H1/H9 fallback not used),ENCFF156RHD,replicated peaks,True,1155589.0,e167cb7421974dd7fdfb0b6fc0ee388e,https://www.encodeproject.org/files/ENCFF156RHD/@@download/ENCFF156RHD.bed.gz
iPSC_ESC,H1,ENCSR301HRV,Histone ChIP-seq,H3K79me2,histone;broad histone mark,Homo sapiens H1,"Bing Ren, UCSD",0,6,4,,False,"not selected: one experiment per target (conventional ChIP-seq over Mint-ChIP, then lab priority Bernstein>Snyder>Stamatoyannopoulos, then audit flags)",ENCFF202EZL,replicated peaks,True,578345.0,3a3f9ce6f1c7673535819f22ffefaf88,https://www.encodeproject.org/files/ENCFF202EZL/@@download/ENCFF202EZL.bed.gz
iPSC_ESC,H1,ENCSR952GVX,Histone ChIP-seq,H3K9ac,histone;narrow histone mark,Homo sapiens H1,"Bradley Bernstein, Broad",0,0,11,,False,"not selected: one experiment per target (conventional ChIP-seq over Mint-ChIP, then lab priority Bernstein>Snyder>Stamatoyannopoulos, then audit flags)",ENCFF343GTP,replicated peaks,True,658760.0,9524a8b821aa7ac75a9ea26c53ff4c22,https://www.encodeproject.org/files/ENCFF343GTP/@@download/ENCFF343GTP.bed.gz
iPSC_ESC,H1,ENCSR003SSR,Histone ChIP-seq,H3K4me3,histone;narrow histone mark,Homo sapiens H1,"Joseph Costello, UCSF",2,2,3,,False,WTC11 data available for this target (H1/H9 fallback not used),ENCFF744ORJ,replicated peaks,True,626737.0,889cbcf4b9035cadbed6412c9fb962bb,https://www.encodeproject.org/files/ENCFF744ORJ/@@download/ENCFF744ORJ.bed.gz
iPSC_ESC,H1,ENCSR476KTK,Histone ChIP-seq,H3K36me3,histone;broad histone mark,Homo sapiens H1,"Bing Ren, UCSD",0,6,9,,False,WTC11 data available for this target (H1/H9 fallback not used),ENCFF093YFN,replicated peaks,True,3756757.0,5da06df6757da36c36f5d953deade08a,https://www.encodeproject.org/files/ENCFF093YFN/@@download/ENCFF093YFN.bed.gz
iPSC_ESC,H1,ENCSR991BTY,Histone ChIP-seq,H3K4me1,histone;broad histone mark,Homo sapiens H1,"Joseph Costello, UCSF",0,3,0,,False,WTC11 data available for this target (H1/H9 fallback not used),ENCFF434PWT,pseudoreplicated peaks,True,1480212.0,f6d5363213e123a438336eb30cfa98ee,https://www.encodeproject.org/files/ENCFF434PWT/@@download/ENCFF434PWT.bed.gz
iPSC_ESC,H1,ENCSR858BOF,Histone ChIP-seq,H4K91ac,histone,Homo sapiens H1,"Bing Ren, UCSD",0,3,3,,False,"not selected: one experiment per target (conventional ChIP-seq over Mint-ChIP, then lab priority Bernstein>Snyder>Stamatoyannopoulos, then audit flags)",ENCFF964FVB,replicated peaks,True,1795796.0,acb32ba56159802ca3ee085f1bdf263f,https://www.encodeproject.org/files/ENCFF964FVB/@@download/ENCFF964FVB.bed.gz
iPSC_ESC,H1,ENCSR271TFS,Histone ChIP-seq,H3K4me1,histone;broad histone mark,Homo sapiens H1,"Bing Ren, UCSD",0,6,6,,False,WTC11 data available for this target (H1/H9 fallback not used),ENCFF694ENI,replicated peaks,True,3292624.0,8882b18f3df46a5594984cd8f58e29d3,https://www.encodeproject.org/files/ENCFF694ENI/@@download/ENCFF694ENI.bed.gz
iPSC_ESC,H1,ENCSR216OGD,Histone ChIP-seq,H3K27me3,histone;broad histone mark,Homo sapiens H1,"Bradley Bernstein, Broad",0,6,5,,False,WTC11 data available for this target (H1/H9 fallback not used),ENCFF084QDP,replicated peaks,True,587190.0,5c307e315624e6cc59a1722e5f3703c6,https://www.encodeproject.org/files/ENCFF084QDP/@@download/ENCFF084QDP.bed.gz
iPSC_ESC,H1,ENCSR130EML,Histone ChIP-seq,H3K4ac,histone,Homo sapiens H1,"Bing Ren, UCSD",0,3,4,,False,"not selected: one experiment per target (conventional ChIP-seq over Mint-ChIP, then lab priority Bernstein>Snyder>Stamatoyannopoulos, then audit flags)",ENCFF711LQB,replicated peaks,True,926050.0,b0c01f8a21ebf9c5c5ec85161c5daaec,https://www.encodeproject.org/files/ENCFF711LQB/@@download/ENCFF711LQB.bed.gz
iPSC_ESC,H1,ENCSR441UHO,Histone ChIP-seq,H3K9ac,histone;narrow histone mark,Homo sapiens H1,"Bing Ren, UCSD",0,0,8,,False,"not selected: one experiment per target (conventional ChIP-seq over Mint-ChIP, then lab priority Bernstein>Snyder>Stamatoyannopoulos, then audit flags)",ENCFF806NNI,replicated peaks,True,840691.0,bf298c4a9119d9b1537adba17f68f092,https://www.encodeproject.org/files/ENCFF806NNI/@@download/ENCFF806NNI.bed.gz
iPSC_ESC,H1,ENCSR880SUY,Histone ChIP-seq,H3K27ac,histone;narrow histone mark,Homo sapiens H1,"Bing Ren, UCSD",0,2,11,,False,WTC11 data available for this target (H1/H9 fallback not used),ENCFF045CUG,replicated peaks,True,1659844.0,7da6ada83c8480d07cb8d8546d9544ae,https://www.encodeproject.org/files/ENCFF045CUG/@@download/ENCFF045CUG.bed.gz
iPSC_ESC,H1,ENCSR815LBP,Histone ChIP-seq,H3K23ac,histone,Homo sapiens H1,"Bing Ren, UCSD",0,6,4,,False,"not selected: one experiment per target (conventional ChIP-seq over Mint-ChIP, then lab priority Bernstein>Snyder>Stamatoyannopoulos, then audit flags)",ENCFF851FNE,replicated peaks,True,123560.0,513a15751f9cf1ab5ab92bf0a8c04a7a,https://www.encodeproject.org/files/ENCFF851FNE/@@download/ENCFF851FNE.bed.gz
iPSC_ESC,H1,ENCSR928HYM,Histone ChIP-seq,H3K27me3,histone;broad histone mark,Homo sapiens H1,"Bing Ren, UCSD",0,6,7,,False,WTC11 data available for this target (H1/H9 fallback not used),ENCFF411ESN,replicated peaks,True,870766.0,0135aad0d23c2434304d7a56bb247a00,https://www.encodeproject.org/files/ENCFF411ESN/@@download/ENCFF411ESN.bed.gz
iPSC_ESC,H1,ENCSR814XPE,Histone ChIP-seq,H3K4me3,histone;narrow histone mark,Homo sapiens H1,"Bradley Bernstein, Broad",0,0,7,,False,WTC11 data available for this target (H1/H9 fallback not used),ENCFF456NIF,replicated peaks,True,1234758.0,49ecd7fab07b5571067915bec4930b44,https://www.encodeproject.org/files/ENCFF456NIF/@@download/ENCFF456NIF.bed.gz
iPSC_ESC,H1,ENCSR000ALU,Histone ChIP-seq,H3K27me3,histone;broad histone mark,Homo sapiens H1,"Bradley Bernstein, Broad",0,2,5,,False,WTC11 data available for this target (H1/H9 fallback not used),ENCFF305KNA,replicated peaks,True,642549.0,08b6f2fc3ca541ce606a3cfc8a23f337,https://www.encodeproject.org/files/ENCFF305KNA/@@download/ENCFF305KNA.bed.gz
iPSC_ESC,H1,ENCSR687FDK,Histone ChIP-seq,H3K27me3,histone;broad histone mark,Homo sapiens H1,"Joseph Costello, UCSF",1,2,2,,False,WTC11 data available for this target (H1/H9 fallback not used),ENCFF098JFF,pseudoreplicated peaks,True,1864680.0,ec56d3043d90793706bbab0dd0a1b377,https://www.encodeproject.org/files/ENCFF098JFF/@@download/ENCFF098JFF.bed.gz
iPSC_ESC,H1,ENCSR443YAS,Histone ChIP-seq,H3K4me3,histone;narrow histone mark,Homo sapiens H1,"Bing Ren, UCSD",1,0,15,,False,WTC11 data available for this target (H1/H9 fallback not used),ENCFF277AOQ,replicated peaks,True,1008088.0,e72e009300b950997ffe9fa2f9609e9d,https://www.encodeproject.org/files/ENCFF277AOQ/@@download/ENCFF277AOQ.bed.gz
iPSC_ESC,H1,ENCSR000ANB,Histone ChIP-seq,H3K36me3,histone;broad histone mark,Homo sapiens H1,"Bradley Bernstein, Broad",0,2,5,,False,WTC11 data available for this target (H1/H9 fallback not used),ENCFF504KOV,pseudoreplicated peaks,True,1512682.0,9d5c70f06a9b493863fc2f386eb08d27,https://www.encodeproject.org/files/ENCFF504KOV/@@download/ENCFF504KOV.bed.gz
iPSC_ESC,H1,ENCSR000ANA,Histone ChIP-seq,H3K4me1,histone;broad histone mark,Homo sapiens H1,"Bradley Bernstein, Broad",0,2,3,,False,WTC11 data available for this target (H1/H9 fallback not used),ENCFF984DGO,pseudoreplicated peaks,True,2750694.0,32a934308e6bcc63aee3454cebc41f49,https://www.encodeproject.org/files/ENCFF984DGO/@@download/ENCFF984DGO.bed.gz
iPSC_ESC,H1,ENCSR000ANP,Histone ChIP-seq,H3K27ac,histone;narrow histone mark,Homo sapiens H1,"Bradley Bernstein, Broad",0,0,5,,False,WTC11 data available for this target (H1/H9 fallback not used),ENCFF162HPV,replicated peaks,True,882658.0,bfaaa057948c687e7627d0ca301f3d2d,https://www.encodeproject.org/files/ENCFF162HPV/@@download/ENCFF162HPV.bed.gz
iPSC_ESC,H1,ENCSR000APZ,Histone ChIP-seq,H3K9me3,histone;broad histone mark,Homo sapiens H1,"Bradley Bernstein, Broad",0,1,7,,False,WTC11 data available for this target (H1/H9 fallback not used),ENCFF310CZV,pseudoreplicated peaks,True,1801077.0,ccb4864f66e9ffca50d2d65de8f6de85,https://www.encodeproject.org/files/ENCFF310CZV/@@download/ENCFF310CZV.bed.gz
iPSC_ESC,H9,ENCSR871MKQ,TF ChIP-seq,CTCF,transcription factor,Homo sapiens H9,"Bradley Bernstein, Broad",0,0,32,,False,WTC11 data available for this target (H1/H9 fallback not used),ENCFF101UJJ,conservative IDR thresholded peaks,True,1509759.0,d771fc0adad4fe80bdba5c8f8b7e90fc,https://www.encodeproject.org/files/ENCFF101UJJ/@@download/ENCFF101UJJ.bed.gz
iPSC_ESC,H9,ENCSR734NCK,Histone ChIP-seq,H2BK15ac,histone,Homo sapiens H9,"Bing Ren, UCSD",0,0,6,,False,"not selected: one experiment per target (conventional ChIP-seq over Mint-ChIP, then lab priority Bernstein>Snyder>Stamatoyannopoulos, then audit flags)",ENCFF264SLU,replicated peaks,True,103965.0,16612a59d993c554cd1aff49b2310110,https://www.encodeproject.org/files/ENCFF264SLU/@@download/ENCFF264SLU.bed.gz
iPSC_ESC,H9,ENCSR741FIA,Histone ChIP-seq,H2BK5ac,histone,Homo sapiens H9,"Bing Ren, UCSD",0,3,4,,False,"not selected: one experiment per target (conventional ChIP-seq over Mint-ChIP, then lab priority Bernstein>Snyder>Stamatoyannopoulos, then audit flags)",ENCFF267HLH,replicated peaks,True,416763.0,5a79c6b314cec8ad0c8daa4a2b236097,https://www.encodeproject.org/files/ENCFF267HLH/@@download/ENCFF267HLH.bed.gz
iPSC_ESC,H9,ENCSR333LVY,Histone ChIP-seq,H2AK5ac,histone,Homo sapiens H9,"Bing Ren, UCSD",0,2,4,,False,"not selected: one experiment per target (conventional ChIP-seq over Mint-ChIP, then lab priority Bernstein>Snyder>Stamatoyannopoulos, then audit flags)",ENCFF007TWN,replicated peaks,True,221604.0,bd0707ae0f91203296225e4b6a756cc6,https://www.encodeproject.org/files/ENCFF007TWN/@@download/ENCFF007TWN.bed.gz
iPSC_ESC,H9,ENCSR716ZJH,Histone ChIP-seq,H3K4me3,histone;narrow histone mark,Homo sapiens H9 stably expressing HES5,"Bradley Bernstein, Broad",0,0,11,eGFP,False,WTC11 data available for this target (H1/H9 fallback not used),ENCFF758JOO,replicated peaks,True,1298609.0,e5445ae122ae34152df58a1cd35b72a5,https://www.encodeproject.org/files/ENCFF758JOO/@@download/ENCFF758JOO.bed.gz
iPSC_ESC,H9,ENCSR729NVN,Histone ChIP-seq,H4K20me1,histone;broad histone mark,Homo sapiens H9,"Bing Ren, UCSD",0,4,0,,False,"not selected: one experiment per target (conventional ChIP-seq over Mint-ChIP, then lab priority Bernstein>Snyder>Stamatoyannopoulos, then audit flags)",ENCFF067OSM,pseudoreplicated peaks,True,890478.0,e9e851ebd51c35e78d2e20678cfb963b,https://www.encodeproject.org/files/ENCFF067OSM/@@download/ENCFF067OSM.bed.gz
iPSC_ESC,H9,ENCSR280IFJ,Histone ChIP-seq,H3K79me1,histone,Homo sapiens H9,"Bing Ren, UCSD",0,3,14,,False,"not selected: one experiment per target (conventional ChIP-seq over Mint-ChIP, then lab priority Bernstein>Snyder>Stamatoyannopoulos, then audit flags)",ENCFF361FSJ,replicated peaks,True,365562.0,032b3fcb4b3d89213813ba560dca293f,https://www.encodeproject.org/files/ENCFF361FSJ/@@download/ENCFF361FSJ.bed.gz
iPSC_ESC,H9,ENCSR276HBK,Histone ChIP-seq,H3K4me1,histone;broad histone mark,Homo sapiens H9,"Bing Ren, UCSD",0,2,7,,False,WTC11 data available for this target (H1/H9 fallback not used),ENCFF123YZZ,replicated peaks,True,1866782.0,fca132b06763425202232f0f03123454,https://www.encodeproject.org/files/ENCFF123YZZ/@@download/ENCFF123YZZ.bed.gz
iPSC_ESC,H9,ENCSR879TAS,Histone ChIP-seq,H3K9ac,histone;narrow histone mark,Homo sapiens H9,"Bing Ren, UCSD",1,1,4,,False,"not selected: one experiment per target (conventional ChIP-seq over Mint-ChIP, then lab priority Bernstein>Snyder>Stamatoyannopoulos, then audit flags)",ENCFF385GUX,replicated peaks,True,801099.0,3374a1047bd5a6d9a648ff0c195301c0,https://www.encodeproject.org/files/ENCFF385GUX/@@download/ENCFF385GUX.bed.gz
iPSC_ESC,H9,ENCSR043VGU,Histone ChIP-seq,H3K4me3,histone;narrow histone mark,Homo sapiens H9,"Bing Ren, UCSD",1,2,6,,False,WTC11 data available for this target (H1/H9 fallback not used),ENCFF485ZIC,replicated peaks,True,1001021.0,97ffd9352d41acc22563d326c84bee47,https://www.encodeproject.org/files/ENCFF485ZIC/@@download/ENCFF485ZIC.bed.gz
iPSC_ESC,H9,ENCSR730POX,Histone ChIP-seq,H3K4me2,histone;narrow histone mark,Homo sapiens H9,"Bing Ren, UCSD",0,2,4,,False,"not selected: one experiment per target (conventional ChIP-seq over Mint-ChIP, then lab priority Bernstein>Snyder>Stamatoyannopoulos, then audit flags)",ENCFF390EFC,replicated peaks,True,1819874.0,4984299cc18a50d142ad425953fd1009,https://www.encodeproject.org/files/ENCFF390EFC/@@download/ENCFF390EFC.bed.gz
iPSC_ESC,H9,ENCSR260OWP,Histone ChIP-seq,H2BK120ac,histone,Homo sapiens H9,"Bing Ren, UCSD",0,2,6,,False,"not selected: one experiment per target (conventional ChIP-seq over Mint-ChIP, then lab priority Bernstein>Snyder>Stamatoyannopoulos, then audit flags)",ENCFF201ADY,pseudoreplicated peaks,True,164532.0,97566f7d24dcc9545419aa553e181fdc,https://www.encodeproject.org/files/ENCFF201ADY/@@download/ENCFF201ADY.bed.gz
iPSC_ESC,H9,ENCSR554TZE,Histone ChIP-seq,H4K5ac,histone,Homo sapiens H9,"Bing Ren, UCSD",0,4,7,,False,"not selected: one experiment per target (conventional ChIP-seq over Mint-ChIP, then lab priority Bernstein>Snyder>Stamatoyannopoulos, then audit flags)",ENCFF993ETS,replicated peaks,True,586492.0,1ade62499dbdd80926086b3261a2296b,https://www.encodeproject.org/files/ENCFF993ETS/@@download/ENCFF993ETS.bed.gz
iPSC_ESC,H9,ENCSR516KSY,Histone ChIP-seq,H3K9me3,histone;broad histone mark,Homo sapiens H9 stably expressing HES5,"Bradley Bernstein, Broad",0,1,11,eGFP,False,WTC11 data available for this target (H1/H9 fallback not used),ENCFF125XCN,replicated peaks,True,908642.0,feb69ef414e55e2544b3e13ee0755f0c,https://www.encodeproject.org/files/ENCFF125XCN/@@download/ENCFF125XCN.bed.gz
iPSC_ESC,H9,ENCSR738BJJ,Histone ChIP-seq,H2BK12ac,histone,Homo sapiens H9,"Bing Ren, UCSD",0,3,5,,False,"not selected: one experiment per target (conventional ChIP-seq over Mint-ChIP, then lab priority Bernstein>Snyder>Stamatoyannopoulos, then audit flags)",ENCFF351CAW,replicated peaks,True,253553.0,bef906bcdd753dee11fe7cd4ed59bc8f,https://www.encodeproject.org/files/ENCFF351CAW/@@download/ENCFF351CAW.bed.gz
iPSC_ESC,H9,ENCSR972SMV,Histone ChIP-seq,H3K9me3,histone;broad histone mark,Homo sapiens H9,"Bing Ren, UCSD",0,2,6,,False,WTC11 data available for this target (H1/H9 fallback not used),ENCFF746VZE,pseudoreplicated peaks,True,1102840.0,5135bd2b01ef78040bf4fdee13cc5857,https://www.encodeproject.org/files/ENCFF746VZE/@@download/ENCFF746VZE.bed.gz
iPSC_ESC,H9,ENCSR324UNL,Histone ChIP-seq,H3K36me3,histone;broad histone mark,Homo sapiens H9,"Bing Ren, UCSD",0,7,2,,False,WTC11 data available for this target (H1/H9 fallback not used),ENCFF166DRH,replicated peaks,True,2188612.0,689771049b16ef652ad0b0b04d743196,https://www.encodeproject.org/files/ENCFF166DRH/@@download/ENCFF166DRH.bed.gz
iPSC_ESC,H9,ENCSR265EDV,Histone ChIP-seq,H2AFZ,histone;narrow histone mark,Homo sapiens H9,"Bing Ren, UCSD",0,0,6,,False,"not selected: one experiment per target (conventional ChIP-seq over Mint-ChIP, then lab priority Bernstein>Snyder>Stamatoyannopoulos, then audit flags)",ENCFF882KRL,pseudoreplicated peaks,True,364481.0,a4cd3756f0de9cec4fe0be9e177a853f,https://www.encodeproject.org/files/ENCFF882KRL/@@download/ENCFF882KRL.bed.gz
iPSC_ESC,H9,ENCSR792GCH,Histone ChIP-seq,H3K27me3,histone;broad histone mark,Homo sapiens H9,"Bing Ren, UCSD",0,2,7,,False,WTC11 data available for this target (H1/H9 fallback not used),ENCFF754EMX,replicated peaks,True,545050.0,81e541a7ddaf155c15911c013270d1e8,https://www.encodeproject.org/files/ENCFF754EMX/@@download/ENCFF754EMX.bed.gz
iPSC_ESC,H9,ENCSR846DXV,Histone ChIP-seq,H2BK20ac,histone,Homo sapiens H9,"Bing Ren, UCSD",0,2,6,,False,"not selected: one experiment per target (conventional ChIP-seq over Mint-ChIP, then lab priority Bernstein>Snyder>Stamatoyannopoulos, then audit flags)",ENCFF749UQE,pseudoreplicated peaks,True,130418.0,a4f37a12957db0bf56cd4685084599e6,https://www.encodeproject.org/files/ENCFF749UQE/@@download/ENCFF749UQE.bed.gz
iPSC_ESC,H9,ENCSR063WYJ,Histone ChIP-seq,H3K23me2,histone,Homo sapiens H9,"Bing Ren, UCSD",0,3,7,,False,"not selected: one experiment per target (conventional ChIP-seq over Mint-ChIP, then lab priority Bernstein>Snyder>Stamatoyannopoulos, then audit flags)",ENCFF656QDB,replicated peaks,True,1030164.0,e096279548a68f009e799cd77b6e48e5,https://www.encodeproject.org/files/ENCFF656QDB/@@download/ENCFF656QDB.bed.gz
iPSC_ESC,H9,ENCSR188GJE,Histone ChIP-seq,H3K79me2,histone;broad histone mark,Homo sapiens H9,"Bing Ren, UCSD",0,2,7,,False,"not selected: one experiment per target (conventional ChIP-seq over Mint-ChIP, then lab priority Bernstein>Snyder>Stamatoyannopoulos, then audit flags)",ENCFF096ZZK,replicated peaks,True,1253236.0,0d4b6fc53911951833854f6c21a94024,https://www.encodeproject.org/files/ENCFF096ZZK/@@download/ENCFF096ZZK.bed.gz
iPSC_ESC,H9,ENCSR876RGF,Histone ChIP-seq,H3K27ac,histone;narrow histone mark,Homo sapiens H9,"Bing Ren, UCSD",0,2,6,,False,WTC11 data available for this target (H1/H9 fallback not used),ENCFF835UOA,replicated peaks,True,756366.0,a933d539edaf13abb1b9bccb434e43af,https://www.encodeproject.org/files/ENCFF835UOA/@@download/ENCFF835UOA.bed.gz
iPSC_ESC,H9,ENCSR754VAJ,Histone ChIP-seq,H3K27me3,histone;broad histone mark,Homo sapiens H9 stably expressing HES5,"Bradley Bernstein, Broad",0,4,13,eGFP,False,WTC11 data available for this target (H1/H9 fallback not used),ENCFF895YSF,replicated peaks,True,528683.0,5188d283d05136829cb81c3abc117725,https://www.encodeproject.org/files/ENCFF895YSF/@@download/ENCFF895YSF.bed.gz
iPSC_ESC,H9,ENCSR967HXD,Histone ChIP-seq,H3K4me1,histone;broad histone mark,Homo sapiens H9 stably expressing HES5,"Bradley Bernstein, Broad",0,1,12,eGFP,False,WTC11 data available for this target (H1/H9 fallback not used),ENCFF843HOM,replicated peaks,True,2197575.0,71fe050a17f91c3c6f9b6ca5b44703cd,https://www.encodeproject.org/files/ENCFF843HOM/@@download/ENCFF843HOM.bed.gz
iPSC_ESC,H9,ENCSR870IUC,Histone ChIP-seq,H3K36me3,histone;broad histone mark,Homo sapiens H9 stably expressing HES5,"Bradley Bernstein, Broad",0,2,15,eGFP,False,WTC11 data available for this target (H1/H9 fallback not used),ENCFF925HDQ,replicated peaks,True,903854.0,decd45a7f4c73d67454de7e5f66b2c6b,https://www.encodeproject.org/files/ENCFF925HDQ/@@download/ENCFF925HDQ.bed.gz
iPSC_ESC,H9,ENCSR725YWL,Mint-ChIP-seq,H3K27me3,histone;broad histone mark,Homo sapiens H9,"Bradley Bernstein, Broad",0,4,14,,False,WTC11 data available for this target (H1/H9 fallback not used),ENCFF523REH,pseudoreplicated peaks,True,8530806.0,72729e0e0db9ae8f8197cacc7c87240e,https://www.encodeproject.org/files/ENCFF523REH/@@download/ENCFF523REH.bed.gz
iPSC_ESC,H9,ENCSR526UWU,Mint-ChIP-seq,H3K4me3,histone;narrow histone mark,Homo sapiens H9,"Bradley Bernstein, Broad",0,0,10,,False,WTC11 data available for this target (H1/H9 fallback not used),ENCFF333CPF,pseudoreplicated peaks,True,2575780.0,6ff2234b5d52f12c2de38fcde20aa386,https://www.encodeproject.org/files/ENCFF333CPF/@@download/ENCFF333CPF.bed.gz
iPSC_ESC,H9,ENCSR134OWL,Mint-ChIP-seq,H3K9me3,histone;broad histone mark,Homo sapiens H9,"Bradley Bernstein, Broad",0,0,8,,False,WTC11 data available for this target (H1/H9 fallback not used),ENCFF073SPO,pseudoreplicated peaks,True,8873504.0,96bc4d0aee7636cf2a98d82d8a88b177,https://www.encodeproject.org/files/ENCFF073SPO/@@download/ENCFF073SPO.bed.gz
iPSC_ESC,H9,ENCSR352HOU,Mint-ChIP-seq,H3K4me1,histone;broad histone mark,Homo sapiens H9,"Bradley Bernstein, Broad",0,0,3,,False,WTC11 data available for this target (H1/H9 fallback not used),ENCFF994INF,pseudoreplicated peaks,True,10139365.0,0bf90cf63d225d715cd69445d5d5e5f6,https://www.encodeproject.org/files/ENCFF994INF/@@download/ENCFF994INF.bed.gz
iPSC_ESC,H9,ENCSR756IGI,Mint-ChIP-seq,H3K4me3,histone;narrow histone mark,Homo sapiens H9,"Bradley Bernstein, Broad",0,0,9,,False,WTC11 data available for this target (H1/H9 fallback not used),ENCFF464FFZ,pseudoreplicated peaks,True,1338195.0,4f2c7557c814c4b82175b175a4fc21c8,https://www.encodeproject.org/files/ENCFF464FFZ/@@download/ENCFF464FFZ.bed.gz
iPSC_ESC,H9,ENCSR642ONO,Mint-ChIP-seq,H3K27ac,histone;narrow histone mark,Homo sapiens H9,"Bradley Bernstein, Broad",0,0,11,,False,WTC11 data available for this target (H1/H9 fallback not used),ENCFF997MGG,pseudoreplicated peaks,True,6840415.0,f742623916f651bf374046000019587d,https://www.encodeproject.org/files/ENCFF997MGG/@@download/ENCFF997MGG.bed.gz
iPSC_ESC,H9,ENCSR723DSG,Mint-ChIP-seq,H3K36me3,histone;broad histone mark,Homo sapiens H9,"Bradley Bernstein, Broad",0,1,4,,False,WTC11 data available for this target (H1/H9 fallback not used),ENCFF783MHY,pseudoreplicated peaks,True,7907515.0,30b0ffee6813562b4c3a3d51a596de29,https://www.encodeproject.org/files/ENCFF783MHY/@@download/ENCFF783MHY.bed.gz
iPSC_ESC,H9,ENCSR372FFA,Mint-ChIP-seq,H3K27ac,histone;narrow histone mark,Homo sapiens H9,"Bradley Bernstein, Broad",0,0,3,,False,WTC11 data available for this target (H1/H9 fallback not used),ENCFF365GJO,pseudoreplicated peaks,True,5575538.0,d3d7f576f041fcf20212bfc318bc49cc,https://www.encodeproject.org/files/ENCFF365GJO/@@download/ENCFF365GJO.bed.gz
iPSC_ESC,H9,ENCSR373TMA,Mint-ChIP-seq,H3K27me3,histone;broad histone mark,Homo sapiens H9,"Bradley Bernstein, Broad",0,0,11,,False,WTC11 data available for this target (H1/H9 fallback not used),ENCFF214VRN,pseudoreplicated peaks,True,5427924.0,cc43fab12fe282ce692b2eeed089f543,https://www.encodeproject.org/files/ENCFF214VRN/@@download/ENCFF214VRN.bed.gz
iPSC_ESC,H9,ENCSR341WEF,Mint-ChIP-seq,H3K36me3,histone;broad histone mark,Homo sapiens H9,"Bradley Bernstein, Broad",0,0,8,,False,WTC11 data available for this target (H1/H9 fallback not used),ENCFF830UKK,pseudoreplicated peaks,True,7684520.0,f32b537cceb2563521e3ec4c3a339b16,https://www.encodeproject.org/files/ENCFF830UKK/@@download/ENCFF830UKK.bed.gz
iPSC_ESC,H9,ENCSR613OZR,Mint-ChIP-seq,H3K9me3,histone;broad histone mark,Homo sapiens H9,"Bradley Bernstein, Broad",0,0,4,,False,WTC11 data available for this target (H1/H9 fallback not used),ENCFF878IPQ,pseudoreplicated peaks,True,7188788.0,ec16b4dab1b8c63873565bd110489272,https://www.encodeproject.org/files/ENCFF878IPQ/@@download/ENCFF878IPQ.bed.gz
iPSC_ESC,H9,ENCSR419UJI,Mint-ChIP-seq,H3K4me1,histone;broad histone mark,Homo sapiens H9,"Bradley Bernstein, Broad",0,0,7,,False,WTC11 data available for this target (H1/H9 fallback not used),ENCFF227QLW,pseudoreplicated peaks,True,10107591.0,7d02404028bd65d17f00d3b9017eb807,https://www.encodeproject.org/files/ENCFF227QLW/@@download/ENCFF227QLW.bed.gz
iPSC_ESC,H9,ENCSR016RFN,Mint-ChIP-seq,H3K27me3,histone;broad histone mark,Homo sapiens H9,"Bradley Bernstein, Broad",0,2,6,,False,WTC11 data available for this target (H1/H9 fallback not used),ENCFF434DBP,pseudoreplicated peaks,True,6998063.0,1d0a0859c07217fab84a7dbff2917583,https://www.encodeproject.org/files/ENCFF434DBP/@@download/ENCFF434DBP.bed.gz
iPSC_ESC,H9,ENCSR294RPI,Mint-ChIP-seq,H3K4me3,histone;narrow histone mark,Homo sapiens H9,"Bradley Bernstein, Broad",0,1,4,,False,WTC11 data available for this target (H1/H9 fallback not used),ENCFF576FPT,pseudoreplicated peaks,True,863077.0,eededeacf22606d1169c326fc26d4cde,https://www.encodeproject.org/files/ENCFF576FPT/@@download/ENCFF576FPT.bed.gz
iPSC_ESC,H9,ENCSR619HSD,Mint-ChIP-seq,H3K9me3,histone;broad histone mark,Homo sapiens H9,"Bradley Bernstein, Broad",0,0,6,,False,WTC11 data available for this target (H1/H9 fallback not used),ENCFF305RWK,pseudoreplicated peaks,True,7135778.0,33170b2ffffdd82321136742621a3411,https://www.encodeproject.org/files/ENCFF305RWK/@@download/ENCFF305RWK.bed.gz
iPSC_ESC,H9,ENCSR681HPO,Mint-ChIP-seq,H3K36me3,histone;broad histone mark,Homo sapiens H9,"Bradley Bernstein, Broad",0,0,4,,False,WTC11 data available for this target (H1/H9 fallback not used),ENCFF267AKB,pseudoreplicated peaks,True,7045940.0,171554ac3f631d6038375c8274e66ef3,https://www.encodeproject.org/files/ENCFF267AKB/@@download/ENCFF267AKB.bed.gz
iPSC_ESC,H9,ENCSR998ZMN,Mint-ChIP-seq,H3K27ac,histone;narrow histone mark,Homo sapiens H9,"Bradley Bernstein, Broad",0,0,3,,False,WTC11 data available for this target (H1/H9 fallback not used),ENCFF317ITN,pseudoreplicated peaks,True,5854881.0,59e9639bda06c59adb756e3029ee490f,https://www.encodeproject.org/files/ENCFF317ITN/@@download/ENCFF317ITN.bed.gz
iPSC_ESC,H9,ENCSR243FOM,Mint-ChIP-seq,H3K4me1,histone;broad histone mark,Homo sapiens H9,"Bradley Bernstein, Broad",0,0,3,,False,WTC11 data available for this target (H1/H9 fallback not used),ENCFF915DGQ,pseudoreplicated peaks,True,10628687.0,3226fa4dcfc648723eb0b7d6b391c323,https://www.encodeproject.org/files/ENCFF915DGQ/@@download/ENCFF915DGQ.bed.gz
