elem_key,chr,start,end,n_pairs,n_sig,any_sig,any_sig_neg,any_sig_pos,sig_genes,all_genes,element_category,max_power15,min_sig_log2FC,min_dist_tss,min_sig_dist_tss,cell,set
chr11:67088869-67089368,chr11,67088869,67089368,22,1,True,True,False,FIBP,"AIP,BANF1,BRMS1,CCDC85B,CDK2AP2,CFL1,CORO1B,DRAP1,FAM89B,FIBP,MRPL11,POLD4,PPP1CA,RAB1B,RBM14,RNASEH2C,RPS6KB2,SCYL1,SF3B2,TMEM134,YIF1A,ZNRD2",H3K27ac,0.59,-0.130892115,267854,1200579.0,K562,pos_neg
chr16:1330474-1330973,chr16,1330474,1330973,27,2,True,True,False,"RPUSD1,UBE2I","ANTKMT,C16orf91,ECI1,GFER,HAGH,HAGHL,HBA2,HBQ1,JPT2,MEIOB,METRN,MRPL28,MRPS34,MSRB1,NDUFB10,NME3,NME4,NTHL1,NUBP2,RHOT2,RPUSD1,SLC9A3R2,STUB1,SYNGR3,TRAF7,TSR3,UBE2I",CTCF element,0.94,-0.125690973,21155,21843.0,K562,pos_neg
chr16:1828755-1829254,chr16,1828755,1829254,27,2,True,True,True,"C16orf91,GFER","ANTKMT,C16orf91,ECI1,GFER,HAGH,HAGHL,HBA2,HBQ1,JPT2,MEIOB,METRN,MRPL28,MRPS34,MSRB1,NDUFB10,NME3,NME4,NTHL1,NUBP2,RHOT2,RPUSD1,SLC9A3R2,STUB1,SYNGR3,TRAF7,TSR3,UBE2I",H3K27ac,0.94,-0.200638591,1847,155189.0,K562,pos_neg
chr16:2140522-2141021,chr16,2140522,2141021,27,1,True,True,False,ECI1,"ANTKMT,C16orf91,ECI1,GFER,HAGH,HAGHL,HBA2,HBQ1,JPT2,MEIOB,METRN,MRPL28,MRPS34,MSRB1,NDUFB10,NME3,NME4,NTHL1,NUBP2,RHOT2,RPUSD1,SLC9A3R2,STUB1,SYNGR3,TRAF7,TSR3,UBE2I",H3K27ac,0.85,-0.089653141,14927,111529.0,K562,pos_neg
chr16:88496084-88496583,chr16,88496084,88496583,10,1,True,True,False,TRAPPC2L,"ANKRD11,APRT,CDT1,CTU2,CYBA,MVD,PIEZO1,RNF166,TRAPPC2L,ZC3H18",H3K27ac,0.97,-0.100049949,74048,359887.0,K562,pos_neg
chr16:88685059-88685558,chr16,88685059,88685558,10,1,True,True,False,TRAPPC2L,"ANKRD11,APRT,CDT1,CTU2,CYBA,MVD,PIEZO1,RNF166,TRAPPC2L,ZC3H18",CTCF element,0.95,-0.05903218,21100,170912.0,K562,pos_neg
chr16:89369288-89369787,chr16,89369288,89369787,9,1,True,True,False,TRAPPC2L,"APRT,CDT1,CTU2,CYBA,MVD,PIEZO1,RNF166,TRAPPC2L,ZC3H18",H3K27ac,0.88,-0.069811271,513317,513317.0,K562,pos_neg
chr17:27336191-27336690,chr17,27336191,27336690,7,1,True,True,False,TMEM97,"IFT20,NUFIP2,POLDIP2,SDF2,TMEM97,TRAF4,WSB1",H3K27ac,0.9,-0.110533559,42364,982760.0,K562,pos_neg
chr17:27570114-27570613,chr17,27570114,27570613,7,1,True,True,False,TMEM97,"IFT20,NUFIP2,POLDIP2,SDF2,TMEM97,TRAF4,WSB1",High H3K27ac,0.84,-0.099576266,276287,748837.0,K562,pos_neg
chr19:38556711-38557710,chr19,38556711,38557710,16,1,True,True,False,EIF3K,"ACTN4,ECH1,EIF3K,MRPS12,PPP1R14A,PSMD8,RPS16,YIF1B",H3K27ac,0.92,-0.050218335,61622,62122.0,K562,pos_neg
chr19:38636860-38637359,chr19,38636860,38637359,8,1,True,True,False,EIF3K,"ACTN4,ECH1,EIF3K,MRPS12,PPP1R14A,PSMD8,RPS16,YIF1B",H3K27ac,0.93,-0.083831698,10540,18027.0,K562,pos_neg
chr19:38781032-38781531,chr19,38781032,38781531,8,1,True,True,False,EIF3K,"ACTN4,ECH1,EIF3K,MRPS12,PPP1R14A,PSMD8,RPS16,YIF1B",H3K27ac,0.85,-0.07369847,50560,162199.0,K562,pos_neg
chr19:9791458-9791957,chr19,9791458,9791957,11,1,True,True,False,UBL5,"DNM2,DNMT1,EIF3G,HNRNPM,ICAM3,ICAM4,MRPL4,PIN1,PPAN,RAB11B,UBL5",H3K27ac,0.94,-0.041005652,36185,36185.0,K562,pos_neg
chr1:234368637-234369136,chr1,234368637,234369136,4,1,True,True,False,COA6,"COA6,IRF2BP2,KCNK1,NTPCR",H3K27ac,0.88,-0.10067926,4570,4570.0,K562,pos_neg
chr3:49841072-49841571,chr3,49841072,49841571,14,1,True,True,False,IFRD2,"ARIH2,IFRD2,IMPDH2,IP6K2,KLHDC8B,NDUFAF3,PRKAR2A,QARS,RBM6,RHOA,SHISA5,TMA7,TUSC2,UQCRC1",CTCF element,0.98,-0.123004071,98686,451595.0,K562,pos_neg
chr6:119137438-119137937,chr6,119137438,119137937,4,1,True,True,False,MAN1A1,"ASF1A,GOPC,MAN1A1,NUS1",High H3K27ac,0.78,-0.290355849,212074,212074.0,K562,pos_neg
chr7:101138234-101138832,chr7,101138234,101138832,13,1,True,True,False,AP1S1,"AP1S1,CUX1,FIS1,GNB2,MOSPD3,POLR2J,POLR2J3,POP7,PRKRIP1,SRRT,TFR2,TRIP6,ZNHIT1",High H3K27ac,1.0,-0.081292345,15924,15924.0,K562,pos_neg
chr7:101192428-101192927,chr7,101192428,101192927,13,1,True,True,False,FIS1,"AP1S1,CUX1,FIS1,GNB2,MOSPD3,POLR2J,POLR2J3,POP7,PRKRIP1,SRRT,TFR2,TRIP6,ZNHIT1",CTCF element,0.97,-0.052240083,25488,59639.0,K562,pos_neg
chr11:65429979-65430478,chr11,65429979,65430478,18,1,True,False,True,CCDC85B,"BANF1,BRMS1,CCDC85B,CFL1,DRAP1,FAM89B,FIBP,MRPL11,POLD4,PPP1CA,RAB1B,RBM14,RNASEH2C,RPS6KB2,SCYL1,SF3B2,YIF1A,ZNRD2",High H3K27ac,0.98,0.159804628,94849,460445.0,K562,pos_pos
chr11:65501951-65502450,chr11,65501951,65502450,21,1,True,False,True,DRAP1,"AIP,BANF1,BRMS1,CCDC85B,CFL1,CORO1B,DRAP1,FAM89B,FIBP,MRPL11,POLD4,PPP1CA,RAB1B,RBM14,RNASEH2C,RPS6KB2,SCYL1,SF3B2,TMEM134,YIF1A,ZNRD2",High H3K27ac,0.84,0.105399207,22877,417074.0,K562,pos_pos
chr14:55438015-55438514,chr14,55438015,55438514,4,1,True,False,True,MAPK1IP1L,"CDKN3,CNIH1,KTN1,MAPK1IP1L",H3K27ac,0.59,0.249353299,120808,386617.0,K562,pos_pos
chr16:1828755-1829254,chr16,1828755,1829254,27,2,True,True,True,"C16orf91,GFER","ANTKMT,C16orf91,ECI1,GFER,HAGH,HAGHL,HBA2,HBQ1,JPT2,MEIOB,METRN,MRPL28,MRPS34,MSRB1,NDUFB10,NME3,NME4,NTHL1,NUBP2,RHOT2,RPUSD1,SLC9A3R2,STUB1,SYNGR3,TRAF7,TSR3,UBE2I",H3K27ac,0.94,-0.200638591,1847,155189.0,K562,pos_pos
chr16:1870655-1871154,chr16,1870655,1871154,26,1,True,False,True,HAGHL,"ANTKMT,C16orf91,ECI1,GFER,HAGH,HAGHL,HBA2,HBQ1,JPT2,METRN,MRPL28,MRPS34,MSRB1,NDUFB10,NME3,NME4,NTHL1,NUBP2,RHOT2,RPUSD1,SLC9A3R2,STUB1,SYNGR3,TRAF7,TSR3,UBE2I",H3K27ac,0.84,0.287516403,43747,1143969.0,K562,pos_pos
chr16:88773359-88774287,chr16,88773359,88774287,18,1,True,False,True,CTU2,"ANKRD11,APRT,CDT1,CTU2,CYBA,MVD,RNF166,TRAPPC2L,ZC3H18",High H3K27ac,0.93,0.373431254,29752,67554.0,K562,pos_pos
chr16:89489006-89489505,chr16,89489006,89489505,9,1,True,False,True,PIEZO1,"APRT,CDT1,CTU2,CYBA,MVD,PIEZO1,RNF166,TRAPPC2L,ZC3H18",High H3K27ac,0.91,0.13329436,633035,704035.0,K562,pos_pos
chr17:27354447-27354946,chr17,27354447,27354946,7,1,True,False,True,SDF2,"IFT20,NUFIP2,POLDIP2,SDF2,TMEM97,TRAF4,WSB1",High H3K27ac,0.87,0.130003261,60620,1307485.0,K562,pos_pos
chr17:41956416-41956915,chr17,41956416,41956915,4,1,True,False,True,VAT1,"BRCA1,RPL27,TMEM101,VAT1",H3K27ac,0.91,0.164763016,1041607,1068457.0,K562,pos_pos
chr17:46835806-46836305,chr17,46835806,46836305,8,1,True,False,True,HOXB9,"CALCOCO2,CBX1,EFTUD2,HOXB2,HOXB4,HOXB7,HOXB9,MRPL10",CTCF element,0.9,0.08079256,995486,1790299.0,K562,pos_pos
chr17:47113688-47114543,chr17,47113688,47114543,20,1,True,False,True,MRPL10,"ATP5MC1,CALCOCO2,CBX1,HOXB2,HOXB4,HOXB7,HOXB9,IGF2BP1,MRPL10,SNF8",H3K27ac,0.59,0.141670045,717248,717248.0,K562,pos_pos
chr17:47742569-47743068,chr17,47742569,47743068,13,1,True,False,True,HOXB4,"ATP5MC1,CALCOCO2,CBX1,HOXB2,HOXB4,HOXB7,HOXB9,IGF2BP1,MRPL10,PHB,SLC35B1,SNF8,SPOP",H3K27ac,0.89,0.15613432,88723,835528.0,K562,pos_pos
chr18:12408430-12408929,chr18,12408430,12408929,7,1,True,False,True,RNMT,"AFG3L2,FAM210A,PSMG2,PTPN2,RNMT,SEH1L,TUBB6",H3K27ac,0.78,0.784296969,31365,1317981.0,K562,pos_pos
chr19:10092112-10092611,chr19,10092112,10092611,11,1,True,False,True,DNM2,"DNM2,DNMT1,EIF3G,HNRNPM,ICAM3,ICAM4,MRPL4,PIN1,PPAN,RAB11B,UBL5",H3K27ac,0.97,0.118665825,14001,625718.0,K562,pos_pos
chr19:10291158-10291657,chr19,10291158,10291657,11,1,True,False,True,ICAM4,"DNM2,DNMT1,EIF3G,HNRNPM,ICAM3,ICAM4,MRPL4,PIN1,PPAN,RAB11B,UBL5",High H3K27ac,0.98,0.267148171,4452,4452.0,K562,pos_pos
chr19:38932722-38933221,chr19,38932722,38933221,7,1,True,False,True,PPP1R14A,"ACTN4,ECH1,EIF3K,PPP1R14A,PSMD8,RPS16,YIF1B",H3K27ac,0.96,0.08410481,101130,676439.0,K562,pos_pos
chr19:8455995-8456494,chr19,8455995,8456494,9,1,True,False,True,DNMT1,"DNMT1,EIF3G,ICAM3,ICAM4,MRPL4,PIN1,PPAN,RAB11B,UBL5",CTCF element,0.96,0.096806233,66263,1820834.0,K562,pos_pos
chr1:152458336-152458835,chr1,152458336,152458835,9,1,True,False,True,RAB13,"CHTOP,ILF2,JTB,RAB13,S100A13,S100A6,SLC39A1,SNAPIN,TPM3",CTCF element,0.9,0.10117541,1077659,1527773.0,K562,pos_pos
chr1:154159481-154159980,chr1,154159481,154159980,9,1,True,False,True,KHDC4,"CHTOP,ILF2,JTB,KHDC4,RAB13,S100A13,S100A6,SLC39A1,SNAPIN",H3K27ac,0.9,0.20516134,173372,1771998.0,K562,pos_pos
chr20:19947796-19948295,chr20,19947796,19948295,3,1,True,False,True,DTD1,"DTD1,NAA20,SMIM26",No H3K27ac,0.94,0.122035286,69265,1360152.0,K562,pos_pos
chr21:45150818-45151317,chr21,45150818,45151317,8,1,True,False,True,SUMO3,"CSTB,GATD3A,PDXK,PTTG1IP,RRP1,RRP1B,SUMO3,UBE2G2",No H3K27ac,0.93,0.083810406,277164,332288.0,K562,pos_pos
chr21:45386832-45387331,chr21,45386832,45387331,8,1,True,False,True,PTTG1IP,"CSTB,GATD3A,PDXK,PTTG1IP,RRP1,RRP1B,SUMO3,UBE2G2",CTCF element,0.97,0.127868703,513178,513178.0,K562,pos_pos
chr2:85951580-85952079,chr2,85951580,85952079,11,1,True,False,True,CAPG,"CAPG,IMMT,KCMF1,MAT2A,MRPL35,PTCD3,RNF181,TMEM150A,TMSB10,USP39,VAMP8",H3K27ac,0.89,0.183126369,154394,533397.0,K562,pos_pos
chr3:49327421-49327920,chr3,49327421,49327920,14,2,True,False,True,"QARS,SHISA5","ARIH2,IFRD2,IMPDH2,IP6K2,KLHDC8B,NDUFAF3,PRKAR2A,QARS,RBM6,RHOA,SHISA5,TMA7,TUSC2,UQCRC1",No H3K27ac,0.94,0.09872941,85328,222540.0,K562,pos_pos
chr3:50226863-50228277,chr3,50226863,50228277,42,2,True,False,True,"IMPDH2,IP6K2","ARIH2,IFRD2,IMPDH2,IP6K2,KLHDC8B,NDUFAF3,PRKAR2A,QARS,RBM6,RHOA,SHISA5,TMA7,TUSC2,UQCRC1",High H3K27ac,0.98,0.063391605,64890,1198618.0,K562,pos_pos
chr7:100545673-100546172,chr7,100545673,100546172,12,1,True,False,True,POP7,"AP1S1,CUX1,FIS1,GNB2,MOSPD3,POLR2J,POP7,PRKRIP1,SRRT,TFR2,TRIP6,ZNHIT1",H3K27ac,0.91,0.073319396,66180,160199.0,K562,pos_pos
chr7:101882824-101883323,chr7,101882824,101883323,12,1,True,False,True,POLR2J,"AP1S1,FIS1,GNB2,MOSPD3,POLR2J,POLR2J3,POP7,PRKRIP1,SRRT,TFR2,TRIP6,ZNHIT1",High H3K27ac,0.91,0.049598379,477966,593001.0,K562,pos_pos
chr8:144375514-144376013,chr8,144375514,144376013,18,1,True,False,True,TSTA3,"C8orf82,COMMD5,CYC1,CYHR1,EEF1D,EXOSC4,GPAA1,GRINA,HSF1,LY6E,MAF1,PUF60,SHARPIN,SLC39A4,SLC52A2,TOP1MT,TSTA3,VPS28",H3K27ac,0.94,0.11232858,21657,899234.0,K562,pos_pos
chr8:145001766-145002265,chr8,145001766,145002265,17,1,True,False,True,HSF1,"C8orf82,COMMD5,CYC1,CYHR1,EEF1D,EXOSC4,GPAA1,GRINA,HSF1,MAF1,PUF60,SHARPIN,SLC39A4,SLC52A2,TOP1MT,TSTA3,VPS28",H3K27ac,0.95,0.120820431,148280,712128.0,K562,pos_pos
chr11:65315493-65315992,chr11,65315493,65315992,15,0,False,False,False,,"BANF1,BRMS1,CCDC85B,CFL1,DRAP1,FAM89B,FIBP,MRPL11,RAB1B,RBM14,RNASEH2C,SCYL1,SF3B2,YIF1A,ZNRD2",H3K27ac,0.98,,209335,,K562,bg_powered
chr11:65416272-65416771,chr11,65416272,65416771,16,0,False,False,False,,"BANF1,BRMS1,CCDC85B,CFL1,DRAP1,FAM89B,FIBP,MRPL11,POLD4,RAB1B,RBM14,RNASEH2C,SCYL1,SF3B2,YIF1A,ZNRD2",H3K27ac,0.96,,108556,,K562,bg_powered
chr11:65425837-65426336,chr11,65425837,65426336,17,0,False,False,False,,"BANF1,BRMS1,CCDC85B,CFL1,DRAP1,FAM89B,FIBP,MRPL11,POLD4,PPP1CA,RAB1B,RBM14,RNASEH2C,SCYL1,SF3B2,YIF1A,ZNRD2",High H3K27ac,0.81,,98991,,K562,bg_powered
chr11:65471985-65472484,chr11,65471985,65472484,20,0,False,False,False,,"BANF1,BRMS1,CCDC85B,CFL1,CORO1B,DRAP1,FAM89B,FIBP,MRPL11,POLD4,PPP1CA,RAB1B,RBM14,RNASEH2C,RPS6KB2,SCYL1,SF3B2,TMEM134,YIF1A,ZNRD2",High H3K27ac,0.94,,52843,,K562,bg_powered
chr11:65941334-65941833,chr11,65941334,65941833,22,0,False,False,False,,"AIP,BANF1,BRMS1,CCDC85B,CDK2AP2,CFL1,CORO1B,DRAP1,FAM89B,FIBP,MRPL11,POLD4,PPP1CA,RAB1B,RBM14,RNASEH2C,RPS6KB2,SCYL1,SF3B2,TMEM134,YIF1A,ZNRD2",H3K27ac,0.96,,22309,,K562,bg_powered
chr11:66050483-66050982,chr11,66050483,66050982,21,0,False,False,False,,"AIP,BANF1,BRMS1,CCDC85B,CDK2AP2,CFL1,CORO1B,DRAP1,FAM89B,FIBP,MRPL11,POLD4,PPP1CA,RAB1B,RBM14,RNASEH2C,RPS6KB2,SCYL1,TMEM134,YIF1A,ZNRD2",H3K27ac,0.94,,48504,,K562,bg_powered
chr11:66080391-66080890,chr11,66080391,66080890,22,0,False,False,False,,"AIP,BANF1,BRMS1,CCDC85B,CDK2AP2,CFL1,CORO1B,DRAP1,FAM89B,FIBP,MRPL11,POLD4,PPP1CA,RAB1B,RBM14,RNASEH2C,RPS6KB2,SCYL1,SF3B2,TMEM134,YIF1A,ZNRD2",H3K27ac,0.87,,29911,,K562,bg_powered
chr11:66113088-66113587,chr11,66113088,66113587,22,0,False,False,False,,"AIP,BANF1,BRMS1,CCDC85B,CDK2AP2,CFL1,CORO1B,DRAP1,FAM89B,FIBP,MRPL11,POLD4,PPP1CA,RAB1B,RBM14,RNASEH2C,RPS6KB2,SCYL1,SF3B2,TMEM134,YIF1A,ZNRD2",No H3K27ac,0.91,,62608,,K562,bg_powered
chr11:66134472-66134971,chr11,66134472,66134971,22,0,False,False,False,,"AIP,BANF1,BRMS1,CCDC85B,CDK2AP2,CFL1,CORO1B,DRAP1,FAM89B,FIBP,MRPL11,POLD4,PPP1CA,RAB1B,RBM14,RNASEH2C,RPS6KB2,SCYL1,SF3B2,TMEM134,YIF1A,ZNRD2",CTCF element,0.96,,83992,,K562,bg_powered
chr11:66188509-66189008,chr11,66188509,66189008,22,0,False,False,False,,"AIP,BANF1,BRMS1,CCDC85B,CDK2AP2,CFL1,CORO1B,DRAP1,FAM89B,FIBP,MRPL11,POLD4,PPP1CA,RAB1B,RBM14,RNASEH2C,RPS6KB2,SCYL1,SF3B2,TMEM134,YIF1A,ZNRD2",H3K27ac,0.93,,79832,,K562,bg_powered
chr11:66222656-66223155,chr11,66222656,66223155,22,0,False,False,False,,"AIP,BANF1,BRMS1,CCDC85B,CDK2AP2,CFL1,CORO1B,DRAP1,FAM89B,FIBP,MRPL11,POLD4,PPP1CA,RAB1B,RBM14,RNASEH2C,RPS6KB2,SCYL1,SF3B2,TMEM134,YIF1A,ZNRD2",H3K27ac,0.91,,45685,,K562,bg_powered
chr11:66834183-66834682,chr11,66834183,66834682,22,0,False,False,False,,"AIP,BANF1,BRMS1,CCDC85B,CDK2AP2,CFL1,CORO1B,DRAP1,FAM89B,FIBP,MRPL11,POLD4,PPP1CA,RAB1B,RBM14,RNASEH2C,RPS6KB2,SCYL1,SF3B2,TMEM134,YIF1A,ZNRD2",H3K27ac,0.89,,217850,,K562,bg_powered
chr11:66886027-66886526,chr11,66886027,66886526,22,0,False,False,False,,"AIP,BANF1,BRMS1,CCDC85B,CDK2AP2,CFL1,CORO1B,DRAP1,FAM89B,FIBP,MRPL11,POLD4,PPP1CA,RAB1B,RBM14,RNASEH2C,RPS6KB2,SCYL1,SF3B2,TMEM134,YIF1A,ZNRD2",H3K27ac,0.93,,269694,,K562,bg_powered
chr11:66934800-66935728,chr11,66934800,66935728,44,0,False,False,False,,"AIP,BANF1,BRMS1,CCDC85B,CDK2AP2,CFL1,CORO1B,DRAP1,FAM89B,FIBP,MRPL11,POLD4,PPP1CA,RAB1B,RBM14,RNASEH2C,RPS6KB2,SCYL1,SF3B2,TMEM134,YIF1A,ZNRD2",High H3K27ac,0.96,,318467,,K562,bg_powered
chr11:67262622-67263121,chr11,67262622,67263121,22,0,False,False,False,,"AIP,BANF1,BRMS1,CCDC85B,CDK2AP2,CFL1,CORO1B,DRAP1,FAM89B,FIBP,MRPL11,POLD4,PPP1CA,RAB1B,RBM14,RNASEH2C,RPS6KB2,SCYL1,SF3B2,TMEM134,YIF1A,ZNRD2",H3K27ac,0.96,,94101,,K562,bg_powered
chr14:56219942-56220441,chr14,56219942,56220441,4,0,False,False,False,,"CDKN3,CNIH1,KTN1,MAPK1IP1L",High H3K27ac,0.85,,661119,,K562,bg_powered
chr16:1342791-1343290,chr16,1342791,1343290,27,0,False,False,False,,"ANTKMT,C16orf91,ECI1,GFER,HAGH,HAGHL,HBA2,HBQ1,JPT2,MEIOB,METRN,MRPL28,MRPS34,MSRB1,NDUFB10,NME3,NME4,NTHL1,NUBP2,RHOT2,RPUSD1,SLC9A3R2,STUB1,SYNGR3,TRAF7,TSR3,UBE2I",No H3K27ac,0.93,,8838,,K562,bg_powered
chr16:1413588-1414087,chr16,1413588,1414087,27,0,False,False,False,,"ANTKMT,C16orf91,ECI1,GFER,HAGH,HAGHL,HBA2,HBQ1,JPT2,MEIOB,METRN,MRPL28,MRPS34,MSRB1,NDUFB10,NME3,NME4,NTHL1,NUBP2,RHOT2,RPUSD1,SLC9A3R2,STUB1,SYNGR3,TRAF7,TSR3,UBE2I",H3K27ac,0.91,,6919,,K562,bg_powered
chr16:1704597-1705096,chr16,1704597,1705096,27,0,False,False,False,,"ANTKMT,C16orf91,ECI1,GFER,HAGH,HAGHL,HBA2,HBQ1,JPT2,MEIOB,METRN,MRPL28,MRPS34,MSRB1,NDUFB10,NME3,NME4,NTHL1,NUBP2,RHOT2,RPUSD1,SLC9A3R2,STUB1,SYNGR3,TRAF7,TSR3,UBE2I",H3K27ac,0.87,,26590,,K562,bg_powered
chr16:1707305-1707804,chr16,1707305,1707804,27,0,False,False,False,,"ANTKMT,C16orf91,ECI1,GFER,HAGH,HAGHL,HBA2,HBQ1,JPT2,MEIOB,METRN,MRPL28,MRPS34,MSRB1,NDUFB10,NME3,NME4,NTHL1,NUBP2,RHOT2,RPUSD1,SLC9A3R2,STUB1,SYNGR3,TRAF7,TSR3,UBE2I",H3K27ac,0.96,,29298,,K562,bg_powered
chr16:1944520-1945019,chr16,1944520,1945019,27,0,False,False,False,,"ANTKMT,C16orf91,ECI1,GFER,HAGH,HAGHL,HBA2,HBQ1,JPT2,MEIOB,METRN,MRPL28,MRPS34,MSRB1,NDUFB10,NME3,NME4,NTHL1,NUBP2,RHOT2,RPUSD1,SLC9A3R2,STUB1,SYNGR3,TRAF7,TSR3,UBE2I",No H3K27ac,0.95,,1443,,K562,bg_powered
chr16:2156484-2156983,chr16,2156484,2156983,26,0,False,False,False,,"ANTKMT,C16orf91,ECI1,GFER,HAGH,HAGHL,HBA2,HBQ1,JPT2,MEIOB,METRN,MRPL28,MRPS34,MSRB1,NDUFB10,NME3,NME4,NTHL1,NUBP2,RHOT2,RPUSD1,SLC9A3R2,STUB1,SYNGR3,TSR3,UBE2I",High H3K27ac,0.98,,95567,,K562,bg_powered
chr16:2187181-2187680,chr16,2187181,2187680,25,0,False,False,False,,"ANTKMT,C16orf91,ECI1,GFER,HAGH,HAGHL,JPT2,MEIOB,METRN,MRPL28,MRPS34,MSRB1,NDUFB10,NME3,NME4,NTHL1,NUBP2,RHOT2,RPUSD1,SLC9A3R2,STUB1,SYNGR3,TRAF7,TSR3,UBE2I",H3K27ac,0.93,,31732,,K562,bg_powered
chr16:331877-332376,chr16,331877,332376,27,0,False,False,False,,"ANTKMT,C16orf91,ECI1,GFER,HAGH,HAGHL,HBA2,HBQ1,JPT2,MEIOB,METRN,MRPL28,MRPS34,MSRB1,NDUFB10,NME3,NME4,NTHL1,NUBP2,RHOT2,RPUSD1,SLC9A3R2,STUB1,SYNGR3,TRAF7,TSR3,UBE2I",No H3K27ac,0.9,,39163,,K562,bg_powered
chr16:392543-393042,chr16,392543,393042,27,0,False,False,False,,"ANTKMT,C16orf91,ECI1,GFER,HAGH,HAGHL,HBA2,HBQ1,JPT2,MEIOB,METRN,MRPL28,MRPS34,MSRB1,NDUFB10,NME3,NME4,NTHL1,NUBP2,RHOT2,RPUSD1,SLC9A3R2,STUB1,SYNGR3,TRAF7,TSR3,UBE2I",No H3K27ac,0.98,,3933,,K562,bg_powered
chr16:405674-406173,chr16,405674,406173,26,0,False,False,False,,"ANTKMT,C16orf91,ECI1,GFER,HAGH,HAGHL,HBA2,HBQ1,JPT2,MEIOB,METRN,MRPL28,MRPS34,MSRB1,NDUFB10,NME3,NTHL1,NUBP2,RHOT2,RPUSD1,SLC9A3R2,STUB1,SYNGR3,TRAF7,TSR3,UBE2I",H3K27ac,0.98,,34634,,K562,bg_powered
chr16:468026-468525,chr16,468026,468525,27,0,False,False,False,,"ANTKMT,C16orf91,ECI1,GFER,HAGH,HAGHL,HBA2,HBQ1,JPT2,MEIOB,METRN,MRPL28,MRPS34,MSRB1,NDUFB10,NME3,NME4,NTHL1,NUBP2,RHOT2,RPUSD1,SLC9A3R2,STUB1,SYNGR3,TRAF7,TSR3,UBE2I",No H3K27ac,0.92,,71550,,K562,bg_powered
chr16:483643-484142,chr16,483643,484142,27,0,False,False,False,,"ANTKMT,C16orf91,ECI1,GFER,HAGH,HAGHL,HBA2,HBQ1,JPT2,MEIOB,METRN,MRPL28,MRPS34,MSRB1,NDUFB10,NME3,NME4,NTHL1,NUBP2,RHOT2,RPUSD1,SLC9A3R2,STUB1,SYNGR3,TRAF7,TSR3,UBE2I",No H3K27ac,0.93,,87167,,K562,bg_powered
chr16:701640-702139,chr16,701640,702139,27,0,False,False,False,,"ANTKMT,C16orf91,ECI1,GFER,HAGH,HAGHL,HBA2,HBQ1,JPT2,MEIOB,METRN,MRPL28,MRPS34,MSRB1,NDUFB10,NME3,NME4,NTHL1,NUBP2,RHOT2,RPUSD1,SLC9A3R2,STUB1,SYNGR3,TRAF7,TSR3,UBE2I",H3K27me3 element,0.97,,13229,,K562,bg_powered
chr16:709488-709987,chr16,709488,709987,27,0,False,False,False,,"ANTKMT,C16orf91,ECI1,GFER,HAGH,HAGHL,HBA2,HBQ1,JPT2,MEIOB,METRN,MRPL28,MRPS34,MSRB1,NDUFB10,NME3,NME4,NTHL1,NUBP2,RHOT2,RPUSD1,SLC9A3R2,STUB1,SYNGR3,TRAF7,TSR3,UBE2I",No H3K27ac,0.95,,5381,,K562,bg_powered
chr16:712779-713278,chr16,712779,713278,27,0,False,False,False,,"ANTKMT,C16orf91,ECI1,GFER,HAGH,HAGHL,HBA2,HBQ1,JPT2,MEIOB,METRN,MRPL28,MRPS34,MSRB1,NDUFB10,NME3,NME4,NTHL1,NUBP2,RHOT2,RPUSD1,SLC9A3R2,STUB1,SYNGR3,TRAF7,TSR3,UBE2I",CTCF element,0.89,,2090,,K562,bg_powered
chr16:87570988-87571487,chr16,87570988,87571487,10,0,False,False,False,,"ANKRD11,APRT,CDT1,CTU2,CYBA,MVD,PIEZO1,RNF166,TRAPPC2L,ZC3H18",CTCF element,0.91,,1031946,,K562,bg_powered
chr16:87721563-87722062,chr16,87721563,87722062,10,0,False,False,False,,"ANKRD11,APRT,CDT1,CTU2,CYBA,MVD,PIEZO1,RNF166,TRAPPC2L,ZC3H18",High H3K27ac,0.94,,881371,,K562,bg_powered
chr16:87806085-87806584,chr16,87806085,87806584,10,0,False,False,False,,"ANKRD11,APRT,CDT1,CTU2,CYBA,MVD,PIEZO1,RNF166,TRAPPC2L,ZC3H18",H3K27ac,0.86,,796849,,K562,bg_powered
chr16:87834526-87835025,chr16,87834526,87835025,10,0,False,False,False,,"ANKRD11,APRT,CDT1,CTU2,CYBA,MVD,PIEZO1,RNF166,TRAPPC2L,ZC3H18",No H3K27ac,0.97,,768408,,K562,bg_powered
chr16:87867003-87867502,chr16,87867003,87867502,10,0,False,False,False,,"ANKRD11,APRT,CDT1,CTU2,CYBA,MVD,PIEZO1,RNF166,TRAPPC2L,ZC3H18",H3K27ac,0.97,,735931,,K562,bg_powered
chr16:87868083-87868582,chr16,87868083,87868582,10,0,False,False,False,,"ANKRD11,APRT,CDT1,CTU2,CYBA,MVD,PIEZO1,RNF166,TRAPPC2L,ZC3H18",H3K27ac,0.89,,734851,,K562,bg_powered
chr16:87956771-87957270,chr16,87956771,87957270,10,0,False,False,False,,"ANKRD11,APRT,CDT1,CTU2,CYBA,MVD,PIEZO1,RNF166,TRAPPC2L,ZC3H18",H3K27ac,0.92,,646163,,K562,bg_powered
chr16:88151126-88151625,chr16,88151126,88151625,10,0,False,False,False,,"ANKRD11,APRT,CDT1,CTU2,CYBA,MVD,PIEZO1,RNF166,TRAPPC2L,ZC3H18",No H3K27ac,0.97,,451808,,K562,bg_powered
chr16:88315651-88316150,chr16,88315651,88316150,10,0,False,False,False,,"ANKRD11,APRT,CDT1,CTU2,CYBA,MVD,PIEZO1,RNF166,TRAPPC2L,ZC3H18",No H3K27ac,0.93,,287283,,K562,bg_powered
chr16:88464901-88465400,chr16,88464901,88465400,10,0,False,False,False,,"ANKRD11,APRT,CDT1,CTU2,CYBA,MVD,PIEZO1,RNF166,TRAPPC2L,ZC3H18",H3K27ac,0.95,,105231,,K562,bg_powered
chr16:88549724-88550223,chr16,88549724,88550223,10,0,False,False,False,,"ANKRD11,APRT,CDT1,CTU2,CYBA,MVD,PIEZO1,RNF166,TRAPPC2L,ZC3H18",No H3K27ac,0.98,,20408,,K562,bg_powered
chr16:88790543-88791042,chr16,88790543,88791042,10,0,False,False,False,,"ANKRD11,APRT,CDT1,CTU2,CYBA,MVD,PIEZO1,RNF166,TRAPPC2L,ZC3H18",H3K27ac,0.92,,5572,,K562,bg_powered
chr16:88870466-88870965,chr16,88870466,88870965,10,0,False,False,False,,"ANKRD11,APRT,CDT1,CTU2,CYBA,MVD,PIEZO1,RNF166,TRAPPC2L,ZC3H18",H3K27ac,0.95,,14495,,K562,bg_powered
chr16:88925151-88925650,chr16,88925151,88925650,10,0,False,False,False,,"ANKRD11,APRT,CDT1,CTU2,CYBA,MVD,PIEZO1,RNF166,TRAPPC2L,ZC3H18",CTCF element,0.95,,69180,,K562,bg_powered
chr16:89053381-89053880,chr16,89053381,89053880,10,0,False,False,False,,"ANKRD11,APRT,CDT1,CTU2,CYBA,MVD,PIEZO1,RNF166,TRAPPC2L,ZC3H18",CTCF element,0.96,,197410,,K562,bg_powered
chr16:89071564-89072063,chr16,89071564,89072063,10,0,False,False,False,,"ANKRD11,APRT,CDT1,CTU2,CYBA,MVD,PIEZO1,RNF166,TRAPPC2L,ZC3H18",CTCF element,0.95,,215593,,K562,bg_powered
chr16:89174355-89174854,chr16,89174355,89174854,10,0,False,False,False,,"ANKRD11,APRT,CDT1,CTU2,CYBA,MVD,PIEZO1,RNF166,TRAPPC2L,ZC3H18",No H3K27ac,0.97,,315957,,K562,bg_powered
chr16:89219388-89219887,chr16,89219388,89219887,10,0,False,False,False,,"ANKRD11,APRT,CDT1,CTU2,CYBA,MVD,PIEZO1,RNF166,TRAPPC2L,ZC3H18",High H3K27ac,0.95,,270924,,K562,bg_powered
chr16:89293510-89294009,chr16,89293510,89294009,9,0,False,False,False,,"APRT,CDT1,CTU2,CYBA,MVD,PIEZO1,RNF166,TRAPPC2L,ZC3H18",CTCF element,0.87,,437539,,K562,bg_powered
chr16:89333592-89334091,chr16,89333592,89334091,9,0,False,False,False,,"APRT,CDT1,CTU2,CYBA,MVD,PIEZO1,RNF166,TRAPPC2L,ZC3H18",H3K27ac,0.92,,477621,,K562,bg_powered
chr16:89364498-89364997,chr16,89364498,89364997,9,0,False,False,False,,"APRT,CDT1,CTU2,CYBA,MVD,PIEZO1,RNF166,TRAPPC2L,ZC3H18",H3K27ac,0.9,,508527,,K562,bg_powered
chr16:89382942-89383441,chr16,89382942,89383441,9,0,False,False,False,,"APRT,CDT1,CTU2,CYBA,MVD,PIEZO1,RNF166,TRAPPC2L,ZC3H18",H3K27ac,0.88,,526971,,K562,bg_powered
chr16:89443305-89443804,chr16,89443305,89443804,10,0,False,False,False,,"ANKRD11,APRT,CDT1,CTU2,CYBA,MVD,PIEZO1,RNF166,TRAPPC2L,ZC3H18",H3K27ac,0.9,,47007,,K562,bg_powered
chr16:89508850-89509349,chr16,89508850,89509349,10,0,False,False,False,,"ANKRD11,APRT,CDT1,CTU2,CYBA,MVD,PIEZO1,RNF166,TRAPPC2L,ZC3H18",High H3K27ac,0.94,,18538,,K562,bg_powered
chr17:27233002-27233501,chr17,27233002,27233501,6,0,False,False,False,,"IFT20,POLDIP2,SDF2,TMEM97,TRAF4,WSB1",No H3K27ac,0.91,,60825,,K562,bg_powered
chr17:27236639-27237138,chr17,27236639,27237138,6,0,False,False,False,,"IFT20,POLDIP2,SDF2,TMEM97,TRAF4,WSB1",CTCF element,0.83,,57188,,K562,bg_powered
chr17:27280512-27281011,chr17,27280512,27281011,6,0,False,False,False,,"IFT20,POLDIP2,SDF2,TMEM97,TRAF4,WSB1",No H3K27ac,0.89,,13315,,K562,bg_powered
chr17:27332732-27333231,chr17,27332732,27333231,7,0,False,False,False,,"IFT20,NUFIP2,POLDIP2,SDF2,TMEM97,TRAF4,WSB1",High H3K27ac,0.87,,38905,,K562,bg_powered
chr17:27353573-27354072,chr17,27353573,27354072,7,0,False,False,False,,"IFT20,NUFIP2,POLDIP2,SDF2,TMEM97,TRAF4,WSB1",High H3K27ac,0.89,,59746,,K562,bg_powered
chr17:27366325-27366824,chr17,27366325,27366824,7,0,False,False,False,,"IFT20,NUFIP2,POLDIP2,SDF2,TMEM97,TRAF4,WSB1",No H3K27ac,0.82,,72498,,K562,bg_powered
chr17:27368998-27369497,chr17,27368998,27369497,7,0,False,False,False,,"IFT20,NUFIP2,POLDIP2,SDF2,TMEM97,TRAF4,WSB1",H3K27ac,0.89,,75171,,K562,bg_powered
chr17:27380117-27380616,chr17,27380117,27380616,7,0,False,False,False,,"IFT20,NUFIP2,POLDIP2,SDF2,TMEM97,TRAF4,WSB1",H3K27ac,0.93,,86290,,K562,bg_powered
chr17:27380954-27381453,chr17,27380954,27381453,7,0,False,False,False,,"IFT20,NUFIP2,POLDIP2,SDF2,TMEM97,TRAF4,WSB1",H3K27ac,0.83,,87127,,K562,bg_powered
chr17:27430838-27431337,chr17,27430838,27431337,7,0,False,False,False,,"IFT20,NUFIP2,POLDIP2,SDF2,TMEM97,TRAF4,WSB1",CTCF element,0.91,,137011,,K562,bg_powered
chr17:27446719-27447218,chr17,27446719,27447218,7,0,False,False,False,,"IFT20,NUFIP2,POLDIP2,SDF2,TMEM97,TRAF4,WSB1",High H3K27ac,0.86,,152892,,K562,bg_powered
chr17:27467326-27467825,chr17,27467326,27467825,7,0,False,False,False,,"IFT20,NUFIP2,POLDIP2,SDF2,TMEM97,TRAF4,WSB1",H3K27ac,0.9,,173499,,K562,bg_powered
chr17:27496921-27497420,chr17,27496921,27497420,7,0,False,False,False,,"IFT20,NUFIP2,POLDIP2,SDF2,TMEM97,TRAF4,WSB1",H3K27ac,0.94,,203094,,K562,bg_powered
chr17:27526576-27527075,chr17,27526576,27527075,7,0,False,False,False,,"IFT20,NUFIP2,POLDIP2,SDF2,TMEM97,TRAF4,WSB1",High H3K27ac,0.94,,232749,,K562,bg_powered
chr17:27544556-27545055,chr17,27544556,27545055,7,0,False,False,False,,"IFT20,NUFIP2,POLDIP2,SDF2,TMEM97,TRAF4,WSB1",H3K27ac,0.81,,250729,,K562,bg_powered
chr17:27575851-27576350,chr17,27575851,27576350,7,0,False,False,False,,"IFT20,NUFIP2,POLDIP2,SDF2,TMEM97,TRAF4,WSB1",High H3K27ac,0.89,,282024,,K562,bg_powered
chr17:27577054-27577553,chr17,27577054,27577553,7,0,False,False,False,,"IFT20,NUFIP2,POLDIP2,SDF2,TMEM97,TRAF4,WSB1",High H3K27ac,0.84,,283227,,K562,bg_powered
chr17:27577898-27578422,chr17,27577898,27578422,7,0,False,False,False,,"IFT20,NUFIP2,POLDIP2,SDF2,TMEM97,TRAF4,WSB1",High H3K27ac,0.98,,284083,,K562,bg_powered
chr17:27580406-27580905,chr17,27580406,27580905,7,0,False,False,False,,"IFT20,NUFIP2,POLDIP2,SDF2,TMEM97,TRAF4,WSB1",H3K27ac,0.88,,286579,,K562,bg_powered
chr17:27584578-27585077,chr17,27584578,27585077,7,0,False,False,False,,"IFT20,NUFIP2,POLDIP2,SDF2,TMEM97,TRAF4,WSB1",H3K27ac,0.84,,290751,,K562,bg_powered
chr17:27601646-27602145,chr17,27601646,27602145,7,0,False,False,False,,"IFT20,NUFIP2,POLDIP2,SDF2,TMEM97,TRAF4,WSB1",High H3K27ac,0.93,,307819,,K562,bg_powered
chr17:27602632-27603591,chr17,27602632,27603591,14,0,False,False,False,,"IFT20,NUFIP2,POLDIP2,SDF2,TMEM97,TRAF4,WSB1",High H3K27ac,0.91,,308805,,K562,bg_powered
chr17:41417446-41417945,chr17,41417446,41417945,3,0,False,False,False,,"BRCA1,RPL27,VAT1",CTCF element,0.89,,1576343,,K562,bg_powered
chr17:41510211-41510710,chr17,41510211,41510710,3,0,False,False,False,,"BRCA1,RPL27,VAT1",H3K27ac,0.94,,1483578,,K562,bg_powered
chr17:41530217-41530797,chr17,41530217,41530797,3,0,False,False,False,,"BRCA1,RPL27,VAT1",High H3K27ac,1.0,,1463532,,K562,bg_powered
chr17:41541038-41541537,chr17,41541038,41541537,3,0,False,False,False,,"BRCA1,RPL27,VAT1",No H3K27ac,0.9,,1452751,,K562,bg_powered
chr17:41559578-41560077,chr17,41559578,41560077,3,0,False,False,False,,"BRCA1,RPL27,VAT1",H3K27me3 element,0.81,,1434211,,K562,bg_powered
chr17:41679114-41679613,chr17,41679114,41679613,3,0,False,False,False,,"BRCA1,RPL27,VAT1",High H3K27ac,0.88,,1314675,,K562,bg_powered
chr17:41781599-41782098,chr17,41781599,41782098,3,0,False,False,False,,"BRCA1,RPL27,VAT1",H3K27ac,0.94,,1212190,,K562,bg_powered
chr17:41800550-41801049,chr17,41800550,41801049,3,0,False,False,False,,"BRCA1,RPL27,VAT1",No H3K27ac,0.9,,1193239,,K562,bg_powered
chr17:41917277-41917776,chr17,41917277,41917776,3,0,False,False,False,,"BRCA1,RPL27,VAT1",H3K27ac,0.88,,1076511,,K562,bg_powered
chr17:42107570-42108069,chr17,42107570,42108069,5,0,False,False,False,,"BRCA1,LSM12,RPL27,TMEM101,VAT1",H3K27ac,0.93,,890453,,K562,bg_powered
chr17:42108139-42108638,chr17,42108139,42108638,5,0,False,False,False,,"BRCA1,LSM12,RPL27,TMEM101,VAT1",H3K27ac,0.9,,889884,,K562,bg_powered
chr17:42161122-42161621,chr17,42161122,42161621,6,0,False,False,False,,"BRCA1,LSM12,RPL27,TMEM101,UBTF,VAT1",No H3K27ac,0.87,,836901,,K562,bg_powered
chr17:42308774-42309273,chr17,42308774,42309273,8,0,False,False,False,,"BRCA1,GRN,LSM12,RPL27,SLC25A39,TMEM101,UBTF,VAT1",H3K27ac,0.96,,689249,,K562,bg_powered
chr17:42309958-42310457,chr17,42309958,42310457,8,0,False,False,False,,"BRCA1,GRN,LSM12,RPL27,SLC25A39,TMEM101,UBTF,VAT1",H3K27ac,0.88,,688065,,K562,bg_powered
chr17:42312368-42312867,chr17,42312368,42312867,8,0,False,False,False,,"BRCA1,GRN,LSM12,RPL27,SLC25A39,TMEM101,UBTF,VAT1",High H3K27ac,0.89,,685655,,K562,bg_powered
chr17:42322321-42322820,chr17,42322321,42322820,8,0,False,False,False,,"BRCA1,GRN,LSM12,RPL27,SLC25A39,TMEM101,UBTF,VAT1",High H3K27ac,0.92,,675702,,K562,bg_powered
chr17:42407444-42407943,chr17,42407444,42407943,8,0,False,False,False,,"BRCA1,GRN,LSM12,RPL27,SLC25A39,TMEM101,UBTF,VAT1",H3K27ac,0.95,,590579,,K562,bg_powered
chr17:42518427-42518926,chr17,42518427,42518926,8,0,False,False,False,,"BRCA1,GRN,LSM12,RPL27,SLC25A39,TMEM101,UBTF,VAT1",High H3K27ac,0.93,,479596,,K562,bg_powered
chr17:42653691-42654190,chr17,42653691,42654190,8,0,False,False,False,,"BRCA1,GRN,LSM12,RPL27,SLC25A39,TMEM101,UBTF,VAT1",H3K27ac,0.99,,344332,,K562,bg_powered
chr17:42677871-42678690,chr17,42677871,42678690,8,0,False,False,False,,"BRCA1,GRN,LSM12,RPL27,SLC25A39,TMEM101,UBTF,VAT1",High H3K27ac,0.82,,319832,,K562,bg_powered
chr17:42679675-42680174,chr17,42679675,42680174,8,0,False,False,False,,"BRCA1,GRN,LSM12,RPL27,SLC25A39,TMEM101,UBTF,VAT1",High H3K27ac,0.97,,318348,,K562,bg_powered
chr17:42698972-42699471,chr17,42698972,42699471,8,0,False,False,False,,"BRCA1,GRN,LSM12,RPL27,SLC25A39,TMEM101,UBTF,VAT1",High H3K27ac,0.95,,299051,,K562,bg_powered
chr17:42779205-42779704,chr17,42779205,42779704,8,0,False,False,False,,"BRCA1,GRN,LSM12,RPL27,SLC25A39,TMEM101,UBTF,VAT1",High H3K27ac,0.89,,218818,,K562,bg_powered
chr17:45867621-45868120,chr17,45867621,45868120,7,0,False,False,False,,"EFTUD2,GRN,LSM12,MRPL10,SLC25A39,TMEM101,UBTF",H3K27ac,0.92,,968423,,K562,bg_powered
chr17:45902808-45903364,chr17,45902808,45903364,7,0,False,False,False,,"EFTUD2,GRN,LSM12,MRPL10,SLC25A39,TMEM101,UBTF",H3K27ac,0.99,,1003638,,K562,bg_powered
chr17:45948940-45949439,chr17,45948940,45949439,7,0,False,False,False,,"EFTUD2,GRN,LSM12,MRPL10,SLC25A39,TMEM101,UBTF",H3K27ac,0.84,,1049742,,K562,bg_powered
chr17:45978168-45978667,chr17,45978168,45978667,7,0,False,False,False,,"EFTUD2,GRN,LSM12,MRPL10,SLC25A39,TMEM101,UBTF",H3K27ac,0.84,,1078970,,K562,bg_powered
chr17:45979178-45979677,chr17,45979178,45979677,7,0,False,False,False,,"EFTUD2,GRN,LSM12,MRPL10,SLC25A39,TMEM101,UBTF",H3K27ac,0.92,,1079980,,K562,bg_powered
chr17:45990790-45991289,chr17,45990790,45991289,7,0,False,False,False,,"EFTUD2,GRN,LSM12,MRPL10,SLC25A39,TMEM101,UBTF",CTCF element,0.96,,1091592,,K562,bg_powered
chr17:46010723-46011222,chr17,46010723,46011222,7,0,False,False,False,,"EFTUD2,GRN,LSM12,MRPL10,SLC25A39,TMEM101,UBTF",CTCF element,0.93,,1111525,,K562,bg_powered
chr17:46266782-46267281,chr17,46266782,46267281,5,0,False,False,False,,"CBX1,EFTUD2,GRN,MRPL10,SLC25A39",H3K27ac,0.86,,1367584,,K562,bg_powered
chr17:46770974-46771473,chr17,46770974,46771473,7,0,False,False,False,,"CBX1,EFTUD2,HOXB2,HOXB4,HOXB7,HOXB9,MRPL10",High H3K27ac,0.83,,1060318,,K562,bg_powered
chr17:46785648-46786147,chr17,46785648,46786147,7,0,False,False,False,,"CBX1,EFTUD2,HOXB2,HOXB4,HOXB7,HOXB9,MRPL10",No H3K27ac,0.9,,1045644,,K562,bg_powered
chr17:46905787-46906286,chr17,46905787,46906286,8,0,False,False,False,,"ATP5MC1,CALCOCO2,CBX1,HOXB2,HOXB4,HOXB7,HOXB9,MRPL10",H3K27ac,0.9,,925505,,K562,bg_powered
chr17:46935645-46936144,chr17,46935645,46936144,8,0,False,False,False,,"ATP5MC1,CALCOCO2,CBX1,HOXB2,HOXB4,HOXB7,HOXB9,MRPL10",H3K27ac,0.86,,895647,,K562,bg_powered
chr17:46976554-46977053,chr17,46976554,46977053,9,0,False,False,False,,"ATP5MC1,CALCOCO2,CBX1,HOXB2,HOXB4,HOXB7,HOXB9,MRPL10,SNF8",H3K27ac,0.84,,854738,,K562,bg_powered
chr17:46977272-46977771,chr17,46977272,46977771,9,0,False,False,False,,"ATP5MC1,CALCOCO2,CBX1,HOXB2,HOXB4,HOXB7,HOXB9,MRPL10,SNF8",H3K27ac,0.88,,854020,,K562,bg_powered
chr17:47066044-47066543,chr17,47066044,47066543,10,0,False,False,False,,"ATP5MC1,CALCOCO2,CBX1,HOXB2,HOXB4,HOXB7,HOXB9,IGF2BP1,MRPL10,SNF8",H3K27ac,0.89,,765248,,K562,bg_powered
chr17:47275411-47275910,chr17,47275411,47275910,10,0,False,False,False,,"ATP5MC1,CALCOCO2,CBX1,HOXB2,HOXB4,HOXB7,HOXB9,IGF2BP1,MRPL10,SNF8",H3K27ac,0.87,,555881,,K562,bg_powered
chr17:47531415-47532370,chr17,47531415,47532370,11,0,False,False,False,,"ATP5MC1,CALCOCO2,CBX1,HOXB2,HOXB4,HOXB7,HOXB9,IGF2BP1,MRPL10,PHB,SNF8",H3K27ac,0.87,,299421,,K562,bg_powered
chr17:47701631-47702130,chr17,47701631,47702130,12,0,False,False,False,,"ATP5MC1,CALCOCO2,CBX1,HOXB2,HOXB4,HOXB7,HOXB9,IGF2BP1,MRPL10,PHB,SNF8,SPOP",H3K27ac,0.84,,129661,,K562,bg_powered
chr17:47717347-47717846,chr17,47717347,47717846,13,0,False,False,False,,"ATP5MC1,CALCOCO2,CBX1,HOXB2,HOXB4,HOXB7,HOXB9,IGF2BP1,MRPL10,PHB,SLC35B1,SNF8,SPOP",CTCF element,0.89,,113945,,K562,bg_powered
chr17:47744972-47745471,chr17,47744972,47745471,13,0,False,False,False,,"ATP5MC1,CALCOCO2,CBX1,HOXB2,HOXB4,HOXB7,HOXB9,IGF2BP1,MRPL10,PHB,SLC35B1,SNF8,SPOP",CTCF element,0.95,,86320,,K562,bg_powered
chr17:57849069-57849890,chr17,57849069,57849890,2,0,False,False,False,,"CLTC,VMP1",High H3K27ac,0.85,,1770371,,K562,bg_powered
chr17:57852863-57853362,chr17,57852863,57853362,2,0,False,False,False,,"CLTC,VMP1",H3K27ac,0.82,,1766577,,K562,bg_powered
chr17:57992731-57993230,chr17,57992731,57993230,2,0,False,False,False,,"CLTC,VMP1",No H3K27ac,0.82,,1626709,,K562,bg_powered
chr17:58136628-58137127,chr17,58136628,58137127,2,0,False,False,False,,"CLTC,VMP1",CTCF element,0.92,,1482812,,K562,bg_powered
chr17:58277068-58277567,chr17,58277068,58277567,2,0,False,False,False,,"CLTC,VMP1",CTCF element,0.84,,1342372,,K562,bg_powered
chr17:58330475-58330974,chr17,58330475,58330974,2,0,False,False,False,,"CLTC,VMP1",High H3K27ac,0.88,,1288965,,K562,bg_powered
chr17:58414551-58415050,chr17,58414551,58415050,2,0,False,False,False,,"CLTC,VMP1",High H3K27ac,0.83,,1204889,,K562,bg_powered
chr17:58587583-58588082,chr17,58587583,58588082,2,0,False,False,False,,"CLTC,VMP1",CTCF element,0.81,,1031857,,K562,bg_powered
chr17:58595382-58595881,chr17,58595382,58595881,2,0,False,False,False,,"CLTC,VMP1",No H3K27ac,0.81,,1024058,,K562,bg_powered
chr17:58756705-58757204,chr17,58756705,58757204,2,0,False,False,False,,"CLTC,VMP1",H3K27ac,0.88,,862735,,K562,bg_powered
chr17:59296929-59297529,chr17,59296929,59297529,2,0,False,False,False,,"CLTC,VMP1",H3K27ac,0.83,,322461,,K562,bg_powered
chr17:59387953-59388452,chr17,59387953,59388452,2,0,False,False,False,,"CLTC,VMP1",No H3K27ac,0.87,,231487,,K562,bg_powered
chr17:59415366-59415865,chr17,59415366,59415865,2,0,False,False,False,,"CLTC,VMP1",H3K27ac,0.84,,204074,,K562,bg_powered
chr17:59561018-59561517,chr17,59561018,59561517,2,0,False,False,False,,"CLTC,VMP1",H3K27ac,0.82,,58422,,K562,bg_powered
chr17:59607739-59608238,chr17,59607739,59608238,2,0,False,False,False,,"CLTC,VMP1",CTCF element,0.81,,11701,,K562,bg_powered
chr17:59620443-59620942,chr17,59620443,59620942,1,0,False,False,False,,VMP1,High H3K27ac,0.86,,86500,,K562,bg_powered
chr18:12336896-12337395,chr18,12336896,12337395,6,0,False,False,False,,"AFG3L2,FAM210A,PSMG2,PTPN2,RNMT,SEH1L",No H3K27ac,0.94,,40169,,K562,bg_powered
chr18:12361682-12362181,chr18,12361682,12362181,6,0,False,False,False,,"FAM210A,PSMG2,PTPN2,RNMT,SEH1L,TUBB6",H3K27ac,0.96,,54262,,K562,bg_powered
chr18:12406289-12406788,chr18,12406289,12406788,7,0,False,False,False,,"AFG3L2,FAM210A,PSMG2,PTPN2,RNMT,SEH1L,TUBB6",H3K27ac,0.92,,29224,,K562,bg_powered
chr18:12539793-12540292,chr18,12539793,12540292,7,0,False,False,False,,"AFG3L2,FAM210A,PSMG2,PTPN2,RNMT,SEH1L,TUBB6",CTCF element,0.88,,118001,,K562,bg_powered
chr18:12632077-12632576,chr18,12632077,12632576,7,0,False,False,False,,"AFG3L2,FAM210A,PSMG2,PTPN2,RNMT,SEH1L,TUBB6",H3K27ac,0.9,,25717,,K562,bg_powered
chr18:12701408-12701975,chr18,12701408,12701975,6,0,False,False,False,,"AFG3L2,FAM210A,PTPN2,RNMT,SEH1L,TUBB6",H3K27ac,0.87,,227952,,K562,bg_powered
chr18:12726993-12727492,chr18,12726993,12727492,7,0,False,False,False,,"AFG3L2,FAM210A,PSMG2,PTPN2,RNMT,SEH1L,TUBB6",H3K27ac,0.92,,69199,,K562,bg_powered
chr18:12880014-12880513,chr18,12880014,12880513,6,0,False,False,False,,"AFG3L2,FAM210A,PSMG2,RNMT,SEH1L,TUBB6",H3K27ac,0.83,,66870,,K562,bg_powered
chr18:12893731-12894230,chr18,12893731,12894230,6,0,False,False,False,,"AFG3L2,FAM210A,PSMG2,RNMT,SEH1L,TUBB6",CTCF element,0.92,,53153,,K562,bg_powered
chr18:12907176-12907675,chr18,12907176,12907675,6,0,False,False,False,,"AFG3L2,FAM210A,PSMG2,RNMT,SEH1L,TUBB6",H3K27ac,0.85,,39708,,K562,bg_powered
chr18:13112932-13113431,chr18,13112932,13113431,7,0,False,False,False,,"AFG3L2,FAM210A,PSMG2,PTPN2,RNMT,SEH1L,TUBB6",CTCF element,0.94,,166048,,K562,bg_powered
chr18:13216027-13216526,chr18,13216027,13216526,7,0,False,False,False,,"AFG3L2,FAM210A,PSMG2,PTPN2,RNMT,SEH1L,TUBB6",H3K27me3 element,0.95,,269143,,K562,bg_powered
chr18:13712738-13713237,chr18,13712738,13713237,6,0,False,False,False,,"AFG3L2,PSMG2,PTPN2,RNMT,SEH1L,TUBB6",No H3K27ac,0.87,,13673,,K562,bg_powered
chr18:13811948-13812447,chr18,13811948,13812447,7,0,False,False,False,,"AFG3L2,FAM210A,PSMG2,PTPN2,RNMT,SEH1L,TUBB6",CTCF element,0.85,,85534,,K562,bg_powered
chr18:14146923-14147422,chr18,14146923,14147422,7,0,False,False,False,,"AFG3L2,FAM210A,PSMG2,PTPN2,RNMT,SEH1L,TUBB6",No H3K27ac,0.9,,420509,,K562,bg_powered
chr19:10001822-10002321,chr19,10001822,10002321,11,0,False,False,False,,"DNM2,DNMT1,EIF3G,HNRNPM,ICAM3,ICAM4,MRPL4,PIN1,PPAN,RAB11B,UBL5",CTCF element,0.98,,104291,,K562,bg_powered
chr19:10045331-10045830,chr19,10045331,10045830,11,0,False,False,False,,"DNM2,DNMT1,EIF3G,HNRNPM,ICAM3,ICAM4,MRPL4,PIN1,PPAN,RAB11B,UBL5",No H3K27ac,0.85,,60782,,K562,bg_powered
chr19:10098926-10099425,chr19,10098926,10099425,11,0,False,False,False,,"DNM2,DNMT1,EIF3G,HNRNPM,ICAM3,ICAM4,MRPL4,PIN1,PPAN,RAB11B,UBL5",CTCF element,0.91,,7187,,K562,bg_powered
chr19:10112929-10113428,chr19,10112929,10113428,11,0,False,False,False,,"DNM2,DNMT1,EIF3G,HNRNPM,ICAM3,ICAM4,MRPL4,PIN1,PPAN,RAB11B,UBL5",H3K27ac,0.92,,6740,,K562,bg_powered
chr19:10186294-10186793,chr19,10186294,10186793,10,0,False,False,False,,"DNM2,EIF3G,HNRNPM,ICAM3,ICAM4,MRPL4,PIN1,PPAN,RAB11B,UBL5",H3K27ac,0.96,,65358,,K562,bg_powered
chr19:10193607-10194106,chr19,10193607,10194106,10,0,False,False,False,,"DNM2,EIF3G,HNRNPM,ICAM3,ICAM4,MRPL4,PIN1,PPAN,RAB11B,UBL5",High H3K27ac,0.9,,58045,,K562,bg_powered
chr19:10223471-10223970,chr19,10223471,10223970,11,0,False,False,False,,"DNM2,DNMT1,EIF3G,HNRNPM,ICAM3,ICAM4,MRPL4,PIN1,PPAN,RAB11B,UBL5",H3K27ac,0.95,,7566,,K562,bg_powered
chr19:10421818-10422317,chr19,10421818,10422317,9,0,False,False,False,,"DNM2,DNMT1,EIF3G,ICAM3,ICAM4,MRPL4,PIN1,PPAN,UBL5",H3K27ac,0.93,,82406,,K562,bg_powered
chr19:38004434-38004933,chr19,38004434,38004933,8,0,False,False,False,,"ACTN4,ECH1,EIF3K,MRPS12,PPP1R14A,PSMD8,RPS16,YIF1B",No H3K27ac,0.87,,251849,,K562,bg_powered
chr19:38037080-38037579,chr19,38037080,38037579,8,0,False,False,False,,"ACTN4,ECH1,EIF3K,MRPS12,PPP1R14A,PSMD8,RPS16,YIF1B",H3K27ac,0.89,,219203,,K562,bg_powered
chr19:38095638-38096137,chr19,38095638,38096137,8,0,False,False,False,,"ACTN4,ECH1,EIF3K,MRPS12,PPP1R14A,PSMD8,RPS16,YIF1B",CTCF element,0.97,,160645,,K562,bg_powered
chr19:38302759-38303258,chr19,38302759,38303258,8,0,False,False,False,,"ACTN4,ECH1,EIF3K,MRPS12,PPP1R14A,PSMD8,RPS16,YIF1B",H3K27ac,0.94,,14265,,K562,bg_powered
chr19:38321768-38322267,chr19,38321768,38322267,8,0,False,False,False,,"ACTN4,ECH1,EIF3K,MRPS12,PPP1R14A,PSMD8,RPS16,YIF1B",H3K27ac,0.94,,4744,,K562,bg_powered
chr19:38362405-38362904,chr19,38362405,38362904,8,0,False,False,False,,"ACTN4,ECH1,EIF3K,MRPS12,PPP1R14A,PSMD8,RPS16,YIF1B",H3K27ac,0.93,,11882,,K562,bg_powered
chr19:38515004-38515503,chr19,38515004,38515503,8,0,False,False,False,,"ACTN4,ECH1,EIF3K,MRPS12,PPP1R14A,PSMD8,RPS16,YIF1B",H3K27ac,0.97,,103829,,K562,bg_powered
chr19:38634545-38635044,chr19,38634545,38635044,7,0,False,False,False,,"ACTN4,ECH1,MRPS12,PPP1R14A,PSMD8,RPS16,YIF1B",H3K27ac,0.94,,12855,,K562,bg_powered
chr19:38681359-38681858,chr19,38681359,38681858,7,0,False,False,False,,"ECH1,EIF3K,MRPS12,PPP1R14A,PSMD8,RPS16,YIF1B",H3K27ac,0.94,,62526,,K562,bg_powered
chr19:38684265-38684764,chr19,38684265,38684764,7,0,False,False,False,,"ECH1,EIF3K,MRPS12,PPP1R14A,PSMD8,RPS16,YIF1B",High H3K27ac,0.94,,65432,,K562,bg_powered
chr19:38819150-38819649,chr19,38819150,38819649,7,0,False,False,False,,"ACTN4,EIF3K,MRPS12,PPP1R14A,PSMD8,RPS16,YIF1B",H3K27ac,0.96,,111149,,K562,bg_powered
chr19:38989156-38989655,chr19,38989156,38989655,8,0,False,False,False,,"ACTN4,ECH1,EIF3K,MRPS12,PPP1R14A,PSMD8,RPS16,YIF1B",No H3K27ac,0.94,,58857,,K562,bg_powered
chr19:39223641-39224140,chr19,39223641,39224140,8,0,False,False,False,,"ACTN4,ECH1,EIF3K,MRPS12,PPP1R14A,PSMD8,RPS16,YIF1B",No H3K27ac,0.93,,212059,,K562,bg_powered
chr19:39322941-39323440,chr19,39322941,39323440,8,0,False,False,False,,"ACTN4,ECH1,EIF3K,MRPS12,PPP1R14A,PSMD8,RPS16,YIF1B",CTCF element,0.93,,112759,,K562,bg_powered
chr19:39407451-39407950,chr19,39407451,39407950,8,0,False,False,False,,"ACTN4,ECH1,EIF3K,MRPS12,PPP1R14A,PSMD8,RPS16,YIF1B",High H3K27ac,0.95,,28249,,K562,bg_powered
chr19:39440168-39440667,chr19,39440168,39440667,8,0,False,False,False,,"ACTN4,ECH1,EIF3K,MRPS12,PPP1R14A,PSMD8,RPS16,YIF1B",CTCF element,0.89,,4468,,K562,bg_powered
chr19:39518417-39518916,chr19,39518417,39518916,8,0,False,False,False,,"ACTN4,ECH1,EIF3K,MRPS12,PPP1R14A,PSMD8,RPS16,YIF1B",H3K27ac,0.95,,82717,,K562,bg_powered
chr19:39842720-39843219,chr19,39842720,39843219,8,0,False,False,False,,"ACTN4,ECH1,EIF3K,MRPS12,PPP1R14A,PSMD8,RPS16,YIF1B",H3K27ac,0.93,,407020,,K562,bg_powered
chr19:39881461-39881960,chr19,39881461,39881960,8,0,False,False,False,,"ACTN4,ECH1,EIF3K,MRPS12,PPP1R14A,PSMD8,RPS16,YIF1B",No H3K27ac,0.98,,445761,,K562,bg_powered
chr19:8515250-8515749,chr19,8515250,8515749,10,0,False,False,False,,"DNMT1,EIF3G,HNRNPM,ICAM3,ICAM4,MRPL4,PIN1,PPAN,RAB11B,UBL5",H3K27ac,0.94,,70732,,K562,bg_powered
chr19:8671160-8671659,chr19,8671160,8671659,10,0,False,False,False,,"DNMT1,EIF3G,HNRNPM,ICAM3,ICAM4,MRPL4,PIN1,PPAN,RAB11B,UBL5",H3K27ac,0.93,,271593,,K562,bg_powered
chr19:8694215-8694714,chr19,8694215,8694714,10,0,False,False,False,,"DNMT1,EIF3G,HNRNPM,ICAM3,ICAM4,MRPL4,PIN1,PPAN,RAB11B,UBL5",CTCF element,0.94,,295161,,K562,bg_powered
chr19:8922602-8923101,chr19,8922602,8923101,11,0,False,False,False,,"DNM2,DNMT1,EIF3G,HNRNPM,ICAM3,ICAM4,MRPL4,PIN1,PPAN,RAB11B,UBL5",No H3K27ac,0.91,,523876,,K562,bg_powered
chr19:9037216-9037715,chr19,9037216,9037715,11,0,False,False,False,,"DNM2,DNMT1,EIF3G,HNRNPM,ICAM3,ICAM4,MRPL4,PIN1,PPAN,RAB11B,UBL5",No H3K27ac,0.92,,638490,,K562,bg_powered
chr19:9788958-9789457,chr19,9788958,9789457,11,0,False,False,False,,"DNM2,DNMT1,EIF3G,HNRNPM,ICAM3,ICAM4,MRPL4,PIN1,PPAN,RAB11B,UBL5",High H3K27ac,0.93,,38685,,K562,bg_powered
chr19:9790150-9790649,chr19,9790150,9790649,11,0,False,False,False,,"DNM2,DNMT1,EIF3G,HNRNPM,ICAM3,ICAM4,MRPL4,PIN1,PPAN,RAB11B,UBL5",H3K27ac,0.83,,37493,,K562,bg_powered
chr19:9835947-9836446,chr19,9835947,9836446,10,0,False,False,False,,"DNM2,DNMT1,EIF3G,HNRNPM,ICAM3,ICAM4,MRPL4,PPAN,RAB11B,UBL5",H3K27ac,0.94,,8304,,K562,bg_powered
chr19:9847007-9847506,chr19,9847007,9847506,10,0,False,False,False,,"DNM2,DNMT1,EIF3G,HNRNPM,ICAM3,ICAM4,MRPL4,PPAN,RAB11B,UBL5",H3K27ac,0.96,,19364,,K562,bg_powered
chr19:9848004-9848503,chr19,9848004,9848503,10,0,False,False,False,,"DNM2,DNMT1,EIF3G,HNRNPM,ICAM3,ICAM4,MRPL4,PPAN,RAB11B,UBL5",CTCF element,0.97,,20361,,K562,bg_powered
chr19:9917169-9917668,chr19,9917169,9917668,11,0,False,False,False,,"DNM2,DNMT1,EIF3G,HNRNPM,ICAM3,ICAM4,MRPL4,PIN1,PPAN,RAB11B,UBL5",No H3K27ac,0.92,,82161,,K562,bg_powered
chr1:152451216-152451715,chr1,152451216,152451715,9,0,False,False,False,,"CHTOP,ILF2,JTB,RAB13,S100A13,S100A6,SLC39A1,SNAPIN,TPM3",CTCF element,0.94,,1084779,,K562,bg_powered
chr1:152869758-152870257,chr1,152869758,152870257,9,0,False,False,False,,"CHTOP,ILF2,JTB,RAB13,S100A13,S100A6,SLC39A1,SNAPIN,TPM3",CTCF element,0.96,,666237,,K562,bg_powered
chr1:152871115-152871694,chr1,152871115,152871694,9,0,False,False,False,,"CHTOP,ILF2,JTB,RAB13,S100A13,S100A6,SLC39A1,SNAPIN,TPM3",CTCF element,0.99,,664840,,K562,bg_powered
chr1:152917747-152918246,chr1,152917747,152918246,9,0,False,False,False,,"CHTOP,ILF2,JTB,RAB13,S100A13,S100A6,SLC39A1,SNAPIN,TPM3",CTCF element,0.83,,618248,,K562,bg_powered
chr1:153059158-153059706,chr1,153059158,153059706,9,0,False,False,False,,"CHTOP,ILF2,JTB,RAB13,S100A13,S100A6,SLC39A1,SNAPIN,TPM3",High H3K27ac,1.0,,476813,,K562,bg_powered
chr1:153190323-153190822,chr1,153190323,153190822,9,0,False,False,False,,"CHTOP,ILF2,JTB,RAB13,S100A13,S100A6,SLC39A1,SNAPIN,TPM3",CTCF element,0.82,,345672,,K562,bg_powered
chr1:153229195-153229694,chr1,153229195,153229694,8,0,False,False,False,,"CHTOP,ILF2,JTB,RAB13,S100A13,SLC39A1,SNAPIN,TPM3",CTCF element,0.84,,401916,,K562,bg_powered
chr1:153353525-153354024,chr1,153353525,153354024,9,0,False,False,False,,"CHTOP,ILF2,JTB,RAB13,S100A13,S100A6,SLC39A1,SNAPIN,TPM3",H3K27ac,0.92,,182470,,K562,bg_powered
chr1:153393999-153394498,chr1,153393999,153394498,9,0,False,False,False,,"CHTOP,ILF2,JTB,RAB13,S100A13,S100A6,SLC39A1,SNAPIN,TPM3",CTCF element,0.96,,141996,,K562,bg_powered
chr1:153465685-153466184,chr1,153465685,153466184,9,0,False,False,False,,"CHTOP,ILF2,JTB,RAB13,S100A13,S100A6,SLC39A1,SNAPIN,TPM3",CTCF element,0.96,,70310,,K562,bg_powered
chr1:153494837-153495336,chr1,153494837,153495336,9,0,False,False,False,,"CHTOP,ILF2,JTB,RAB13,S100A13,S100A6,SLC39A1,SNAPIN,TPM3",CTCF element,0.92,,41158,,K562,bg_powered
chr1:153509686-153510185,chr1,153509686,153510185,9,0,False,False,False,,"CHTOP,ILF2,JTB,RAB13,S100A13,S100A6,SLC39A1,SNAPIN,TPM3",H3K27ac,0.93,,26309,,K562,bg_powered
chr1:153577468-153577967,chr1,153577468,153577967,9,0,False,False,False,,"CHTOP,ILF2,JTB,RAB13,S100A13,S100A6,SLC39A1,SNAPIN,TPM3",No H3K27ac,0.89,,41473,,K562,bg_powered
chr1:153697138-153697637,chr1,153697138,153697637,9,0,False,False,False,,"CHTOP,ILF2,JTB,RAB13,S100A13,S100A6,SLC39A1,SNAPIN,TPM3",High H3K27ac,0.94,,26359,,K562,bg_powered
chr1:153697694-153698193,chr1,153697694,153698193,9,0,False,False,False,,"CHTOP,ILF2,JTB,RAB13,S100A13,S100A6,SLC39A1,SNAPIN,TPM3",High H3K27ac,0.94,,26915,,K562,bg_powered
chr1:153728694-153729193,chr1,153728694,153729193,8,0,False,False,False,,"CHTOP,ILF2,JTB,RAB13,S100A13,SLC39A1,SNAPIN,TPM3",H3K27ac,0.88,,57915,,K562,bg_powered
chr1:153797149-153797648,chr1,153797149,153797648,9,0,False,False,False,,"CHTOP,ILF2,JTB,RAB13,S100A13,S100A6,SLC39A1,SNAPIN,TPM3",CTCF element,0.91,,126370,,K562,bg_powered
chr1:153880944-153881443,chr1,153880944,153881443,9,0,False,False,False,,"CHTOP,ILF2,JTB,RAB13,S100A13,S100A6,SLC39A1,SNAPIN,TPM3",H3K27ac,0.89,,86991,,K562,bg_powered
chr1:233575440-233575939,chr1,233575440,233575939,4,0,False,False,False,,"COA6,IRF2BP2,KCNK1,NTPCR",No H3K27ac,0.86,,38417,,K562,bg_powered
chr1:233707086-233708073,chr1,233707086,233708073,8,0,False,False,False,,"COA6,IRF2BP2,KCNK1,NTPCR",High H3K27ac,0.84,,93229,,K562,bg_powered
chr1:233791033-233791532,chr1,233791033,233791532,4,0,False,False,False,,"COA6,IRF2BP2,KCNK1,NTPCR",H3K27ac,0.84,,177176,,K562,bg_powered
chr1:233905626-233906125,chr1,233905626,233906125,4,0,False,False,False,,"COA6,IRF2BP2,KCNK1,NTPCR",H3K27me3 element,0.94,,291769,,K562,bg_powered
chr1:233972852-233973351,chr1,233972852,233973351,4,0,False,False,False,,"COA6,IRF2BP2,KCNK1,NTPCR",High H3K27ac,0.82,,358995,,K562,bg_powered
chr1:233973475-233973974,chr1,233973475,233973974,4,0,False,False,False,,"COA6,IRF2BP2,KCNK1,NTPCR",H3K27ac,0.89,,359618,,K562,bg_powered
chr1:234069727-234070226,chr1,234069727,234070226,4,0,False,False,False,,"COA6,IRF2BP2,KCNK1,NTPCR",H3K27ac,0.88,,303480,,K562,bg_powered
chr1:234326546-234327045,chr1,234326546,234327045,4,0,False,False,False,,"COA6,IRF2BP2,KCNK1,NTPCR",CTCF element,0.87,,46661,,K562,bg_powered
chr1:234523530-234524029,chr1,234523530,234524029,4,0,False,False,False,,"COA6,IRF2BP2,KCNK1,NTPCR",H3K27ac,0.87,,85746,,K562,bg_powered
chr1:234545602-234546101,chr1,234545602,234546101,4,0,False,False,False,,"COA6,IRF2BP2,KCNK1,NTPCR",H3K27ac,0.84,,63674,,K562,bg_powered
chr1:234558312-234558811,chr1,234558312,234558811,4,0,False,False,False,,"COA6,IRF2BP2,KCNK1,NTPCR",H3K27ac,0.81,,50964,,K562,bg_powered
chr1:234583660-234584159,chr1,234583660,234584159,4,0,False,False,False,,"COA6,IRF2BP2,KCNK1,NTPCR",H3K27ac,0.89,,25616,,K562,bg_powered
chr1:234599762-234600277,chr1,234599762,234600277,4,0,False,False,False,,"COA6,IRF2BP2,KCNK1,NTPCR",High H3K27ac,0.94,,9506,,K562,bg_powered
chr1:234602661-234603160,chr1,234602661,234603160,4,0,False,False,False,,"COA6,IRF2BP2,KCNK1,NTPCR",High H3K27ac,0.88,,6615,,K562,bg_powered
chr1:234606992-234607491,chr1,234606992,234607491,3,0,False,False,False,,"COA6,KCNK1,NTPCR",High H3K27ac,0.85,,233785,,K562,bg_powered
chr1:234610824-234611628,chr1,234610824,234611628,8,0,False,False,False,,"COA6,IRF2BP2,KCNK1,NTPCR",High H3K27ac,0.88,,1548,,K562,bg_powered
chr1:234611894-234612393,chr1,234611894,234612393,4,0,False,False,False,,"COA6,IRF2BP2,KCNK1,NTPCR",High H3K27ac,0.88,,2618,,K562,bg_powered
chr1:234624658-234625157,chr1,234624658,234625157,4,0,False,False,False,,"COA6,IRF2BP2,KCNK1,NTPCR",No H3K27ac,0.88,,15382,,K562,bg_powered
chr1:234657103-234657602,chr1,234657103,234657602,4,0,False,False,False,,"COA6,IRF2BP2,KCNK1,NTPCR",H3K27ac,0.91,,47827,,K562,bg_powered
chr1:234725293-234725832,chr1,234725293,234725832,4,0,False,False,False,,"COA6,IRF2BP2,KCNK1,NTPCR",High H3K27ac,0.99,,116038,,K562,bg_powered
chr1:234869416-234869915,chr1,234869416,234869915,4,0,False,False,False,,"COA6,IRF2BP2,KCNK1,NTPCR",H3K27ac,0.87,,260141,,K562,bg_powered
chr1:234893709-234894208,chr1,234893709,234894208,4,0,False,False,False,,"COA6,IRF2BP2,KCNK1,NTPCR",High H3K27ac,0.91,,284434,,K562,bg_powered
chr1:234960618-234961117,chr1,234960618,234961117,3,0,False,False,False,,"COA6,IRF2BP2,KCNK1",H3K27ac,0.9,,351343,,K562,bg_powered
chr1:234976408-234976907,chr1,234976408,234976907,3,0,False,False,False,,"COA6,IRF2BP2,KCNK1",H3K27ac,0.88,,367133,,K562,bg_powered
chr1:235000367-235000866,chr1,235000367,235000866,3,0,False,False,False,,"COA6,IRF2BP2,KCNK1",H3K27ac,0.86,,391092,,K562,bg_powered
chr20:18588550-18589049,chr20,18588550,18589049,2,0,False,False,False,,"NAA20,SMIM26",H3K27ac,0.94,,21452,,K562,bg_powered
chr20:18624869-18625368,chr20,18624869,18625368,2,0,False,False,False,,"NAA20,SMIM26",No H3K27ac,0.86,,57771,,K562,bg_powered
chr20:18628288-18628787,chr20,18628288,18628787,2,0,False,False,False,,"NAA20,SMIM26",CTCF element,0.96,,61190,,K562,bg_powered
chr20:18632140-18632639,chr20,18632140,18632639,2,0,False,False,False,,"NAA20,SMIM26",CTCF element,0.89,,65042,,K562,bg_powered
chr20:18738031-18738530,chr20,18738031,18738530,2,0,False,False,False,,"NAA20,SMIM26",No H3K27ac,0.88,,170933,,K562,bg_powered
chr20:18738789-18739288,chr20,18738789,18739288,2,0,False,False,False,,"NAA20,SMIM26",No H3K27ac,0.89,,171691,,K562,bg_powered
chr20:18830503-18831002,chr20,18830503,18831002,3,0,False,False,False,,"DTD1,NAA20,SMIM26",No H3K27ac,0.91,,242859,,K562,bg_powered
chr20:18984171-18984670,chr20,18984171,18984670,3,0,False,False,False,,"DTD1,NAA20,SMIM26",No H3K27ac,0.92,,396527,,K562,bg_powered
chr20:19073510-19074009,chr20,19073510,19074009,3,0,False,False,False,,"DTD1,NAA20,SMIM26",CTCF element,0.88,,485866,,K562,bg_powered
chr20:19096785-19097284,chr20,19096785,19097284,3,0,False,False,False,,"DTD1,NAA20,SMIM26",No H3K27ac,0.9,,509141,,K562,bg_powered
chr20:19205866-19206365,chr20,19205866,19206365,3,0,False,False,False,,"DTD1,NAA20,SMIM26",CTCF element,0.95,,618222,,K562,bg_powered
chr20:19486384-19486883,chr20,19486384,19486883,3,0,False,False,False,,"DTD1,NAA20,SMIM26",No H3K27ac,0.83,,530677,,K562,bg_powered
chr20:19510602-19511101,chr20,19510602,19511101,3,0,False,False,False,,"DTD1,NAA20,SMIM26",No H3K27ac,0.94,,506459,,K562,bg_powered
chr20:19658100-19658599,chr20,19658100,19658599,3,0,False,False,False,,"DTD1,NAA20,SMIM26",No H3K27ac,0.95,,358961,,K562,bg_powered
chr20:19662332-19662831,chr20,19662332,19662831,3,0,False,False,False,,"DTD1,NAA20,SMIM26",CTCF element,0.9,,354729,,K562,bg_powered
chr20:19688297-19688796,chr20,19688297,19688796,3,0,False,False,False,,"DTD1,NAA20,SMIM26",CTCF element,0.92,,328764,,K562,bg_powered
chr20:19692543-19693042,chr20,19692543,19693042,3,0,False,False,False,,"DTD1,NAA20,SMIM26",CTCF element,0.88,,324518,,K562,bg_powered
chr20:19823912-19824411,chr20,19823912,19824411,3,0,False,False,False,,"DTD1,NAA20,SMIM26",No H3K27ac,0.88,,193149,,K562,bg_powered
chr20:19903066-19903565,chr20,19903066,19903565,3,0,False,False,False,,"DTD1,NAA20,SMIM26",CTCF element,0.89,,113995,,K562,bg_powered
chr20:19964518-19965017,chr20,19964518,19965017,3,0,False,False,False,,"DTD1,NAA20,SMIM26",No H3K27ac,0.9,,52543,,K562,bg_powered
chr20:19993265-19993764,chr20,19993265,19993764,3,0,False,False,False,,"DTD1,NAA20,SMIM26",No H3K27ac,0.94,,23796,,K562,bg_powered
chr20:20002506-20003005,chr20,20002506,20003005,3,0,False,False,False,,"DTD1,NAA20,SMIM26",No H3K27ac,0.89,,14555,,K562,bg_powered
chr20:20018326-20018825,chr20,20018326,20018825,2,0,False,False,False,,"DTD1,SMIM26",H3K27ac,0.81,,1430682,,K562,bg_powered
chr20:20232899-20233398,chr20,20232899,20233398,3,0,False,False,False,,"DTD1,NAA20,SMIM26",No H3K27ac,0.96,,215838,,K562,bg_powered
chr20:20237309-20237808,chr20,20237309,20237808,3,0,False,False,False,,"DTD1,NAA20,SMIM26",CTCF element,0.91,,220248,,K562,bg_powered
chr20:20360333-20360832,chr20,20360333,20360832,3,0,False,False,False,,"DTD1,NAA20,SMIM26",CTCF element,0.85,,343272,,K562,bg_powered
chr20:20393053-20393552,chr20,20393053,20393552,3,0,False,False,False,,"DTD1,NAA20,SMIM26",No H3K27ac,0.96,,375992,,K562,bg_powered
chr20:20410676-20411175,chr20,20410676,20411175,3,0,False,False,False,,"DTD1,NAA20,SMIM26",No H3K27ac,0.93,,393615,,K562,bg_powered
chr21:44444394-44444893,chr21,44444394,44444893,11,0,False,False,False,,"CBS,CSTB,GATD3A,NDUFV3,PDXK,PTTG1IP,RRP1,RRP1B,SUMO3,U2AF1,UBE2G2",CTCF element,0.94,,311034,,K562,bg_powered
chr21:44482701-44483200,chr21,44482701,44483200,11,0,False,False,False,,"CBS,CSTB,GATD3A,NDUFV3,PDXK,PTTG1IP,RRP1,RRP1B,SUMO3,U2AF1,UBE2G2",H3K27me3 element,0.86,,318908,,K562,bg_powered
chr21:44485080-44485579,chr21,44485080,44485579,11,0,False,False,False,,"CBS,CSTB,GATD3A,NDUFV3,PDXK,PTTG1IP,RRP1,RRP1B,SUMO3,U2AF1,UBE2G2",CTCF element,0.94,,316529,,K562,bg_powered
chr21:44836480-44836979,chr21,44836480,44836979,11,0,False,False,False,,"CBS,CSTB,GATD3A,NDUFV3,PDXK,PTTG1IP,RRP1,RRP1B,SUMO3,U2AF1,UBE2G2",H3K27ac,0.92,,17950,,K562,bg_powered
chr21:44854660-44855159,chr21,44854660,44855159,10,0,False,False,False,,"CBS,CSTB,GATD3A,NDUFV3,PDXK,RRP1,RRP1B,SUMO3,U2AF1,UBE2G2",High H3K27ac,0.93,,36130,,K562,bg_powered
chr21:44869783-44870282,chr21,44869783,44870282,10,0,False,False,False,,"CBS,CSTB,GATD3A,NDUFV3,PDXK,RRP1,RRP1B,SUMO3,U2AF1,UBE2G2",H3K27ac,0.94,,51253,,K562,bg_powered
chr21:44871863-44872362,chr21,44871863,44872362,10,0,False,False,False,,"CBS,CSTB,GATD3A,NDUFV3,PDXK,RRP1,RRP1B,SUMO3,U2AF1,UBE2G2",H3K27ac,0.9,,53333,,K562,bg_powered
chr21:44897627-44898126,chr21,44897627,44898126,10,0,False,False,False,,"CBS,CSTB,GATD3A,PDXK,PTTG1IP,RRP1,RRP1B,SUMO3,U2AF1,UBE2G2",No H3K27ac,0.9,,23973,,K562,bg_powered
chr21:44927438-44927937,chr21,44927438,44927937,10,0,False,False,False,,"CBS,CSTB,GATD3A,PDXK,PTTG1IP,RRP1,RRP1B,SUMO3,U2AF1,UBE2G2",H3K27ac,0.97,,53784,,K562,bg_powered
chr21:45137019-45137518,chr21,45137019,45137518,8,0,False,False,False,,"CSTB,GATD3A,PDXK,PTTG1IP,RRP1,RRP1B,SUMO3,UBE2G2",H3K27ac,0.92,,263365,,K562,bg_powered
chr21:45138517-45139016,chr21,45138517,45139016,8,0,False,False,False,,"CSTB,GATD3A,PDXK,PTTG1IP,RRP1,RRP1B,SUMO3,UBE2G2",H3K27ac,0.9,,264863,,K562,bg_powered
chr21:45167824-45168323,chr21,45167824,45168323,8,0,False,False,False,,"CSTB,GATD3A,PDXK,PTTG1IP,RRP1,RRP1B,SUMO3,UBE2G2",H3K27ac,0.9,,294170,,K562,bg_powered
chr21:45278586-45279085,chr21,45278586,45279085,8,0,False,False,False,,"CSTB,GATD3A,PDXK,PTTG1IP,RRP1,RRP1B,SUMO3,UBE2G2",H3K27ac,0.92,,404932,,K562,bg_powered
chr21:45299366-45299865,chr21,45299366,45299865,8,0,False,False,False,,"CSTB,GATD3A,PDXK,PTTG1IP,RRP1,RRP1B,SUMO3,UBE2G2",H3K27ac,0.9,,425712,,K562,bg_powered
chr21:45360141-45360640,chr21,45360141,45360640,8,0,False,False,False,,"CSTB,GATD3A,PDXK,PTTG1IP,RRP1,RRP1B,SUMO3,UBE2G2",H3K27ac,0.89,,486487,,K562,bg_powered
chr21:45382987-45383486,chr21,45382987,45383486,8,0,False,False,False,,"CSTB,GATD3A,PDXK,PTTG1IP,RRP1,RRP1B,SUMO3,UBE2G2",H3K27ac,0.92,,509333,,K562,bg_powered
chr21:45406937-45407436,chr21,45406937,45407436,8,0,False,False,False,,"CSTB,GATD3A,PDXK,PTTG1IP,RRP1,RRP1B,SUMO3,UBE2G2",H3K27ac,0.93,,533283,,K562,bg_powered
chr21:45541102-45541601,chr21,45541102,45541601,8,0,False,False,False,,"CSTB,GATD3A,PDXK,PTTG1IP,RRP1,RRP1B,SUMO3,UBE2G2",H3K27ac,0.98,,667447,,K562,bg_powered
chr21:45555953-45556452,chr21,45555953,45556452,8,0,False,False,False,,"CSTB,GATD3A,PDXK,PTTG1IP,RRP1,RRP1B,SUMO3,UBE2G2",H3K27ac,0.92,,682298,,K562,bg_powered
chr21:45818177-45818676,chr21,45818177,45818676,4,0,False,False,False,,"GATD3A,PTTG1IP,SUMO3,UBE2G2",CTCF element,0.91,,944522,,K562,bg_powered
chr21:45874960-45875459,chr21,45874960,45875459,4,0,False,False,False,,"GATD3A,PTTG1IP,SUMO3,UBE2G2",H3K27me3 element,0.9,,1001305,,K562,bg_powered
chr21:46040609-46041108,chr21,46040609,46041108,4,0,False,False,False,,"GATD3A,PTTG1IP,SUMO3,UBE2G2",H3K27ac,0.91,,1166954,,K562,bg_powered
chr21:46066452-46066951,chr21,46066452,46066951,4,0,False,False,False,,"GATD3A,PTTG1IP,SUMO3,UBE2G2",H3K27me3 element,0.89,,1192797,,K562,bg_powered
chr21:46173112-46174110,chr21,46173112,46174110,6,0,False,False,False,,"PTTG1IP,SUMO3,UBE2G2",H3K27ac,0.93,,1299457,,K562,bg_powered
chr21:46188324-46188823,chr21,46188324,46188823,3,0,False,False,False,,"PTTG1IP,SUMO3,UBE2G2",High H3K27ac,0.91,,1314669,,K562,bg_powered
chr21:46210361-46210860,chr21,46210361,46210860,3,0,False,False,False,,"PTTG1IP,SUMO3,UBE2G2",H3K27ac,0.94,,1336706,,K562,bg_powered
chr2:85266407-85266906,chr2,85266407,85266906,11,0,False,False,False,,"CAPG,IMMT,KCMF1,MAT2A,MRPL35,PTCD3,RNF181,TMEM150A,TMSB10,USP39,VAMP8",CTCF element,0.96,,151776,,K562,bg_powered
chr2:85298695-85299194,chr2,85298695,85299194,11,0,False,False,False,,"CAPG,IMMT,KCMF1,MAT2A,MRPL35,PTCD3,RNF181,TMEM150A,TMSB10,USP39,VAMP8",CTCF element,0.91,,119488,,K562,bg_powered
chr2:85391179-85391678,chr2,85391179,85391678,11,0,False,False,False,,"CAPG,IMMT,KCMF1,MAT2A,MRPL35,PTCD3,RNF181,TMEM150A,TMSB10,USP39,VAMP8",CTCF element,0.96,,27004,,K562,bg_powered
chr2:85392397-85392896,chr2,85392397,85392896,11,0,False,False,False,,"CAPG,IMMT,KCMF1,MAT2A,MRPL35,PTCD3,RNF181,TMEM150A,TMSB10,USP39,VAMP8",No H3K27ac,0.95,,25786,,K562,bg_powered
chr2:85420592-85421091,chr2,85420592,85421091,11,0,False,False,False,,"CAPG,IMMT,KCMF1,MAT2A,MRPL35,PTCD3,RNF181,TMEM150A,TMSB10,USP39,VAMP8",High H3K27ac,0.88,,2409,,K562,bg_powered
chr2:85437452-85438331,chr2,85437452,85438331,22,0,False,False,False,,"CAPG,IMMT,KCMF1,MAT2A,MRPL35,PTCD3,RNF181,TMEM150A,TMSB10,USP39,VAMP8",High H3K27ac,0.95,,19269,,K562,bg_powered
chr2:85552003-85552502,chr2,85552003,85552502,11,0,False,False,False,,"CAPG,IMMT,KCMF1,MAT2A,MRPL35,PTCD3,RNF181,TMEM150A,TMSB10,USP39,VAMP8",H3K27ac,0.92,,9310,,K562,bg_powered
chr2:85603796-85604295,chr2,85603796,85604295,9,0,False,False,False,,"CAPG,IMMT,KCMF1,MAT2A,MRPL35,PTCD3,RNF181,TMSB10,VAMP8",H3K27ac,0.87,,8320,,K562,bg_powered
chr2:85679114-85679613,chr2,85679114,85679613,11,0,False,False,False,,"CAPG,IMMT,KCMF1,MAT2A,MRPL35,PTCD3,RNF181,TMEM150A,TMSB10,USP39,VAMP8",CTCF element,0.94,,76167,,K562,bg_powered
chr2:85699261-85699760,chr2,85699261,85699760,11,0,False,False,False,,"CAPG,IMMT,KCMF1,MAT2A,MRPL35,PTCD3,RNF181,TMEM150A,TMSB10,USP39,VAMP8",No H3K27ac,0.97,,96314,,K562,bg_powered
chr2:85717989-85718488,chr2,85717989,85718488,11,0,False,False,False,,"CAPG,IMMT,KCMF1,MAT2A,MRPL35,PTCD3,RNF181,TMEM150A,TMSB10,USP39,VAMP8",CTCF element,0.92,,115042,,K562,bg_powered
chr2:85797900-85798399,chr2,85797900,85798399,11,0,False,False,False,,"CAPG,IMMT,KCMF1,MAT2A,MRPL35,PTCD3,RNF181,TMEM150A,TMSB10,USP39,VAMP8",CTCF element,0.9,,194953,,K562,bg_powered
chr2:85873625-85874124,chr2,85873625,85874124,11,0,False,False,False,,"CAPG,IMMT,KCMF1,MAT2A,MRPL35,PTCD3,RNF181,TMEM150A,TMSB10,USP39,VAMP8",CTCF element,0.95,,232349,,K562,bg_powered
chr2:85886470-85886969,chr2,85886470,85886969,11,0,False,False,False,,"CAPG,IMMT,KCMF1,MAT2A,MRPL35,PTCD3,RNF181,TMEM150A,TMSB10,USP39,VAMP8",H3K27ac,0.95,,219504,,K562,bg_powered
chr2:85997025-85997524,chr2,85997025,85997524,11,0,False,False,False,,"CAPG,IMMT,KCMF1,MAT2A,MRPL35,PTCD3,RNF181,TMEM150A,TMSB10,USP39,VAMP8",High H3K27ac,0.94,,108949,,K562,bg_powered
chr2:86079840-86080339,chr2,86079840,86080339,11,0,False,False,False,,"CAPG,IMMT,KCMF1,MAT2A,MRPL35,PTCD3,RNF181,TMEM150A,TMSB10,USP39,VAMP8",CTCF element,0.94,,26134,,K562,bg_powered
chr2:86251923-86252422,chr2,86251923,86252422,11,0,False,False,False,,"CAPG,IMMT,KCMF1,MAT2A,MRPL35,PTCD3,RNF181,TMEM150A,TMSB10,USP39,VAMP8",H3K27me3 element,0.96,,52817,,K562,bg_powered
chr2:86420858-86421357,chr2,86420858,86421357,11,0,False,False,False,,"CAPG,IMMT,KCMF1,MAT2A,MRPL35,PTCD3,RNF181,TMEM150A,TMSB10,USP39,VAMP8",No H3K27ac,0.94,,221752,,K562,bg_powered
chr2:86603914-86604413,chr2,86603914,86604413,11,0,False,False,False,,"CAPG,IMMT,KCMF1,MAT2A,MRPL35,PTCD3,RNF181,TMEM150A,TMSB10,USP39,VAMP8",H3K27ac,0.94,,404808,,K562,bg_powered
chr3:48408637-48409136,chr3,48408637,48409136,14,0,False,False,False,,"ARIH2,IFRD2,IMPDH2,IP6K2,KLHDC8B,NDUFAF3,PRKAR2A,QARS,RBM6,RHOA,SHISA5,TMA7,TUSC2,UQCRC1",CTCF element,0.96,,31374,,K562,bg_powered
chr3:48434522-48435021,chr3,48434522,48435021,14,0,False,False,False,,"ARIH2,IFRD2,IMPDH2,IP6K2,KLHDC8B,NDUFAF3,PRKAR2A,QARS,RBM6,RHOA,SHISA5,TMA7,TUSC2,UQCRC1",H3K27ac,0.97,,5486,,K562,bg_powered
chr3:48592554-48593053,chr3,48592554,48593053,14,0,False,False,False,,"ARIH2,IFRD2,IMPDH2,IP6K2,KLHDC8B,NDUFAF3,PRKAR2A,QARS,RBM6,RHOA,SHISA5,TMA7,TUSC2,UQCRC1",No H3K27ac,0.98,,18173,,K562,bg_powered
chr3:48783214-48783713,chr3,48783214,48783713,13,0,False,False,False,,"ARIH2,IFRD2,IMPDH2,IP6K2,KLHDC8B,NDUFAF3,QARS,RBM6,RHOA,SHISA5,TMA7,TUSC2,UQCRC1",H3K27ac,0.95,,43110,,K562,bg_powered
chr3:48845137-48845636,chr3,48845137,48845636,13,0,False,False,False,,"ARIH2,IFRD2,IMPDH2,IP6K2,KLHDC8B,NDUFAF3,QARS,RBM6,RHOA,SHISA5,TMA7,TUSC2,UQCRC1",H3K27ac,0.94,,73435,,K562,bg_powered
chr3:48858618-48859117,chr3,48858618,48859117,14,0,False,False,False,,"ARIH2,IFRD2,IMPDH2,IP6K2,KLHDC8B,NDUFAF3,PRKAR2A,QARS,RBM6,RHOA,SHISA5,TMA7,TUSC2,UQCRC1",H3K27ac,0.93,,10993,,K562,bg_powered
chr3:48915281-48915780,chr3,48915281,48915780,14,0,False,False,False,,"ARIH2,IFRD2,IMPDH2,IP6K2,KLHDC8B,NDUFAF3,PRKAR2A,QARS,RBM6,RHOA,SHISA5,TMA7,TUSC2,UQCRC1",H3K27ac,0.95,,3291,,K562,bg_powered
chr3:49014015-49014514,chr3,49014015,49014514,14,0,False,False,False,,"ARIH2,IFRD2,IMPDH2,IP6K2,KLHDC8B,NDUFAF3,PRKAR2A,QARS,RBM6,RHOA,SHISA5,TMA7,TUSC2,UQCRC1",CTCF element,0.86,,6195,,K562,bg_powered
chr3:49158053-49158552,chr3,49158053,49158552,14,0,False,False,False,,"ARIH2,IFRD2,IMPDH2,IP6K2,KLHDC8B,NDUFAF3,PRKAR2A,QARS,RBM6,RHOA,SHISA5,TMA7,TUSC2,UQCRC1",H3K27ac,0.93,,13296,,K562,bg_powered
chr3:49465637-49466136,chr3,49465637,49466136,14,0,False,False,False,,"ARIH2,IFRD2,IMPDH2,IP6K2,KLHDC8B,NDUFAF3,PRKAR2A,QARS,RBM6,RHOA,SHISA5,TMA7,TUSC2,UQCRC1",H3K27ac,0.94,,52888,,K562,bg_powered
chr3:49500919-49501418,chr3,49500919,49501418,14,0,False,False,False,,"ARIH2,IFRD2,IMPDH2,IP6K2,KLHDC8B,NDUFAF3,PRKAR2A,QARS,RBM6,RHOA,SHISA5,TMA7,TUSC2,UQCRC1",High H3K27ac,0.81,,88170,,K562,bg_powered
chr3:49587467-49587966,chr3,49587467,49587966,14,0,False,False,False,,"ARIH2,IFRD2,IMPDH2,IP6K2,KLHDC8B,NDUFAF3,PRKAR2A,QARS,RBM6,RHOA,SHISA5,TMA7,TUSC2,UQCRC1",H3K27ac,0.85,,174718,,K562,bg_powered
chr3:49789960-49790459,chr3,49789960,49790459,14,0,False,False,False,,"ARIH2,IFRD2,IMPDH2,IP6K2,KLHDC8B,NDUFAF3,PRKAR2A,QARS,RBM6,RHOA,SHISA5,TMA7,TUSC2,UQCRC1",No H3K27ac,0.81,,149798,,K562,bg_powered
chr3:49869137-49869636,chr3,49869137,49869636,14,0,False,False,False,,"ARIH2,IFRD2,IMPDH2,IP6K2,KLHDC8B,NDUFAF3,PRKAR2A,QARS,RBM6,RHOA,SHISA5,TMA7,TUSC2,UQCRC1",No H3K27ac,0.92,,70621,,K562,bg_powered
chr3:50170613-50171112,chr3,50170613,50171112,14,0,False,False,False,,"ARIH2,IFRD2,IMPDH2,IP6K2,KLHDC8B,NDUFAF3,PRKAR2A,QARS,RBM6,RHOA,SHISA5,TMA7,TUSC2,UQCRC1",H3K27ac,0.97,,122054,,K562,bg_powered
chr3:50259926-50260425,chr3,50259926,50260425,14,0,False,False,False,,"ARIH2,IFRD2,IMPDH2,IP6K2,KLHDC8B,NDUFAF3,PRKAR2A,QARS,RBM6,RHOA,SHISA5,TMA7,TUSC2,UQCRC1",H3K27ac,0.99,,32742,,K562,bg_powered
chr3:50347163-50347662,chr3,50347163,50347662,14,0,False,False,False,,"ARIH2,IFRD2,IMPDH2,IP6K2,KLHDC8B,NDUFAF3,PRKAR2A,QARS,RBM6,RHOA,SHISA5,TMA7,TUSC2,UQCRC1",CTCF element,0.91,,19161,,K562,bg_powered
chr6:106609652-106610151,chr6,106609652,106610151,4,0,False,False,False,,"ATG5,QRSL1,SEC63,SNX3",No H3K27ac,0.82,,19677,,K562,bg_powered
chr6:106754129-106754628,chr6,106754129,106754628,4,0,False,False,False,,"ATG5,QRSL1,SEC63,SNX3",No H3K27ac,0.89,,124800,,K562,bg_powered
chr6:106764572-106765071,chr6,106764572,106765071,4,0,False,False,False,,"ATG5,QRSL1,SEC63,SNX3",No H3K27ac,0.86,,135243,,K562,bg_powered
chr6:106799086-106799585,chr6,106799086,106799585,4,0,False,False,False,,"ATG5,QRSL1,SEC63,SNX3",No H3K27ac,0.93,,169757,,K562,bg_powered
chr6:106829368-106829867,chr6,106829368,106829867,4,0,False,False,False,,"ATG5,QRSL1,SEC63,SNX3",H3K27ac,0.84,,200039,,K562,bg_powered
chr6:107079394-107079893,chr6,107079394,107079893,4,0,False,False,False,,"ATG5,QRSL1,SEC63,SNX3",CTCF element,0.83,,323394,,K562,bg_powered
chr6:107129624-107130123,chr6,107129624,107130123,4,0,False,False,False,,"ATG5,QRSL1,SEC63,SNX3",H3K27ac,0.81,,373624,,K562,bg_powered
chr6:107185544-107186043,chr6,107185544,107186043,4,0,False,False,False,,"ATG5,QRSL1,SEC63,SNX3",CTCF element,0.86,,429544,,K562,bg_powered
chr6:107675272-107675771,chr6,107675272,107675771,5,0,False,False,False,,"ATG5,CD164,QRSL1,SEC63,SNX3",CTCF element,0.84,,282687,,K562,bg_powered
chr6:107716635-107717134,chr6,107716635,107717134,5,0,False,False,False,,"ATG5,CD164,QRSL1,SEC63,SNX3",No H3K27ac,0.86,,241324,,K562,bg_powered
chr6:107768942-107769441,chr6,107768942,107769441,5,0,False,False,False,,"ATG5,CD164,QRSL1,SEC63,SNX3",No H3K27ac,0.83,,189017,,K562,bg_powered
chr6:107848166-107848665,chr6,107848166,107848665,5,0,False,False,False,,"ATG5,CD164,QRSL1,SEC63,SNX3",H3K27ac,0.93,,109793,,K562,bg_powered
chr6:108275916-108276415,chr6,108275916,108276415,5,0,False,False,False,,"ATG5,CD164,QRSL1,SEC63,SNX3",H3K27ac,0.87,,14919,,K562,bg_powered
chr6:108360867-108361366,chr6,108360867,108361366,5,0,False,False,False,,"ATG5,CD164,QRSL1,SEC63,SNX3",High H3K27ac,0.9,,99870,,K562,bg_powered
chr6:108518901-108519400,chr6,108518901,108519400,4,0,False,False,False,,"CD164,QRSL1,SEC63,SNX3",CTCF element,0.81,,257903,,K562,bg_powered
chr6:108557933-108558752,chr6,108557933,108558752,8,0,False,False,False,,"CD164,QRSL1,SEC63,SNX3",High H3K27ac,0.92,,296935,,K562,bg_powered
chr6:117739736-117740235,chr6,117739736,117740235,4,0,False,False,False,,"ASF1A,GOPC,MAN1A1,NUS1",No H3K27ac,0.82,,64516,,K562,bg_powered
chr6:118581734-118582294,chr6,118581734,118582294,4,0,False,False,False,,"ASF1A,GOPC,MAN1A1,NUS1",H3K27ac,0.91,,312140,,K562,bg_powered
chr6:118630071-118630570,chr6,118630071,118630570,4,0,False,False,False,,"ASF1A,GOPC,MAN1A1,NUS1",H3K27ac,0.87,,263833,,K562,bg_powered
chr6:119348181-119349210,chr6,119348181,119349210,6,0,False,False,False,,"ASF1A,GOPC,NUS1",High H3K27ac,0.96,,454299,,K562,bg_powered
chr7:100341187-100341686,chr7,100341187,100341686,10,0,False,False,False,,"AP1S1,CUX1,FIS1,GNB2,MOSPD3,POP7,SRRT,TFR2,TRIP6,ZNHIT1",H3K27ac,0.94,,270666,,K562,bg_powered
chr7:100369087-100369586,chr7,100369087,100369586,10,0,False,False,False,,"AP1S1,CUX1,FIS1,GNB2,MOSPD3,POP7,SRRT,TFR2,TRIP6,ZNHIT1",H3K27ac,0.94,,242766,,K562,bg_powered
chr7:100516027-100516526,chr7,100516027,100516526,11,0,False,False,False,,"AP1S1,CUX1,FIS1,GNB2,MOSPD3,POP7,PRKRIP1,SRRT,TFR2,TRIP6,ZNHIT1",H3K27ac,0.91,,95826,,K562,bg_powered
chr7:100533251-100533750,chr7,100533251,100533750,12,0,False,False,False,,"AP1S1,CUX1,FIS1,GNB2,MOSPD3,POLR2J,POP7,PRKRIP1,SRRT,TFR2,TRIP6,ZNHIT1",High H3K27ac,0.92,,78602,,K562,bg_powered
chr7:100569264-100569763,chr7,100569264,100569763,12,0,False,False,False,,"AP1S1,CUX1,FIS1,GNB2,MOSPD3,POLR2J,POP7,PRKRIP1,SRRT,TFR2,TRIP6,ZNHIT1",H3K27ac,0.92,,42589,,K562,bg_powered
chr7:100640452-100640951,chr7,100640452,100640951,12,0,False,False,False,,"AP1S1,CUX1,FIS1,GNB2,MOSPD3,POLR2J,POLR2J3,POP7,PRKRIP1,SRRT,TRIP6,ZNHIT1",High H3K27ac,0.95,,28599,,K562,bg_powered
chr7:100725206-100725705,chr7,100725206,100725705,13,0,False,False,False,,"AP1S1,CUX1,FIS1,GNB2,MOSPD3,POLR2J,POLR2J3,POP7,PRKRIP1,SRRT,TFR2,TRIP6,ZNHIT1",CTCF element,0.93,,19334,,K562,bg_powered
chr7:100834308-100834807,chr7,100834308,100834807,13,0,False,False,False,,"AP1S1,CUX1,FIS1,GNB2,MOSPD3,POLR2J,POLR2J3,POP7,PRKRIP1,SRRT,TFR2,TRIP6,ZNHIT1",H3K27ac,0.94,,32830,,K562,bg_powered
chr7:101122414-101122913,chr7,101122414,101122913,13,0,False,False,False,,"AP1S1,CUX1,FIS1,GNB2,MOSPD3,POLR2J,POLR2J3,POP7,PRKRIP1,SRRT,TFR2,TRIP6,ZNHIT1",H3K27ac,0.96,,31793,,K562,bg_powered
chr7:101386732-101387231,chr7,101386732,101387231,13,0,False,False,False,,"AP1S1,CUX1,FIS1,GNB2,MOSPD3,POLR2J,POLR2J3,POP7,PRKRIP1,SRRT,TFR2,TRIP6,ZNHIT1",H3K27me3 element,0.9,,134665,,K562,bg_powered
chr7:101558544-101559043,chr7,101558544,101559043,13,0,False,False,False,,"AP1S1,CUX1,FIS1,GNB2,MOSPD3,POLR2J,POLR2J3,POP7,PRKRIP1,SRRT,TFR2,TRIP6,ZNHIT1",CTCF element,0.98,,257111,,K562,bg_powered
chr7:101688245-101688744,chr7,101688245,101688744,13,0,False,False,False,,"AP1S1,CUX1,FIS1,GNB2,MOSPD3,POLR2J,POLR2J3,POP7,PRKRIP1,SRRT,TFR2,TRIP6,ZNHIT1",H3K27ac,0.93,,127410,,K562,bg_powered
chr7:101736020-101736519,chr7,101736020,101736519,13,0,False,False,False,,"AP1S1,CUX1,FIS1,GNB2,MOSPD3,POLR2J,POLR2J3,POP7,PRKRIP1,SRRT,TFR2,TRIP6,ZNHIT1",No H3K27ac,0.92,,79635,,K562,bg_powered
chr7:101743949-101744448,chr7,101743949,101744448,13,0,False,False,False,,"AP1S1,CUX1,FIS1,GNB2,MOSPD3,POLR2J,POLR2J3,POP7,PRKRIP1,SRRT,TFR2,TRIP6,ZNHIT1",H3K27ac,0.96,,71706,,K562,bg_powered
chr7:101856885-101857760,chr7,101856885,101857760,24,0,False,False,False,,"AP1S1,FIS1,GNB2,MOSPD3,POLR2J,POLR2J3,POP7,PRKRIP1,SRRT,TFR2,TRIP6,ZNHIT1",High H3K27ac,0.94,,503529,,K562,bg_powered
chr7:101870736-101871235,chr7,101870736,101871235,12,0,False,False,False,,"AP1S1,FIS1,GNB2,MOSPD3,POLR2J,POLR2J3,POP7,PRKRIP1,SRRT,TFR2,TRIP6,ZNHIT1",H3K27ac,0.94,,490054,,K562,bg_powered
chr7:101912054-101912553,chr7,101912054,101912553,12,0,False,False,False,,"AP1S1,FIS1,GNB2,MOSPD3,POLR2J,POLR2J3,POP7,PRKRIP1,SRRT,TFR2,TRIP6,ZNHIT1",High H3K27ac,0.96,,448736,,K562,bg_powered
chr7:101947791-101948290,chr7,101947791,101948290,12,0,False,False,False,,"AP1S1,FIS1,GNB2,MOSPD3,POLR2J,POLR2J3,POP7,PRKRIP1,SRRT,TFR2,TRIP6,ZNHIT1",H3K27ac,0.93,,412999,,K562,bg_powered
chr7:101987404-101987903,chr7,101987404,101987903,12,0,False,False,False,,"AP1S1,FIS1,GNB2,MOSPD3,POLR2J,POLR2J3,POP7,PRKRIP1,SRRT,TFR2,TRIP6,ZNHIT1",H3K27ac,0.97,,373386,,K562,bg_powered
chr8:144102907-144103406,chr8,144102907,144103406,17,0,False,False,False,,"C8orf82,COMMD5,CYC1,CYHR1,EEF1D,EXOSC4,GPAA1,GRINA,HSF1,LY6E,MAF1,PUF60,SLC39A4,SLC52A2,TOP1MT,TSTA3,VPS28",High H3K27ac,0.95,,1305,,K562,bg_powered
chr8:144324017-144324516,chr8,144324017,144324516,18,0,False,False,False,,"C8orf82,COMMD5,CYC1,CYHR1,EEF1D,EXOSC4,GPAA1,GRINA,HSF1,LY6E,MAF1,PUF60,SHARPIN,SLC39A4,SLC52A2,TOP1MT,TSTA3,VPS28",H3K27ac,0.98,,29866,,K562,bg_powered
chr8:144351369-144351868,chr8,144351369,144351868,18,0,False,False,False,,"C8orf82,COMMD5,CYC1,CYHR1,EEF1D,EXOSC4,GPAA1,GRINA,HSF1,LY6E,MAF1,PUF60,SHARPIN,SLC39A4,SLC52A2,TOP1MT,TSTA3,VPS28",CTCF element,0.95,,2512,,K562,bg_powered
chr8:144396773-144397272,chr8,144396773,144397272,18,0,False,False,False,,"C8orf82,COMMD5,CYC1,CYHR1,EEF1D,EXOSC4,GPAA1,GRINA,HSF1,LY6E,MAF1,PUF60,SHARPIN,SLC39A4,SLC52A2,TOP1MT,TSTA3,VPS28",No H3K27ac,0.93,,20042,,K562,bg_powered
chr8:144473660-144474159,chr8,144473660,144474159,18,0,False,False,False,,"C8orf82,COMMD5,CYC1,CYHR1,EEF1D,EXOSC4,GPAA1,GRINA,HSF1,LY6E,MAF1,PUF60,SHARPIN,SLC39A4,SLC52A2,TOP1MT,TSTA3,VPS28",H3K27ac,0.95,,8232,,K562,bg_powered
chr8:144478907-144479406,chr8,144478907,144479406,18,0,False,False,False,,"C8orf82,COMMD5,CYC1,CYHR1,EEF1D,EXOSC4,GPAA1,GRINA,HSF1,LY6E,MAF1,PUF60,SHARPIN,SLC39A4,SLC52A2,TOP1MT,TSTA3,VPS28",High H3K27ac,0.97,,13479,,K562,bg_powered
chr8:144500767-144501266,chr8,144500767,144501266,18,0,False,False,False,,"C8orf82,COMMD5,CYC1,CYHR1,EEF1D,EXOSC4,GPAA1,GRINA,HSF1,LY6E,MAF1,PUF60,SHARPIN,SLC39A4,SLC52A2,TOP1MT,TSTA3,VPS28",No H3K27ac,0.95,,28117,,K562,bg_powered
chr8:144509592-144510091,chr8,144509592,144510091,18,0,False,False,False,,"C8orf82,COMMD5,CYC1,CYHR1,EEF1D,EXOSC4,GPAA1,GRINA,HSF1,LY6E,MAF1,PUF60,SHARPIN,SLC39A4,SLC52A2,TOP1MT,TSTA3,VPS28",High H3K27ac,0.93,,19292,,K562,bg_powered
chr8:144622770-144623269,chr8,144622770,144623269,18,0,False,False,False,,"C8orf82,COMMD5,CYC1,CYHR1,EEF1D,EXOSC4,GPAA1,GRINA,HSF1,LY6E,MAF1,PUF60,SHARPIN,SLC39A4,SLC52A2,TOP1MT,TSTA3,VPS28",No H3K27ac,0.94,,93888,,K562,bg_powered
chr8:144691596-144692095,chr8,144691596,144692095,18,0,False,False,False,,"C8orf82,COMMD5,CYC1,CYHR1,EEF1D,EXOSC4,GPAA1,GRINA,HSF1,LY6E,MAF1,PUF60,SHARPIN,SLC39A4,SLC52A2,TOP1MT,TSTA3,VPS28",H3K27ac,0.88,,161891,,K562,bg_powered
chr8:144785189-144785688,chr8,144785189,144785688,18,0,False,False,False,,"C8orf82,COMMD5,CYC1,CYHR1,EEF1D,EXOSC4,GPAA1,GRINA,HSF1,LY6E,MAF1,PUF60,SHARPIN,SLC39A4,SLC52A2,TOP1MT,TSTA3,VPS28",H3K27ac,0.94,,68298,,K562,bg_powered
chr8:144797001-144797500,chr8,144797001,144797500,18,0,False,False,False,,"C8orf82,COMMD5,CYC1,CYHR1,EEF1D,EXOSC4,GPAA1,GRINA,HSF1,LY6E,MAF1,PUF60,SHARPIN,SLC39A4,SLC52A2,TOP1MT,TSTA3,VPS28",H3K27ac,0.94,,56486,,K562,bg_powered
chr11:65315493-65315992,chr11,65315493,65315992,15,0,False,False,False,,"BANF1,BRMS1,CCDC85B,CFL1,DRAP1,FAM89B,FIBP,MRPL11,RAB1B,RBM14,RNASEH2C,SCYL1,SF3B2,YIF1A,ZNRD2",H3K27ac,0.98,,209335,,K562,bg_all
chr11:65416272-65416771,chr11,65416272,65416771,16,0,False,False,False,,"BANF1,BRMS1,CCDC85B,CFL1,DRAP1,FAM89B,FIBP,MRPL11,POLD4,RAB1B,RBM14,RNASEH2C,SCYL1,SF3B2,YIF1A,ZNRD2",H3K27ac,0.96,,108556,,K562,bg_all
chr11:65425837-65426336,chr11,65425837,65426336,17,0,False,False,False,,"BANF1,BRMS1,CCDC85B,CFL1,DRAP1,FAM89B,FIBP,MRPL11,POLD4,PPP1CA,RAB1B,RBM14,RNASEH2C,SCYL1,SF3B2,YIF1A,ZNRD2",High H3K27ac,0.81,,98991,,K562,bg_all
chr11:65471985-65472484,chr11,65471985,65472484,20,0,False,False,False,,"BANF1,BRMS1,CCDC85B,CFL1,CORO1B,DRAP1,FAM89B,FIBP,MRPL11,POLD4,PPP1CA,RAB1B,RBM14,RNASEH2C,RPS6KB2,SCYL1,SF3B2,TMEM134,YIF1A,ZNRD2",High H3K27ac,0.94,,52843,,K562,bg_all
chr11:65496142-65496641,chr11,65496142,65496641,21,0,False,False,False,,"AIP,BANF1,BRMS1,CCDC85B,CFL1,CORO1B,DRAP1,FAM89B,FIBP,MRPL11,POLD4,PPP1CA,RAB1B,RBM14,RNASEH2C,RPS6KB2,SCYL1,SF3B2,TMEM134,YIF1A,ZNRD2",High H3K27ac,0.69,,28686,,K562,bg_all
chr11:65502867-65503366,chr11,65502867,65503366,21,0,False,False,False,,"AIP,BANF1,BRMS1,CCDC85B,CFL1,CORO1B,DRAP1,FAM89B,FIBP,MRPL11,POLD4,PPP1CA,RAB1B,RBM14,RNASEH2C,RPS6KB2,SCYL1,SF3B2,TMEM134,YIF1A,ZNRD2",High H3K27ac,0.55,,21961,,K562,bg_all
chr11:65941334-65941833,chr11,65941334,65941833,22,0,False,False,False,,"AIP,BANF1,BRMS1,CCDC85B,CDK2AP2,CFL1,CORO1B,DRAP1,FAM89B,FIBP,MRPL11,POLD4,PPP1CA,RAB1B,RBM14,RNASEH2C,RPS6KB2,SCYL1,SF3B2,TMEM134,YIF1A,ZNRD2",H3K27ac,0.96,,22309,,K562,bg_all
chr11:66050483-66050982,chr11,66050483,66050982,21,0,False,False,False,,"AIP,BANF1,BRMS1,CCDC85B,CDK2AP2,CFL1,CORO1B,DRAP1,FAM89B,FIBP,MRPL11,POLD4,PPP1CA,RAB1B,RBM14,RNASEH2C,RPS6KB2,SCYL1,TMEM134,YIF1A,ZNRD2",H3K27ac,0.94,,48504,,K562,bg_all
chr11:66080391-66080890,chr11,66080391,66080890,22,0,False,False,False,,"AIP,BANF1,BRMS1,CCDC85B,CDK2AP2,CFL1,CORO1B,DRAP1,FAM89B,FIBP,MRPL11,POLD4,PPP1CA,RAB1B,RBM14,RNASEH2C,RPS6KB2,SCYL1,SF3B2,TMEM134,YIF1A,ZNRD2",H3K27ac,0.87,,29911,,K562,bg_all
chr11:66113088-66113587,chr11,66113088,66113587,22,0,False,False,False,,"AIP,BANF1,BRMS1,CCDC85B,CDK2AP2,CFL1,CORO1B,DRAP1,FAM89B,FIBP,MRPL11,POLD4,PPP1CA,RAB1B,RBM14,RNASEH2C,RPS6KB2,SCYL1,SF3B2,TMEM134,YIF1A,ZNRD2",No H3K27ac,0.91,,62608,,K562,bg_all
chr11:66134472-66134971,chr11,66134472,66134971,22,0,False,False,False,,"AIP,BANF1,BRMS1,CCDC85B,CDK2AP2,CFL1,CORO1B,DRAP1,FAM89B,FIBP,MRPL11,POLD4,PPP1CA,RAB1B,RBM14,RNASEH2C,RPS6KB2,SCYL1,SF3B2,TMEM134,YIF1A,ZNRD2",CTCF element,0.96,,83992,,K562,bg_all
chr11:66188509-66189008,chr11,66188509,66189008,22,0,False,False,False,,"AIP,BANF1,BRMS1,CCDC85B,CDK2AP2,CFL1,CORO1B,DRAP1,FAM89B,FIBP,MRPL11,POLD4,PPP1CA,RAB1B,RBM14,RNASEH2C,RPS6KB2,SCYL1,SF3B2,TMEM134,YIF1A,ZNRD2",H3K27ac,0.93,,79832,,K562,bg_all
chr11:66222656-66223155,chr11,66222656,66223155,22,0,False,False,False,,"AIP,BANF1,BRMS1,CCDC85B,CDK2AP2,CFL1,CORO1B,DRAP1,FAM89B,FIBP,MRPL11,POLD4,PPP1CA,RAB1B,RBM14,RNASEH2C,RPS6KB2,SCYL1,SF3B2,TMEM134,YIF1A,ZNRD2",H3K27ac,0.91,,45685,,K562,bg_all
chr11:66834183-66834682,chr11,66834183,66834682,22,0,False,False,False,,"AIP,BANF1,BRMS1,CCDC85B,CDK2AP2,CFL1,CORO1B,DRAP1,FAM89B,FIBP,MRPL11,POLD4,PPP1CA,RAB1B,RBM14,RNASEH2C,RPS6KB2,SCYL1,SF3B2,TMEM134,YIF1A,ZNRD2",H3K27ac,0.89,,217850,,K562,bg_all
chr11:66886027-66886526,chr11,66886027,66886526,22,0,False,False,False,,"AIP,BANF1,BRMS1,CCDC85B,CDK2AP2,CFL1,CORO1B,DRAP1,FAM89B,FIBP,MRPL11,POLD4,PPP1CA,RAB1B,RBM14,RNASEH2C,RPS6KB2,SCYL1,SF3B2,TMEM134,YIF1A,ZNRD2",H3K27ac,0.93,,269694,,K562,bg_all
chr11:66934800-66935728,chr11,66934800,66935728,44,0,False,False,False,,"AIP,BANF1,BRMS1,CCDC85B,CDK2AP2,CFL1,CORO1B,DRAP1,FAM89B,FIBP,MRPL11,POLD4,PPP1CA,RAB1B,RBM14,RNASEH2C,RPS6KB2,SCYL1,SF3B2,TMEM134,YIF1A,ZNRD2",High H3K27ac,0.96,,318467,,K562,bg_all
chr11:67262622-67263121,chr11,67262622,67263121,22,0,False,False,False,,"AIP,BANF1,BRMS1,CCDC85B,CDK2AP2,CFL1,CORO1B,DRAP1,FAM89B,FIBP,MRPL11,POLD4,PPP1CA,RAB1B,RBM14,RNASEH2C,RPS6KB2,SCYL1,SF3B2,TMEM134,YIF1A,ZNRD2",H3K27ac,0.96,,94101,,K562,bg_all
chr14:31377959-31378458,chr14,31377959,31378458,3,0,False,False,False,,"COCH,HECTD1,STRN3",H3K27ac,0.23,,170404,,K562,bg_all
chr14:31508137-31508636,chr14,31508137,31508636,3,0,False,False,False,,"COCH,HECTD1,STRN3",No H3K27ac,0.72,,300582,,K562,bg_all
chr14:31510084-31510583,chr14,31510084,31510583,3,0,False,False,False,,"COCH,HECTD1,STRN3",CTCF element,0.57,,302529,,K562,bg_all
chr14:31829188-31829687,chr14,31829188,31829687,3,0,False,False,False,,"COCH,HECTD1,STRN3",No H3K27ac,0.51,,621633,,K562,bg_all
chr14:31865336-31865835,chr14,31865336,31865835,3,0,False,False,False,,"COCH,HECTD1,STRN3",No H3K27ac,0.5,,657781,,K562,bg_all
chr14:31894207-31894706,chr14,31894207,31894706,3,0,False,False,False,,"COCH,HECTD1,STRN3",H3K27ac,0.8,,686652,,K562,bg_all
chr14:31901905-31902404,chr14,31901905,31902404,3,0,False,False,False,,"COCH,HECTD1,STRN3",H3K27ac,0.71,,694350,,K562,bg_all
chr14:31926006-31926505,chr14,31926006,31926505,3,0,False,False,False,,"COCH,HECTD1,STRN3",CTCF element,0.71,,718451,,K562,bg_all
chr14:31934611-31935110,chr14,31934611,31935110,3,0,False,False,False,,"COCH,HECTD1,STRN3",CTCF element,0.53,,727056,,K562,bg_all
chr14:31944947-31945446,chr14,31944947,31945446,3,0,False,False,False,,"COCH,HECTD1,STRN3",H3K27ac,0.75,,737392,,K562,bg_all
chr14:31951254-31951753,chr14,31951254,31951753,3,0,False,False,False,,"COCH,HECTD1,STRN3",No H3K27ac,0.56,,743699,,K562,bg_all
chr14:31965941-31966440,chr14,31965941,31966440,3,0,False,False,False,,"COCH,HECTD1,STRN3",H3K27ac,0.69,,758386,,K562,bg_all
chr14:32010496-32010995,chr14,32010496,32010995,3,0,False,False,False,,"COCH,HECTD1,STRN3",No H3K27ac,0.64,,802941,,K562,bg_all
chr14:32013009-32013508,chr14,32013009,32013508,3,0,False,False,False,,"COCH,HECTD1,STRN3",CTCF element,0.76,,805454,,K562,bg_all
chr14:32020935-32021434,chr14,32020935,32021434,3,0,False,False,False,,"COCH,HECTD1,STRN3",No H3K27ac,0.73,,813380,,K562,bg_all
chr14:32073518-32074017,chr14,32073518,32074017,3,0,False,False,False,,"COCH,HECTD1,STRN3",H3K27ac,0.53,,865963,,K562,bg_all
chr14:32078428-32078927,chr14,32078428,32078927,3,0,False,False,False,,"COCH,HECTD1,STRN3",H3K27ac,0.24,,870873,,K562,bg_all
chr14:32150277-32150776,chr14,32150277,32150776,3,0,False,False,False,,"COCH,HECTD1,STRN3",H3K27ac,0.53,,942722,,K562,bg_all
chr14:32202426-32203833,chr14,32202426,32203833,9,0,False,False,False,,"COCH,HECTD1,STRN3",High H3K27ac,0.8,,994871,,K562,bg_all
chr14:32252019-32252518,chr14,32252019,32252518,3,0,False,False,False,,"COCH,HECTD1,STRN3",CTCF element,0.66,,1044464,,K562,bg_all
chr14:32254800-32255299,chr14,32254800,32255299,3,0,False,False,False,,"COCH,HECTD1,STRN3",CTCF element,0.7,,1047245,,K562,bg_all
chr14:32259595-32260094,chr14,32259595,32260094,3,0,False,False,False,,"COCH,HECTD1,STRN3",H3K27ac,0.8,,1052040,,K562,bg_all
chr14:32295075-32295574,chr14,32295075,32295574,3,0,False,False,False,,"COCH,HECTD1,STRN3",No H3K27ac,0.12,,1087520,,K562,bg_all
chr14:32331128-32331627,chr14,32331128,32331627,3,0,False,False,False,,"COCH,HECTD1,STRN3",H3K27ac,0.57,,1123573,,K562,bg_all
chr14:32382655-32383154,chr14,32382655,32383154,3,0,False,False,False,,"COCH,HECTD1,STRN3",CTCF element,0.59,,1175100,,K562,bg_all
chr14:32588407-32588906,chr14,32588407,32588906,3,0,False,False,False,,"COCH,HECTD1,STRN3",CTCF element,0.25,,1380852,,K562,bg_all
chr14:32657022-32657521,chr14,32657022,32657521,3,0,False,False,False,,"COCH,HECTD1,STRN3",No H3K27ac,0.7,,1449467,,K562,bg_all
chr14:55103132-55103631,chr14,55103132,55103631,4,0,False,False,False,,"CDKN3,CNIH1,KTN1,MAPK1IP1L",High H3K27ac,0.77,,51734,,K562,bg_all
chr14:55274061-55274560,chr14,55274061,55274560,4,0,False,False,False,,"CDKN3,CNIH1,KTN1,MAPK1IP1L",H3K27ac,0.41,,222663,,K562,bg_all
chr14:55383741-55384240,chr14,55383741,55384240,4,0,False,False,False,,"CDKN3,CNIH1,KTN1,MAPK1IP1L",High H3K27ac,0.67,,175082,,K562,bg_all
chr14:55416798-55417297,chr14,55416798,55417297,4,0,False,False,False,,"CDKN3,CNIH1,KTN1,MAPK1IP1L",CTCF element,0.43,,142025,,K562,bg_all
chr14:55418381-55418880,chr14,55418381,55418880,4,0,False,False,False,,"CDKN3,CNIH1,KTN1,MAPK1IP1L",No H3K27ac,0.38,,140442,,K562,bg_all
chr14:55427382-55427881,chr14,55427382,55427881,4,0,False,False,False,,"CDKN3,CNIH1,KTN1,MAPK1IP1L",No H3K27ac,0.68,,131441,,K562,bg_all
chr14:55454445-55454944,chr14,55454445,55454944,4,0,False,False,False,,"CDKN3,CNIH1,KTN1,MAPK1IP1L",No H3K27ac,0.69,,104378,,K562,bg_all
chr14:55463462-55463961,chr14,55463462,55463961,4,0,False,False,False,,"CDKN3,CNIH1,KTN1,MAPK1IP1L",No H3K27ac,0.53,,95361,,K562,bg_all
chr14:55572415-55572914,chr14,55572415,55572914,3,0,False,False,False,,"CDKN3,CNIH1,MAPK1IP1L",No H3K27ac,0.58,,521017,,K562,bg_all
chr14:55580463-55581415,chr14,55580463,55581415,3,0,False,False,False,,"CDKN3,CNIH1,MAPK1IP1L",High H3K27ac,0.57,,529518,,K562,bg_all
chr14:55599292-55599791,chr14,55599292,55599791,3,0,False,False,False,,"CDKN3,CNIH1,MAPK1IP1L",No H3K27ac,0.17,,547894,,K562,bg_all
chr14:55781048-55781547,chr14,55781048,55781547,4,0,False,False,False,,"CDKN3,CNIH1,KTN1,MAPK1IP1L",H3K27ac,0.71,,222225,,K562,bg_all
chr14:55794623-55795122,chr14,55794623,55795122,4,0,False,False,False,,"CDKN3,CNIH1,KTN1,MAPK1IP1L",H3K27ac,0.62,,235800,,K562,bg_all
chr14:55799594-55800093,chr14,55799594,55800093,4,0,False,False,False,,"CDKN3,CNIH1,KTN1,MAPK1IP1L",H3K27ac,0.64,,240771,,K562,bg_all
chr14:55803032-55803531,chr14,55803032,55803531,4,0,False,False,False,,"CDKN3,CNIH1,KTN1,MAPK1IP1L",CTCF element,0.63,,244209,,K562,bg_all
chr14:55807041-55807540,chr14,55807041,55807540,4,0,False,False,False,,"CDKN3,CNIH1,KTN1,MAPK1IP1L",No H3K27ac,0.65,,248218,,K562,bg_all
chr14:55845981-55846480,chr14,55845981,55846480,4,0,False,False,False,,"CDKN3,CNIH1,KTN1,MAPK1IP1L",No H3K27ac,0.65,,287158,,K562,bg_all
chr14:55864725-55865224,chr14,55864725,55865224,4,0,False,False,False,,"CDKN3,CNIH1,KTN1,MAPK1IP1L",CTCF element,0.78,,305902,,K562,bg_all
chr14:56005231-56005730,chr14,56005231,56005730,4,0,False,False,False,,"CDKN3,CNIH1,KTN1,MAPK1IP1L",No H3K27ac,0.53,,446408,,K562,bg_all
chr14:56172554-56173053,chr14,56172554,56173053,4,0,False,False,False,,"CDKN3,CNIH1,KTN1,MAPK1IP1L",H3K27ac,0.48,,613731,,K562,bg_all
chr14:56199030-56199529,chr14,56199030,56199529,4,0,False,False,False,,"CDKN3,CNIH1,KTN1,MAPK1IP1L",High H3K27ac,0.62,,640207,,K562,bg_all
chr14:56219942-56220441,chr14,56219942,56220441,4,0,False,False,False,,"CDKN3,CNIH1,KTN1,MAPK1IP1L",High H3K27ac,0.85,,661119,,K562,bg_all
chr14:56482208-56482707,chr14,56482208,56482707,2,0,False,False,False,,"KTN1,MAPK1IP1L",CTCF element,0.59,,923385,,K562,bg_all
chr14:56490338-56490837,chr14,56490338,56490837,2,0,False,False,False,,"KTN1,MAPK1IP1L",CTCF element,0.4,,931515,,K562,bg_all
chr14:56514820-56515319,chr14,56514820,56515319,2,0,False,False,False,,"KTN1,MAPK1IP1L",No H3K27ac,0.59,,955997,,K562,bg_all
chr14:56578080-56578579,chr14,56578080,56578579,2,0,False,False,False,,"KTN1,MAPK1IP1L",No H3K27ac,0.62,,1019257,,K562,bg_all
chr14:56858386-56858885,chr14,56858386,56858885,2,0,False,False,False,,"KTN1,MAPK1IP1L",No H3K27ac,0.56,,1299563,,K562,bg_all
chr16:1342791-1343290,chr16,1342791,1343290,27,0,False,False,False,,"ANTKMT,C16orf91,ECI1,GFER,HAGH,HAGHL,HBA2,HBQ1,JPT2,MEIOB,METRN,MRPL28,MRPS34,MSRB1,NDUFB10,NME3,NME4,NTHL1,NUBP2,RHOT2,RPUSD1,SLC9A3R2,STUB1,SYNGR3,TRAF7,TSR3,UBE2I",No H3K27ac,0.93,,8838,,K562,bg_all
chr16:1413588-1414087,chr16,1413588,1414087,27,0,False,False,False,,"ANTKMT,C16orf91,ECI1,GFER,HAGH,HAGHL,HBA2,HBQ1,JPT2,MEIOB,METRN,MRPL28,MRPS34,MSRB1,NDUFB10,NME3,NME4,NTHL1,NUBP2,RHOT2,RPUSD1,SLC9A3R2,STUB1,SYNGR3,TRAF7,TSR3,UBE2I",H3K27ac,0.91,,6919,,K562,bg_all
chr16:1704597-1705096,chr16,1704597,1705096,27,0,False,False,False,,"ANTKMT,C16orf91,ECI1,GFER,HAGH,HAGHL,HBA2,HBQ1,JPT2,MEIOB,METRN,MRPL28,MRPS34,MSRB1,NDUFB10,NME3,NME4,NTHL1,NUBP2,RHOT2,RPUSD1,SLC9A3R2,STUB1,SYNGR3,TRAF7,TSR3,UBE2I",H3K27ac,0.87,,26590,,K562,bg_all
chr16:1707305-1707804,chr16,1707305,1707804,27,0,False,False,False,,"ANTKMT,C16orf91,ECI1,GFER,HAGH,HAGHL,HBA2,HBQ1,JPT2,MEIOB,METRN,MRPL28,MRPS34,MSRB1,NDUFB10,NME3,NME4,NTHL1,NUBP2,RHOT2,RPUSD1,SLC9A3R2,STUB1,SYNGR3,TRAF7,TSR3,UBE2I",H3K27ac,0.96,,29298,,K562,bg_all
chr16:1944520-1945019,chr16,1944520,1945019,27,0,False,False,False,,"ANTKMT,C16orf91,ECI1,GFER,HAGH,HAGHL,HBA2,HBQ1,JPT2,MEIOB,METRN,MRPL28,MRPS34,MSRB1,NDUFB10,NME3,NME4,NTHL1,NUBP2,RHOT2,RPUSD1,SLC9A3R2,STUB1,SYNGR3,TRAF7,TSR3,UBE2I",No H3K27ac,0.95,,1443,,K562,bg_all
chr16:2156484-2156983,chr16,2156484,2156983,26,0,False,False,False,,"ANTKMT,C16orf91,ECI1,GFER,HAGH,HAGHL,HBA2,HBQ1,JPT2,MEIOB,METRN,MRPL28,MRPS34,MSRB1,NDUFB10,NME3,NME4,NTHL1,NUBP2,RHOT2,RPUSD1,SLC9A3R2,STUB1,SYNGR3,TSR3,UBE2I",High H3K27ac,0.98,,95567,,K562,bg_all
chr16:2187181-2187680,chr16,2187181,2187680,25,0,False,False,False,,"ANTKMT,C16orf91,ECI1,GFER,HAGH,HAGHL,JPT2,MEIOB,METRN,MRPL28,MRPS34,MSRB1,NDUFB10,NME3,NME4,NTHL1,NUBP2,RHOT2,RPUSD1,SLC9A3R2,STUB1,SYNGR3,TRAF7,TSR3,UBE2I",H3K27ac,0.93,,31732,,K562,bg_all
chr16:331877-332376,chr16,331877,332376,27,0,False,False,False,,"ANTKMT,C16orf91,ECI1,GFER,HAGH,HAGHL,HBA2,HBQ1,JPT2,MEIOB,METRN,MRPL28,MRPS34,MSRB1,NDUFB10,NME3,NME4,NTHL1,NUBP2,RHOT2,RPUSD1,SLC9A3R2,STUB1,SYNGR3,TRAF7,TSR3,UBE2I",No H3K27ac,0.9,,39163,,K562,bg_all
chr16:392543-393042,chr16,392543,393042,27,0,False,False,False,,"ANTKMT,C16orf91,ECI1,GFER,HAGH,HAGHL,HBA2,HBQ1,JPT2,MEIOB,METRN,MRPL28,MRPS34,MSRB1,NDUFB10,NME3,NME4,NTHL1,NUBP2,RHOT2,RPUSD1,SLC9A3R2,STUB1,SYNGR3,TRAF7,TSR3,UBE2I",No H3K27ac,0.98,,3933,,K562,bg_all
chr16:405674-406173,chr16,405674,406173,26,0,False,False,False,,"ANTKMT,C16orf91,ECI1,GFER,HAGH,HAGHL,HBA2,HBQ1,JPT2,MEIOB,METRN,MRPL28,MRPS34,MSRB1,NDUFB10,NME3,NTHL1,NUBP2,RHOT2,RPUSD1,SLC9A3R2,STUB1,SYNGR3,TRAF7,TSR3,UBE2I",H3K27ac,0.98,,34634,,K562,bg_all
chr16:468026-468525,chr16,468026,468525,27,0,False,False,False,,"ANTKMT,C16orf91,ECI1,GFER,HAGH,HAGHL,HBA2,HBQ1,JPT2,MEIOB,METRN,MRPL28,MRPS34,MSRB1,NDUFB10,NME3,NME4,NTHL1,NUBP2,RHOT2,RPUSD1,SLC9A3R2,STUB1,SYNGR3,TRAF7,TSR3,UBE2I",No H3K27ac,0.92,,71550,,K562,bg_all
chr16:483643-484142,chr16,483643,484142,27,0,False,False,False,,"ANTKMT,C16orf91,ECI1,GFER,HAGH,HAGHL,HBA2,HBQ1,JPT2,MEIOB,METRN,MRPL28,MRPS34,MSRB1,NDUFB10,NME3,NME4,NTHL1,NUBP2,RHOT2,RPUSD1,SLC9A3R2,STUB1,SYNGR3,TRAF7,TSR3,UBE2I",No H3K27ac,0.93,,87167,,K562,bg_all
chr16:701640-702139,chr16,701640,702139,27,0,False,False,False,,"ANTKMT,C16orf91,ECI1,GFER,HAGH,HAGHL,HBA2,HBQ1,JPT2,MEIOB,METRN,MRPL28,MRPS34,MSRB1,NDUFB10,NME3,NME4,NTHL1,NUBP2,RHOT2,RPUSD1,SLC9A3R2,STUB1,SYNGR3,TRAF7,TSR3,UBE2I",H3K27me3 element,0.97,,13229,,K562,bg_all
chr16:709488-709987,chr16,709488,709987,27,0,False,False,False,,"ANTKMT,C16orf91,ECI1,GFER,HAGH,HAGHL,HBA2,HBQ1,JPT2,MEIOB,METRN,MRPL28,MRPS34,MSRB1,NDUFB10,NME3,NME4,NTHL1,NUBP2,RHOT2,RPUSD1,SLC9A3R2,STUB1,SYNGR3,TRAF7,TSR3,UBE2I",No H3K27ac,0.95,,5381,,K562,bg_all
chr16:712779-713278,chr16,712779,713278,27,0,False,False,False,,"ANTKMT,C16orf91,ECI1,GFER,HAGH,HAGHL,HBA2,HBQ1,JPT2,MEIOB,METRN,MRPL28,MRPS34,MSRB1,NDUFB10,NME3,NME4,NTHL1,NUBP2,RHOT2,RPUSD1,SLC9A3R2,STUB1,SYNGR3,TRAF7,TSR3,UBE2I",CTCF element,0.89,,2090,,K562,bg_all
chr16:87570988-87571487,chr16,87570988,87571487,10,0,False,False,False,,"ANKRD11,APRT,CDT1,CTU2,CYBA,MVD,PIEZO1,RNF166,TRAPPC2L,ZC3H18",CTCF element,0.91,,1031946,,K562,bg_all
chr16:87721563-87722062,chr16,87721563,87722062,10,0,False,False,False,,"ANKRD11,APRT,CDT1,CTU2,CYBA,MVD,PIEZO1,RNF166,TRAPPC2L,ZC3H18",High H3K27ac,0.94,,881371,,K562,bg_all
chr16:87806085-87806584,chr16,87806085,87806584,10,0,False,False,False,,"ANKRD11,APRT,CDT1,CTU2,CYBA,MVD,PIEZO1,RNF166,TRAPPC2L,ZC3H18",H3K27ac,0.86,,796849,,K562,bg_all
chr16:87834526-87835025,chr16,87834526,87835025,10,0,False,False,False,,"ANKRD11,APRT,CDT1,CTU2,CYBA,MVD,PIEZO1,RNF166,TRAPPC2L,ZC3H18",No H3K27ac,0.97,,768408,,K562,bg_all
chr16:87867003-87867502,chr16,87867003,87867502,10,0,False,False,False,,"ANKRD11,APRT,CDT1,CTU2,CYBA,MVD,PIEZO1,RNF166,TRAPPC2L,ZC3H18",H3K27ac,0.97,,735931,,K562,bg_all
chr16:87868083-87868582,chr16,87868083,87868582,10,0,False,False,False,,"ANKRD11,APRT,CDT1,CTU2,CYBA,MVD,PIEZO1,RNF166,TRAPPC2L,ZC3H18",H3K27ac,0.89,,734851,,K562,bg_all
chr16:87871496-87871995,chr16,87871496,87871995,10,0,False,False,False,,"ANKRD11,APRT,CDT1,CTU2,CYBA,MVD,PIEZO1,RNF166,TRAPPC2L,ZC3H18",H3K27ac,0.61,,731438,,K562,bg_all
chr16:87956160-87956659,chr16,87956160,87956659,10,0,False,False,False,,"ANKRD11,APRT,CDT1,CTU2,CYBA,MVD,PIEZO1,RNF166,TRAPPC2L,ZC3H18",H3K27ac,0.6,,646774,,K562,bg_all
chr16:87956771-87957270,chr16,87956771,87957270,10,0,False,False,False,,"ANKRD11,APRT,CDT1,CTU2,CYBA,MVD,PIEZO1,RNF166,TRAPPC2L,ZC3H18",H3K27ac,0.92,,646163,,K562,bg_all
chr16:88151126-88151625,chr16,88151126,88151625,10,0,False,False,False,,"ANKRD11,APRT,CDT1,CTU2,CYBA,MVD,PIEZO1,RNF166,TRAPPC2L,ZC3H18",No H3K27ac,0.97,,451808,,K562,bg_all
chr16:88315651-88316150,chr16,88315651,88316150,10,0,False,False,False,,"ANKRD11,APRT,CDT1,CTU2,CYBA,MVD,PIEZO1,RNF166,TRAPPC2L,ZC3H18",No H3K27ac,0.93,,287283,,K562,bg_all
chr16:88464901-88465400,chr16,88464901,88465400,10,0,False,False,False,,"ANKRD11,APRT,CDT1,CTU2,CYBA,MVD,PIEZO1,RNF166,TRAPPC2L,ZC3H18",H3K27ac,0.95,,105231,,K562,bg_all
chr16:88549724-88550223,chr16,88549724,88550223,10,0,False,False,False,,"ANKRD11,APRT,CDT1,CTU2,CYBA,MVD,PIEZO1,RNF166,TRAPPC2L,ZC3H18",No H3K27ac,0.98,,20408,,K562,bg_all
chr16:88790543-88791042,chr16,88790543,88791042,10,0,False,False,False,,"ANKRD11,APRT,CDT1,CTU2,CYBA,MVD,PIEZO1,RNF166,TRAPPC2L,ZC3H18",H3K27ac,0.92,,5572,,K562,bg_all
chr16:88870466-88870965,chr16,88870466,88870965,10,0,False,False,False,,"ANKRD11,APRT,CDT1,CTU2,CYBA,MVD,PIEZO1,RNF166,TRAPPC2L,ZC3H18",H3K27ac,0.95,,14495,,K562,bg_all
chr16:88925151-88925650,chr16,88925151,88925650,10,0,False,False,False,,"ANKRD11,APRT,CDT1,CTU2,CYBA,MVD,PIEZO1,RNF166,TRAPPC2L,ZC3H18",CTCF element,0.95,,69180,,K562,bg_all
chr16:89053381-89053880,chr16,89053381,89053880,10,0,False,False,False,,"ANKRD11,APRT,CDT1,CTU2,CYBA,MVD,PIEZO1,RNF166,TRAPPC2L,ZC3H18",CTCF element,0.96,,197410,,K562,bg_all
chr16:89071564-89072063,chr16,89071564,89072063,10,0,False,False,False,,"ANKRD11,APRT,CDT1,CTU2,CYBA,MVD,PIEZO1,RNF166,TRAPPC2L,ZC3H18",CTCF element,0.95,,215593,,K562,bg_all
chr16:89174355-89174854,chr16,89174355,89174854,10,0,False,False,False,,"ANKRD11,APRT,CDT1,CTU2,CYBA,MVD,PIEZO1,RNF166,TRAPPC2L,ZC3H18",No H3K27ac,0.97,,315957,,K562,bg_all
chr16:89219388-89219887,chr16,89219388,89219887,10,0,False,False,False,,"ANKRD11,APRT,CDT1,CTU2,CYBA,MVD,PIEZO1,RNF166,TRAPPC2L,ZC3H18",High H3K27ac,0.95,,270924,,K562,bg_all
chr16:89293510-89294009,chr16,89293510,89294009,9,0,False,False,False,,"APRT,CDT1,CTU2,CYBA,MVD,PIEZO1,RNF166,TRAPPC2L,ZC3H18",CTCF element,0.87,,437539,,K562,bg_all
chr16:89333592-89334091,chr16,89333592,89334091,9,0,False,False,False,,"APRT,CDT1,CTU2,CYBA,MVD,PIEZO1,RNF166,TRAPPC2L,ZC3H18",H3K27ac,0.92,,477621,,K562,bg_all
chr16:89364498-89364997,chr16,89364498,89364997,9,0,False,False,False,,"APRT,CDT1,CTU2,CYBA,MVD,PIEZO1,RNF166,TRAPPC2L,ZC3H18",H3K27ac,0.9,,508527,,K562,bg_all
chr16:89382942-89383441,chr16,89382942,89383441,9,0,False,False,False,,"APRT,CDT1,CTU2,CYBA,MVD,PIEZO1,RNF166,TRAPPC2L,ZC3H18",H3K27ac,0.88,,526971,,K562,bg_all
chr16:89443305-89443804,chr16,89443305,89443804,10,0,False,False,False,,"ANKRD11,APRT,CDT1,CTU2,CYBA,MVD,PIEZO1,RNF166,TRAPPC2L,ZC3H18",H3K27ac,0.9,,47007,,K562,bg_all
chr16:89508850-89509349,chr16,89508850,89509349,10,0,False,False,False,,"ANKRD11,APRT,CDT1,CTU2,CYBA,MVD,PIEZO1,RNF166,TRAPPC2L,ZC3H18",High H3K27ac,0.94,,18538,,K562,bg_all
chr17:27090671-27091170,chr17,27090671,27091170,6,0,False,False,False,,"IFT20,POLDIP2,SDF2,TMEM97,TRAF4,WSB1",High H3K27ac,0.58,,203156,,K562,bg_all
chr17:27218674-27219173,chr17,27218674,27219173,6,0,False,False,False,,"IFT20,POLDIP2,SDF2,TMEM97,TRAF4,WSB1",No H3K27ac,0.48,,75153,,K562,bg_all
chr17:27233002-27233501,chr17,27233002,27233501,6,0,False,False,False,,"IFT20,POLDIP2,SDF2,TMEM97,TRAF4,WSB1",No H3K27ac,0.91,,60825,,K562,bg_all
chr17:27236639-27237138,chr17,27236639,27237138,6,0,False,False,False,,"IFT20,POLDIP2,SDF2,TMEM97,TRAF4,WSB1",CTCF element,0.83,,57188,,K562,bg_all
chr17:27280512-27281011,chr17,27280512,27281011,6,0,False,False,False,,"IFT20,POLDIP2,SDF2,TMEM97,TRAF4,WSB1",No H3K27ac,0.89,,13315,,K562,bg_all
chr17:27293830-27295312,chr17,27293830,27295312,6,0,False,False,False,,"IFT20,NUFIP2,POLDIP2,SDF2,TMEM97,TRAF4",High H3K27ac,0.73,,1024138,,K562,bg_all
chr17:27295879-27296378,chr17,27295879,27296378,6,0,False,False,False,,"IFT20,NUFIP2,POLDIP2,SDF2,TMEM97,TRAF4",H3K27ac,0.33,,1023072,,K562,bg_all
chr17:27332732-27333231,chr17,27332732,27333231,7,0,False,False,False,,"IFT20,NUFIP2,POLDIP2,SDF2,TMEM97,TRAF4,WSB1",High H3K27ac,0.87,,38905,,K562,bg_all
chr17:27346547-27347046,chr17,27346547,27347046,7,0,False,False,False,,"IFT20,NUFIP2,POLDIP2,SDF2,TMEM97,TRAF4,WSB1",High H3K27ac,0.78,,52720,,K562,bg_all
chr17:27353573-27354072,chr17,27353573,27354072,7,0,False,False,False,,"IFT20,NUFIP2,POLDIP2,SDF2,TMEM97,TRAF4,WSB1",High H3K27ac,0.89,,59746,,K562,bg_all
chr17:27366325-27366824,chr17,27366325,27366824,7,0,False,False,False,,"IFT20,NUFIP2,POLDIP2,SDF2,TMEM97,TRAF4,WSB1",No H3K27ac,0.82,,72498,,K562,bg_all
chr17:27368998-27369497,chr17,27368998,27369497,7,0,False,False,False,,"IFT20,NUFIP2,POLDIP2,SDF2,TMEM97,TRAF4,WSB1",H3K27ac,0.89,,75171,,K562,bg_all
chr17:27380117-27380616,chr17,27380117,27380616,7,0,False,False,False,,"IFT20,NUFIP2,POLDIP2,SDF2,TMEM97,TRAF4,WSB1",H3K27ac,0.93,,86290,,K562,bg_all
chr17:27380954-27381453,chr17,27380954,27381453,7,0,False,False,False,,"IFT20,NUFIP2,POLDIP2,SDF2,TMEM97,TRAF4,WSB1",H3K27ac,0.83,,87127,,K562,bg_all
chr17:27415552-27416051,chr17,27415552,27416051,7,0,False,False,False,,"IFT20,NUFIP2,POLDIP2,SDF2,TMEM97,TRAF4,WSB1",No H3K27ac,0.78,,121725,,K562,bg_all
chr17:27430838-27431337,chr17,27430838,27431337,7,0,False,False,False,,"IFT20,NUFIP2,POLDIP2,SDF2,TMEM97,TRAF4,WSB1",CTCF element,0.91,,137011,,K562,bg_all
chr17:27446719-27447218,chr17,27446719,27447218,7,0,False,False,False,,"IFT20,NUFIP2,POLDIP2,SDF2,TMEM97,TRAF4,WSB1",High H3K27ac,0.86,,152892,,K562,bg_all
chr17:27467326-27467825,chr17,27467326,27467825,7,0,False,False,False,,"IFT20,NUFIP2,POLDIP2,SDF2,TMEM97,TRAF4,WSB1",H3K27ac,0.9,,173499,,K562,bg_all
chr17:27496921-27497420,chr17,27496921,27497420,7,0,False,False,False,,"IFT20,NUFIP2,POLDIP2,SDF2,TMEM97,TRAF4,WSB1",H3K27ac,0.94,,203094,,K562,bg_all
chr17:27526576-27527075,chr17,27526576,27527075,7,0,False,False,False,,"IFT20,NUFIP2,POLDIP2,SDF2,TMEM97,TRAF4,WSB1",High H3K27ac,0.94,,232749,,K562,bg_all
chr17:27544556-27545055,chr17,27544556,27545055,7,0,False,False,False,,"IFT20,NUFIP2,POLDIP2,SDF2,TMEM97,TRAF4,WSB1",H3K27ac,0.81,,250729,,K562,bg_all
chr17:27569209-27569708,chr17,27569209,27569708,7,0,False,False,False,,"IFT20,NUFIP2,POLDIP2,SDF2,TMEM97,TRAF4,WSB1",High H3K27ac,0.8,,275382,,K562,bg_all
chr17:27573819-27574318,chr17,27573819,27574318,7,0,False,False,False,,"IFT20,NUFIP2,POLDIP2,SDF2,TMEM97,TRAF4,WSB1",High H3K27ac,0.8,,279992,,K562,bg_all
chr17:27575851-27576350,chr17,27575851,27576350,7,0,False,False,False,,"IFT20,NUFIP2,POLDIP2,SDF2,TMEM97,TRAF4,WSB1",High H3K27ac,0.89,,282024,,K562,bg_all
chr17:27577054-27577553,chr17,27577054,27577553,7,0,False,False,False,,"IFT20,NUFIP2,POLDIP2,SDF2,TMEM97,TRAF4,WSB1",High H3K27ac,0.84,,283227,,K562,bg_all
chr17:27577898-27578422,chr17,27577898,27578422,7,0,False,False,False,,"IFT20,NUFIP2,POLDIP2,SDF2,TMEM97,TRAF4,WSB1",High H3K27ac,0.98,,284083,,K562,bg_all
chr17:27580406-27580905,chr17,27580406,27580905,7,0,False,False,False,,"IFT20,NUFIP2,POLDIP2,SDF2,TMEM97,TRAF4,WSB1",H3K27ac,0.88,,286579,,K562,bg_all
chr17:27584578-27585077,chr17,27584578,27585077,7,0,False,False,False,,"IFT20,NUFIP2,POLDIP2,SDF2,TMEM97,TRAF4,WSB1",H3K27ac,0.84,,290751,,K562,bg_all
chr17:27601646-27602145,chr17,27601646,27602145,7,0,False,False,False,,"IFT20,NUFIP2,POLDIP2,SDF2,TMEM97,TRAF4,WSB1",High H3K27ac,0.93,,307819,,K562,bg_all
chr17:27602632-27603591,chr17,27602632,27603591,14,0,False,False,False,,"IFT20,NUFIP2,POLDIP2,SDF2,TMEM97,TRAF4,WSB1",High H3K27ac,0.91,,308805,,K562,bg_all
chr17:41417446-41417945,chr17,41417446,41417945,3,0,False,False,False,,"BRCA1,RPL27,VAT1",CTCF element,0.89,,1576343,,K562,bg_all
chr17:41510211-41510710,chr17,41510211,41510710,3,0,False,False,False,,"BRCA1,RPL27,VAT1",H3K27ac,0.94,,1483578,,K562,bg_all
chr17:41530217-41530797,chr17,41530217,41530797,3,0,False,False,False,,"BRCA1,RPL27,VAT1",High H3K27ac,1.0,,1463532,,K562,bg_all
chr17:41541038-41541537,chr17,41541038,41541537,3,0,False,False,False,,"BRCA1,RPL27,VAT1",No H3K27ac,0.9,,1452751,,K562,bg_all
chr17:41559578-41560077,chr17,41559578,41560077,3,0,False,False,False,,"BRCA1,RPL27,VAT1",H3K27me3 element,0.81,,1434211,,K562,bg_all
chr17:41582981-41583480,chr17,41582981,41583480,3,0,False,False,False,,"BRCA1,RPL27,VAT1",CTCF element,0.72,,1410808,,K562,bg_all
chr17:41678200-41678699,chr17,41678200,41678699,3,0,False,False,False,,"BRCA1,RPL27,VAT1",High H3K27ac,0.62,,1315589,,K562,bg_all
chr17:41679114-41679613,chr17,41679114,41679613,3,0,False,False,False,,"BRCA1,RPL27,VAT1",High H3K27ac,0.88,,1314675,,K562,bg_all
chr17:41781599-41782098,chr17,41781599,41782098,3,0,False,False,False,,"BRCA1,RPL27,VAT1",H3K27ac,0.94,,1212190,,K562,bg_all
chr17:41800550-41801049,chr17,41800550,41801049,3,0,False,False,False,,"BRCA1,RPL27,VAT1",No H3K27ac,0.9,,1193239,,K562,bg_all
chr17:41917277-41917776,chr17,41917277,41917776,3,0,False,False,False,,"BRCA1,RPL27,VAT1",H3K27ac,0.88,,1076511,,K562,bg_all
chr17:42107570-42108069,chr17,42107570,42108069,5,0,False,False,False,,"BRCA1,LSM12,RPL27,TMEM101,VAT1",H3K27ac,0.93,,890453,,K562,bg_all
chr17:42108139-42108638,chr17,42108139,42108638,5,0,False,False,False,,"BRCA1,LSM12,RPL27,TMEM101,VAT1",H3K27ac,0.9,,889884,,K562,bg_all
chr17:42161122-42161621,chr17,42161122,42161621,6,0,False,False,False,,"BRCA1,LSM12,RPL27,TMEM101,UBTF,VAT1",No H3K27ac,0.87,,836901,,K562,bg_all
chr17:42240803-42241302,chr17,42240803,42241302,6,0,False,False,False,,"BRCA1,LSM12,RPL27,TMEM101,UBTF,VAT1",No H3K27ac,0.55,,757220,,K562,bg_all
chr17:42308774-42309273,chr17,42308774,42309273,8,0,False,False,False,,"BRCA1,GRN,LSM12,RPL27,SLC25A39,TMEM101,UBTF,VAT1",H3K27ac,0.96,,689249,,K562,bg_all
chr17:42309958-42310457,chr17,42309958,42310457,8,0,False,False,False,,"BRCA1,GRN,LSM12,RPL27,SLC25A39,TMEM101,UBTF,VAT1",H3K27ac,0.88,,688065,,K562,bg_all
chr17:42312368-42312867,chr17,42312368,42312867,8,0,False,False,False,,"BRCA1,GRN,LSM12,RPL27,SLC25A39,TMEM101,UBTF,VAT1",High H3K27ac,0.89,,685655,,K562,bg_all
chr17:42320645-42321144,chr17,42320645,42321144,8,0,False,False,False,,"BRCA1,GRN,LSM12,RPL27,SLC25A39,TMEM101,UBTF,VAT1",High H3K27ac,0.71,,677378,,K562,bg_all
chr17:42322321-42322820,chr17,42322321,42322820,8,0,False,False,False,,"BRCA1,GRN,LSM12,RPL27,SLC25A39,TMEM101,UBTF,VAT1",High H3K27ac,0.92,,675702,,K562,bg_all
chr17:42407444-42407943,chr17,42407444,42407943,8,0,False,False,False,,"BRCA1,GRN,LSM12,RPL27,SLC25A39,TMEM101,UBTF,VAT1",H3K27ac,0.95,,590579,,K562,bg_all
chr17:42518427-42518926,chr17,42518427,42518926,8,0,False,False,False,,"BRCA1,GRN,LSM12,RPL27,SLC25A39,TMEM101,UBTF,VAT1",High H3K27ac,0.93,,479596,,K562,bg_all
chr17:42653691-42654190,chr17,42653691,42654190,8,0,False,False,False,,"BRCA1,GRN,LSM12,RPL27,SLC25A39,TMEM101,UBTF,VAT1",H3K27ac,0.99,,344332,,K562,bg_all
chr17:42677871-42678690,chr17,42677871,42678690,8,0,False,False,False,,"BRCA1,GRN,LSM12,RPL27,SLC25A39,TMEM101,UBTF,VAT1",High H3K27ac,0.82,,319832,,K562,bg_all
chr17:42679675-42680174,chr17,42679675,42680174,8,0,False,False,False,,"BRCA1,GRN,LSM12,RPL27,SLC25A39,TMEM101,UBTF,VAT1",High H3K27ac,0.97,,318348,,K562,bg_all
chr17:42698972-42699471,chr17,42698972,42699471,8,0,False,False,False,,"BRCA1,GRN,LSM12,RPL27,SLC25A39,TMEM101,UBTF,VAT1",High H3K27ac,0.95,,299051,,K562,bg_all
chr17:42779205-42779704,chr17,42779205,42779704,8,0,False,False,False,,"BRCA1,GRN,LSM12,RPL27,SLC25A39,TMEM101,UBTF,VAT1",High H3K27ac,0.89,,218818,,K562,bg_all
chr17:45867621-45868120,chr17,45867621,45868120,7,0,False,False,False,,"EFTUD2,GRN,LSM12,MRPL10,SLC25A39,TMEM101,UBTF",H3K27ac,0.92,,968423,,K562,bg_all
chr17:45902808-45903364,chr17,45902808,45903364,7,0,False,False,False,,"EFTUD2,GRN,LSM12,MRPL10,SLC25A39,TMEM101,UBTF",H3K27ac,0.99,,1003638,,K562,bg_all
chr17:45948940-45949439,chr17,45948940,45949439,7,0,False,False,False,,"EFTUD2,GRN,LSM12,MRPL10,SLC25A39,TMEM101,UBTF",H3K27ac,0.84,,1049742,,K562,bg_all
chr17:45978168-45978667,chr17,45978168,45978667,7,0,False,False,False,,"EFTUD2,GRN,LSM12,MRPL10,SLC25A39,TMEM101,UBTF",H3K27ac,0.84,,1078970,,K562,bg_all
chr17:45979178-45979677,chr17,45979178,45979677,7,0,False,False,False,,"EFTUD2,GRN,LSM12,MRPL10,SLC25A39,TMEM101,UBTF",H3K27ac,0.92,,1079980,,K562,bg_all
chr17:45990790-45991289,chr17,45990790,45991289,7,0,False,False,False,,"EFTUD2,GRN,LSM12,MRPL10,SLC25A39,TMEM101,UBTF",CTCF element,0.96,,1091592,,K562,bg_all
chr17:46010723-46011222,chr17,46010723,46011222,7,0,False,False,False,,"EFTUD2,GRN,LSM12,MRPL10,SLC25A39,TMEM101,UBTF",CTCF element,0.93,,1111525,,K562,bg_all
chr17:46115658-46116157,chr17,46115658,46116157,6,0,False,False,False,,"CBX1,EFTUD2,GRN,MRPL10,SLC25A39,UBTF",H3K27ac,0.8,,1216460,,K562,bg_all
chr17:46187910-46188409,chr17,46187910,46188409,6,0,False,False,False,,"CBX1,EFTUD2,GRN,MRPL10,SLC25A39,UBTF",H3K27ac,0.78,,1288712,,K562,bg_all
chr17:46266782-46267281,chr17,46266782,46267281,5,0,False,False,False,,"CBX1,EFTUD2,GRN,MRPL10,SLC25A39",H3K27ac,0.86,,1367584,,K562,bg_all
chr17:46770974-46771473,chr17,46770974,46771473,7,0,False,False,False,,"CBX1,EFTUD2,HOXB2,HOXB4,HOXB7,HOXB9,MRPL10",High H3K27ac,0.83,,1060318,,K562,bg_all
chr17:46785648-46786147,chr17,46785648,46786147,7,0,False,False,False,,"CBX1,EFTUD2,HOXB2,HOXB4,HOXB7,HOXB9,MRPL10",No H3K27ac,0.9,,1045644,,K562,bg_all
chr17:46905787-46906286,chr17,46905787,46906286,8,0,False,False,False,,"ATP5MC1,CALCOCO2,CBX1,HOXB2,HOXB4,HOXB7,HOXB9,MRPL10",H3K27ac,0.9,,925505,,K562,bg_all
chr17:46935645-46936144,chr17,46935645,46936144,8,0,False,False,False,,"ATP5MC1,CALCOCO2,CBX1,HOXB2,HOXB4,HOXB7,HOXB9,MRPL10",H3K27ac,0.86,,895647,,K562,bg_all
chr17:46976554-46977053,chr17,46976554,46977053,9,0,False,False,False,,"ATP5MC1,CALCOCO2,CBX1,HOXB2,HOXB4,HOXB7,HOXB9,MRPL10,SNF8",H3K27ac,0.84,,854738,,K562,bg_all
chr17:46977272-46977771,chr17,46977272,46977771,9,0,False,False,False,,"ATP5MC1,CALCOCO2,CBX1,HOXB2,HOXB4,HOXB7,HOXB9,MRPL10,SNF8",H3K27ac,0.88,,854020,,K562,bg_all
chr17:47066044-47066543,chr17,47066044,47066543,10,0,False,False,False,,"ATP5MC1,CALCOCO2,CBX1,HOXB2,HOXB4,HOXB7,HOXB9,IGF2BP1,MRPL10,SNF8",H3K27ac,0.89,,765248,,K562,bg_all
chr17:47098765-47099264,chr17,47098765,47099264,10,0,False,False,False,,"ATP5MC1,CALCOCO2,CBX1,HOXB2,HOXB4,HOXB7,HOXB9,IGF2BP1,MRPL10,SNF8",H3K27ac,0.58,,732527,,K562,bg_all
chr17:47110103-47110602,chr17,47110103,47110602,10,0,False,False,False,,"ATP5MC1,CALCOCO2,CBX1,HOXB2,HOXB4,HOXB7,HOXB9,IGF2BP1,MRPL10,SNF8",H3K27ac,0.46,,721189,,K562,bg_all
chr17:47275411-47275910,chr17,47275411,47275910,10,0,False,False,False,,"ATP5MC1,CALCOCO2,CBX1,HOXB2,HOXB4,HOXB7,HOXB9,IGF2BP1,MRPL10,SNF8",H3K27ac,0.87,,555881,,K562,bg_all
chr17:47531415-47532370,chr17,47531415,47532370,11,0,False,False,False,,"ATP5MC1,CALCOCO2,CBX1,HOXB2,HOXB4,HOXB7,HOXB9,IGF2BP1,MRPL10,PHB,SNF8",H3K27ac,0.87,,299421,,K562,bg_all
chr17:47701631-47702130,chr17,47701631,47702130,12,0,False,False,False,,"ATP5MC1,CALCOCO2,CBX1,HOXB2,HOXB4,HOXB7,HOXB9,IGF2BP1,MRPL10,PHB,SNF8,SPOP",H3K27ac,0.84,,129661,,K562,bg_all
chr17:47717347-47717846,chr17,47717347,47717846,13,0,False,False,False,,"ATP5MC1,CALCOCO2,CBX1,HOXB2,HOXB4,HOXB7,HOXB9,IGF2BP1,MRPL10,PHB,SLC35B1,SNF8,SPOP",CTCF element,0.89,,113945,,K562,bg_all
chr17:47744972-47745471,chr17,47744972,47745471,13,0,False,False,False,,"ATP5MC1,CALCOCO2,CBX1,HOXB2,HOXB4,HOXB7,HOXB9,IGF2BP1,MRPL10,PHB,SLC35B1,SNF8,SPOP",CTCF element,0.95,,86320,,K562,bg_all
chr17:57747492-57747991,chr17,57747492,57747991,2,0,False,False,False,,"CLTC,VMP1",CTCF element,0.78,,1871948,,K562,bg_all
chr17:57849069-57849890,chr17,57849069,57849890,2,0,False,False,False,,"CLTC,VMP1",High H3K27ac,0.85,,1770371,,K562,bg_all
chr17:57851564-57852063,chr17,57851564,57852063,2,0,False,False,False,,"CLTC,VMP1",H3K27ac,0.78,,1767876,,K562,bg_all
chr17:57852863-57853362,chr17,57852863,57853362,2,0,False,False,False,,"CLTC,VMP1",H3K27ac,0.82,,1766577,,K562,bg_all
chr17:57860884-57861383,chr17,57860884,57861383,2,0,False,False,False,,"CLTC,VMP1",No H3K27ac,0.75,,1758556,,K562,bg_all
chr17:57946698-57947197,chr17,57946698,57947197,2,0,False,False,False,,"CLTC,VMP1",No H3K27ac,0.79,,1672742,,K562,bg_all
chr17:57992731-57993230,chr17,57992731,57993230,2,0,False,False,False,,"CLTC,VMP1",No H3K27ac,0.82,,1626709,,K562,bg_all
chr17:58136628-58137127,chr17,58136628,58137127,2,0,False,False,False,,"CLTC,VMP1",CTCF element,0.92,,1482812,,K562,bg_all
chr17:58277068-58277567,chr17,58277068,58277567,2,0,False,False,False,,"CLTC,VMP1",CTCF element,0.84,,1342372,,K562,bg_all
chr17:58330475-58330974,chr17,58330475,58330974,2,0,False,False,False,,"CLTC,VMP1",High H3K27ac,0.88,,1288965,,K562,bg_all
chr17:58336556-58337055,chr17,58336556,58337055,2,0,False,False,False,,"CLTC,VMP1",High H3K27ac,0.66,,1282884,,K562,bg_all
chr17:58339381-58339880,chr17,58339381,58339880,2,0,False,False,False,,"CLTC,VMP1",High H3K27ac,0.73,,1280059,,K562,bg_all
chr17:58414551-58415050,chr17,58414551,58415050,2,0,False,False,False,,"CLTC,VMP1",High H3K27ac,0.83,,1204889,,K562,bg_all
chr17:58436850-58437349,chr17,58436850,58437349,2,0,False,False,False,,"CLTC,VMP1",High H3K27ac,0.66,,1182590,,K562,bg_all
chr17:58447428-58447927,chr17,58447428,58447927,2,0,False,False,False,,"CLTC,VMP1",H3K27ac,0.76,,1172012,,K562,bg_all
chr17:58587583-58588082,chr17,58587583,58588082,2,0,False,False,False,,"CLTC,VMP1",CTCF element,0.81,,1031857,,K562,bg_all
chr17:58595382-58595881,chr17,58595382,58595881,2,0,False,False,False,,"CLTC,VMP1",No H3K27ac,0.81,,1024058,,K562,bg_all
chr17:58756705-58757204,chr17,58756705,58757204,2,0,False,False,False,,"CLTC,VMP1",H3K27ac,0.88,,862735,,K562,bg_all
chr17:58786308-58786807,chr17,58786308,58786807,2,0,False,False,False,,"CLTC,VMP1",H3K27ac,0.49,,833132,,K562,bg_all
chr17:59004815-59005314,chr17,59004815,59005314,2,0,False,False,False,,"CLTC,VMP1",H3K27ac,0.43,,614625,,K562,bg_all
chr17:59006821-59007320,chr17,59006821,59007320,2,0,False,False,False,,"CLTC,VMP1",No H3K27ac,0.65,,612619,,K562,bg_all
chr17:59218181-59218680,chr17,59218181,59218680,2,0,False,False,False,,"CLTC,VMP1",No H3K27ac,0.46,,401259,,K562,bg_all
chr17:59296929-59297529,chr17,59296929,59297529,2,0,False,False,False,,"CLTC,VMP1",H3K27ac,0.83,,322461,,K562,bg_all
chr17:59316856-59317355,chr17,59316856,59317355,2,0,False,False,False,,"CLTC,VMP1",CTCF element,0.57,,302584,,K562,bg_all
chr17:59387953-59388452,chr17,59387953,59388452,2,0,False,False,False,,"CLTC,VMP1",No H3K27ac,0.87,,231487,,K562,bg_all
chr17:59415366-59415865,chr17,59415366,59415865,2,0,False,False,False,,"CLTC,VMP1",H3K27ac,0.84,,204074,,K562,bg_all
chr17:59416031-59416530,chr17,59416031,59416530,2,0,False,False,False,,"CLTC,VMP1",No H3K27ac,0.74,,203409,,K562,bg_all
chr17:59514109-59514608,chr17,59514109,59514608,2,0,False,False,False,,"CLTC,VMP1",No H3K27ac,0.72,,105331,,K562,bg_all
chr17:59561018-59561517,chr17,59561018,59561517,2,0,False,False,False,,"CLTC,VMP1",H3K27ac,0.82,,58422,,K562,bg_all
chr17:59607739-59608238,chr17,59607739,59608238,2,0,False,False,False,,"CLTC,VMP1",CTCF element,0.81,,11701,,K562,bg_all
chr17:59620443-59620942,chr17,59620443,59620942,1,0,False,False,False,,VMP1,High H3K27ac,0.86,,86500,,K562,bg_all
chr18:12336896-12337395,chr18,12336896,12337395,6,0,False,False,False,,"AFG3L2,FAM210A,PSMG2,PTPN2,RNMT,SEH1L",No H3K27ac,0.94,,40169,,K562,bg_all
chr18:12361682-12362181,chr18,12361682,12362181,6,0,False,False,False,,"FAM210A,PSMG2,PTPN2,RNMT,SEH1L,TUBB6",H3K27ac,0.96,,54262,,K562,bg_all
chr18:12406289-12406788,chr18,12406289,12406788,7,0,False,False,False,,"AFG3L2,FAM210A,PSMG2,PTPN2,RNMT,SEH1L,TUBB6",H3K27ac,0.92,,29224,,K562,bg_all
chr18:12410823-12411322,chr18,12410823,12411322,6,0,False,False,False,,"AFG3L2,PSMG2,PTPN2,RNMT,SEH1L,TUBB6",H3K27ac,0.58,,33758,,K562,bg_all
chr18:12491837-12492336,chr18,12491837,12492336,7,0,False,False,False,,"AFG3L2,FAM210A,PSMG2,PTPN2,RNMT,SEH1L,TUBB6",High H3K27ac,0.62,,114772,,K562,bg_all
chr18:12539793-12540292,chr18,12539793,12540292,7,0,False,False,False,,"AFG3L2,FAM210A,PSMG2,PTPN2,RNMT,SEH1L,TUBB6",CTCF element,0.88,,118001,,K562,bg_all
chr18:12632077-12632576,chr18,12632077,12632576,7,0,False,False,False,,"AFG3L2,FAM210A,PSMG2,PTPN2,RNMT,SEH1L,TUBB6",H3K27ac,0.9,,25717,,K562,bg_all
chr18:12659798-12660297,chr18,12659798,12660297,6,0,False,False,False,,"AFG3L2,FAM210A,PTPN2,RNMT,SEH1L,TUBB6",CTCF element,0.5,,269596,,K562,bg_all
chr18:12701408-12701975,chr18,12701408,12701975,6,0,False,False,False,,"AFG3L2,FAM210A,PTPN2,RNMT,SEH1L,TUBB6",H3K27ac,0.87,,227952,,K562,bg_all
chr18:12726993-12727492,chr18,12726993,12727492,7,0,False,False,False,,"AFG3L2,FAM210A,PSMG2,PTPN2,RNMT,SEH1L,TUBB6",H3K27ac,0.92,,69199,,K562,bg_all
chr18:12876770-12877269,chr18,12876770,12877269,6,0,False,False,False,,"AFG3L2,FAM210A,PSMG2,RNMT,SEH1L,TUBB6",H3K27ac,0.62,,70114,,K562,bg_all
chr18:12880014-12880513,chr18,12880014,12880513,6,0,False,False,False,,"AFG3L2,FAM210A,PSMG2,RNMT,SEH1L,TUBB6",H3K27ac,0.83,,66870,,K562,bg_all
chr18:12893731-12894230,chr18,12893731,12894230,6,0,False,False,False,,"AFG3L2,FAM210A,PSMG2,RNMT,SEH1L,TUBB6",CTCF element,0.92,,53153,,K562,bg_all
chr18:12907176-12907675,chr18,12907176,12907675,6,0,False,False,False,,"AFG3L2,FAM210A,PSMG2,RNMT,SEH1L,TUBB6",H3K27ac,0.85,,39708,,K562,bg_all
chr18:12934409-12934908,chr18,12934409,12934908,7,0,False,False,False,,"AFG3L2,FAM210A,PSMG2,PTPN2,RNMT,SEH1L,TUBB6",CTCF element,0.79,,5015,,K562,bg_all
chr18:13035288-13035787,chr18,13035288,13035787,6,0,False,False,False,,"AFG3L2,PSMG2,PTPN2,RNMT,SEH1L,TUBB6",H3K27ac,0.58,,88404,,K562,bg_all
chr18:13103311-13103810,chr18,13103311,13103810,7,0,False,False,False,,"AFG3L2,FAM210A,PSMG2,PTPN2,RNMT,SEH1L,TUBB6",CTCF element,0.76,,156427,,K562,bg_all
chr18:13112932-13113431,chr18,13112932,13113431,7,0,False,False,False,,"AFG3L2,FAM210A,PSMG2,PTPN2,RNMT,SEH1L,TUBB6",CTCF element,0.94,,166048,,K562,bg_all
chr18:13137881-13138380,chr18,13137881,13138380,7,0,False,False,False,,"AFG3L2,FAM210A,PSMG2,PTPN2,RNMT,SEH1L,TUBB6",No H3K27ac,0.77,,190997,,K562,bg_all
chr18:13216027-13216526,chr18,13216027,13216526,7,0,False,False,False,,"AFG3L2,FAM210A,PSMG2,PTPN2,RNMT,SEH1L,TUBB6",H3K27me3 element,0.95,,269143,,K562,bg_all
chr18:13712738-13713237,chr18,13712738,13713237,6,0,False,False,False,,"AFG3L2,PSMG2,PTPN2,RNMT,SEH1L,TUBB6",No H3K27ac,0.87,,13673,,K562,bg_all
chr18:13811948-13812447,chr18,13811948,13812447,7,0,False,False,False,,"AFG3L2,FAM210A,PSMG2,PTPN2,RNMT,SEH1L,TUBB6",CTCF element,0.85,,85534,,K562,bg_all
chr18:14146923-14147422,chr18,14146923,14147422,7,0,False,False,False,,"AFG3L2,FAM210A,PSMG2,PTPN2,RNMT,SEH1L,TUBB6",No H3K27ac,0.9,,420509,,K562,bg_all
chr19:10001822-10002321,chr19,10001822,10002321,11,0,False,False,False,,"DNM2,DNMT1,EIF3G,HNRNPM,ICAM3,ICAM4,MRPL4,PIN1,PPAN,RAB11B,UBL5",CTCF element,0.98,,104291,,K562,bg_all
chr19:10045331-10045830,chr19,10045331,10045830,11,0,False,False,False,,"DNM2,DNMT1,EIF3G,HNRNPM,ICAM3,ICAM4,MRPL4,PIN1,PPAN,RAB11B,UBL5",No H3K27ac,0.85,,60782,,K562,bg_all
chr19:10098926-10099425,chr19,10098926,10099425,11,0,False,False,False,,"DNM2,DNMT1,EIF3G,HNRNPM,ICAM3,ICAM4,MRPL4,PIN1,PPAN,RAB11B,UBL5",CTCF element,0.91,,7187,,K562,bg_all
chr19:10112929-10113428,chr19,10112929,10113428,11,0,False,False,False,,"DNM2,DNMT1,EIF3G,HNRNPM,ICAM3,ICAM4,MRPL4,PIN1,PPAN,RAB11B,UBL5",H3K27ac,0.92,,6740,,K562,bg_all
chr19:10186294-10186793,chr19,10186294,10186793,10,0,False,False,False,,"DNM2,EIF3G,HNRNPM,ICAM3,ICAM4,MRPL4,PIN1,PPAN,RAB11B,UBL5",H3K27ac,0.96,,65358,,K562,bg_all
chr19:10193607-10194106,chr19,10193607,10194106,10,0,False,False,False,,"DNM2,EIF3G,HNRNPM,ICAM3,ICAM4,MRPL4,PIN1,PPAN,RAB11B,UBL5",High H3K27ac,0.9,,58045,,K562,bg_all
chr19:10223471-10223970,chr19,10223471,10223970,11,0,False,False,False,,"DNM2,DNMT1,EIF3G,HNRNPM,ICAM3,ICAM4,MRPL4,PIN1,PPAN,RAB11B,UBL5",H3K27ac,0.95,,7566,,K562,bg_all
chr19:10346497-10346996,chr19,10346497,10346996,10,0,False,False,False,,"DNM2,DNMT1,EIF3G,HNRNPM,ICAM3,ICAM4,MRPL4,PIN1,PPAN,UBL5",H3K27ac,0.41,,7085,,K562,bg_all
chr19:10421818-10422317,chr19,10421818,10422317,9,0,False,False,False,,"DNM2,DNMT1,EIF3G,ICAM3,ICAM4,MRPL4,PIN1,PPAN,UBL5",H3K27ac,0.93,,82406,,K562,bg_all
chr19:38004434-38004933,chr19,38004434,38004933,8,0,False,False,False,,"ACTN4,ECH1,EIF3K,MRPS12,PPP1R14A,PSMD8,RPS16,YIF1B",No H3K27ac,0.87,,251849,,K562,bg_all
chr19:38037080-38037579,chr19,38037080,38037579,8,0,False,False,False,,"ACTN4,ECH1,EIF3K,MRPS12,PPP1R14A,PSMD8,RPS16,YIF1B",H3K27ac,0.89,,219203,,K562,bg_all
chr19:38095638-38096137,chr19,38095638,38096137,8,0,False,False,False,,"ACTN4,ECH1,EIF3K,MRPS12,PPP1R14A,PSMD8,RPS16,YIF1B",CTCF element,0.97,,160645,,K562,bg_all
chr19:38302759-38303258,chr19,38302759,38303258,8,0,False,False,False,,"ACTN4,ECH1,EIF3K,MRPS12,PPP1R14A,PSMD8,RPS16,YIF1B",H3K27ac,0.94,,14265,,K562,bg_all
chr19:38321768-38322267,chr19,38321768,38322267,8,0,False,False,False,,"ACTN4,ECH1,EIF3K,MRPS12,PPP1R14A,PSMD8,RPS16,YIF1B",H3K27ac,0.94,,4744,,K562,bg_all
chr19:38362405-38362904,chr19,38362405,38362904,8,0,False,False,False,,"ACTN4,ECH1,EIF3K,MRPS12,PPP1R14A,PSMD8,RPS16,YIF1B",H3K27ac,0.93,,11882,,K562,bg_all
chr19:38515004-38515503,chr19,38515004,38515503,8,0,False,False,False,,"ACTN4,ECH1,EIF3K,MRPS12,PPP1R14A,PSMD8,RPS16,YIF1B",H3K27ac,0.97,,103829,,K562,bg_all
chr19:38634545-38635044,chr19,38634545,38635044,7,0,False,False,False,,"ACTN4,ECH1,MRPS12,PPP1R14A,PSMD8,RPS16,YIF1B",H3K27ac,0.94,,12855,,K562,bg_all
chr19:38681359-38681858,chr19,38681359,38681858,7,0,False,False,False,,"ECH1,EIF3K,MRPS12,PPP1R14A,PSMD8,RPS16,YIF1B",H3K27ac,0.94,,62526,,K562,bg_all
chr19:38684265-38684764,chr19,38684265,38684764,7,0,False,False,False,,"ECH1,EIF3K,MRPS12,PPP1R14A,PSMD8,RPS16,YIF1B",High H3K27ac,0.94,,65432,,K562,bg_all
chr19:38819150-38819649,chr19,38819150,38819649,7,0,False,False,False,,"ACTN4,EIF3K,MRPS12,PPP1R14A,PSMD8,RPS16,YIF1B",H3K27ac,0.96,,111149,,K562,bg_all
chr19:38989156-38989655,chr19,38989156,38989655,8,0,False,False,False,,"ACTN4,ECH1,EIF3K,MRPS12,PPP1R14A,PSMD8,RPS16,YIF1B",No H3K27ac,0.94,,58857,,K562,bg_all
chr19:39223641-39224140,chr19,39223641,39224140,8,0,False,False,False,,"ACTN4,ECH1,EIF3K,MRPS12,PPP1R14A,PSMD8,RPS16,YIF1B",No H3K27ac,0.93,,212059,,K562,bg_all
chr19:39322941-39323440,chr19,39322941,39323440,8,0,False,False,False,,"ACTN4,ECH1,EIF3K,MRPS12,PPP1R14A,PSMD8,RPS16,YIF1B",CTCF element,0.93,,112759,,K562,bg_all
chr19:39407451-39407950,chr19,39407451,39407950,8,0,False,False,False,,"ACTN4,ECH1,EIF3K,MRPS12,PPP1R14A,PSMD8,RPS16,YIF1B",High H3K27ac,0.95,,28249,,K562,bg_all
chr19:39440168-39440667,chr19,39440168,39440667,8,0,False,False,False,,"ACTN4,ECH1,EIF3K,MRPS12,PPP1R14A,PSMD8,RPS16,YIF1B",CTCF element,0.89,,4468,,K562,bg_all
chr19:39518417-39518916,chr19,39518417,39518916,8,0,False,False,False,,"ACTN4,ECH1,EIF3K,MRPS12,PPP1R14A,PSMD8,RPS16,YIF1B",H3K27ac,0.95,,82717,,K562,bg_all
chr19:39671920-39672419,chr19,39671920,39672419,8,0,False,False,False,,"ACTN4,ECH1,EIF3K,MRPS12,PPP1R14A,PSMD8,RPS16,YIF1B",CTCF element,0.7,,236220,,K562,bg_all
chr19:39842720-39843219,chr19,39842720,39843219,8,0,False,False,False,,"ACTN4,ECH1,EIF3K,MRPS12,PPP1R14A,PSMD8,RPS16,YIF1B",H3K27ac,0.93,,407020,,K562,bg_all
chr19:39881461-39881960,chr19,39881461,39881960,8,0,False,False,False,,"ACTN4,ECH1,EIF3K,MRPS12,PPP1R14A,PSMD8,RPS16,YIF1B",No H3K27ac,0.98,,445761,,K562,bg_all
chr19:8515250-8515749,chr19,8515250,8515749,10,0,False,False,False,,"DNMT1,EIF3G,HNRNPM,ICAM3,ICAM4,MRPL4,PIN1,PPAN,RAB11B,UBL5",H3K27ac,0.94,,70732,,K562,bg_all
chr19:8671160-8671659,chr19,8671160,8671659,10,0,False,False,False,,"DNMT1,EIF3G,HNRNPM,ICAM3,ICAM4,MRPL4,PIN1,PPAN,RAB11B,UBL5",H3K27ac,0.93,,271593,,K562,bg_all
chr19:8694215-8694714,chr19,8694215,8694714,10,0,False,False,False,,"DNMT1,EIF3G,HNRNPM,ICAM3,ICAM4,MRPL4,PIN1,PPAN,RAB11B,UBL5",CTCF element,0.94,,295161,,K562,bg_all
chr19:8922602-8923101,chr19,8922602,8923101,11,0,False,False,False,,"DNM2,DNMT1,EIF3G,HNRNPM,ICAM3,ICAM4,MRPL4,PIN1,PPAN,RAB11B,UBL5",No H3K27ac,0.91,,523876,,K562,bg_all
chr19:9037216-9037715,chr19,9037216,9037715,11,0,False,False,False,,"DNM2,DNMT1,EIF3G,HNRNPM,ICAM3,ICAM4,MRPL4,PIN1,PPAN,RAB11B,UBL5",No H3K27ac,0.92,,638490,,K562,bg_all
chr19:9308329-9308828,chr19,9308329,9308828,11,0,False,False,False,,"DNM2,DNMT1,EIF3G,HNRNPM,ICAM3,ICAM4,MRPL4,PIN1,PPAN,RAB11B,UBL5",H3K27ac,0.29,,519314,,K562,bg_all
chr19:9312002-9312501,chr19,9312002,9312501,11,0,False,False,False,,"DNM2,DNMT1,EIF3G,HNRNPM,ICAM3,ICAM4,MRPL4,PIN1,PPAN,RAB11B,UBL5",CTCF element,0.8,,515641,,K562,bg_all
chr19:9788958-9789457,chr19,9788958,9789457,11,0,False,False,False,,"DNM2,DNMT1,EIF3G,HNRNPM,ICAM3,ICAM4,MRPL4,PIN1,PPAN,RAB11B,UBL5",High H3K27ac,0.93,,38685,,K562,bg_all
chr19:9790150-9790649,chr19,9790150,9790649,11,0,False,False,False,,"DNM2,DNMT1,EIF3G,HNRNPM,ICAM3,ICAM4,MRPL4,PIN1,PPAN,RAB11B,UBL5",H3K27ac,0.83,,37493,,K562,bg_all
chr19:9835947-9836446,chr19,9835947,9836446,10,0,False,False,False,,"DNM2,DNMT1,EIF3G,HNRNPM,ICAM3,ICAM4,MRPL4,PPAN,RAB11B,UBL5",H3K27ac,0.94,,8304,,K562,bg_all
chr19:9847007-9847506,chr19,9847007,9847506,10,0,False,False,False,,"DNM2,DNMT1,EIF3G,HNRNPM,ICAM3,ICAM4,MRPL4,PPAN,RAB11B,UBL5",H3K27ac,0.96,,19364,,K562,bg_all
chr19:9848004-9848503,chr19,9848004,9848503,10,0,False,False,False,,"DNM2,DNMT1,EIF3G,HNRNPM,ICAM3,ICAM4,MRPL4,PPAN,RAB11B,UBL5",CTCF element,0.97,,20361,,K562,bg_all
chr19:9917169-9917668,chr19,9917169,9917668,11,0,False,False,False,,"DNM2,DNMT1,EIF3G,HNRNPM,ICAM3,ICAM4,MRPL4,PIN1,PPAN,RAB11B,UBL5",No H3K27ac,0.92,,82161,,K562,bg_all
chr1:152227261-152227760,chr1,152227261,152227760,9,0,False,False,False,,"CHTOP,ILF2,JTB,RAB13,S100A13,S100A6,SLC39A1,SNAPIN,TPM3",No H3K27ac,0.71,,1308734,,K562,bg_all
chr1:152397425-152397924,chr1,152397425,152397924,9,0,False,False,False,,"CHTOP,ILF2,JTB,RAB13,S100A13,S100A6,SLC39A1,SNAPIN,TPM3",CTCF element,0.77,,1138570,,K562,bg_all
chr1:152451216-152451715,chr1,152451216,152451715,9,0,False,False,False,,"CHTOP,ILF2,JTB,RAB13,S100A13,S100A6,SLC39A1,SNAPIN,TPM3",CTCF element,0.94,,1084779,,K562,bg_all
chr1:152869758-152870257,chr1,152869758,152870257,9,0,False,False,False,,"CHTOP,ILF2,JTB,RAB13,S100A13,S100A6,SLC39A1,SNAPIN,TPM3",CTCF element,0.96,,666237,,K562,bg_all
chr1:152871115-152871694,chr1,152871115,152871694,9,0,False,False,False,,"CHTOP,ILF2,JTB,RAB13,S100A13,S100A6,SLC39A1,SNAPIN,TPM3",CTCF element,0.99,,664840,,K562,bg_all
chr1:152917747-152918246,chr1,152917747,152918246,9,0,False,False,False,,"CHTOP,ILF2,JTB,RAB13,S100A13,S100A6,SLC39A1,SNAPIN,TPM3",CTCF element,0.83,,618248,,K562,bg_all
chr1:153059158-153059706,chr1,153059158,153059706,9,0,False,False,False,,"CHTOP,ILF2,JTB,RAB13,S100A13,S100A6,SLC39A1,SNAPIN,TPM3",High H3K27ac,1.0,,476813,,K562,bg_all
chr1:153190323-153190822,chr1,153190323,153190822,9,0,False,False,False,,"CHTOP,ILF2,JTB,RAB13,S100A13,S100A6,SLC39A1,SNAPIN,TPM3",CTCF element,0.82,,345672,,K562,bg_all
chr1:153229195-153229694,chr1,153229195,153229694,8,0,False,False,False,,"CHTOP,ILF2,JTB,RAB13,S100A13,SLC39A1,SNAPIN,TPM3",CTCF element,0.84,,401916,,K562,bg_all
chr1:153353525-153354024,chr1,153353525,153354024,9,0,False,False,False,,"CHTOP,ILF2,JTB,RAB13,S100A13,S100A6,SLC39A1,SNAPIN,TPM3",H3K27ac,0.92,,182470,,K562,bg_all
chr1:153393999-153394498,chr1,153393999,153394498,9,0,False,False,False,,"CHTOP,ILF2,JTB,RAB13,S100A13,S100A6,SLC39A1,SNAPIN,TPM3",CTCF element,0.96,,141996,,K562,bg_all
chr1:153452359-153452858,chr1,153452359,153452858,8,0,False,False,False,,"CHTOP,ILF2,JTB,RAB13,S100A13,SLC39A1,SNAPIN,TPM3",No H3K27ac,0.54,,178752,,K562,bg_all
chr1:153465685-153466184,chr1,153465685,153466184,9,0,False,False,False,,"CHTOP,ILF2,JTB,RAB13,S100A13,S100A6,SLC39A1,SNAPIN,TPM3",CTCF element,0.96,,70310,,K562,bg_all
chr1:153494837-153495336,chr1,153494837,153495336,9,0,False,False,False,,"CHTOP,ILF2,JTB,RAB13,S100A13,S100A6,SLC39A1,SNAPIN,TPM3",CTCF element,0.92,,41158,,K562,bg_all
chr1:153509686-153510185,chr1,153509686,153510185,9,0,False,False,False,,"CHTOP,ILF2,JTB,RAB13,S100A13,S100A6,SLC39A1,SNAPIN,TPM3",H3K27ac,0.93,,26309,,K562,bg_all
chr1:153577468-153577967,chr1,153577468,153577967,9,0,False,False,False,,"CHTOP,ILF2,JTB,RAB13,S100A13,S100A6,SLC39A1,SNAPIN,TPM3",No H3K27ac,0.89,,41473,,K562,bg_all
chr1:153697138-153697637,chr1,153697138,153697637,9,0,False,False,False,,"CHTOP,ILF2,JTB,RAB13,S100A13,S100A6,SLC39A1,SNAPIN,TPM3",High H3K27ac,0.94,,26359,,K562,bg_all
chr1:153697694-153698193,chr1,153697694,153698193,9,0,False,False,False,,"CHTOP,ILF2,JTB,RAB13,S100A13,S100A6,SLC39A1,SNAPIN,TPM3",High H3K27ac,0.94,,26915,,K562,bg_all
chr1:153728694-153729193,chr1,153728694,153729193,8,0,False,False,False,,"CHTOP,ILF2,JTB,RAB13,S100A13,SLC39A1,SNAPIN,TPM3",H3K27ac,0.88,,57915,,K562,bg_all
chr1:153797149-153797648,chr1,153797149,153797648,9,0,False,False,False,,"CHTOP,ILF2,JTB,RAB13,S100A13,S100A6,SLC39A1,SNAPIN,TPM3",CTCF element,0.91,,126370,,K562,bg_all
chr1:153880944-153881443,chr1,153880944,153881443,9,0,False,False,False,,"CHTOP,ILF2,JTB,RAB13,S100A13,S100A6,SLC39A1,SNAPIN,TPM3",H3K27ac,0.89,,86991,,K562,bg_all
chr1:233238995-233239494,chr1,233238995,233239494,4,0,False,False,False,,"COA6,IRF2BP2,KCNK1,NTPCR",CTCF element,0.68,,288639,,K562,bg_all
chr1:233304446-233304945,chr1,233304446,233304945,4,0,False,False,False,,"COA6,IRF2BP2,KCNK1,NTPCR",CTCF element,0.31,,309411,,K562,bg_all
chr1:233575440-233575939,chr1,233575440,233575939,4,0,False,False,False,,"COA6,IRF2BP2,KCNK1,NTPCR",No H3K27ac,0.86,,38417,,K562,bg_all
chr1:233675930-233676429,chr1,233675930,233676429,4,0,False,False,False,,"COA6,IRF2BP2,KCNK1,NTPCR",CTCF element,0.8,,62073,,K562,bg_all
chr1:233707086-233708073,chr1,233707086,233708073,8,0,False,False,False,,"COA6,IRF2BP2,KCNK1,NTPCR",High H3K27ac,0.84,,93229,,K562,bg_all
chr1:233791033-233791532,chr1,233791033,233791532,4,0,False,False,False,,"COA6,IRF2BP2,KCNK1,NTPCR",H3K27ac,0.84,,177176,,K562,bg_all
chr1:233905626-233906125,chr1,233905626,233906125,4,0,False,False,False,,"COA6,IRF2BP2,KCNK1,NTPCR",H3K27me3 element,0.94,,291769,,K562,bg_all
chr1:233962820-233963319,chr1,233962820,233963319,4,0,False,False,False,,"COA6,IRF2BP2,KCNK1,NTPCR",H3K27ac,0.74,,348963,,K562,bg_all
chr1:233972852-233973351,chr1,233972852,233973351,4,0,False,False,False,,"COA6,IRF2BP2,KCNK1,NTPCR",High H3K27ac,0.82,,358995,,K562,bg_all
chr1:233973475-233973974,chr1,233973475,233973974,4,0,False,False,False,,"COA6,IRF2BP2,KCNK1,NTPCR",H3K27ac,0.89,,359618,,K562,bg_all
chr1:234069727-234070226,chr1,234069727,234070226,4,0,False,False,False,,"COA6,IRF2BP2,KCNK1,NTPCR",H3K27ac,0.88,,303480,,K562,bg_all
chr1:234326546-234327045,chr1,234326546,234327045,4,0,False,False,False,,"COA6,IRF2BP2,KCNK1,NTPCR",CTCF element,0.87,,46661,,K562,bg_all
chr1:234361159-234361658,chr1,234361159,234361658,4,0,False,False,False,,"COA6,IRF2BP2,KCNK1,NTPCR",High H3K27ac,0.79,,12048,,K562,bg_all
chr1:234495425-234495924,chr1,234495425,234495924,4,0,False,False,False,,"COA6,IRF2BP2,KCNK1,NTPCR",H3K27ac,0.66,,113851,,K562,bg_all
chr1:234523530-234524029,chr1,234523530,234524029,4,0,False,False,False,,"COA6,IRF2BP2,KCNK1,NTPCR",H3K27ac,0.87,,85746,,K562,bg_all
chr1:234527481-234527980,chr1,234527481,234527980,4,0,False,False,False,,"COA6,IRF2BP2,KCNK1,NTPCR",H3K27ac,0.79,,81795,,K562,bg_all
chr1:234545602-234546101,chr1,234545602,234546101,4,0,False,False,False,,"COA6,IRF2BP2,KCNK1,NTPCR",H3K27ac,0.84,,63674,,K562,bg_all
chr1:234558312-234558811,chr1,234558312,234558811,4,0,False,False,False,,"COA6,IRF2BP2,KCNK1,NTPCR",H3K27ac,0.81,,50964,,K562,bg_all
chr1:234583660-234584159,chr1,234583660,234584159,4,0,False,False,False,,"COA6,IRF2BP2,KCNK1,NTPCR",H3K27ac,0.89,,25616,,K562,bg_all
chr1:234599762-234600277,chr1,234599762,234600277,4,0,False,False,False,,"COA6,IRF2BP2,KCNK1,NTPCR",High H3K27ac,0.94,,9506,,K562,bg_all
chr1:234600471-234600970,chr1,234600471,234600970,4,0,False,False,False,,"COA6,IRF2BP2,KCNK1,NTPCR",High H3K27ac,0.8,,8805,,K562,bg_all
chr1:234601564-234602063,chr1,234601564,234602063,4,0,False,False,False,,"COA6,IRF2BP2,KCNK1,NTPCR",H3K27ac,0.73,,7712,,K562,bg_all
chr1:234602661-234603160,chr1,234602661,234603160,4,0,False,False,False,,"COA6,IRF2BP2,KCNK1,NTPCR",High H3K27ac,0.88,,6615,,K562,bg_all
chr1:234606992-234607491,chr1,234606992,234607491,3,0,False,False,False,,"COA6,KCNK1,NTPCR",High H3K27ac,0.85,,233785,,K562,bg_all
chr1:234610824-234611628,chr1,234610824,234611628,8,0,False,False,False,,"COA6,IRF2BP2,KCNK1,NTPCR",High H3K27ac,0.88,,1548,,K562,bg_all
chr1:234611894-234612393,chr1,234611894,234612393,4,0,False,False,False,,"COA6,IRF2BP2,KCNK1,NTPCR",High H3K27ac,0.88,,2618,,K562,bg_all
chr1:234624658-234625157,chr1,234624658,234625157,4,0,False,False,False,,"COA6,IRF2BP2,KCNK1,NTPCR",No H3K27ac,0.88,,15382,,K562,bg_all
chr1:234657103-234657602,chr1,234657103,234657602,4,0,False,False,False,,"COA6,IRF2BP2,KCNK1,NTPCR",H3K27ac,0.91,,47827,,K562,bg_all
chr1:234721650-234722149,chr1,234721650,234722149,4,0,False,False,False,,"COA6,IRF2BP2,KCNK1,NTPCR",H3K27ac,0.8,,112375,,K562,bg_all
chr1:234725293-234725832,chr1,234725293,234725832,4,0,False,False,False,,"COA6,IRF2BP2,KCNK1,NTPCR",High H3K27ac,0.99,,116038,,K562,bg_all
chr1:234869416-234869915,chr1,234869416,234869915,4,0,False,False,False,,"COA6,IRF2BP2,KCNK1,NTPCR",H3K27ac,0.87,,260141,,K562,bg_all
chr1:234893709-234894208,chr1,234893709,234894208,4,0,False,False,False,,"COA6,IRF2BP2,KCNK1,NTPCR",High H3K27ac,0.91,,284434,,K562,bg_all
chr1:234960618-234961117,chr1,234960618,234961117,3,0,False,False,False,,"COA6,IRF2BP2,KCNK1",H3K27ac,0.9,,351343,,K562,bg_all
chr1:234962441-234962940,chr1,234962441,234962940,3,0,False,False,False,,"COA6,IRF2BP2,KCNK1",High H3K27ac,0.71,,353166,,K562,bg_all
chr1:234976408-234976907,chr1,234976408,234976907,3,0,False,False,False,,"COA6,IRF2BP2,KCNK1",H3K27ac,0.88,,367133,,K562,bg_all
chr1:235000367-235000866,chr1,235000367,235000866,3,0,False,False,False,,"COA6,IRF2BP2,KCNK1",H3K27ac,0.86,,391092,,K562,bg_all
chr20:18588550-18589049,chr20,18588550,18589049,2,0,False,False,False,,"NAA20,SMIM26",H3K27ac,0.94,,21452,,K562,bg_all
chr20:18624869-18625368,chr20,18624869,18625368,2,0,False,False,False,,"NAA20,SMIM26",No H3K27ac,0.86,,57771,,K562,bg_all
chr20:18628288-18628787,chr20,18628288,18628787,2,0,False,False,False,,"NAA20,SMIM26",CTCF element,0.96,,61190,,K562,bg_all
chr20:18632140-18632639,chr20,18632140,18632639,2,0,False,False,False,,"NAA20,SMIM26",CTCF element,0.89,,65042,,K562,bg_all
chr20:18738031-18738530,chr20,18738031,18738530,2,0,False,False,False,,"NAA20,SMIM26",No H3K27ac,0.88,,170933,,K562,bg_all
chr20:18738789-18739288,chr20,18738789,18739288,2,0,False,False,False,,"NAA20,SMIM26",No H3K27ac,0.89,,171691,,K562,bg_all
chr20:18739780-18740279,chr20,18739780,18740279,2,0,False,False,False,,"NAA20,SMIM26",No H3K27ac,0.77,,172682,,K562,bg_all
chr20:18830503-18831002,chr20,18830503,18831002,3,0,False,False,False,,"DTD1,NAA20,SMIM26",No H3K27ac,0.91,,242859,,K562,bg_all
chr20:18984171-18984670,chr20,18984171,18984670,3,0,False,False,False,,"DTD1,NAA20,SMIM26",No H3K27ac,0.92,,396527,,K562,bg_all
chr20:19073510-19074009,chr20,19073510,19074009,3,0,False,False,False,,"DTD1,NAA20,SMIM26",CTCF element,0.88,,485866,,K562,bg_all
chr20:19096785-19097284,chr20,19096785,19097284,3,0,False,False,False,,"DTD1,NAA20,SMIM26",No H3K27ac,0.9,,509141,,K562,bg_all
chr20:19205866-19206365,chr20,19205866,19206365,3,0,False,False,False,,"DTD1,NAA20,SMIM26",CTCF element,0.95,,618222,,K562,bg_all
chr20:19486384-19486883,chr20,19486384,19486883,3,0,False,False,False,,"DTD1,NAA20,SMIM26",No H3K27ac,0.83,,530677,,K562,bg_all
chr20:19510602-19511101,chr20,19510602,19511101,3,0,False,False,False,,"DTD1,NAA20,SMIM26",No H3K27ac,0.94,,506459,,K562,bg_all
chr20:19631348-19631847,chr20,19631348,19631847,3,0,False,False,False,,"DTD1,NAA20,SMIM26",No H3K27ac,0.66,,385713,,K562,bg_all
chr20:19658100-19658599,chr20,19658100,19658599,3,0,False,False,False,,"DTD1,NAA20,SMIM26",No H3K27ac,0.95,,358961,,K562,bg_all
chr20:19662332-19662831,chr20,19662332,19662831,3,0,False,False,False,,"DTD1,NAA20,SMIM26",CTCF element,0.9,,354729,,K562,bg_all
chr20:19688297-19688796,chr20,19688297,19688796,3,0,False,False,False,,"DTD1,NAA20,SMIM26",CTCF element,0.92,,328764,,K562,bg_all
chr20:19692543-19693042,chr20,19692543,19693042,3,0,False,False,False,,"DTD1,NAA20,SMIM26",CTCF element,0.88,,324518,,K562,bg_all
chr20:19788931-19789430,chr20,19788931,19789430,3,0,False,False,False,,"DTD1,NAA20,SMIM26",No H3K27ac,0.43,,228130,,K562,bg_all
chr20:19823912-19824411,chr20,19823912,19824411,3,0,False,False,False,,"DTD1,NAA20,SMIM26",No H3K27ac,0.88,,193149,,K562,bg_all
chr20:19903066-19903565,chr20,19903066,19903565,3,0,False,False,False,,"DTD1,NAA20,SMIM26",CTCF element,0.89,,113995,,K562,bg_all
chr20:19964518-19965017,chr20,19964518,19965017,3,0,False,False,False,,"DTD1,NAA20,SMIM26",No H3K27ac,0.9,,52543,,K562,bg_all
chr20:19993265-19993764,chr20,19993265,19993764,3,0,False,False,False,,"DTD1,NAA20,SMIM26",No H3K27ac,0.94,,23796,,K562,bg_all
chr20:20002506-20003005,chr20,20002506,20003005,3,0,False,False,False,,"DTD1,NAA20,SMIM26",No H3K27ac,0.89,,14555,,K562,bg_all
chr20:20018326-20018825,chr20,20018326,20018825,2,0,False,False,False,,"DTD1,SMIM26",H3K27ac,0.81,,1430682,,K562,bg_all
chr20:20130380-20130879,chr20,20130380,20130879,3,0,False,False,False,,"DTD1,NAA20,SMIM26",CTCF element,0.58,,113319,,K562,bg_all
chr20:20232899-20233398,chr20,20232899,20233398,3,0,False,False,False,,"DTD1,NAA20,SMIM26",No H3K27ac,0.96,,215838,,K562,bg_all
chr20:20237309-20237808,chr20,20237309,20237808,3,0,False,False,False,,"DTD1,NAA20,SMIM26",CTCF element,0.91,,220248,,K562,bg_all
chr20:20360333-20360832,chr20,20360333,20360832,3,0,False,False,False,,"DTD1,NAA20,SMIM26",CTCF element,0.85,,343272,,K562,bg_all
chr20:20393053-20393552,chr20,20393053,20393552,3,0,False,False,False,,"DTD1,NAA20,SMIM26",No H3K27ac,0.96,,375992,,K562,bg_all
chr20:20410676-20411175,chr20,20410676,20411175,3,0,False,False,False,,"DTD1,NAA20,SMIM26",No H3K27ac,0.93,,393615,,K562,bg_all
chr21:44444394-44444893,chr21,44444394,44444893,11,0,False,False,False,,"CBS,CSTB,GATD3A,NDUFV3,PDXK,PTTG1IP,RRP1,RRP1B,SUMO3,U2AF1,UBE2G2",CTCF element,0.94,,311034,,K562,bg_all
chr21:44482701-44483200,chr21,44482701,44483200,11,0,False,False,False,,"CBS,CSTB,GATD3A,NDUFV3,PDXK,PTTG1IP,RRP1,RRP1B,SUMO3,U2AF1,UBE2G2",H3K27me3 element,0.86,,318908,,K562,bg_all
chr21:44485080-44485579,chr21,44485080,44485579,11,0,False,False,False,,"CBS,CSTB,GATD3A,NDUFV3,PDXK,PTTG1IP,RRP1,RRP1B,SUMO3,U2AF1,UBE2G2",CTCF element,0.94,,316529,,K562,bg_all
chr21:44836480-44836979,chr21,44836480,44836979,11,0,False,False,False,,"CBS,CSTB,GATD3A,NDUFV3,PDXK,PTTG1IP,RRP1,RRP1B,SUMO3,U2AF1,UBE2G2",H3K27ac,0.92,,17950,,K562,bg_all
chr21:44854660-44855159,chr21,44854660,44855159,10,0,False,False,False,,"CBS,CSTB,GATD3A,NDUFV3,PDXK,RRP1,RRP1B,SUMO3,U2AF1,UBE2G2",High H3K27ac,0.93,,36130,,K562,bg_all
chr21:44869783-44870282,chr21,44869783,44870282,10,0,False,False,False,,"CBS,CSTB,GATD3A,NDUFV3,PDXK,RRP1,RRP1B,SUMO3,U2AF1,UBE2G2",H3K27ac,0.94,,51253,,K562,bg_all
chr21:44871863-44872362,chr21,44871863,44872362,10,0,False,False,False,,"CBS,CSTB,GATD3A,NDUFV3,PDXK,RRP1,RRP1B,SUMO3,U2AF1,UBE2G2",H3K27ac,0.9,,53333,,K562,bg_all
chr21:44897627-44898126,chr21,44897627,44898126,10,0,False,False,False,,"CBS,CSTB,GATD3A,PDXK,PTTG1IP,RRP1,RRP1B,SUMO3,U2AF1,UBE2G2",No H3K27ac,0.9,,23973,,K562,bg_all
chr21:44927438-44927937,chr21,44927438,44927937,10,0,False,False,False,,"CBS,CSTB,GATD3A,PDXK,PTTG1IP,RRP1,RRP1B,SUMO3,U2AF1,UBE2G2",H3K27ac,0.97,,53784,,K562,bg_all
chr21:45137019-45137518,chr21,45137019,45137518,8,0,False,False,False,,"CSTB,GATD3A,PDXK,PTTG1IP,RRP1,RRP1B,SUMO3,UBE2G2",H3K27ac,0.92,,263365,,K562,bg_all
chr21:45138517-45139016,chr21,45138517,45139016,8,0,False,False,False,,"CSTB,GATD3A,PDXK,PTTG1IP,RRP1,RRP1B,SUMO3,UBE2G2",H3K27ac,0.9,,264863,,K562,bg_all
chr21:45167824-45168323,chr21,45167824,45168323,8,0,False,False,False,,"CSTB,GATD3A,PDXK,PTTG1IP,RRP1,RRP1B,SUMO3,UBE2G2",H3K27ac,0.9,,294170,,K562,bg_all
chr21:45278586-45279085,chr21,45278586,45279085,8,0,False,False,False,,"CSTB,GATD3A,PDXK,PTTG1IP,RRP1,RRP1B,SUMO3,UBE2G2",H3K27ac,0.92,,404932,,K562,bg_all
chr21:45299366-45299865,chr21,45299366,45299865,8,0,False,False,False,,"CSTB,GATD3A,PDXK,PTTG1IP,RRP1,RRP1B,SUMO3,UBE2G2",H3K27ac,0.9,,425712,,K562,bg_all
chr21:45360141-45360640,chr21,45360141,45360640,8,0,False,False,False,,"CSTB,GATD3A,PDXK,PTTG1IP,RRP1,RRP1B,SUMO3,UBE2G2",H3K27ac,0.89,,486487,,K562,bg_all
chr21:45382987-45383486,chr21,45382987,45383486,8,0,False,False,False,,"CSTB,GATD3A,PDXK,PTTG1IP,RRP1,RRP1B,SUMO3,UBE2G2",H3K27ac,0.92,,509333,,K562,bg_all
chr21:45406937-45407436,chr21,45406937,45407436,8,0,False,False,False,,"CSTB,GATD3A,PDXK,PTTG1IP,RRP1,RRP1B,SUMO3,UBE2G2",H3K27ac,0.93,,533283,,K562,bg_all
chr21:45541102-45541601,chr21,45541102,45541601,8,0,False,False,False,,"CSTB,GATD3A,PDXK,PTTG1IP,RRP1,RRP1B,SUMO3,UBE2G2",H3K27ac,0.98,,667447,,K562,bg_all
chr21:45555953-45556452,chr21,45555953,45556452,8,0,False,False,False,,"CSTB,GATD3A,PDXK,PTTG1IP,RRP1,RRP1B,SUMO3,UBE2G2",H3K27ac,0.92,,682298,,K562,bg_all
chr21:45818177-45818676,chr21,45818177,45818676,4,0,False,False,False,,"GATD3A,PTTG1IP,SUMO3,UBE2G2",CTCF element,0.91,,944522,,K562,bg_all
chr21:45874960-45875459,chr21,45874960,45875459,4,0,False,False,False,,"GATD3A,PTTG1IP,SUMO3,UBE2G2",H3K27me3 element,0.9,,1001305,,K562,bg_all
chr21:46040609-46041108,chr21,46040609,46041108,4,0,False,False,False,,"GATD3A,PTTG1IP,SUMO3,UBE2G2",H3K27ac,0.91,,1166954,,K562,bg_all
chr21:46066452-46066951,chr21,46066452,46066951,4,0,False,False,False,,"GATD3A,PTTG1IP,SUMO3,UBE2G2",H3K27me3 element,0.89,,1192797,,K562,bg_all
chr21:46143867-46144366,chr21,46143867,46144366,3,0,False,False,False,,"PTTG1IP,SUMO3,UBE2G2",High H3K27ac,0.73,,1270212,,K562,bg_all
chr21:46173112-46174110,chr21,46173112,46174110,6,0,False,False,False,,"PTTG1IP,SUMO3,UBE2G2",H3K27ac,0.93,,1299457,,K562,bg_all
chr21:46188324-46188823,chr21,46188324,46188823,3,0,False,False,False,,"PTTG1IP,SUMO3,UBE2G2",High H3K27ac,0.91,,1314669,,K562,bg_all
chr21:46210361-46210860,chr21,46210361,46210860,3,0,False,False,False,,"PTTG1IP,SUMO3,UBE2G2",H3K27ac,0.94,,1336706,,K562,bg_all
chr21:46253662-46254161,chr21,46253662,46254161,3,0,False,False,False,,"PTTG1IP,SUMO3,UBE2G2",High H3K27ac,0.57,,1380007,,K562,bg_all
chr2:53975305-53976127,chr2,53975305,53976127,4,0,False,False,False,,"ERLEC1,RTN4",No H3K27ac,0.36,,188510,,K562,bg_all
chr2:54106872-54107371,chr2,54106872,54107371,2,0,False,False,False,,"ERLEC1,RTN4",CTCF element,0.61,,320077,,K562,bg_all
chr2:54176521-54177020,chr2,54176521,54177020,2,0,False,False,False,,"ERLEC1,RTN4",CTCF element,0.56,,389726,,K562,bg_all
chr2:54313044-54313543,chr2,54313044,54313543,2,0,False,False,False,,"ERLEC1,RTN4",No H3K27ac,0.66,,526249,,K562,bg_all
chr2:54416520-54417019,chr2,54416520,54417019,2,0,False,False,False,,"ERLEC1,RTN4",H3K27ac,0.45,,629725,,K562,bg_all
chr2:54546499-54546998,chr2,54546499,54546998,2,0,False,False,False,,"ERLEC1,RTN4",No H3K27ac,0.42,,565872,,K562,bg_all
chr2:54558844-54559343,chr2,54558844,54559343,2,0,False,False,False,,"ERLEC1,RTN4",High H3K27ac,0.51,,553527,,K562,bg_all
chr2:54559412-54559911,chr2,54559412,54559911,2,0,False,False,False,,"ERLEC1,RTN4",High H3K27ac,0.56,,552959,,K562,bg_all
chr2:54568979-54569478,chr2,54568979,54569478,2,0,False,False,False,,"ERLEC1,RTN4",H3K27ac,0.62,,543392,,K562,bg_all
chr2:54585116-54585615,chr2,54585116,54585615,2,0,False,False,False,,"ERLEC1,RTN4",H3K27ac,0.41,,527255,,K562,bg_all
chr2:54598549-54599048,chr2,54598549,54599048,2,0,False,False,False,,"ERLEC1,RTN4",No H3K27ac,0.6,,513822,,K562,bg_all
chr2:54657514-54658013,chr2,54657514,54658013,2,0,False,False,False,,"ERLEC1,RTN4",CTCF element,0.68,,454857,,K562,bg_all
chr2:54838496-54838995,chr2,54838496,54838995,2,0,False,False,False,,"ERLEC1,RTN4",CTCF element,0.67,,273875,,K562,bg_all
chr2:54859369-54859868,chr2,54859369,54859868,2,0,False,False,False,,"ERLEC1,RTN4",CTCF element,0.66,,253002,,K562,bg_all
chr2:54954962-54955461,chr2,54954962,54955461,2,0,False,False,False,,"ERLEC1,RTN4",High H3K27ac,0.77,,157409,,K562,bg_all
chr2:55055975-55056474,chr2,55055975,55056474,1,0,False,False,False,,ERLEC1,H3K27ac,0.43,,1269179,,K562,bg_all
chr2:55070946-55071445,chr2,55070946,55071445,1,0,False,False,False,,ERLEC1,CTCF element,0.12,,1284150,,K562,bg_all
chr2:55090625-55091124,chr2,55090625,55091124,1,0,False,False,False,,ERLEC1,H3K27ac,0.38,,1303829,,K562,bg_all
chr2:55106163-55106662,chr2,55106163,55106662,1,0,False,False,False,,ERLEC1,H3K27ac,0.2,,1319367,,K562,bg_all
chr2:55120520-55121019,chr2,55120520,55121019,2,0,False,False,False,,"ERLEC1,RTN4",High H3K27ac,0.7,,8148,,K562,bg_all
chr2:55141439-55141938,chr2,55141439,55141938,2,0,False,False,False,,"ERLEC1,RTN4",High H3K27ac,0.72,,29067,,K562,bg_all
chr2:55157463-55157962,chr2,55157463,55157962,2,0,False,False,False,,"ERLEC1,RTN4",H3K27ac,0.6,,45091,,K562,bg_all
chr2:55168496-55168995,chr2,55168496,55168995,2,0,False,False,False,,"ERLEC1,RTN4",CTCF element,0.33,,56124,,K562,bg_all
chr2:55222926-55223425,chr2,55222926,55223425,2,0,False,False,False,,"ERLEC1,RTN4",H3K27ac,0.16,,110554,,K562,bg_all
chr2:55283956-55284455,chr2,55283956,55284455,2,0,False,False,False,,"ERLEC1,RTN4",H3K27ac,0.65,,171584,,K562,bg_all
chr2:85266407-85266906,chr2,85266407,85266906,11,0,False,False,False,,"CAPG,IMMT,KCMF1,MAT2A,MRPL35,PTCD3,RNF181,TMEM150A,TMSB10,USP39,VAMP8",CTCF element,0.96,,151776,,K562,bg_all
chr2:85298695-85299194,chr2,85298695,85299194,11,0,False,False,False,,"CAPG,IMMT,KCMF1,MAT2A,MRPL35,PTCD3,RNF181,TMEM150A,TMSB10,USP39,VAMP8",CTCF element,0.91,,119488,,K562,bg_all
chr2:85391179-85391678,chr2,85391179,85391678,11,0,False,False,False,,"CAPG,IMMT,KCMF1,MAT2A,MRPL35,PTCD3,RNF181,TMEM150A,TMSB10,USP39,VAMP8",CTCF element,0.96,,27004,,K562,bg_all
chr2:85392397-85392896,chr2,85392397,85392896,11,0,False,False,False,,"CAPG,IMMT,KCMF1,MAT2A,MRPL35,PTCD3,RNF181,TMEM150A,TMSB10,USP39,VAMP8",No H3K27ac,0.95,,25786,,K562,bg_all
chr2:85420592-85421091,chr2,85420592,85421091,11,0,False,False,False,,"CAPG,IMMT,KCMF1,MAT2A,MRPL35,PTCD3,RNF181,TMEM150A,TMSB10,USP39,VAMP8",High H3K27ac,0.88,,2409,,K562,bg_all
chr2:85437452-85438331,chr2,85437452,85438331,22,0,False,False,False,,"CAPG,IMMT,KCMF1,MAT2A,MRPL35,PTCD3,RNF181,TMEM150A,TMSB10,USP39,VAMP8",High H3K27ac,0.95,,19269,,K562,bg_all
chr2:85552003-85552502,chr2,85552003,85552502,11,0,False,False,False,,"CAPG,IMMT,KCMF1,MAT2A,MRPL35,PTCD3,RNF181,TMEM150A,TMSB10,USP39,VAMP8",H3K27ac,0.92,,9310,,K562,bg_all
chr2:85581297-85581796,chr2,85581297,85581796,10,0,False,False,False,,"CAPG,IMMT,KCMF1,MAT2A,MRPL35,PTCD3,RNF181,TMEM150A,TMSB10,USP39",No H3K27ac,0.73,,14179,,K562,bg_all
chr2:85603796-85604295,chr2,85603796,85604295,9,0,False,False,False,,"CAPG,IMMT,KCMF1,MAT2A,MRPL35,PTCD3,RNF181,TMSB10,VAMP8",H3K27ac,0.87,,8320,,K562,bg_all
chr2:85679114-85679613,chr2,85679114,85679613,11,0,False,False,False,,"CAPG,IMMT,KCMF1,MAT2A,MRPL35,PTCD3,RNF181,TMEM150A,TMSB10,USP39,VAMP8",CTCF element,0.94,,76167,,K562,bg_all
chr2:85699261-85699760,chr2,85699261,85699760,11,0,False,False,False,,"CAPG,IMMT,KCMF1,MAT2A,MRPL35,PTCD3,RNF181,TMEM150A,TMSB10,USP39,VAMP8",No H3K27ac,0.97,,96314,,K562,bg_all
chr2:85717989-85718488,chr2,85717989,85718488,11,0,False,False,False,,"CAPG,IMMT,KCMF1,MAT2A,MRPL35,PTCD3,RNF181,TMEM150A,TMSB10,USP39,VAMP8",CTCF element,0.92,,115042,,K562,bg_all
chr2:85797900-85798399,chr2,85797900,85798399,11,0,False,False,False,,"CAPG,IMMT,KCMF1,MAT2A,MRPL35,PTCD3,RNF181,TMEM150A,TMSB10,USP39,VAMP8",CTCF element,0.9,,194953,,K562,bg_all
chr2:85873625-85874124,chr2,85873625,85874124,11,0,False,False,False,,"CAPG,IMMT,KCMF1,MAT2A,MRPL35,PTCD3,RNF181,TMEM150A,TMSB10,USP39,VAMP8",CTCF element,0.95,,232349,,K562,bg_all
chr2:85886470-85886969,chr2,85886470,85886969,11,0,False,False,False,,"CAPG,IMMT,KCMF1,MAT2A,MRPL35,PTCD3,RNF181,TMEM150A,TMSB10,USP39,VAMP8",H3K27ac,0.95,,219504,,K562,bg_all
chr2:85890844-85891343,chr2,85890844,85891343,11,0,False,False,False,,"CAPG,IMMT,KCMF1,MAT2A,MRPL35,PTCD3,RNF181,TMEM150A,TMSB10,USP39,VAMP8",H3K27ac,0.63,,215130,,K562,bg_all
chr2:85997025-85997524,chr2,85997025,85997524,11,0,False,False,False,,"CAPG,IMMT,KCMF1,MAT2A,MRPL35,PTCD3,RNF181,TMEM150A,TMSB10,USP39,VAMP8",High H3K27ac,0.94,,108949,,K562,bg_all
chr2:86079840-86080339,chr2,86079840,86080339,11,0,False,False,False,,"CAPG,IMMT,KCMF1,MAT2A,MRPL35,PTCD3,RNF181,TMEM150A,TMSB10,USP39,VAMP8",CTCF element,0.94,,26134,,K562,bg_all
chr2:86251923-86252422,chr2,86251923,86252422,11,0,False,False,False,,"CAPG,IMMT,KCMF1,MAT2A,MRPL35,PTCD3,RNF181,TMEM150A,TMSB10,USP39,VAMP8",H3K27me3 element,0.96,,52817,,K562,bg_all
chr2:86420858-86421357,chr2,86420858,86421357,11,0,False,False,False,,"CAPG,IMMT,KCMF1,MAT2A,MRPL35,PTCD3,RNF181,TMEM150A,TMSB10,USP39,VAMP8",No H3K27ac,0.94,,221752,,K562,bg_all
chr2:86603914-86604413,chr2,86603914,86604413,11,0,False,False,False,,"CAPG,IMMT,KCMF1,MAT2A,MRPL35,PTCD3,RNF181,TMEM150A,TMSB10,USP39,VAMP8",H3K27ac,0.94,,404808,,K562,bg_all
chr2:86621454-86621953,chr2,86621454,86621953,11,0,False,False,False,,"CAPG,IMMT,KCMF1,MAT2A,MRPL35,PTCD3,RNF181,TMEM150A,TMSB10,USP39,VAMP8",H3K27ac,0.78,,422348,,K562,bg_all
chr2:86834854-86835353,chr2,86834854,86835353,11,0,False,False,False,,"CAPG,IMMT,KCMF1,MAT2A,MRPL35,PTCD3,RNF181,TMEM150A,TMSB10,USP39,VAMP8",No H3K27ac,0.77,,635748,,K562,bg_all
chr2:86837210-86837709,chr2,86837210,86837709,11,0,False,False,False,,"CAPG,IMMT,KCMF1,MAT2A,MRPL35,PTCD3,RNF181,TMEM150A,TMSB10,USP39,VAMP8",No H3K27ac,0.73,,638104,,K562,bg_all
chr2:87074978-87075477,chr2,87074978,87075477,9,0,False,False,False,,"CAPG,IMMT,MAT2A,MRPL35,PTCD3,RNF181,TMEM150A,USP39,VAMP8",No H3K27ac,0.67,,875872,,K562,bg_all
chr3:48408637-48409136,chr3,48408637,48409136,14,0,False,False,False,,"ARIH2,IFRD2,IMPDH2,IP6K2,KLHDC8B,NDUFAF3,PRKAR2A,QARS,RBM6,RHOA,SHISA5,TMA7,TUSC2,UQCRC1",CTCF element,0.96,,31374,,K562,bg_all
chr3:48434522-48435021,chr3,48434522,48435021,14,0,False,False,False,,"ARIH2,IFRD2,IMPDH2,IP6K2,KLHDC8B,NDUFAF3,PRKAR2A,QARS,RBM6,RHOA,SHISA5,TMA7,TUSC2,UQCRC1",H3K27ac,0.97,,5486,,K562,bg_all
chr3:48592554-48593053,chr3,48592554,48593053,14,0,False,False,False,,"ARIH2,IFRD2,IMPDH2,IP6K2,KLHDC8B,NDUFAF3,PRKAR2A,QARS,RBM6,RHOA,SHISA5,TMA7,TUSC2,UQCRC1",No H3K27ac,0.98,,18173,,K562,bg_all
chr3:48783214-48783713,chr3,48783214,48783713,13,0,False,False,False,,"ARIH2,IFRD2,IMPDH2,IP6K2,KLHDC8B,NDUFAF3,QARS,RBM6,RHOA,SHISA5,TMA7,TUSC2,UQCRC1",H3K27ac,0.95,,43110,,K562,bg_all
chr3:48845137-48845636,chr3,48845137,48845636,13,0,False,False,False,,"ARIH2,IFRD2,IMPDH2,IP6K2,KLHDC8B,NDUFAF3,QARS,RBM6,RHOA,SHISA5,TMA7,TUSC2,UQCRC1",H3K27ac,0.94,,73435,,K562,bg_all
chr3:48858618-48859117,chr3,48858618,48859117,14,0,False,False,False,,"ARIH2,IFRD2,IMPDH2,IP6K2,KLHDC8B,NDUFAF3,PRKAR2A,QARS,RBM6,RHOA,SHISA5,TMA7,TUSC2,UQCRC1",H3K27ac,0.93,,10993,,K562,bg_all
chr3:48915281-48915780,chr3,48915281,48915780,14,0,False,False,False,,"ARIH2,IFRD2,IMPDH2,IP6K2,KLHDC8B,NDUFAF3,PRKAR2A,QARS,RBM6,RHOA,SHISA5,TMA7,TUSC2,UQCRC1",H3K27ac,0.95,,3291,,K562,bg_all
chr3:49014015-49014514,chr3,49014015,49014514,14,0,False,False,False,,"ARIH2,IFRD2,IMPDH2,IP6K2,KLHDC8B,NDUFAF3,PRKAR2A,QARS,RBM6,RHOA,SHISA5,TMA7,TUSC2,UQCRC1",CTCF element,0.86,,6195,,K562,bg_all
chr3:49158053-49158552,chr3,49158053,49158552,14,0,False,False,False,,"ARIH2,IFRD2,IMPDH2,IP6K2,KLHDC8B,NDUFAF3,PRKAR2A,QARS,RBM6,RHOA,SHISA5,TMA7,TUSC2,UQCRC1",H3K27ac,0.93,,13296,,K562,bg_all
chr3:49217904-49218403,chr3,49217904,49218403,14,0,False,False,False,,"ARIH2,IFRD2,IMPDH2,IP6K2,KLHDC8B,NDUFAF3,PRKAR2A,QARS,RBM6,RHOA,SHISA5,TMA7,TUSC2,UQCRC1",H3K27ac,0.79,,46555,,K562,bg_all
chr3:49465637-49466136,chr3,49465637,49466136,14,0,False,False,False,,"ARIH2,IFRD2,IMPDH2,IP6K2,KLHDC8B,NDUFAF3,PRKAR2A,QARS,RBM6,RHOA,SHISA5,TMA7,TUSC2,UQCRC1",H3K27ac,0.94,,52888,,K562,bg_all
chr3:49500919-49501418,chr3,49500919,49501418,14,0,False,False,False,,"ARIH2,IFRD2,IMPDH2,IP6K2,KLHDC8B,NDUFAF3,PRKAR2A,QARS,RBM6,RHOA,SHISA5,TMA7,TUSC2,UQCRC1",High H3K27ac,0.81,,88170,,K562,bg_all
chr3:49587467-49587966,chr3,49587467,49587966,14,0,False,False,False,,"ARIH2,IFRD2,IMPDH2,IP6K2,KLHDC8B,NDUFAF3,PRKAR2A,QARS,RBM6,RHOA,SHISA5,TMA7,TUSC2,UQCRC1",H3K27ac,0.85,,174718,,K562,bg_all
chr3:49757231-49757730,chr3,49757231,49757730,14,0,False,False,False,,"ARIH2,IFRD2,IMPDH2,IP6K2,KLHDC8B,NDUFAF3,PRKAR2A,QARS,RBM6,RHOA,SHISA5,TMA7,TUSC2,UQCRC1",No H3K27ac,0.78,,182527,,K562,bg_all
chr3:49789960-49790459,chr3,49789960,49790459,14,0,False,False,False,,"ARIH2,IFRD2,IMPDH2,IP6K2,KLHDC8B,NDUFAF3,PRKAR2A,QARS,RBM6,RHOA,SHISA5,TMA7,TUSC2,UQCRC1",No H3K27ac,0.81,,149798,,K562,bg_all
chr3:49869137-49869636,chr3,49869137,49869636,14,0,False,False,False,,"ARIH2,IFRD2,IMPDH2,IP6K2,KLHDC8B,NDUFAF3,PRKAR2A,QARS,RBM6,RHOA,SHISA5,TMA7,TUSC2,UQCRC1",No H3K27ac,0.92,,70621,,K562,bg_all
chr3:50170613-50171112,chr3,50170613,50171112,14,0,False,False,False,,"ARIH2,IFRD2,IMPDH2,IP6K2,KLHDC8B,NDUFAF3,PRKAR2A,QARS,RBM6,RHOA,SHISA5,TMA7,TUSC2,UQCRC1",H3K27ac,0.97,,122054,,K562,bg_all
chr3:50259926-50260425,chr3,50259926,50260425,14,0,False,False,False,,"ARIH2,IFRD2,IMPDH2,IP6K2,KLHDC8B,NDUFAF3,PRKAR2A,QARS,RBM6,RHOA,SHISA5,TMA7,TUSC2,UQCRC1",H3K27ac,0.99,,32742,,K562,bg_all
chr3:50347163-50347662,chr3,50347163,50347662,14,0,False,False,False,,"ARIH2,IFRD2,IMPDH2,IP6K2,KLHDC8B,NDUFAF3,PRKAR2A,QARS,RBM6,RHOA,SHISA5,TMA7,TUSC2,UQCRC1",CTCF element,0.91,,19161,,K562,bg_all
chr6:106609652-106610151,chr6,106609652,106610151,4,0,False,False,False,,"ATG5,QRSL1,SEC63,SNX3",No H3K27ac,0.82,,19677,,K562,bg_all
chr6:106754129-106754628,chr6,106754129,106754628,4,0,False,False,False,,"ATG5,QRSL1,SEC63,SNX3",No H3K27ac,0.89,,124800,,K562,bg_all
chr6:106764572-106765071,chr6,106764572,106765071,4,0,False,False,False,,"ATG5,QRSL1,SEC63,SNX3",No H3K27ac,0.86,,135243,,K562,bg_all
chr6:106799086-106799585,chr6,106799086,106799585,4,0,False,False,False,,"ATG5,QRSL1,SEC63,SNX3",No H3K27ac,0.93,,169757,,K562,bg_all
chr6:106829368-106829867,chr6,106829368,106829867,4,0,False,False,False,,"ATG5,QRSL1,SEC63,SNX3",H3K27ac,0.84,,200039,,K562,bg_all
chr6:106856177-106856676,chr6,106856177,106856676,4,0,False,False,False,,"ATG5,QRSL1,SEC63,SNX3",H3K27ac,0.75,,226848,,K562,bg_all
chr6:107079394-107079893,chr6,107079394,107079893,4,0,False,False,False,,"ATG5,QRSL1,SEC63,SNX3",CTCF element,0.83,,323394,,K562,bg_all
chr6:107129624-107130123,chr6,107129624,107130123,4,0,False,False,False,,"ATG5,QRSL1,SEC63,SNX3",H3K27ac,0.81,,373624,,K562,bg_all
chr6:107185544-107186043,chr6,107185544,107186043,4,0,False,False,False,,"ATG5,QRSL1,SEC63,SNX3",CTCF element,0.86,,429544,,K562,bg_all
chr6:107398459-107398958,chr6,107398459,107398958,5,0,False,False,False,,"ATG5,CD164,QRSL1,SEC63,SNX3",H3K27ac,0.74,,559500,,K562,bg_all
chr6:107458172-107458671,chr6,107458172,107458671,5,0,False,False,False,,"ATG5,CD164,QRSL1,SEC63,SNX3",H3K27ac,0.23,,499787,,K562,bg_all
chr6:107510034-107510533,chr6,107510034,107510533,5,0,False,False,False,,"ATG5,CD164,QRSL1,SEC63,SNX3",H3K27ac,0.46,,447925,,K562,bg_all
chr6:107667714-107668213,chr6,107667714,107668213,5,0,False,False,False,,"ATG5,CD164,QRSL1,SEC63,SNX3",H3K27me3 element,0.67,,290245,,K562,bg_all
chr6:107675272-107675771,chr6,107675272,107675771,5,0,False,False,False,,"ATG5,CD164,QRSL1,SEC63,SNX3",CTCF element,0.84,,282687,,K562,bg_all
chr6:107716635-107717134,chr6,107716635,107717134,5,0,False,False,False,,"ATG5,CD164,QRSL1,SEC63,SNX3",No H3K27ac,0.86,,241324,,K562,bg_all
chr6:107729037-107729536,chr6,107729037,107729536,5,0,False,False,False,,"ATG5,CD164,QRSL1,SEC63,SNX3",CTCF element,0.78,,228922,,K562,bg_all
chr6:107768942-107769441,chr6,107768942,107769441,5,0,False,False,False,,"ATG5,CD164,QRSL1,SEC63,SNX3",No H3K27ac,0.83,,189017,,K562,bg_all
chr6:107848166-107848665,chr6,107848166,107848665,5,0,False,False,False,,"ATG5,CD164,QRSL1,SEC63,SNX3",H3K27ac,0.93,,109793,,K562,bg_all
chr6:108275916-108276415,chr6,108275916,108276415,5,0,False,False,False,,"ATG5,CD164,QRSL1,SEC63,SNX3",H3K27ac,0.87,,14919,,K562,bg_all
chr6:108277763-108278262,chr6,108277763,108278262,5,0,False,False,False,,"ATG5,CD164,QRSL1,SEC63,SNX3",H3K27ac,0.28,,16766,,K562,bg_all
chr6:108360867-108361366,chr6,108360867,108361366,5,0,False,False,False,,"ATG5,CD164,QRSL1,SEC63,SNX3",High H3K27ac,0.9,,99870,,K562,bg_all
chr6:108363993-108364492,chr6,108363993,108364492,5,0,False,False,False,,"ATG5,CD164,QRSL1,SEC63,SNX3",H3K27ac,0.8,,102996,,K562,bg_all
chr6:108492082-108492581,chr6,108492082,108492581,4,0,False,False,False,,"CD164,QRSL1,SEC63,SNX3",CTCF element,0.68,,231084,,K562,bg_all
chr6:108518901-108519400,chr6,108518901,108519400,4,0,False,False,False,,"CD164,QRSL1,SEC63,SNX3",CTCF element,0.81,,257903,,K562,bg_all
chr6:108557933-108558752,chr6,108557933,108558752,8,0,False,False,False,,"CD164,QRSL1,SEC63,SNX3",High H3K27ac,0.92,,296935,,K562,bg_all
chr6:108562613-108563112,chr6,108562613,108563112,4,0,False,False,False,,"CD164,QRSL1,SEC63,SNX3",H3K27ac,0.77,,301615,,K562,bg_all
chr6:108565373-108565872,chr6,108565373,108565872,4,0,False,False,False,,"CD164,QRSL1,SEC63,SNX3",H3K27ac,0.58,,304375,,K562,bg_all
chr6:117677436-117677935,chr6,117677436,117677935,3,0,False,False,False,,"ASF1A,GOPC,MAN1A1",H3K27ac,0.57,,75143,,K562,bg_all
chr6:117733271-117733770,chr6,117733271,117733770,4,0,False,False,False,,"ASF1A,GOPC,MAN1A1,NUS1",No H3K27ac,0.16,,58051,,K562,bg_all
chr6:117739736-117740235,chr6,117739736,117740235,4,0,False,False,False,,"ASF1A,GOPC,MAN1A1,NUS1",No H3K27ac,0.82,,64516,,K562,bg_all
chr6:117975981-117976480,chr6,117975981,117976480,4,0,False,False,False,,"ASF1A,GOPC,MAN1A1,NUS1",CTCF element,0.4,,300761,,K562,bg_all
chr6:118408815-118409314,chr6,118408815,118409314,4,0,False,False,False,,"ASF1A,GOPC,MAN1A1,NUS1",CTCF element,0.69,,485089,,K562,bg_all
chr6:118502099-118502598,chr6,118502099,118502598,4,0,False,False,False,,"ASF1A,GOPC,MAN1A1,NUS1",No H3K27ac,0.56,,391805,,K562,bg_all
chr6:118536410-118536909,chr6,118536410,118536909,4,0,False,False,False,,"ASF1A,GOPC,MAN1A1,NUS1",No H3K27ac,0.65,,357494,,K562,bg_all
chr6:118565260-118565759,chr6,118565260,118565759,4,0,False,False,False,,"ASF1A,GOPC,MAN1A1,NUS1",CTCF element,0.57,,328644,,K562,bg_all
chr6:118581734-118582294,chr6,118581734,118582294,4,0,False,False,False,,"ASF1A,GOPC,MAN1A1,NUS1",H3K27ac,0.91,,312140,,K562,bg_all
chr6:118630071-118630570,chr6,118630071,118630570,4,0,False,False,False,,"ASF1A,GOPC,MAN1A1,NUS1",H3K27ac,0.87,,263833,,K562,bg_all
chr6:118630893-118631392,chr6,118630893,118631392,4,0,False,False,False,,"ASF1A,GOPC,MAN1A1,NUS1",H3K27ac,0.66,,263011,,K562,bg_all
chr6:118677134-118677633,chr6,118677134,118677633,4,0,False,False,False,,"ASF1A,GOPC,MAN1A1,NUS1",No H3K27ac,0.68,,216770,,K562,bg_all
chr6:118746080-118746579,chr6,118746080,118746579,4,0,False,False,False,,"ASF1A,GOPC,MAN1A1,NUS1",H3K27ac,0.72,,147824,,K562,bg_all
chr6:118761665-118762164,chr6,118761665,118762164,4,0,False,False,False,,"ASF1A,GOPC,MAN1A1,NUS1",No H3K27ac,0.59,,132239,,K562,bg_all
chr6:118776476-118776975,chr6,118776476,118776975,4,0,False,False,False,,"ASF1A,GOPC,MAN1A1,NUS1",CTCF element,0.57,,117428,,K562,bg_all
chr6:118825662-118826161,chr6,118825662,118826161,4,0,False,False,False,,"ASF1A,GOPC,MAN1A1,NUS1",H3K27ac,0.68,,68242,,K562,bg_all
chr6:118892366-118892865,chr6,118892366,118892865,4,0,False,False,False,,"ASF1A,GOPC,MAN1A1,NUS1",High H3K27ac,0.36,,1537,,K562,bg_all
chr6:119037841-119038340,chr6,119037841,119038340,4,0,False,False,False,,"ASF1A,GOPC,MAN1A1,NUS1",H3K27ac,0.58,,143939,,K562,bg_all
chr6:119060514-119061013,chr6,119060514,119061013,4,0,False,False,False,,"ASF1A,GOPC,MAN1A1,NUS1",H3K27ac,0.53,,166612,,K562,bg_all
chr6:119073309-119073808,chr6,119073309,119073808,4,0,False,False,False,,"ASF1A,GOPC,MAN1A1,NUS1",No H3K27ac,0.59,,179407,,K562,bg_all
chr6:119110685-119111184,chr6,119110685,119111184,4,0,False,False,False,,"ASF1A,GOPC,MAN1A1,NUS1",H3K27ac,0.67,,216783,,K562,bg_all
chr6:119116836-119117335,chr6,119116836,119117335,4,0,False,False,False,,"ASF1A,GOPC,MAN1A1,NUS1",H3K27ac,0.73,,222934,,K562,bg_all
chr6:119216129-119216628,chr6,119216129,119216628,3,0,False,False,False,,"ASF1A,GOPC,NUS1",H3K27ac,0.64,,322227,,K562,bg_all
chr6:119325793-119326292,chr6,119325793,119326292,3,0,False,False,False,,"ASF1A,GOPC,NUS1",H3K27ac,0.71,,431891,,K562,bg_all
chr6:119348181-119349210,chr6,119348181,119349210,6,0,False,False,False,,"ASF1A,GOPC,NUS1",High H3K27ac,0.96,,454299,,K562,bg_all
chr6:119390323-119390822,chr6,119390323,119390822,4,0,False,False,False,,"ASF1A,GOPC,MAN1A1,NUS1",No H3K27ac,0.62,,40811,,K562,bg_all
chr6:119446709-119447208,chr6,119446709,119447208,4,0,False,False,False,,"ASF1A,GOPC,MAN1A1,NUS1",No H3K27ac,0.58,,97197,,K562,bg_all
chr6:119495282-119495781,chr6,119495282,119495781,4,0,False,False,False,,"ASF1A,GOPC,MAN1A1,NUS1",No H3K27ac,0.77,,145770,,K562,bg_all
chr6:119542045-119542544,chr6,119542045,119542544,4,0,False,False,False,,"ASF1A,GOPC,MAN1A1,NUS1",No H3K27ac,0.25,,192533,,K562,bg_all
chr6:119557137-119557636,chr6,119557137,119557636,4,0,False,False,False,,"ASF1A,GOPC,MAN1A1,NUS1",H3K27ac,0.57,,207625,,K562,bg_all
chr6:119575677-119576176,chr6,119575677,119576176,4,0,False,False,False,,"ASF1A,GOPC,MAN1A1,NUS1",No H3K27ac,0.7,,226165,,K562,bg_all
chr6:119590129-119590628,chr6,119590129,119590628,4,0,False,False,False,,"ASF1A,GOPC,MAN1A1,NUS1",H3K27ac,0.72,,240617,,K562,bg_all
chr6:119627233-119627732,chr6,119627233,119627732,3,0,False,False,False,,"ASF1A,MAN1A1,NUS1",High H3K27ac,0.59,,277721,,K562,bg_all
chr6:119629173-119629672,chr6,119629173,119629672,3,0,False,False,False,,"ASF1A,MAN1A1,NUS1",H3K27ac,0.7,,279657,,K562,bg_all
chr6:134978994-134979493,chr6,134978994,134979493,3,0,False,False,False,,"AHI1,BCLAF1,MYB",H3K27ac,0.18,,202065,,K562,bg_all
chr6:135088739-135089238,chr6,135088739,135089238,3,0,False,False,False,,"AHI1,BCLAF1,MYB",H3K27ac,0.22,,92320,,K562,bg_all
chr6:135105257-135105756,chr6,135105257,135105756,4,0,False,False,False,,"AHI1,BCLAF1,HBS1L,MYB",H3K27ac,0.47,,2450,,K562,bg_all
chr6:135148888-135149842,chr6,135148888,135149842,8,0,False,False,False,,"AHI1,BCLAF1,HBS1L,MYB",High H3K27ac,0.3,,31716,,K562,bg_all
chr6:135162614-135163113,chr6,135162614,135163113,4,0,False,False,False,,"AHI1,BCLAF1,HBS1L,MYB",CTCF element,0.52,,18445,,K562,bg_all
chr6:135181955-135182800,chr6,135181955,135182800,6,0,False,False,False,,"AHI1,BCLAF1,HBS1L",High H3K27ac,0.3,,79148,,K562,bg_all
chr6:135280686-135281185,chr6,135280686,135281185,4,0,False,False,False,,"AHI1,BCLAF1,HBS1L,MYB",H3K27ac,0.13,,99627,,K562,bg_all
chr6:135306680-135307179,chr6,135306680,135307179,4,0,False,False,False,,"AHI1,BCLAF1,HBS1L,MYB",H3K27ac,0.32,,125621,,K562,bg_all
chr6:135358154-135358653,chr6,135358154,135358653,3,0,False,False,False,,"BCLAF1,HBS1L,MYB",H3K27ac,0.08,,177095,,K562,bg_all
chr6:135410746-135411245,chr6,135410746,135411245,3,0,False,False,False,,"BCLAF1,HBS1L,MYB",H3K27ac,0.32,,229687,,K562,bg_all
chr6:135419149-135419648,chr6,135419149,135419648,3,0,False,False,False,,"BCLAF1,HBS1L,MYB",H3K27ac,0.29,,238090,,K562,bg_all
chr6:135464582-135465081,chr6,135464582,135465081,3,0,False,False,False,,"BCLAF1,HBS1L,MYB",No H3K27ac,0.46,,283523,,K562,bg_all
chr6:135499336-135499835,chr6,135499336,135499835,4,0,False,False,False,,"AHI1,BCLAF1,HBS1L,MYB",H3K27ac,0.37,,1820,,K562,bg_all
chr6:136118741-136119240,chr6,136118741,136119240,4,0,False,False,False,,"AHI1,BCLAF1,HBS1L,MYB",No H3K27ac,0.06,,170861,,K562,bg_all
chr6:136202256-136202755,chr6,136202256,136202755,4,0,False,False,False,,"AHI1,BCLAF1,HBS1L,MYB",CTCF element,0.49,,87346,,K562,bg_all
chr6:136226548-136227047,chr6,136226548,136227047,4,0,False,False,False,,"AHI1,BCLAF1,HBS1L,MYB",H3K27ac,0.25,,63054,,K562,bg_all
chr6:136236743-136237242,chr6,136236743,136237242,4,0,False,False,False,,"AHI1,BCLAF1,HBS1L,MYB",High H3K27ac,0.64,,52859,,K562,bg_all
chr6:136288044-136288543,chr6,136288044,136288543,3,0,False,False,False,,"AHI1,HBS1L,MYB",High H3K27ac,0.4,,790528,,K562,bg_all
chr6:136334038-136334537,chr6,136334038,136334537,4,0,False,False,False,,"AHI1,BCLAF1,HBS1L,MYB",H3K27ac,0.23,,44436,,K562,bg_all
chr6:136360831-136361330,chr6,136360831,136361330,4,0,False,False,False,,"AHI1,BCLAF1,HBS1L,MYB",No H3K27ac,0.44,,71229,,K562,bg_all
chr6:136377600-136378099,chr6,136377600,136378099,4,0,False,False,False,,"AHI1,BCLAF1,HBS1L,MYB",No H3K27ac,0.65,,87998,,K562,bg_all
chr6:136378825-136379324,chr6,136378825,136379324,4,0,False,False,False,,"AHI1,BCLAF1,HBS1L,MYB",CTCF element,0.11,,89223,,K562,bg_all
chr6:136404053-136404552,chr6,136404053,136404552,4,0,False,False,False,,"AHI1,BCLAF1,HBS1L,MYB",H3K27ac,0.19,,114451,,K562,bg_all
chr6:136483812-136484311,chr6,136483812,136484311,4,0,False,False,False,,"AHI1,BCLAF1,HBS1L,MYB",No H3K27ac,0.55,,194210,,K562,bg_all
chr6:136494700-136495199,chr6,136494700,136495199,4,0,False,False,False,,"AHI1,BCLAF1,HBS1L,MYB",H3K27ac,0.2,,205098,,K562,bg_all
chr6:136547278-136547777,chr6,136547278,136547777,4,0,False,False,False,,"AHI1,BCLAF1,HBS1L,MYB",CTCF element,0.17,,257676,,K562,bg_all
chr6:136549213-136549712,chr6,136549213,136549712,4,0,False,False,False,,"AHI1,BCLAF1,HBS1L,MYB",H3K27ac,0.49,,259611,,K562,bg_all
chr6:136564211-136564710,chr6,136564211,136564710,4,0,False,False,False,,"AHI1,BCLAF1,HBS1L,MYB",H3K27ac,0.42,,274609,,K562,bg_all
chr6:136610128-136610627,chr6,136610128,136610627,4,0,False,False,False,,"AHI1,BCLAF1,HBS1L,MYB",H3K27ac,0.57,,320526,,K562,bg_all
chr7:100298300-100298799,chr7,100298300,100298799,10,0,False,False,False,,"AP1S1,CUX1,FIS1,GNB2,MOSPD3,POP7,SRRT,TFR2,TRIP6,ZNHIT1",No H3K27ac,0.55,,313553,,K562,bg_all
chr7:100341187-100341686,chr7,100341187,100341686,10,0,False,False,False,,"AP1S1,CUX1,FIS1,GNB2,MOSPD3,POP7,SRRT,TFR2,TRIP6,ZNHIT1",H3K27ac,0.94,,270666,,K562,bg_all
chr7:100369087-100369586,chr7,100369087,100369586,10,0,False,False,False,,"AP1S1,CUX1,FIS1,GNB2,MOSPD3,POP7,SRRT,TFR2,TRIP6,ZNHIT1",H3K27ac,0.94,,242766,,K562,bg_all
chr7:100506465-100506964,chr7,100506465,100506964,11,0,False,False,False,,"AP1S1,CUX1,FIS1,GNB2,MOSPD3,POP7,PRKRIP1,SRRT,TFR2,TRIP6,ZNHIT1",H3K27ac,0.51,,105388,,K562,bg_all
chr7:100516027-100516526,chr7,100516027,100516526,11,0,False,False,False,,"AP1S1,CUX1,FIS1,GNB2,MOSPD3,POP7,PRKRIP1,SRRT,TFR2,TRIP6,ZNHIT1",H3K27ac,0.91,,95826,,K562,bg_all
chr7:100533251-100533750,chr7,100533251,100533750,12,0,False,False,False,,"AP1S1,CUX1,FIS1,GNB2,MOSPD3,POLR2J,POP7,PRKRIP1,SRRT,TFR2,TRIP6,ZNHIT1",High H3K27ac,0.92,,78602,,K562,bg_all
chr7:100569264-100569763,chr7,100569264,100569763,12,0,False,False,False,,"AP1S1,CUX1,FIS1,GNB2,MOSPD3,POLR2J,POP7,PRKRIP1,SRRT,TFR2,TRIP6,ZNHIT1",H3K27ac,0.92,,42589,,K562,bg_all
chr7:100640452-100640951,chr7,100640452,100640951,12,0,False,False,False,,"AP1S1,CUX1,FIS1,GNB2,MOSPD3,POLR2J,POLR2J3,POP7,PRKRIP1,SRRT,TRIP6,ZNHIT1",High H3K27ac,0.95,,28599,,K562,bg_all
chr7:100725206-100725705,chr7,100725206,100725705,13,0,False,False,False,,"AP1S1,CUX1,FIS1,GNB2,MOSPD3,POLR2J,POLR2J3,POP7,PRKRIP1,SRRT,TFR2,TRIP6,ZNHIT1",CTCF element,0.93,,19334,,K562,bg_all
chr7:100834308-100834807,chr7,100834308,100834807,13,0,False,False,False,,"AP1S1,CUX1,FIS1,GNB2,MOSPD3,POLR2J,POLR2J3,POP7,PRKRIP1,SRRT,TFR2,TRIP6,ZNHIT1",H3K27ac,0.94,,32830,,K562,bg_all
chr7:101122414-101122913,chr7,101122414,101122913,13,0,False,False,False,,"AP1S1,CUX1,FIS1,GNB2,MOSPD3,POLR2J,POLR2J3,POP7,PRKRIP1,SRRT,TFR2,TRIP6,ZNHIT1",H3K27ac,0.96,,31793,,K562,bg_all
chr7:101386732-101387231,chr7,101386732,101387231,13,0,False,False,False,,"AP1S1,CUX1,FIS1,GNB2,MOSPD3,POLR2J,POLR2J3,POP7,PRKRIP1,SRRT,TFR2,TRIP6,ZNHIT1",H3K27me3 element,0.9,,134665,,K562,bg_all
chr7:101558544-101559043,chr7,101558544,101559043,13,0,False,False,False,,"AP1S1,CUX1,FIS1,GNB2,MOSPD3,POLR2J,POLR2J3,POP7,PRKRIP1,SRRT,TFR2,TRIP6,ZNHIT1",CTCF element,0.98,,257111,,K562,bg_all
chr7:101688245-101688744,chr7,101688245,101688744,13,0,False,False,False,,"AP1S1,CUX1,FIS1,GNB2,MOSPD3,POLR2J,POLR2J3,POP7,PRKRIP1,SRRT,TFR2,TRIP6,ZNHIT1",H3K27ac,0.93,,127410,,K562,bg_all
chr7:101736020-101736519,chr7,101736020,101736519,13,0,False,False,False,,"AP1S1,CUX1,FIS1,GNB2,MOSPD3,POLR2J,POLR2J3,POP7,PRKRIP1,SRRT,TFR2,TRIP6,ZNHIT1",No H3K27ac,0.92,,79635,,K562,bg_all
chr7:101743949-101744448,chr7,101743949,101744448,13,0,False,False,False,,"AP1S1,CUX1,FIS1,GNB2,MOSPD3,POLR2J,POLR2J3,POP7,PRKRIP1,SRRT,TFR2,TRIP6,ZNHIT1",H3K27ac,0.96,,71706,,K562,bg_all
chr7:101856885-101857760,chr7,101856885,101857760,24,0,False,False,False,,"AP1S1,FIS1,GNB2,MOSPD3,POLR2J,POLR2J3,POP7,PRKRIP1,SRRT,TFR2,TRIP6,ZNHIT1",High H3K27ac,0.94,,503529,,K562,bg_all
chr7:101870736-101871235,chr7,101870736,101871235,12,0,False,False,False,,"AP1S1,FIS1,GNB2,MOSPD3,POLR2J,POLR2J3,POP7,PRKRIP1,SRRT,TFR2,TRIP6,ZNHIT1",H3K27ac,0.94,,490054,,K562,bg_all
chr7:101912054-101912553,chr7,101912054,101912553,12,0,False,False,False,,"AP1S1,FIS1,GNB2,MOSPD3,POLR2J,POLR2J3,POP7,PRKRIP1,SRRT,TFR2,TRIP6,ZNHIT1",High H3K27ac,0.96,,448736,,K562,bg_all
chr7:101947791-101948290,chr7,101947791,101948290,12,0,False,False,False,,"AP1S1,FIS1,GNB2,MOSPD3,POLR2J,POLR2J3,POP7,PRKRIP1,SRRT,TFR2,TRIP6,ZNHIT1",H3K27ac,0.93,,412999,,K562,bg_all
chr7:101987404-101987903,chr7,101987404,101987903,12,0,False,False,False,,"AP1S1,FIS1,GNB2,MOSPD3,POLR2J,POLR2J3,POP7,PRKRIP1,SRRT,TFR2,TRIP6,ZNHIT1",H3K27ac,0.97,,373386,,K562,bg_all
chr8:144102907-144103406,chr8,144102907,144103406,17,0,False,False,False,,"C8orf82,COMMD5,CYC1,CYHR1,EEF1D,EXOSC4,GPAA1,GRINA,HSF1,LY6E,MAF1,PUF60,SLC39A4,SLC52A2,TOP1MT,TSTA3,VPS28",High H3K27ac,0.95,,1305,,K562,bg_all
chr8:144324017-144324516,chr8,144324017,144324516,18,0,False,False,False,,"C8orf82,COMMD5,CYC1,CYHR1,EEF1D,EXOSC4,GPAA1,GRINA,HSF1,LY6E,MAF1,PUF60,SHARPIN,SLC39A4,SLC52A2,TOP1MT,TSTA3,VPS28",H3K27ac,0.98,,29866,,K562,bg_all
chr8:144351369-144351868,chr8,144351369,144351868,18,0,False,False,False,,"C8orf82,COMMD5,CYC1,CYHR1,EEF1D,EXOSC4,GPAA1,GRINA,HSF1,LY6E,MAF1,PUF60,SHARPIN,SLC39A4,SLC52A2,TOP1MT,TSTA3,VPS28",CTCF element,0.95,,2512,,K562,bg_all
chr8:144396773-144397272,chr8,144396773,144397272,18,0,False,False,False,,"C8orf82,COMMD5,CYC1,CYHR1,EEF1D,EXOSC4,GPAA1,GRINA,HSF1,LY6E,MAF1,PUF60,SHARPIN,SLC39A4,SLC52A2,TOP1MT,TSTA3,VPS28",No H3K27ac,0.93,,20042,,K562,bg_all
chr8:144473660-144474159,chr8,144473660,144474159,18,0,False,False,False,,"C8orf82,COMMD5,CYC1,CYHR1,EEF1D,EXOSC4,GPAA1,GRINA,HSF1,LY6E,MAF1,PUF60,SHARPIN,SLC39A4,SLC52A2,TOP1MT,TSTA3,VPS28",H3K27ac,0.95,,8232,,K562,bg_all
chr8:144478907-144479406,chr8,144478907,144479406,18,0,False,False,False,,"C8orf82,COMMD5,CYC1,CYHR1,EEF1D,EXOSC4,GPAA1,GRINA,HSF1,LY6E,MAF1,PUF60,SHARPIN,SLC39A4,SLC52A2,TOP1MT,TSTA3,VPS28",High H3K27ac,0.97,,13479,,K562,bg_all
chr8:144500767-144501266,chr8,144500767,144501266,18,0,False,False,False,,"C8orf82,COMMD5,CYC1,CYHR1,EEF1D,EXOSC4,GPAA1,GRINA,HSF1,LY6E,MAF1,PUF60,SHARPIN,SLC39A4,SLC52A2,TOP1MT,TSTA3,VPS28",No H3K27ac,0.95,,28117,,K562,bg_all
chr8:144509592-144510091,chr8,144509592,144510091,18,0,False,False,False,,"C8orf82,COMMD5,CYC1,CYHR1,EEF1D,EXOSC4,GPAA1,GRINA,HSF1,LY6E,MAF1,PUF60,SHARPIN,SLC39A4,SLC52A2,TOP1MT,TSTA3,VPS28",High H3K27ac,0.93,,19292,,K562,bg_all
chr8:144622770-144623269,chr8,144622770,144623269,18,0,False,False,False,,"C8orf82,COMMD5,CYC1,CYHR1,EEF1D,EXOSC4,GPAA1,GRINA,HSF1,LY6E,MAF1,PUF60,SHARPIN,SLC39A4,SLC52A2,TOP1MT,TSTA3,VPS28",No H3K27ac,0.94,,93888,,K562,bg_all
chr8:144691596-144692095,chr8,144691596,144692095,18,0,False,False,False,,"C8orf82,COMMD5,CYC1,CYHR1,EEF1D,EXOSC4,GPAA1,GRINA,HSF1,LY6E,MAF1,PUF60,SHARPIN,SLC39A4,SLC52A2,TOP1MT,TSTA3,VPS28",H3K27ac,0.88,,161891,,K562,bg_all
chr8:144785189-144785688,chr8,144785189,144785688,18,0,False,False,False,,"C8orf82,COMMD5,CYC1,CYHR1,EEF1D,EXOSC4,GPAA1,GRINA,HSF1,LY6E,MAF1,PUF60,SHARPIN,SLC39A4,SLC52A2,TOP1MT,TSTA3,VPS28",H3K27ac,0.94,,68298,,K562,bg_all
chr8:144797001-144797500,chr8,144797001,144797500,18,0,False,False,False,,"C8orf82,COMMD5,CYC1,CYHR1,EEF1D,EXOSC4,GPAA1,GRINA,HSF1,LY6E,MAF1,PUF60,SHARPIN,SLC39A4,SLC52A2,TOP1MT,TSTA3,VPS28",H3K27ac,0.94,,56486,,K562,bg_all
chr8:144800882-144801381,chr8,144800882,144801381,18,0,False,False,False,,"C8orf82,COMMD5,CYC1,CYHR1,EEF1D,EXOSC4,GPAA1,GRINA,HSF1,LY6E,MAF1,PUF60,SHARPIN,SLC39A4,SLC52A2,TOP1MT,TSTA3,VPS28",H3K27ac,0.49,,52605,,K562,bg_all
chr11:58513715-58514214,chr11,58513715,58514214,4,1,True,True,False,FAM111A,"CTNND1,FAM111A,SELENOH,ZFP91",CTCF element,0.97,-0.155566707,65099,628784.0,WTC11,pos_neg
chr11:59158403-59158902,chr11,59158403,59158902,4,1,True,True,False,FAM111A,"CTNND1,FAM111A,SELENOH,ZFP91",CTCF element,0.97,-0.286419704,15904,15904.0,WTC11,pos_neg
chr11:64741291-64741790,chr11,64741291,64741790,21,1,True,True,False,CFL1,"B4GAT1,BANF1,CCDC85B,CFL1,DRAP1,FIBP,KAT5,MRPL11,RBM14,RBM4,RBM4B,RNASEH2C,SAC3D1,SF1,SF3B2,SLC29A2,SNX32,TM7SF2,VPS51,YIF1A,ZNHIT2",H3K27me3 element,1.0,-0.017773134,37246,1120485.0,WTC11,pos_neg
chr11:65355696-65356195,chr11,65355696,65356195,21,1,True,True,False,CFL1,"B4GAT1,BANF1,CCDC85B,CFL1,DRAP1,FIBP,KAT5,MRPL11,RBM14,RBM4,RBM4B,RNASEH2C,SAC3D1,SF1,SF3B2,SLC29A2,SNX32,TM7SF2,VPS51,YIF1A,ZNHIT2",H3K27me3 element,1.0,-0.02009005,238243,506081.0,WTC11,pos_neg
chr11:65818119-65818618,chr11,65818119,65818618,21,1,True,True,False,CFL1,"B4GAT1,BANF1,CCDC85B,CFL1,DRAP1,FIBP,KAT5,MRPL11,RBM14,RBM4,RBM4B,RNASEH2C,SAC3D1,SF1,SF3B2,SLC29A2,SNX32,TM7SF2,VPS51,YIF1A,ZNHIT2",CTCF element,1.0,-0.021101407,15466,43658.0,WTC11,pos_neg
chr11:65851201-65851700,chr11,65851201,65851700,20,1,True,True,False,BANF1,"B4GAT1,BANF1,CCDC85B,CFL1,DRAP1,FIBP,KAT5,MRPL11,RBM14,RBM4,RBM4B,RNASEH2C,SAC3D1,SF1,SF3B2,SLC29A2,TM7SF2,VPS51,YIF1A,ZNHIT2",H3K27ac,0.99,-0.030309955,10576,150778.0,WTC11,pos_neg
chr11:65884574-65885073,chr11,65884574,65885073,20,1,True,True,False,CFL1,"B4GAT1,BANF1,CCDC85B,CFL1,DRAP1,KAT5,MRPL11,RBM14,RBM4,RBM4B,RNASEH2C,SAC3D1,SF1,SF3B2,SLC29A2,SNX32,TM7SF2,VPS51,YIF1A,ZNHIT2",H3K27ac,1.0,-0.021605317,5850,22797.0,WTC11,pos_neg
chr12:6925492-6926215,chr12,6925492,6926215,10,2,True,True,False,"C12orf57,ENO2","C12orf57,EMG1,ENO2,LPCAT3,NANOG,PHB2,RIMKLB,SLC2A3,SPSB2,TPI1",High H3K27ac,1.0,-0.095779518,12107,12107.0,WTC11,pos_neg
chr12:6937938-6938437,chr12,6937938,6938437,10,2,True,True,True,"C12orf57,SLC2A3","C12orf57,EMG1,ENO2,LPCAT3,NANOG,PHB2,RIMKLB,SLC2A3,SPSB2,TPI1",H3K27ac,1.0,-0.047148094,4791,4791.0,WTC11,pos_neg
chr12:6961961-6962460,chr12,6961961,6962460,10,2,True,True,False,"C12orf57,PHB2","C12orf57,EMG1,ENO2,LPCAT3,NANOG,PHB2,RIMKLB,SLC2A3,SPSB2,TPI1",High H3K27ac,1.0,-0.056800024,8543,8543.0,WTC11,pos_neg
chr12:6962882-6963381,chr12,6962882,6963381,10,2,True,True,False,"C12orf57,PHB2","C12orf57,EMG1,ENO2,LPCAT3,NANOG,PHB2,RIMKLB,SLC2A3,SPSB2,TPI1",H3K27ac,1.0,-0.071333059,7622,7622.0,WTC11,pos_neg
chr12:7705743-7706242,chr12,7705743,7706242,10,1,True,True,False,PHB2,"C12orf57,EMG1,ENO2,LPCAT3,NANOG,PHB2,RIMKLB,SLC2A3,SPSB2,TPI1",H3K27ac,1.0,-0.029940183,81802,778672.0,WTC11,pos_neg
chr12:7960577-7961076,chr12,7960577,7961076,10,1,True,True,False,SLC2A3,"C12orf57,EMG1,ENO2,LPCAT3,NANOG,PHB2,RIMKLB,SLC2A3,SPSB2,TPI1",High H3K27ac,1.0,-0.1029892,24639,24639.0,WTC11,pos_neg
chr12:7995135-7995634,chr12,7995135,7995634,10,1,True,True,False,SLC2A3,"C12orf57,EMG1,ENO2,LPCAT3,NANOG,PHB2,RIMKLB,SLC2A3,SPSB2,TPI1",High H3K27ac,0.98,-0.172089018,59197,59197.0,WTC11,pos_neg
chr16:31130796-31131295,chr16,31130796,31131295,6,1,True,True,False,PRSS8,"FUS,PRSS8,PYCARD,SEPHS2,VKORC1,ZNF785",High H3K27ac,0.99,-0.229828141,4682,4682.0,WTC11,pos_neg
chr16:31142145-31142644,chr16,31142145,31142644,7,1,True,True,False,PRSS8,"FUS,KAT8,PRSS8,PYCARD,SEPHS2,VKORC1,ZNF785",H3K27ac,0.98,-0.129008757,6667,6667.0,WTC11,pos_neg
chr17:6455333-6455832,chr17,6455333,6455832,23,1,True,True,False,PIMREG,"CLDN7,EIF4A1,EIF5A,ELP5,GABARAP,GPS2,MED31,MPDU1,NLGN2,PIMREG,PLSCR3,POLR2A,RNASEK,RPAIN,SAT2,SENP3,TMEM107,TMEM256,TMEM88,TP53,TRAPPC1,TXNDC17,VAMP2",No H3K27ac,1.0,-0.082640598,11141,11141.0,WTC11,pos_neg
chr17:7560303-7560802,chr17,7560303,7560802,22,5,True,True,True,"EIF4A1,EIF5A,GPS2,NLGN2,VAMP2","CLDN7,EIF4A1,EIF5A,ELP5,GABARAP,GPS2,MED31,MPDU1,NLGN2,PIMREG,PLSCR3,POLR2A,RNASEK,SAT2,SENP3,TMEM107,TMEM256,TMEM88,TP53,TRAPPC1,TXNDC17,VAMP2",High H3K27ac,0.99,-0.115317505,1367,12155.0,WTC11,pos_neg
chr17:7632382-7633443,chr17,7632382,7633443,44,3,True,True,True,"SAT2,VAMP2","CLDN7,EIF4A1,EIF5A,ELP5,GABARAP,GPS2,MED31,MPDU1,NLGN2,PIMREG,PLSCR3,POLR2A,RNASEK,SAT2,SENP3,TMEM107,TMEM256,TMEM88,TP53,TRAPPC1,TXNDC17,VAMP2",H3K27ac,1.0,-0.069953181,4755,4755.0,WTC11,pos_neg
chr17:7656888-7657387,chr17,7656888,7657387,22,2,True,True,False,"SAT2,TP53","CLDN7,EIF4A1,EIF5A,ELP5,GABARAP,GPS2,MED31,MPDU1,NLGN2,PIMREG,PLSCR3,POLR2A,RNASEK,SAT2,SENP3,TMEM107,TMEM256,TMEM88,TP53,TRAPPC1,TXNDC17,VAMP2",High H3K27ac,0.99,-0.095331047,29261,29261.0,WTC11,pos_neg
chr17:7835006-7835869,chr17,7835006,7835869,44,1,True,True,False,EIF5A,"CLDN7,EIF4A1,EIF5A,ELP5,GABARAP,GPS2,MED31,MPDU1,NLGN2,PIMREG,PLSCR3,POLR2A,RNASEK,SAT2,SENP3,TMEM107,TMEM256,TMEM88,TP53,TRAPPC1,TXNDC17,VAMP2",High H3K27ac,1.0,-0.034626055,19447,528619.0,WTC11,pos_neg
chr17:8093774-8094273,chr17,8093774,8094273,22,1,True,True,False,EIF5A,"CLDN7,EIF4A1,EIF5A,ELP5,GABARAP,GPS2,MED31,MPDU1,NLGN2,PIMREG,PLSCR3,POLR2A,RNASEK,SAT2,SENP3,TMEM107,TMEM256,TMEM88,TP53,TRAPPC1,TXNDC17,VAMP2",CTCF element,1.0,-0.045842587,69523,787023.0,WTC11,pos_neg
chr19:10390615-10391114,chr19,10390615,10391114,11,1,True,True,False,CDC37,"CDC37,EIF3G,FBXL12,FDX2,HNRNPM,MRPL4,P2RY11,PPAN,UBL5,YIPF2,ZNF121",CTCF element,0.99,-0.091926845,29257,29257.0,WTC11,pos_neg
chr19:13163675-13164174,chr19,13163675,13164174,7,1,True,True,False,IER2,"ASF1B,C19orf53,IER2,MRI1,NDUFB7,SAMD1,TECR",High H3K27ac,1.0,-0.110063838,13513,13513.0,WTC11,pos_neg
chr19:13441816-13442315,chr19,13441816,13442315,7,1,True,True,False,TECR,"ASF1B,C19orf53,IER2,MRI1,NDUFB7,SAMD1,TECR",No H3K27ac,0.99,-0.050572639,291654,1075018.0,WTC11,pos_neg
chr19:14574109-14574608,chr19,14574109,14574608,7,1,True,True,False,NDUFB7,"ASF1B,C19orf53,IER2,MRI1,NDUFB7,SAMD1,TECR",CTCF element,1.0,-0.059141719,2292,2292.0,WTC11,pos_neg
chr1:26275464-26275963,chr1,26275464,26275963,9,1,True,True,False,SH3BGRL3,"ARID1A,HMGN2,LIN28A,RPA2,SH3BGRL3,SMPDL3B,TENT5B,TRNP1,ZNF593",H3K27ac,0.98,-0.089794253,4373,4373.0,WTC11,pos_neg
chr1:26531637-26532136,chr1,26531637,26532136,10,1,True,True,False,HMGN2,"ARID1A,CEP85,HMGN2,LIN28A,RPA2,SH3BGRL3,SMPDL3B,TENT5B,TRNP1,ZNF593",H3K27ac,0.99,-0.038479378,59446,59446.0,WTC11,pos_neg
chr20:49888429-49888928,chr20,49888429,49888928,6,1,True,True,False,CEBPB,"ADNP,CEBPB,DPM1,RNF114,SALL4,UBE2V1",H3K27ac,0.99,-0.241098321,47658,302152.0,WTC11,pos_neg
chr20:50192730-50193229,chr20,50192730,50193229,6,1,True,True,False,CEBPB,"ADNP,CEBPB,DPM1,RNF114,SALL4,UBE2V1",H3K27ac,1.0,-0.505537722,2149,2149.0,WTC11,pos_neg
chr2:217899482-217899981,chr2,217899482,217899981,3,1,True,True,False,RPL37A,"IGFBP2,RPL37A,XRCC5",CTCF element,1.0,-0.028875002,1266903,1400906.0,WTC11,pos_neg
chr2:218026244-218027278,chr2,218026244,218027278,6,1,True,True,False,RPL37A,"IGFBP2,RPL37A,XRCC5",H3K27ac,1.0,-0.032977312,1393665,1527668.0,WTC11,pos_neg
chr2:70024180-70024679,chr2,70024180,70024679,6,1,True,True,False,FAM136A,"FAM136A,GMCL1,PCBP1,SNRNP27,SNRPG,TIA1",H3K27ac,1.0,-0.060485809,63048,277661.0,WTC11,pos_neg
chr2:70086003-70086502,chr2,70086003,70086502,6,1,True,True,False,PCBP1,"FAM136A,GMCL1,PCBP1,SNRNP27,SNRPG,TIA1",High H3K27ac,0.98,-0.125497783,1225,1225.0,WTC11,pos_neg
chr2:70089350-70089849,chr2,70089350,70089849,6,1,True,True,False,PCBP1,"FAM136A,GMCL1,PCBP1,SNRNP27,SNRPG,TIA1",High H3K27ac,0.99,-0.299060614,2122,2122.0,WTC11,pos_neg
chr2:70124972-70125471,chr2,70124972,70125471,6,1,True,True,False,PCBP1,"FAM136A,GMCL1,PCBP1,SNRNP27,SNRPG,TIA1",High H3K27ac,1.0,-0.041192329,37744,37744.0,WTC11,pos_neg
chr2:70141012-70141511,chr2,70141012,70141511,6,1,True,True,False,PCBP1,"FAM136A,GMCL1,PCBP1,SNRNP27,SNRPG,TIA1",High H3K27ac,0.98,-0.039301067,53784,53784.0,WTC11,pos_neg
chr2:70141918-70142417,chr2,70141918,70142417,6,1,True,True,False,PCBP1,"FAM136A,GMCL1,PCBP1,SNRNP27,SNRPG,TIA1",High H3K27ac,0.99,-0.062333762,54690,54690.0,WTC11,pos_neg
chr2:70142462-70142961,chr2,70142462,70142961,6,1,True,True,False,PCBP1,"FAM136A,GMCL1,PCBP1,SNRNP27,SNRPG,TIA1",H3K27ac,0.95,-0.060578373,55234,55234.0,WTC11,pos_neg
chr6:34235438-34235937,chr6,34235438,34235937,6,1,True,True,False,HMGA1,"HMGA1,NUDT3,RPS10,SNRPC,SRPK1,TAF11",H3K27ac,1.0,-0.381200455,1186,1186.0,WTC11,pos_neg
chr6:34272525-34273024,chr6,34272525,34273024,6,1,True,True,False,SNRPC,"HMGA1,NUDT3,RPS10,SNRPC,SRPK1,TAF11",H3K27ac,0.99,-0.046602634,35901,484731.0,WTC11,pos_neg
chr6:34523068-34523567,chr6,34523068,34523567,6,2,True,True,True,"HMGA1,SNRPC","HMGA1,NUDT3,RPS10,SNRPC,SRPK1,TAF11",H3K27ac,0.98,-0.041997443,97248,234188.0,WTC11,pos_neg
chr6:35583752-35584251,chr6,35583752,35584251,6,1,True,True,False,SRPK1,"HMGA1,NUDT3,RPS10,SNRPC,SRPK1,TAF11",CTCF element,0.96,-0.168453945,337341,337341.0,WTC11,pos_neg
chr8:144472292-144473578,chr8,144472292,144473578,20,2,True,True,False,FOXH1,"EEF1D,FOXH1,LRRC14,LRRC24,MFSD3,RPL8,ZNF251",H3K27ac,1.0,-0.2098216,2922,2922.0,WTC11,pos_neg
chr8:144478913-144479412,chr8,144478913,144479412,8,1,True,True,False,RPL8,"EEF1D,FOXH1,KIFC2,LRRC14,LRRC24,MFSD3,RPL8,ZNF251",CTCF element,1.0,-0.015917756,3313,313427.0,WTC11,pos_neg
chr8:144511864-144512363,chr8,144511864,144512363,8,1,True,True,False,MFSD3,"EEF1D,FOXH1,KIFC2,LRRC14,LRRC24,MFSD3,RPL8,ZNF251",No H3K27ac,1.0,-0.187762446,3043,3043.0,WTC11,pos_neg
chr8:144804953-144805452,chr8,144804953,144805452,8,1,True,True,False,RPL8,"EEF1D,FOXH1,KIFC2,LRRC14,LRRC24,MFSD3,RPL8,ZNF251",CTCF element,0.86,-0.025746176,12615,12615.0,WTC11,pos_neg
chr11:59550908-59551438,chr11,59550908,59551438,4,1,True,False,True,CTNND1,"CTNND1,FAM111A,SELENOH,ZFP91",High H3K27ac,1.0,0.036161454,408424,1797930.0,WTC11,pos_pos
chr11:64847030-64847529,chr11,64847030,64847529,21,1,True,False,True,RBM4,"B4GAT1,BANF1,CCDC85B,CFL1,DRAP1,FIBP,KAT5,MRPL11,RBM14,RBM4,RBM4B,RNASEH2C,SAC3D1,SF1,SF3B2,SLC29A2,SNX32,TM7SF2,VPS51,YIF1A,ZNHIT2",H3K27ac,1.0,0.059973123,68493,1791337.0,WTC11,pos_pos
chr11:65061082-65061581,chr11,65061082,65061581,21,1,True,False,True,RNASEH2C,"B4GAT1,BANF1,CCDC85B,CFL1,DRAP1,FIBP,KAT5,MRPL11,RBM14,RBM4,RBM4B,RNASEH2C,SAC3D1,SF1,SF3B2,SLC29A2,SNX32,TM7SF2,VPS51,YIF1A,ZNHIT2",H3K27ac,0.98,0.19651404,20430,659615.0,WTC11,pos_pos
chr12:6937938-6938437,chr12,6937938,6938437,10,2,True,True,True,"C12orf57,SLC2A3","C12orf57,EMG1,ENO2,LPCAT3,NANOG,PHB2,RIMKLB,SLC2A3,SPSB2,TPI1",H3K27ac,1.0,-0.047148094,4791,4791.0,WTC11,pos_pos
chr12:7806807-7807306,chr12,7806807,7807306,10,1,True,False,True,SLC2A3,"C12orf57,EMG1,ENO2,LPCAT3,NANOG,PHB2,RIMKLB,SLC2A3,SPSB2,TPI1",H3K27ac,1.0,0.086339492,19262,129131.0,WTC11,pos_pos
chr12:7915979-7916478,chr12,7915979,7916478,10,1,True,False,True,SLC2A3,"C12orf57,EMG1,ENO2,LPCAT3,NANOG,PHB2,RIMKLB,SLC2A3,SPSB2,TPI1",H3K27ac,0.99,0.091594916,19959,19959.0,WTC11,pos_pos
chr12:8527487-8527986,chr12,8527487,8527986,10,1,True,False,True,SLC2A3,"C12orf57,EMG1,ENO2,LPCAT3,NANOG,PHB2,RIMKLB,SLC2A3,SPSB2,TPI1",No H3K27ac,1.0,0.060550107,153864,591549.0,WTC11,pos_pos
chr16:31042136-31042635,chr16,31042136,31042635,7,1,True,False,True,PRSS8,"FUS,KAT8,PRSS8,PYCARD,SEPHS2,VKORC1,ZNF785",H3K27ac,0.98,0.06604365,53595,93342.0,WTC11,pos_pos
chr17:7224571-7225070,chr17,7224571,7225070,23,1,True,False,True,TP53,"CLDN7,EIF4A1,EIF5A,ELP5,GABARAP,GPS2,MED31,MPDU1,NLGN2,PIMREG,PLSCR3,POLR2A,RNASEK,RPAIN,SAT2,SENP3,TMEM107,TMEM256,TMEM88,TP53,TRAPPC1,TXNDC17,VAMP2",No H3K27ac,1.0,0.036721627,17629,462729.0,WTC11,pos_pos
chr17:7355942-7356441,chr17,7355942,7356441,23,1,True,False,True,TMEM256,"CLDN7,EIF4A1,EIF5A,ELP5,GABARAP,GPS2,MED31,MPDU1,NLGN2,PIMREG,PLSCR3,POLR2A,RNASEK,RPAIN,SAT2,SENP3,TMEM107,TMEM256,TMEM88,TP53,TRAPPC1,TXNDC17,VAMP2",CTCF element,1.0,0.033735063,38651,47906.0,WTC11,pos_pos
chr17:7560303-7560802,chr17,7560303,7560802,22,5,True,True,True,"EIF4A1,EIF5A,GPS2,NLGN2,VAMP2","CLDN7,EIF4A1,EIF5A,ELP5,GABARAP,GPS2,MED31,MPDU1,NLGN2,PIMREG,PLSCR3,POLR2A,RNASEK,SAT2,SENP3,TMEM107,TMEM256,TMEM88,TP53,TRAPPC1,TXNDC17,VAMP2",High H3K27ac,0.99,-0.115317505,1367,12155.0,WTC11,pos_pos
chr17:7632382-7633443,chr17,7632382,7633443,44,3,True,True,True,"SAT2,VAMP2","CLDN7,EIF4A1,EIF5A,ELP5,GABARAP,GPS2,MED31,MPDU1,NLGN2,PIMREG,PLSCR3,POLR2A,RNASEK,SAT2,SENP3,TMEM107,TMEM256,TMEM88,TP53,TRAPPC1,TXNDC17,VAMP2",H3K27ac,1.0,-0.069953181,4755,4755.0,WTC11,pos_pos
chr19:9069940-9070439,chr19,9069940,9070439,11,1,True,False,True,P2RY11,"CDC37,EIF3G,FBXL12,FDX2,HNRNPM,MRPL4,P2RY11,PPAN,UBL5,YIPF2,ZNF121",H3K27ac,0.99,0.379696492,514344,1041504.0,WTC11,pos_pos
chr20:13119454-13119953,chr20,13119454,13119953,2,1,True,False,True,BTBD3,"BTBD3,ESF1",CTCF element,0.24,0.308980819,665182,1228979.0,WTC11,pos_pos
chr2:216370766-216371731,chr2,216370766,216371731,3,1,True,False,True,IGFBP2,"IGFBP2,RPL37A,XRCC5",H3K27me3 element,0.97,0.079318145,127810,261813.0,WTC11,pos_pos
chr2:216590687-216591186,chr2,216590687,216591186,3,1,True,False,True,IGFBP2,"IGFBP2,RPL37A,XRCC5",No H3K27ac,0.99,0.068599806,41892,41892.0,WTC11,pos_pos
chr2:216691978-216692477,chr2,216691978,216692477,3,1,True,False,True,IGFBP2,"IGFBP2,RPL37A,XRCC5",H3K27ac,0.99,0.090732853,59399,59399.0,WTC11,pos_pos
chr2:216692612-216693111,chr2,216692612,216693111,3,1,True,False,True,IGFBP2,"IGFBP2,RPL37A,XRCC5",H3K27ac,0.98,0.086108778,60033,60033.0,WTC11,pos_pos
chr2:217555028-217555527,chr2,217555028,217555527,3,1,True,False,True,IGFBP2,"IGFBP2,RPL37A,XRCC5",H3K27ac,1.0,0.089619864,922449,922449.0,WTC11,pos_pos
chr2:217988459-217988958,chr2,217988459,217988958,3,1,True,False,True,IGFBP2,"IGFBP2,RPL37A,XRCC5",High H3K27ac,0.99,0.090015896,1355880,1355880.0,WTC11,pos_pos
chr2:74497802-74498301,chr2,74497802,74498301,8,1,True,False,True,WBP1,"AUP1,GCFC2,HTRA2,MOGS,MRPL19,RTKN,WBP1,WDR54",H3K27me3 element,0.96,0.083614896,31326,39651.0,WTC11,pos_pos
chr6:34523068-34523567,chr6,34523068,34523567,6,2,True,True,True,"HMGA1,SNRPC","HMGA1,NUDT3,RPS10,SNRPC,SRPK1,TAF11",H3K27ac,0.98,-0.041997443,97248,234188.0,WTC11,pos_pos
chr6:34852371-34852870,chr6,34852371,34852870,6,1,True,False,True,HMGA1,"HMGA1,NUDT3,RPS10,SNRPC,SRPK1,TAF11",H3K27ac,1.0,0.027449417,35451,615747.0,WTC11,pos_pos
chr8:144602181-144602680,chr8,144602181,144602680,8,1,True,False,True,FOXH1,"EEF1D,FOXH1,KIFC2,LRRC14,LRRC24,MFSD3,RPL8,ZNF251",H3K27ac,0.88,0.248987795,75397,126582.0,WTC11,pos_pos
chr8:144686354-144686853,chr8,144686354,144686853,8,1,True,False,True,ZNF251,"EEF1D,FOXH1,KIFC2,LRRC14,LRRC24,MFSD3,RPL8,ZNF251",H3K27ac,0.99,0.376855593,69814,69814.0,WTC11,pos_pos
chr10:25682094-25683042,chr10,25682094,25683042,2,0,False,False,False,,YME1L1,CTCF element,0.87,,1472474,,WTC11,bg_powered
chr10:25701617-25702116,chr10,25701617,25702116,1,0,False,False,False,,YME1L1,No H3K27ac,0.88,,1453400,,WTC11,bg_powered
chr10:25818713-25819212,chr10,25818713,25819212,1,0,False,False,False,,YME1L1,H3K27ac,0.86,,1336304,,WTC11,bg_powered
chr10:25875502-25876001,chr10,25875502,25876001,1,0,False,False,False,,YME1L1,CTCF element,0.81,,1279515,,WTC11,bg_powered
chr10:26211725-26212224,chr10,26211725,26212224,1,0,False,False,False,,YME1L1,No H3K27ac,0.92,,943292,,WTC11,bg_powered
chr10:26214533-26215032,chr10,26214533,26215032,1,0,False,False,False,,YME1L1,H3K27ac,0.89,,940484,,WTC11,bg_powered
chr10:26217780-26218279,chr10,26217780,26218279,1,0,False,False,False,,YME1L1,H3K27me3 element,0.88,,937237,,WTC11,bg_powered
chr10:26254204-26254703,chr10,26254204,26254703,1,0,False,False,False,,YME1L1,H3K27ac,0.82,,900813,,WTC11,bg_powered
chr10:26391514-26392365,chr10,26391514,26392365,2,0,False,False,False,,YME1L1,H3K27me3 element,0.84,,763151,,WTC11,bg_powered
chr10:26503813-26504312,chr10,26503813,26504312,1,0,False,False,False,,YME1L1,No H3K27ac,0.82,,651204,,WTC11,bg_powered
chr10:26573638-26574137,chr10,26573638,26574137,1,0,False,False,False,,YME1L1,H3K27ac,0.82,,581379,,WTC11,bg_powered
chr10:26622028-26622869,chr10,26622028,26622869,2,0,False,False,False,,YME1L1,H3K27me3 element,0.85,,532647,,WTC11,bg_powered
chr10:26627281-26627780,chr10,26627281,26627780,1,0,False,False,False,,YME1L1,H3K27ac,0.81,,527736,,WTC11,bg_powered
chr10:26931202-26931701,chr10,26931202,26931701,1,0,False,False,False,,YME1L1,No H3K27ac,0.85,,223815,,WTC11,bg_powered
chr10:27072286-27072790,chr10,27072286,27072790,1,0,False,False,False,,YME1L1,H3K27ac,0.94,,82729,,WTC11,bg_powered
chr11:57868419-57868918,chr11,57868419,57868918,4,0,False,False,False,,"CTNND1,FAM111A,SELENOH,ZFP91",High H3K27ac,0.98,,115425,,WTC11,bg_powered
chr11:57885244-57885743,chr11,57885244,57885743,4,0,False,False,False,,"CTNND1,FAM111A,SELENOH,ZFP91",No H3K27ac,0.99,,132250,,WTC11,bg_powered
chr11:58059754-58060253,chr11,58059754,58060253,4,0,False,False,False,,"CTNND1,FAM111A,SELENOH,ZFP91",H3K27ac,0.99,,306760,,WTC11,bg_powered
chr11:58060897-58061396,chr11,58060897,58061396,4,0,False,False,False,,"CTNND1,FAM111A,SELENOH,ZFP91",H3K27ac,0.99,,307903,,WTC11,bg_powered
chr11:58291944-58292443,chr11,58291944,58292443,4,0,False,False,False,,"CTNND1,FAM111A,SELENOH,ZFP91",H3K27ac,1.0,,286871,,WTC11,bg_powered
chr11:58524068-58525014,chr11,58524068,58525014,8,0,False,False,False,,"CTNND1,FAM111A,SELENOH,ZFP91",H3K27ac,0.99,,54299,,WTC11,bg_powered
chr11:58567856-58568355,chr11,58567856,58568355,4,0,False,False,False,,"CTNND1,FAM111A,SELENOH,ZFP91",CTCF element,0.99,,10958,,WTC11,bg_powered
chr11:58675499-58675998,chr11,58675499,58675998,4,0,False,False,False,,"CTNND1,FAM111A,SELENOH,ZFP91",H3K27ac,1.0,,96685,,WTC11,bg_powered
chr11:58788352-58788851,chr11,58788352,58788851,4,0,False,False,False,,"CTNND1,FAM111A,SELENOH,ZFP91",CTCF element,0.98,,209538,,WTC11,bg_powered
chr11:58900644-58901143,chr11,58900644,58901143,4,0,False,False,False,,"CTNND1,FAM111A,SELENOH,ZFP91",H3K27ac,1.0,,241855,,WTC11,bg_powered
chr11:58905152-58905651,chr11,58905152,58905651,4,0,False,False,False,,"CTNND1,FAM111A,SELENOH,ZFP91",H3K27me3 element,0.97,,237347,,WTC11,bg_powered
chr11:58905702-58906201,chr11,58905702,58906201,4,0,False,False,False,,"CTNND1,FAM111A,SELENOH,ZFP91",H3K27ac,0.98,,236797,,WTC11,bg_powered
chr11:58923454-58923953,chr11,58923454,58923953,4,0,False,False,False,,"CTNND1,FAM111A,SELENOH,ZFP91",High H3K27ac,0.97,,219045,,WTC11,bg_powered
chr11:58958463-58958962,chr11,58958463,58958962,4,0,False,False,False,,"CTNND1,FAM111A,SELENOH,ZFP91",CTCF element,0.95,,184036,,WTC11,bg_powered
chr11:58963515-58964014,chr11,58963515,58964014,4,0,False,False,False,,"CTNND1,FAM111A,SELENOH,ZFP91",H3K27ac,0.96,,178984,,WTC11,bg_powered
chr11:59173171-59173670,chr11,59173171,59173670,4,0,False,False,False,,"CTNND1,FAM111A,SELENOH,ZFP91",H3K27ac,0.97,,30672,,WTC11,bg_powered
chr11:59174149-59174648,chr11,59174149,59174648,4,0,False,False,False,,"CTNND1,FAM111A,SELENOH,ZFP91",H3K27ac,0.91,,31650,,WTC11,bg_powered
chr11:59207876-59208375,chr11,59207876,59208375,4,0,False,False,False,,"CTNND1,FAM111A,SELENOH,ZFP91",H3K27ac,0.96,,65377,,WTC11,bg_powered
chr11:59437673-59438172,chr11,59437673,59438172,4,0,False,False,False,,"CTNND1,FAM111A,SELENOH,ZFP91",No H3K27ac,0.84,,295174,,WTC11,bg_powered
chr11:59548921-59549420,chr11,59548921,59549420,4,0,False,False,False,,"CTNND1,FAM111A,SELENOH,ZFP91",H3K27ac,0.98,,406422,,WTC11,bg_powered
chr11:59550267-59550766,chr11,59550267,59550766,4,0,False,False,False,,"CTNND1,FAM111A,SELENOH,ZFP91",H3K27ac,0.97,,407768,,WTC11,bg_powered
chr11:59551530-59552029,chr11,59551530,59552029,4,0,False,False,False,,"CTNND1,FAM111A,SELENOH,ZFP91",H3K27ac,0.91,,409031,,WTC11,bg_powered
chr11:59556207-59556706,chr11,59556207,59556706,4,0,False,False,False,,"CTNND1,FAM111A,SELENOH,ZFP91",H3K27ac,0.93,,413708,,WTC11,bg_powered
chr11:59557276-59557775,chr11,59557276,59557775,4,0,False,False,False,,"CTNND1,FAM111A,SELENOH,ZFP91",High H3K27ac,0.96,,414777,,WTC11,bg_powered
chr11:59560171-59560670,chr11,59560171,59560670,4,0,False,False,False,,"CTNND1,FAM111A,SELENOH,ZFP91",H3K27ac,0.99,,417672,,WTC11,bg_powered
chr11:59565760-59566653,chr11,59565760,59566653,8,0,False,False,False,,"CTNND1,FAM111A,SELENOH,ZFP91",H3K27ac,0.99,,423261,,WTC11,bg_powered
chr11:59680477-59680976,chr11,59680477,59680976,4,0,False,False,False,,"CTNND1,FAM111A,SELENOH,ZFP91",H3K27ac,0.9,,537978,,WTC11,bg_powered
chr11:64688334-64688833,chr11,64688334,64688833,21,0,False,False,False,,"B4GAT1,BANF1,CCDC85B,CFL1,DRAP1,FIBP,KAT5,MRPL11,RBM14,RBM4,RBM4B,RNASEH2C,SAC3D1,SF1,SF3B2,SLC29A2,SNX32,TM7SF2,VPS51,YIF1A,ZNHIT2",H3K27ac,1.0,,90203,,WTC11,bg_powered
chr11:65016709-65017208,chr11,65016709,65017208,21,0,False,False,False,,"B4GAT1,BANF1,CCDC85B,CFL1,DRAP1,FIBP,KAT5,MRPL11,RBM14,RBM4,RBM4B,RNASEH2C,SAC3D1,SF1,SF3B2,SLC29A2,SNX32,TM7SF2,VPS51,YIF1A,ZNHIT2",H3K27ac,1.0,,23943,,WTC11,bg_powered
chr11:65185829-65186328,chr11,65185829,65186328,20,0,False,False,False,,"B4GAT1,BANF1,CCDC85B,CFL1,DRAP1,KAT5,MRPL11,RBM14,RBM4,RBM4B,RNASEH2C,SAC3D1,SF1,SF3B2,SLC29A2,SNX32,TM7SF2,VPS51,YIF1A,ZNHIT2",H3K27ac,1.0,,68376,,WTC11,bg_powered
chr11:65201864-65202363,chr11,65201864,65202363,20,0,False,False,False,,"B4GAT1,BANF1,CCDC85B,CFL1,DRAP1,KAT5,MRPL11,RBM14,RBM4,RBM4B,RNASEH2C,SAC3D1,SF1,SF3B2,SLC29A2,SNX32,TM7SF2,VPS51,YIF1A,ZNHIT2",No H3K27ac,0.94,,84411,,WTC11,bg_powered
chr11:65204098-65204597,chr11,65204098,65204597,21,0,False,False,False,,"B4GAT1,BANF1,CCDC85B,CFL1,DRAP1,FIBP,KAT5,MRPL11,RBM14,RBM4,RBM4B,RNASEH2C,SAC3D1,SF1,SF3B2,SLC29A2,SNX32,TM7SF2,VPS51,YIF1A,ZNHIT2",H3K27ac,0.99,,86645,,WTC11,bg_powered
chr11:65225574-65226073,chr11,65225574,65226073,21,0,False,False,False,,"B4GAT1,BANF1,CCDC85B,CFL1,DRAP1,FIBP,KAT5,MRPL11,RBM14,RBM4,RBM4B,RNASEH2C,SAC3D1,SF1,SF3B2,SLC29A2,SNX32,TM7SF2,VPS51,YIF1A,ZNHIT2",H3K27ac,1.0,,108121,,WTC11,bg_powered
chr11:65250270-65250769,chr11,65250270,65250769,21,0,False,False,False,,"B4GAT1,BANF1,CCDC85B,CFL1,DRAP1,FIBP,KAT5,MRPL11,RBM14,RBM4,RBM4B,RNASEH2C,SAC3D1,SF1,SF3B2,SLC29A2,SNX32,TM7SF2,VPS51,YIF1A,ZNHIT2",H3K27ac,1.0,,132817,,WTC11,bg_powered
chr11:65491008-65491507,chr11,65491008,65491507,21,0,False,False,False,,"B4GAT1,BANF1,CCDC85B,CFL1,DRAP1,FIBP,KAT5,MRPL11,RBM14,RBM4,RBM4B,RNASEH2C,SAC3D1,SF1,SF3B2,SLC29A2,SNX32,TM7SF2,VPS51,YIF1A,ZNHIT2",H3K27ac,1.0,,220739,,WTC11,bg_powered
chr11:65510694-65511193,chr11,65510694,65511193,21,0,False,False,False,,"B4GAT1,BANF1,CCDC85B,CFL1,DRAP1,FIBP,KAT5,MRPL11,RBM14,RBM4,RBM4B,RNASEH2C,SAC3D1,SF1,SF3B2,SLC29A2,SNX32,TM7SF2,VPS51,YIF1A,ZNHIT2",H3K27ac,0.83,,201053,,WTC11,bg_powered
chr11:65574142-65574641,chr11,65574142,65574641,21,0,False,False,False,,"B4GAT1,BANF1,CCDC85B,CFL1,DRAP1,FIBP,KAT5,MRPL11,RBM14,RBM4,RBM4B,RNASEH2C,SAC3D1,SF1,SF3B2,SLC29A2,SNX32,TM7SF2,VPS51,YIF1A,ZNHIT2",CTCF element,1.0,,137605,,WTC11,bg_powered
chr11:65706166-65706665,chr11,65706166,65706665,20,0,False,False,False,,"B4GAT1,BANF1,CCDC85B,CFL1,DRAP1,KAT5,MRPL11,RBM14,RBM4,RBM4B,RNASEH2C,SAC3D1,SF1,SF3B2,SLC29A2,SNX32,TM7SF2,VPS51,YIF1A,ZNHIT2",CTCF element,0.88,,5581,,WTC11,bg_powered
chr11:65715204-65715703,chr11,65715204,65715703,20,0,False,False,False,,"B4GAT1,BANF1,CCDC85B,CFL1,DRAP1,FIBP,KAT5,MRPL11,RBM14,RBM4,RBM4B,SAC3D1,SF1,SF3B2,SLC29A2,SNX32,TM7SF2,VPS51,YIF1A,ZNHIT2",No H3K27ac,0.99,,3457,,WTC11,bg_powered
chr11:65744397-65744896,chr11,65744397,65744896,20,0,False,False,False,,"B4GAT1,BANF1,CCDC85B,CFL1,DRAP1,KAT5,MRPL11,RBM14,RBM4,RBM4B,RNASEH2C,SAC3D1,SF1,SF3B2,SLC29A2,SNX32,TM7SF2,VPS51,YIF1A,ZNHIT2",H3K27me3 element,1.0,,23699,,WTC11,bg_powered
chr11:66228507-66229006,chr11,66228507,66229006,21,0,False,False,False,,"B4GAT1,BANF1,CCDC85B,CFL1,DRAP1,FIBP,KAT5,MRPL11,RBM14,RBM4,RBM4B,RNASEH2C,SAC3D1,SF1,SF3B2,SLC29A2,SNX32,TM7SF2,VPS51,YIF1A,ZNHIT2",High H3K27ac,1.0,,60389,,WTC11,bg_powered
chr11:66312085-66312584,chr11,66312085,66312584,21,0,False,False,False,,"B4GAT1,BANF1,CCDC85B,CFL1,DRAP1,FIBP,KAT5,MRPL11,RBM14,RBM4,RBM4B,RNASEH2C,SAC3D1,SF1,SF3B2,SLC29A2,SNX32,TM7SF2,VPS51,YIF1A,ZNHIT2",High H3K27ac,1.0,,23189,,WTC11,bg_powered
chr11:66328251-66328750,chr11,66328251,66328750,20,0,False,False,False,,"B4GAT1,BANF1,CCDC85B,CFL1,DRAP1,KAT5,MRPL11,RBM14,RBM4,RBM4B,RNASEH2C,SAC3D1,SF1,SF3B2,SLC29A2,SNX32,TM7SF2,VPS51,YIF1A,ZNHIT2",H3K27ac,0.98,,19129,,WTC11,bg_powered
chr11:66494909-66495408,chr11,66494909,66495408,21,0,False,False,False,,"B4GAT1,BANF1,CCDC85B,CFL1,DRAP1,FIBP,KAT5,MRPL11,RBM14,RBM4,RBM4B,RNASEH2C,SAC3D1,SF1,SF3B2,SLC29A2,SNX32,TM7SF2,VPS51,YIF1A,ZNHIT2",No H3K27ac,1.0,,28420,,WTC11,bg_powered
chr11:66495521-66496020,chr11,66495521,66496020,21,0,False,False,False,,"B4GAT1,BANF1,CCDC85B,CFL1,DRAP1,FIBP,KAT5,MRPL11,RBM14,RBM4,RBM4B,RNASEH2C,SAC3D1,SF1,SF3B2,SLC29A2,SNX32,TM7SF2,VPS51,YIF1A,ZNHIT2",CTCF element,1.0,,29032,,WTC11,bg_powered
chr12:6899823-6900322,chr12,6899823,6900322,10,0,False,False,False,,"C12orf57,EMG1,ENO2,LPCAT3,NANOG,PHB2,RIMKLB,SLC2A3,SPSB2,TPI1",H3K27ac,0.89,,10714,,WTC11,bg_powered
chr12:6915513-6916012,chr12,6915513,6916012,9,0,False,False,False,,"C12orf57,EMG1,LPCAT3,NANOG,PHB2,RIMKLB,SLC2A3,SPSB2,TPI1",H3K27ac,0.99,,26404,,WTC11,bg_powered
chr12:6924736-6925235,chr12,6924736,6925235,10,0,False,False,False,,"C12orf57,EMG1,ENO2,LPCAT3,NANOG,PHB2,RIMKLB,SLC2A3,SPSB2,TPI1",High H3K27ac,0.98,,11239,,WTC11,bg_powered
chr12:6944492-6944991,chr12,6944492,6944991,9,0,False,False,False,,"EMG1,ENO2,LPCAT3,NANOG,PHB2,RIMKLB,SLC2A3,SPSB2,TPI1",High H3K27ac,0.99,,26012,,WTC11,bg_powered
chr12:7036721-7037220,chr12,7036721,7037220,10,0,False,False,False,,"C12orf57,EMG1,ENO2,LPCAT3,NANOG,PHB2,RIMKLB,SLC2A3,SPSB2,TPI1",No H3K27ac,1.0,,18493,,WTC11,bg_powered
chr12:7090631-7091130,chr12,7090631,7091130,10,0,False,False,False,,"C12orf57,EMG1,ENO2,LPCAT3,NANOG,PHB2,RIMKLB,SLC2A3,SPSB2,TPI1",H3K27ac,0.98,,117695,,WTC11,bg_powered
chr12:7141997-7142496,chr12,7141997,7142496,10,0,False,False,False,,"C12orf57,EMG1,ENO2,LPCAT3,NANOG,PHB2,RIMKLB,SLC2A3,SPSB2,TPI1",H3K27ac,1.0,,169061,,WTC11,bg_powered
chr12:7162583-7163082,chr12,7162583,7163082,10,0,False,False,False,,"C12orf57,EMG1,ENO2,LPCAT3,NANOG,PHB2,RIMKLB,SLC2A3,SPSB2,TPI1",CTCF element,0.98,,189647,,WTC11,bg_powered
chr12:7439856-7440355,chr12,7439856,7440355,10,0,False,False,False,,"C12orf57,EMG1,ENO2,LPCAT3,NANOG,PHB2,RIMKLB,SLC2A3,SPSB2,TPI1",High H3K27ac,1.0,,347689,,WTC11,bg_powered
chr12:7588668-7589167,chr12,7588668,7589167,10,0,False,False,False,,"C12orf57,EMG1,ENO2,LPCAT3,NANOG,PHB2,RIMKLB,SLC2A3,SPSB2,TPI1",CTCF element,0.88,,198877,,WTC11,bg_powered
chr12:7638605-7639104,chr12,7638605,7639104,10,0,False,False,False,,"C12orf57,EMG1,ENO2,LPCAT3,NANOG,PHB2,RIMKLB,SLC2A3,SPSB2,TPI1",High H3K27ac,1.0,,148940,,WTC11,bg_powered
chr12:7645341-7645840,chr12,7645341,7645840,10,0,False,False,False,,"C12orf57,EMG1,ENO2,LPCAT3,NANOG,PHB2,RIMKLB,SLC2A3,SPSB2,TPI1",H3K27ac,0.96,,142204,,WTC11,bg_powered
chr12:7712776-7713275,chr12,7712776,7713275,10,0,False,False,False,,"C12orf57,EMG1,ENO2,LPCAT3,NANOG,PHB2,RIMKLB,SLC2A3,SPSB2,TPI1",No H3K27ac,0.98,,74769,,WTC11,bg_powered
chr12:7907053-7907552,chr12,7907053,7907552,10,0,False,False,False,,"C12orf57,EMG1,ENO2,LPCAT3,NANOG,PHB2,RIMKLB,SLC2A3,SPSB2,TPI1",High H3K27ac,0.93,,28885,,WTC11,bg_powered
chr12:7933105-7933604,chr12,7933105,7933604,9,0,False,False,False,,"C12orf57,EMG1,ENO2,LPCAT3,NANOG,PHB2,RIMKLB,SPSB2,TPI1",High H3K27ac,0.98,,145560,,WTC11,bg_powered
chr12:8018882-8019381,chr12,8018882,8019381,10,0,False,False,False,,"C12orf57,EMG1,ENO2,LPCAT3,NANOG,PHB2,RIMKLB,SLC2A3,SPSB2,TPI1",H3K27ac,1.0,,82944,,WTC11,bg_powered
chr12:8038680-8039179,chr12,8038680,8039179,10,0,False,False,False,,"C12orf57,EMG1,ENO2,LPCAT3,NANOG,PHB2,RIMKLB,SLC2A3,SPSB2,TPI1",H3K27ac,1.0,,102742,,WTC11,bg_powered
chr12:8242208-8242707,chr12,8242208,8242707,10,0,False,False,False,,"C12orf57,EMG1,ENO2,LPCAT3,NANOG,PHB2,RIMKLB,SLC2A3,SPSB2,TPI1",H3K27ac,0.94,,306270,,WTC11,bg_powered
chr12:8243358-8243857,chr12,8243358,8243857,10,0,False,False,False,,"C12orf57,EMG1,ENO2,LPCAT3,NANOG,PHB2,RIMKLB,SLC2A3,SPSB2,TPI1",H3K27ac,0.97,,307420,,WTC11,bg_powered
chr12:8389742-8390241,chr12,8389742,8390241,10,0,False,False,False,,"C12orf57,EMG1,ENO2,LPCAT3,NANOG,PHB2,RIMKLB,SLC2A3,SPSB2,TPI1",H3K27me3 element,0.88,,291609,,WTC11,bg_powered
chr12:8562262-8562761,chr12,8562262,8562761,10,0,False,False,False,,"C12orf57,EMG1,ENO2,LPCAT3,NANOG,PHB2,RIMKLB,SLC2A3,SPSB2,TPI1",H3K27ac,1.0,,119089,,WTC11,bg_powered
chr12:8564670-8565169,chr12,8564670,8565169,10,0,False,False,False,,"C12orf57,EMG1,ENO2,LPCAT3,NANOG,PHB2,RIMKLB,SLC2A3,SPSB2,TPI1",No H3K27ac,0.99,,116681,,WTC11,bg_powered
chr12:8584414-8584913,chr12,8584414,8584913,10,0,False,False,False,,"C12orf57,EMG1,ENO2,LPCAT3,NANOG,PHB2,RIMKLB,SLC2A3,SPSB2,TPI1",No H3K27ac,0.87,,96937,,WTC11,bg_powered
chr12:8692568-8693067,chr12,8692568,8693067,9,0,False,False,False,,"C12orf57,EMG1,ENO2,LPCAT3,NANOG,PHB2,SLC2A3,SPSB2,TPI1",High H3K27ac,0.97,,756630,,WTC11,bg_powered
chr16:30334596-30335095,chr16,30334596,30335095,7,0,False,False,False,,"FUS,KAT8,PRSS8,PYCARD,SEPHS2,VKORC1,ZNF785",H3K27ac,0.95,,111029,,WTC11,bg_powered
chr16:30400076-30400959,chr16,30400076,30400959,14,0,False,False,False,,"FUS,KAT8,PRSS8,PYCARD,SEPHS2,VKORC1,ZNF785",High H3K27ac,1.0,,45165,,WTC11,bg_powered
chr16:30409391-30409890,chr16,30409391,30409890,7,0,False,False,False,,"FUS,KAT8,PRSS8,PYCARD,SEPHS2,VKORC1,ZNF785",H3K27ac,0.98,,36234,,WTC11,bg_powered
chr16:30417689-30418188,chr16,30417689,30418188,8,0,False,False,False,,"FUS,KAT8,PHKG2,PRSS8,PYCARD,SEPHS2,VKORC1,ZNF785",No H3K27ac,0.98,,27936,,WTC11,bg_powered
chr16:30693858-30694357,chr16,30693858,30694357,7,0,False,False,False,,"FUS,KAT8,PRSS8,PYCARD,SEPHS2,VKORC1,ZNF785",CTCF element,0.95,,108338,,WTC11,bg_powered
chr16:30874756-30875255,chr16,30874756,30875255,7,0,False,False,False,,"FUS,KAT8,PRSS8,PYCARD,SEPHS2,VKORC1,ZNF785",H3K27me3 element,1.0,,220975,,WTC11,bg_powered
chr16:30893300-30893799,chr16,30893300,30893799,8,0,False,False,False,,"FUS,KAT8,PHKG2,PRSS8,PYCARD,SEPHS2,VKORC1,ZNF785",No H3K27ac,0.98,,145256,,WTC11,bg_powered
chr16:30910446-30910945,chr16,30910446,30910945,8,0,False,False,False,,"FUS,KAT8,PHKG2,PRSS8,PYCARD,SEPHS2,VKORC1,ZNF785",No H3K27ac,0.98,,162402,,WTC11,bg_powered
chr16:30935076-30935575,chr16,30935076,30935575,7,0,False,False,False,,"FUS,KAT8,PRSS8,PYCARD,SEPHS2,VKORC1,ZNF785",High H3K27ac,0.99,,160655,,WTC11,bg_powered
chr16:31143571-31144070,chr16,31143571,31144070,7,0,False,False,False,,"FUS,KAT8,PRSS8,PYCARD,SEPHS2,VKORC1,ZNF785",H3K27me3 element,0.98,,8093,,WTC11,bg_powered
chr16:31214540-31215039,chr16,31214540,31215039,7,0,False,False,False,,"FUS,KAT8,PRSS8,PYCARD,SEPHS2,VKORC1,ZNF785",H3K27me3 element,0.99,,11339,,WTC11,bg_powered
chr16:31215157-31215656,chr16,31215157,31215656,7,0,False,False,False,,"FUS,KAT8,PRSS8,PYCARD,SEPHS2,VKORC1,ZNF785",H3K27me3 element,0.99,,11956,,WTC11,bg_powered
chr16:31356782-31357281,chr16,31356782,31357281,7,0,False,False,False,,"FUS,KAT8,PRSS8,PYCARD,SEPHS2,VKORC1,ZNF785",No H3K27ac,1.0,,153581,,WTC11,bg_powered
chr16:31382504-31383003,chr16,31382504,31383003,7,0,False,False,False,,"FUS,KAT8,PRSS8,PYCARD,SEPHS2,VKORC1,ZNF785",H3K27ac,0.99,,179303,,WTC11,bg_powered
chr16:31451668-31452167,chr16,31451668,31452167,7,0,False,False,False,,"FUS,KAT8,PRSS8,PYCARD,SEPHS2,VKORC1,ZNF785",H3K27ac,0.99,,248467,,WTC11,bg_powered
chr16:31455593-31456092,chr16,31455593,31456092,7,0,False,False,False,,"FUS,KAT8,PRSS8,PYCARD,SEPHS2,VKORC1,ZNF785",H3K27ac,1.0,,252392,,WTC11,bg_powered
chr16:31475906-31476405,chr16,31475906,31476405,7,0,False,False,False,,"FUS,KAT8,PRSS8,PYCARD,SEPHS2,VKORC1,ZNF785",H3K27me3 element,0.99,,272705,,WTC11,bg_powered
chr16:31476597-31477142,chr16,31476597,31477142,7,0,False,False,False,,"FUS,KAT8,PRSS8,PYCARD,SEPHS2,VKORC1,ZNF785",H3K27me3 element,1.0,,273419,,WTC11,bg_powered
chr16:31477791-31478290,chr16,31477791,31478290,7,0,False,False,False,,"FUS,KAT8,PRSS8,PYCARD,SEPHS2,VKORC1,ZNF785",H3K27ac,0.99,,274590,,WTC11,bg_powered
chr16:31487571-31488534,chr16,31487571,31488534,16,0,False,False,False,,"FUS,KAT8,PHKG2,PRSS8,PYCARD,SEPHS2,VKORC1,ZNF785",H3K27me3 element,1.0,,284370,,WTC11,bg_powered
chr16:31859300-31859799,chr16,31859300,31859799,8,0,False,False,False,,"FUS,KAT8,PHKG2,PRSS8,PYCARD,SEPHS2,VKORC1,ZNF785",CTCF element,0.92,,656099,,WTC11,bg_powered
chr17:6286174-6286673,chr17,6286174,6286673,23,0,False,False,False,,"CLDN7,EIF4A1,EIF5A,ELP5,GABARAP,GPS2,MED31,MPDU1,NLGN2,PIMREG,PLSCR3,POLR2A,RNASEK,RPAIN,SAT2,SENP3,TMEM107,TMEM256,TMEM88,TP53,TRAPPC1,TXNDC17,VAMP2",No H3K27ac,1.0,,158018,,WTC11,bg_powered
chr17:6461669-6462168,chr17,6461669,6462168,23,0,False,False,False,,"CLDN7,EIF4A1,EIF5A,ELP5,GABARAP,GPS2,MED31,MPDU1,NLGN2,PIMREG,PLSCR3,POLR2A,RNASEK,RPAIN,SAT2,SENP3,TMEM107,TMEM256,TMEM88,TP53,TRAPPC1,TXNDC17,VAMP2",H3K27ac,1.0,,17477,,WTC11,bg_powered
chr17:6555631-6556130,chr17,6555631,6556130,23,0,False,False,False,,"CLDN7,EIF4A1,EIF5A,ELP5,GABARAP,GPS2,MED31,MPDU1,NLGN2,PIMREG,PLSCR3,POLR2A,RNASEK,RPAIN,SAT2,SENP3,TMEM107,TMEM256,TMEM88,TP53,TRAPPC1,TXNDC17,VAMP2",H3K27me3 element,1.0,,85105,,WTC11,bg_powered
chr17:6913777-6914276,chr17,6913777,6914276,23,0,False,False,False,,"CLDN7,EIF4A1,EIF5A,ELP5,GABARAP,GPS2,MED31,MPDU1,NLGN2,PIMREG,PLSCR3,POLR2A,RNASEK,RPAIN,SAT2,SENP3,TMEM107,TMEM256,TMEM88,TP53,TRAPPC1,TXNDC17,VAMP2",CTCF element,1.0,,98391,,WTC11,bg_powered
chr17:7042434-7042933,chr17,7042434,7042933,23,0,False,False,False,,"CLDN7,EIF4A1,EIF5A,ELP5,GABARAP,GPS2,MED31,MPDU1,NLGN2,PIMREG,PLSCR3,POLR2A,RNASEK,RPAIN,SAT2,SENP3,TMEM107,TMEM256,TMEM88,TP53,TRAPPC1,TXNDC17,VAMP2",H3K27me3 element,1.0,,30266,,WTC11,bg_powered
chr17:7132744-7133243,chr17,7132744,7133243,23,0,False,False,False,,"CLDN7,EIF4A1,EIF5A,ELP5,GABARAP,GPS2,MED31,MPDU1,NLGN2,PIMREG,PLSCR3,POLR2A,RNASEK,RPAIN,SAT2,SENP3,TMEM107,TMEM256,TMEM88,TP53,TRAPPC1,TXNDC17,VAMP2",High H3K27ac,1.0,,109456,,WTC11,bg_powered
chr17:7174125-7174624,chr17,7174125,7174624,23,0,False,False,False,,"CLDN7,EIF4A1,EIF5A,ELP5,GABARAP,GPS2,MED31,MPDU1,NLGN2,PIMREG,PLSCR3,POLR2A,RNASEK,RPAIN,SAT2,SENP3,TMEM107,TMEM256,TMEM88,TP53,TRAPPC1,TXNDC17,VAMP2",No H3K27ac,1.0,,68075,,WTC11,bg_powered
chr17:7436373-7436872,chr17,7436373,7436872,22,0,False,False,False,,"CLDN7,EIF4A1,EIF5A,ELP5,GABARAP,GPS2,MED31,MPDU1,NLGN2,PIMREG,PLSCR3,POLR2A,RNASEK,SAT2,SENP3,TMEM107,TMEM256,TMEM88,TP53,TRAPPC1,TXNDC17,VAMP2",High H3K27ac,0.98,,31748,,WTC11,bg_powered
chr17:7707386-7707885,chr17,7707386,7707885,22,0,False,False,False,,"CLDN7,EIF4A1,EIF5A,ELP5,GABARAP,GPS2,MED31,MPDU1,NLGN2,PIMREG,PLSCR3,POLR2A,RNASEK,SAT2,SENP3,TMEM107,TMEM256,TMEM88,TP53,TRAPPC1,TXNDC17,VAMP2",No H3K27ac,0.99,,20085,,WTC11,bg_powered
chr17:7833631-7834130,chr17,7833631,7834130,22,0,False,False,False,,"CLDN7,EIF4A1,EIF5A,ELP5,GABARAP,GPS2,MED31,MPDU1,NLGN2,PIMREG,PLSCR3,POLR2A,RNASEK,SAT2,SENP3,TMEM107,TMEM256,TMEM88,TP53,TRAPPC1,TXNDC17,VAMP2",H3K27me3 element,1.0,,21186,,WTC11,bg_powered
chr17:7922750-7923249,chr17,7922750,7923249,22,0,False,False,False,,"CLDN7,EIF4A1,EIF5A,ELP5,GABARAP,GPS2,MED31,MPDU1,NLGN2,PIMREG,PLSCR3,POLR2A,RNASEK,SAT2,SENP3,TMEM107,TMEM256,TMEM88,TP53,TRAPPC1,TXNDC17,VAMP2",H3K27ac,1.0,,9124,,WTC11,bg_powered
chr17:8016005-8016504,chr17,8016005,8016504,22,0,False,False,False,,"CLDN7,EIF4A1,EIF5A,ELP5,GABARAP,GPS2,MED31,MPDU1,NLGN2,PIMREG,PLSCR3,POLR2A,RNASEK,SAT2,SENP3,TMEM107,TMEM256,TMEM88,TP53,TRAPPC1,TXNDC17,VAMP2",H3K27me3 element,1.0,,84131,,WTC11,bg_powered
chr17:8016618-8017117,chr17,8016618,8017117,22,0,False,False,False,,"CLDN7,EIF4A1,EIF5A,ELP5,GABARAP,GPS2,MED31,MPDU1,NLGN2,PIMREG,PLSCR3,POLR2A,RNASEK,SAT2,SENP3,TMEM107,TMEM256,TMEM88,TP53,TRAPPC1,TXNDC17,VAMP2",CTCF element,0.98,,84744,,WTC11,bg_powered
chr17:8063713-8064212,chr17,8063713,8064212,22,0,False,False,False,,"CLDN7,EIF4A1,EIF5A,ELP5,GABARAP,GPS2,MED31,MPDU1,NLGN2,PIMREG,PLSCR3,POLR2A,RNASEK,SAT2,SENP3,TMEM107,TMEM256,TMEM88,TP53,TRAPPC1,TXNDC17,VAMP2",H3K27me3 element,1.0,,99584,,WTC11,bg_powered
chr17:8079127-8079626,chr17,8079127,8079626,22,0,False,False,False,,"CLDN7,EIF4A1,EIF5A,ELP5,GABARAP,GPS2,MED31,MPDU1,NLGN2,PIMREG,PLSCR3,POLR2A,RNASEK,SAT2,SENP3,TMEM107,TMEM256,TMEM88,TP53,TRAPPC1,TXNDC17,VAMP2",H3K27me3 element,0.98,,84170,,WTC11,bg_powered
chr17:8125485-8125984,chr17,8125485,8125984,22,0,False,False,False,,"CLDN7,EIF4A1,EIF5A,ELP5,GABARAP,GPS2,MED31,MPDU1,NLGN2,PIMREG,PLSCR3,POLR2A,RNASEK,SAT2,SENP3,TMEM107,TMEM256,TMEM88,TP53,TRAPPC1,TXNDC17,VAMP2",H3K27me3 element,1.0,,37812,,WTC11,bg_powered
chr17:8133340-8133839,chr17,8133340,8133839,22,0,False,False,False,,"CLDN7,EIF4A1,EIF5A,ELP5,GABARAP,GPS2,MED31,MPDU1,NLGN2,PIMREG,PLSCR3,POLR2A,RNASEK,SAT2,SENP3,TMEM107,TMEM256,TMEM88,TP53,TRAPPC1,TXNDC17,VAMP2",H3K27ac,1.0,,29957,,WTC11,bg_powered
chr19:10061892-10062391,chr19,10061892,10062391,11,0,False,False,False,,"CDC37,EIF3G,FBXL12,FDX2,HNRNPM,MRPL4,P2RY11,PPAN,UBL5,YIPF2,ZNF121",No H3K27ac,1.0,,44221,,WTC11,bg_powered
chr19:10112946-10113445,chr19,10112946,10113445,10,0,False,False,False,,"CDC37,EIF3G,FBXL12,FDX2,HNRNPM,MRPL4,PPAN,UBL5,YIPF2,ZNF121",H3K27ac,1.0,,6723,,WTC11,bg_powered
chr19:10250037-10250536,chr19,10250037,10250536,11,0,False,False,False,,"CDC37,EIF3G,FBXL12,FDX2,HNRNPM,MRPL4,P2RY11,PPAN,UBL5,YIPF2,ZNF121",CTCF element,0.99,,1615,,WTC11,bg_powered
chr19:10292174-10292673,chr19,10292174,10292673,12,0,False,False,False,,"CDC37,EIF3G,FBXL12,FDX2,HNRNPM,MRPL4,P2RY11,PPAN,UBL5,YIPF2,ZNF121,ZNF414",H3K27me3 element,0.99,,23592,,WTC11,bg_powered
chr19:10418237-10418736,chr19,10418237,10418736,9,0,False,False,False,,"EIF3G,FBXL12,FDX2,MRPL4,P2RY11,PPAN,UBL5,YIPF2,ZNF121",H3K27me3 element,0.97,,102471,,WTC11,bg_powered
chr19:13153431-13153930,chr19,13153431,13153930,6,0,False,False,False,,"ASF1B,C19orf53,MRI1,NDUFB7,SAMD1,TECR",H3K27ac,1.0,,610842,,WTC11,bg_powered
chr19:13366466-13366965,chr19,13366466,13366965,7,0,False,False,False,,"ASF1B,C19orf53,IER2,MRI1,NDUFB7,SAMD1,TECR",CTCF element,0.98,,216304,,WTC11,bg_powered
chr19:13396553-13397052,chr19,13396553,13397052,7,0,False,False,False,,"ASF1B,C19orf53,IER2,MRI1,NDUFB7,SAMD1,TECR",No H3K27ac,0.98,,246391,,WTC11,bg_powered
chr19:13557695-13558194,chr19,13557695,13558194,7,0,False,False,False,,"ASF1B,C19orf53,IER2,MRI1,NDUFB7,SAMD1,TECR",No H3K27ac,0.99,,206578,,WTC11,bg_powered
chr19:13589175-13589674,chr19,13589175,13589674,7,0,False,False,False,,"ASF1B,C19orf53,IER2,MRI1,NDUFB7,SAMD1,TECR",CTCF element,0.99,,175098,,WTC11,bg_powered
chr19:13597585-13598084,chr19,13597585,13598084,7,0,False,False,False,,"ASF1B,C19orf53,IER2,MRI1,NDUFB7,SAMD1,TECR",CTCF element,0.96,,166688,,WTC11,bg_powered
chr19:13609888-13610757,chr19,13609888,13610757,14,0,False,False,False,,"ASF1B,C19orf53,IER2,MRI1,NDUFB7,SAMD1,TECR",H3K27ac,0.99,,154015,,WTC11,bg_powered
chr19:13619666-13620165,chr19,13619666,13620165,7,0,False,False,False,,"ASF1B,C19orf53,IER2,MRI1,NDUFB7,SAMD1,TECR",H3K27me3 element,0.81,,144607,,WTC11,bg_powered
chr19:13825682-13826502,chr19,13825682,13826502,14,0,False,False,False,,"ASF1B,C19orf53,IER2,MRI1,NDUFB7,SAMD1,TECR",High H3K27ac,1.0,,51475,,WTC11,bg_powered
chr19:13839501-13840000,chr19,13839501,13840000,7,0,False,False,False,,"ASF1B,C19orf53,IER2,MRI1,NDUFB7,SAMD1,TECR",No H3K27ac,1.0,,65294,,WTC11,bg_powered
chr19:13843430-13843929,chr19,13843430,13843929,7,0,False,False,False,,"ASF1B,C19orf53,IER2,MRI1,NDUFB7,SAMD1,TECR",No H3K27ac,0.99,,69223,,WTC11,bg_powered
chr19:13861847-13862678,chr19,13861847,13862678,14,0,False,False,False,,"ASF1B,C19orf53,IER2,MRI1,NDUFB7,SAMD1,TECR",H3K27ac,0.99,,87640,,WTC11,bg_powered
chr19:13881173-13881672,chr19,13881173,13881672,7,0,False,False,False,,"ASF1B,C19orf53,IER2,MRI1,NDUFB7,SAMD1,TECR",H3K27ac,1.0,,106965,,WTC11,bg_powered
chr19:13963114-13963613,chr19,13963114,13963613,7,0,False,False,False,,"ASF1B,C19orf53,IER2,MRI1,NDUFB7,SAMD1,TECR",No H3K27ac,0.99,,127673,,WTC11,bg_powered
chr19:14042953-14043452,chr19,14042953,14043452,7,0,False,False,False,,"ASF1B,C19orf53,IER2,MRI1,NDUFB7,SAMD1,TECR",High H3K27ac,0.99,,47834,,WTC11,bg_powered
chr19:14048497-14048996,chr19,14048497,14048996,7,0,False,False,False,,"ASF1B,C19orf53,IER2,MRI1,NDUFB7,SAMD1,TECR",CTCF element,0.99,,42290,,WTC11,bg_powered
chr19:14075000-14075499,chr19,14075000,14075499,7,0,False,False,False,,"ASF1B,C19orf53,IER2,MRI1,NDUFB7,SAMD1,TECR",CTCF element,1.0,,15787,,WTC11,bg_powered
chr19:14081276-14081775,chr19,14081276,14081775,7,0,False,False,False,,"ASF1B,C19orf53,IER2,MRI1,NDUFB7,SAMD1,TECR",H3K27ac,0.99,,9511,,WTC11,bg_powered
chr19:14247448-14247947,chr19,14247448,14247947,7,0,False,False,False,,"ASF1B,C19orf53,IER2,MRI1,NDUFB7,SAMD1,TECR",H3K27ac,0.99,,111084,,WTC11,bg_powered
chr19:14337441-14337940,chr19,14337441,14337940,7,0,False,False,False,,"ASF1B,C19orf53,IER2,MRI1,NDUFB7,SAMD1,TECR",H3K27me3 element,0.98,,179395,,WTC11,bg_powered
chr19:14363682-14364181,chr19,14363682,14364181,7,0,False,False,False,,"ASF1B,C19orf53,IER2,MRI1,NDUFB7,SAMD1,TECR",High H3K27ac,0.98,,153154,,WTC11,bg_powered
chr19:14393218-14393717,chr19,14393218,14393717,7,0,False,False,False,,"ASF1B,C19orf53,IER2,MRI1,NDUFB7,SAMD1,TECR",H3K27ac,1.0,,123618,,WTC11,bg_powered
chr19:14405278-14405777,chr19,14405278,14405777,7,0,False,False,False,,"ASF1B,C19orf53,IER2,MRI1,NDUFB7,SAMD1,TECR",H3K27ac,1.0,,111558,,WTC11,bg_powered
chr19:14632213-14632712,chr19,14632213,14632712,7,0,False,False,False,,"ASF1B,C19orf53,IER2,MRI1,NDUFB7,SAMD1,TECR",No H3K27ac,0.99,,60396,,WTC11,bg_powered
chr19:14731129-14731628,chr19,14731129,14731628,7,0,False,False,False,,"ASF1B,C19orf53,IER2,MRI1,NDUFB7,SAMD1,TECR",No H3K27ac,0.97,,159312,,WTC11,bg_powered
chr19:14775763-14776262,chr19,14775763,14776262,7,0,False,False,False,,"ASF1B,C19orf53,IER2,MRI1,NDUFB7,SAMD1,TECR",H3K27me3 element,1.0,,203946,,WTC11,bg_powered
chr19:15025173-15025672,chr19,15025173,15025672,7,0,False,False,False,,"ASF1B,C19orf53,IER2,MRI1,NDUFB7,SAMD1,TECR",No H3K27ac,1.0,,453356,,WTC11,bg_powered
chr19:15120400-15120899,chr19,15120400,15120899,7,0,False,False,False,,"ASF1B,C19orf53,IER2,MRI1,NDUFB7,SAMD1,TECR",H3K27ac,1.0,,548582,,WTC11,bg_powered
chr19:8441697-8442196,chr19,8441697,8442196,10,0,False,False,False,,"EIF3G,FBXL12,FDX2,HNRNPM,MRPL4,P2RY11,PPAN,UBL5,ZNF121,ZNF414",High H3K27ac,0.99,,2821,,WTC11,bg_powered
chr19:8445428-8445927,chr19,8445428,8445927,8,0,False,False,False,,"EIF3G,FBXL12,FDX2,MRPL4,P2RY11,PPAN,UBL5,ZNF121",H3K27ac,1.0,,1184648,,WTC11,bg_powered
chr19:8447227-8447726,chr19,8447227,8447726,8,0,False,False,False,,"EIF3G,FBXL12,FDX2,MRPL4,P2RY11,PPAN,UBL5,ZNF121",High H3K27ac,0.97,,1182849,,WTC11,bg_powered
chr19:8525434-8525933,chr19,8525434,8525933,10,0,False,False,False,,"CDC37,EIF3G,FBXL12,FDX2,HNRNPM,MRPL4,P2RY11,PPAN,UBL5,ZNF121",High H3K27ac,0.99,,80916,,WTC11,bg_powered
chr19:8552677-8553176,chr19,8552677,8553176,10,0,False,False,False,,"CDC37,EIF3G,FBXL12,FDX2,HNRNPM,MRPL4,P2RY11,PPAN,UBL5,ZNF121",H3K27ac,0.99,,108159,,WTC11,bg_powered
chr19:8585868-8586367,chr19,8585868,8586367,11,0,False,False,False,,"CDC37,EIF3G,FBXL12,FDX2,HNRNPM,MRPL4,P2RY11,PPAN,UBL5,ZNF121,ZNF414",CTCF element,1.0,,71950,,WTC11,bg_powered
chr19:8611738-8612237,chr19,8611738,8612237,10,0,False,False,False,,"CDC37,EIF3G,FBXL12,FDX2,HNRNPM,MRPL4,P2RY11,PPAN,UBL5,ZNF121",H3K27ac,0.99,,167221,,WTC11,bg_powered
chr19:8694208-8694707,chr19,8694208,8694707,10,0,False,False,False,,"CDC37,EIF3G,FBXL12,FDX2,HNRNPM,MRPL4,P2RY11,PPAN,UBL5,ZNF121",CTCF element,1.0,,295154,,WTC11,bg_powered
chr19:9065566-9066065,chr19,9065566,9066065,11,0,False,False,False,,"CDC37,EIF3G,FBXL12,FDX2,HNRNPM,MRPL4,P2RY11,PPAN,UBL5,YIPF2,ZNF121",No H3K27ac,0.98,,518718,,WTC11,bg_powered
chr19:9073778-9074277,chr19,9073778,9074277,11,0,False,False,False,,"CDC37,EIF3G,FBXL12,FDX2,HNRNPM,MRPL4,P2RY11,PPAN,UBL5,YIPF2,ZNF121",High H3K27ac,0.99,,510506,,WTC11,bg_powered
chr19:9075500-9075999,chr19,9075500,9075999,11,0,False,False,False,,"CDC37,EIF3G,FBXL12,FDX2,HNRNPM,MRPL4,P2RY11,PPAN,UBL5,YIPF2,ZNF121",H3K27ac,0.98,,508784,,WTC11,bg_powered
chr19:9079757-9080256,chr19,9079757,9080256,11,0,False,False,False,,"CDC37,EIF3G,FBXL12,FDX2,HNRNPM,MRPL4,P2RY11,PPAN,UBL5,YIPF2,ZNF121",CTCF element,1.0,,504527,,WTC11,bg_powered
chr19:9136453-9136952,chr19,9136453,9136952,11,0,False,False,False,,"CDC37,EIF3G,FBXL12,FDX2,HNRNPM,MRPL4,P2RY11,PPAN,UBL5,YIPF2,ZNF121",No H3K27ac,0.99,,447831,,WTC11,bg_powered
chr19:9586646-9587145,chr19,9586646,9587145,11,0,False,False,False,,"CDC37,EIF3G,FBXL12,FDX2,HNRNPM,MRPL4,P2RY11,PPAN,UBL5,YIPF2,ZNF121",H3K27ac,0.88,,2362,,WTC11,bg_powered
chr19:9625751-9626250,chr19,9625751,9626250,11,0,False,False,False,,"CDC37,EIF3G,FBXL12,FDX2,HNRNPM,MRPL4,P2RY11,PPAN,UBL5,YIPF2,ZNF121",H3K27ac,0.83,,41467,,WTC11,bg_powered
chr19:9720516-9721015,chr19,9720516,9721015,11,0,False,False,False,,"CDC37,EIF3G,FBXL12,FDX2,HNRNPM,MRPL4,P2RY11,PPAN,UBL5,YIPF2,ZNF121",H3K27ac,0.97,,107051,,WTC11,bg_powered
chr19:9785343-9785842,chr19,9785343,9785842,11,0,False,False,False,,"CDC37,EIF3G,FBXL12,FDX2,HNRNPM,MRPL4,P2RY11,PPAN,UBL5,YIPF2,ZNF121",High H3K27ac,1.0,,42224,,WTC11,bg_powered
chr19:9792037-9792536,chr19,9792037,9792536,11,0,False,False,False,,"CDC37,EIF3G,FBXL12,FDX2,HNRNPM,MRPL4,P2RY11,PPAN,UBL5,YIPF2,ZNF121",H3K27ac,0.99,,35530,,WTC11,bg_powered
chr19:9796104-9796603,chr19,9796104,9796603,11,0,False,False,False,,"CDC37,EIF3G,FBXL12,FDX2,HNRNPM,MRPL4,P2RY11,PPAN,UBL5,YIPF2,ZNF121",H3K27ac,0.98,,31463,,WTC11,bg_powered
chr19:9966455-9966954,chr19,9966455,9966954,11,0,False,False,False,,"CDC37,EIF3G,FBXL12,FDX2,HNRNPM,MRPL4,P2RY11,PPAN,UBL5,YIPF2,ZNF121",H3K27ac,1.0,,138812,,WTC11,bg_powered
chr1:198423664-198424163,chr1,198423664,198424163,1,0,False,False,False,,ZNF281,H3K27ac,0.9,,1986141,,WTC11,bg_powered
chr1:198472121-198472620,chr1,198472121,198472620,1,0,False,False,False,,ZNF281,No H3K27ac,0.88,,1937684,,WTC11,bg_powered
chr1:198699379-198699878,chr1,198699379,198699878,1,0,False,False,False,,ZNF281,High H3K27ac,0.84,,1710427,,WTC11,bg_powered
chr1:198741694-198742193,chr1,198741694,198742193,1,0,False,False,False,,ZNF281,No H3K27ac,0.93,,1668112,,WTC11,bg_powered
chr1:198788665-198789164,chr1,198788665,198789164,1,0,False,False,False,,ZNF281,H3K27ac,0.91,,1621141,,WTC11,bg_powered
chr1:198830059-198830657,chr1,198830059,198830657,1,0,False,False,False,,ZNF281,H3K27ac,0.99,,1579698,,WTC11,bg_powered
chr1:199217957-199218456,chr1,199217957,199218456,1,0,False,False,False,,ZNF281,No H3K27ac,0.9,,1191850,,WTC11,bg_powered
chr1:199243392-199243891,chr1,199243392,199243891,1,0,False,False,False,,ZNF281,CTCF element,0.92,,1166415,,WTC11,bg_powered
chr1:199272581-199273080,chr1,199272581,199273080,1,0,False,False,False,,ZNF281,No H3K27ac,0.83,,1137226,,WTC11,bg_powered
chr1:199337280-199337779,chr1,199337280,199337779,1,0,False,False,False,,ZNF281,No H3K27ac,0.91,,1072527,,WTC11,bg_powered
chr1:199463456-199463955,chr1,199463456,199463955,1,0,False,False,False,,ZNF281,No H3K27ac,0.92,,946351,,WTC11,bg_powered
chr1:199545692-199546191,chr1,199545692,199546191,1,0,False,False,False,,ZNF281,No H3K27ac,0.91,,864115,,WTC11,bg_powered
chr1:199735566-199736065,chr1,199735566,199736065,1,0,False,False,False,,ZNF281,H3K27ac,0.84,,674241,,WTC11,bg_powered
chr1:199747892-199748391,chr1,199747892,199748391,1,0,False,False,False,,ZNF281,H3K27ac,0.87,,661915,,WTC11,bg_powered
chr1:199866197-199866696,chr1,199866197,199866696,1,0,False,False,False,,ZNF281,H3K27ac,0.9,,543610,,WTC11,bg_powered
chr1:199954642-199955141,chr1,199954642,199955141,1,0,False,False,False,,ZNF281,H3K27ac,0.89,,455165,,WTC11,bg_powered
chr1:199976758-199977257,chr1,199976758,199977257,1,0,False,False,False,,ZNF281,High H3K27ac,0.92,,433049,,WTC11,bg_powered
chr1:200028962-200029926,chr1,200028962,200029926,2,0,False,False,False,,ZNF281,High H3K27ac,0.92,,380380,,WTC11,bg_powered
chr1:200034708-200035207,chr1,200034708,200035207,1,0,False,False,False,,ZNF281,High H3K27ac,0.85,,375099,,WTC11,bg_powered
chr1:200038569-200039833,chr1,200038569,200039833,3,0,False,False,False,,ZNF281,H3K27ac,0.96,,370473,,WTC11,bg_powered
chr1:200040599-200041098,chr1,200040599,200041098,1,0,False,False,False,,ZNF281,H3K27me3 element,0.91,,369208,,WTC11,bg_powered
chr1:200041203-200041702,chr1,200041203,200041702,1,0,False,False,False,,ZNF281,H3K27ac,0.84,,368604,,WTC11,bg_powered
chr1:200048208-200048707,chr1,200048208,200048707,1,0,False,False,False,,ZNF281,High H3K27ac,0.88,,361599,,WTC11,bg_powered
chr1:200302208-200303277,chr1,200302208,200303277,2,0,False,False,False,,ZNF281,H3K27ac,1.0,,107029,,WTC11,bg_powered
chr1:200341223-200341722,chr1,200341223,200341722,1,0,False,False,False,,ZNF281,H3K27ac,0.89,,68584,,WTC11,bg_powered
chr1:200366127-200366626,chr1,200366127,200366626,1,0,False,False,False,,ZNF281,High H3K27ac,0.89,,43680,,WTC11,bg_powered
chr1:2545925-2546424,chr1,2545925,2546424,2,0,False,False,False,,"PEX10,RER1",No H3K27ac,0.85,,132377,,WTC11,bg_powered
chr1:2546779-2547278,chr1,2546779,2547278,2,0,False,False,False,,"PEX10,RER1",H3K27ac,0.92,,133231,,WTC11,bg_powered
chr1:2578168-2578667,chr1,2578168,2578667,2,0,False,False,False,,"PEX10,RER1",H3K27ac,0.96,,164620,,WTC11,bg_powered
chr1:2591521-2592020,chr1,2591521,2592020,2,0,False,False,False,,"PEX10,RER1",H3K27me3 element,0.89,,177973,,WTC11,bg_powered
chr1:2593756-2594255,chr1,2593756,2594255,2,0,False,False,False,,"PEX10,RER1",No H3K27ac,0.89,,180208,,WTC11,bg_powered
chr1:2594471-2594970,chr1,2594471,2594970,2,0,False,False,False,,"PEX10,RER1",No H3K27ac,0.93,,180923,,WTC11,bg_powered
chr1:2595666-2596165,chr1,2595666,2596165,2,0,False,False,False,,"PEX10,RER1",No H3K27ac,0.88,,182118,,WTC11,bg_powered
chr1:26201129-26201628,chr1,26201129,26201628,10,0,False,False,False,,"ARID1A,CEP85,HMGN2,LIN28A,RPA2,SH3BGRL3,SMPDL3B,TENT5B,TRNP1,ZNF593",H3K27ac,0.99,,31470,,WTC11,bg_powered
chr1:26385969-26386468,chr1,26385969,26386468,10,0,False,False,False,,"ARID1A,CEP85,HMGN2,LIN28A,RPA2,SH3BGRL3,SMPDL3B,TENT5B,TRNP1,ZNF593",H3K27ac,0.99,,24599,,WTC11,bg_powered
chr1:26396204-26396703,chr1,26396204,26396703,10,0,False,False,False,,"ARID1A,CEP85,HMGN2,LIN28A,RPA2,SH3BGRL3,SMPDL3B,TENT5B,TRNP1,ZNF593",CTCF element,0.98,,14364,,WTC11,bg_powered
chr1:26538621-26539120,chr1,26538621,26539120,10,0,False,False,False,,"ARID1A,CEP85,HMGN2,LIN28A,RPA2,SH3BGRL3,SMPDL3B,TENT5B,TRNP1,ZNF593",H3K27ac,0.98,,66430,,WTC11,bg_powered
chr1:26677465-26677964,chr1,26677465,26677964,10,0,False,False,False,,"ARID1A,CEP85,HMGN2,LIN28A,RPA2,SH3BGRL3,SMPDL3B,TENT5B,TRNP1,ZNF593",H3K27ac,0.99,,15522,,WTC11,bg_powered
chr1:26853023-26853522,chr1,26853023,26853522,10,0,False,False,False,,"ARID1A,CEP85,HMGN2,LIN28A,RPA2,SH3BGRL3,SMPDL3B,TENT5B,TRNP1,ZNF593",H3K27ac,1.0,,140420,,WTC11,bg_powered
chr1:26877904-26878403,chr1,26877904,26878403,10,0,False,False,False,,"ARID1A,CEP85,HMGN2,LIN28A,RPA2,SH3BGRL3,SMPDL3B,TENT5B,TRNP1,ZNF593",CTCF element,0.91,,115539,,WTC11,bg_powered
chr1:27004639-27005138,chr1,27004639,27005138,9,0,False,False,False,,"ARID1A,CEP85,HMGN2,LIN28A,RPA2,SH3BGRL3,SMPDL3B,TRNP1,ZNF593",High H3K27ac,0.98,,11196,,WTC11,bg_powered
chr1:27026983-27027482,chr1,27026983,27027482,10,0,False,False,False,,"ARID1A,CEP85,HMGN2,LIN28A,RPA2,SH3BGRL3,SMPDL3B,TENT5B,TRNP1,ZNF593",High H3K27ac,0.99,,14382,,WTC11,bg_powered
chr1:27031480-27031979,chr1,27031480,27031979,10,0,False,False,False,,"ARID1A,CEP85,HMGN2,LIN28A,RPA2,SH3BGRL3,SMPDL3B,TENT5B,TRNP1,ZNF593",H3K27ac,0.99,,18879,,WTC11,bg_powered
chr1:27109061-27109560,chr1,27109061,27109560,10,0,False,False,False,,"ARID1A,CEP85,HMGN2,LIN28A,RPA2,SH3BGRL3,SMPDL3B,TENT5B,TRNP1,ZNF593",H3K27ac,1.0,,96460,,WTC11,bg_powered
chr1:27299431-27299930,chr1,27299431,27299930,10,0,False,False,False,,"ARID1A,CEP85,HMGN2,LIN28A,RPA2,SH3BGRL3,SMPDL3B,TENT5B,TRNP1,ZNF593",H3K27ac,0.96,,286830,,WTC11,bg_powered
chr1:27300722-27301221,chr1,27300722,27301221,10,0,False,False,False,,"ARID1A,CEP85,HMGN2,LIN28A,RPA2,SH3BGRL3,SMPDL3B,TENT5B,TRNP1,ZNF593",H3K27ac,0.98,,288121,,WTC11,bg_powered
chr1:27349184-27349683,chr1,27349184,27349683,10,0,False,False,False,,"ARID1A,CEP85,HMGN2,LIN28A,RPA2,SH3BGRL3,SMPDL3B,TENT5B,TRNP1,ZNF593",H3K27me3 element,0.99,,336583,,WTC11,bg_powered
chr1:27350164-27350676,chr1,27350164,27350676,10,0,False,False,False,,"ARID1A,CEP85,HMGN2,LIN28A,RPA2,SH3BGRL3,SMPDL3B,TENT5B,TRNP1,ZNF593",H3K27me3 element,1.0,,337569,,WTC11,bg_powered
chr1:27351076-27351575,chr1,27351076,27351575,10,0,False,False,False,,"ARID1A,CEP85,HMGN2,LIN28A,RPA2,SH3BGRL3,SMPDL3B,TENT5B,TRNP1,ZNF593",H3K27ac,0.99,,338475,,WTC11,bg_powered
chr1:27365379-27365878,chr1,27365379,27365878,10,0,False,False,False,,"ARID1A,CEP85,HMGN2,LIN28A,RPA2,SH3BGRL3,SMPDL3B,TENT5B,TRNP1,ZNF593",H3K27ac,0.98,,352778,,WTC11,bg_powered
chr1:27488504-27489003,chr1,27488504,27489003,10,0,False,False,False,,"ARID1A,CEP85,HMGN2,LIN28A,RPA2,SH3BGRL3,SMPDL3B,TENT5B,TRNP1,ZNF593",H3K27ac,1.0,,425993,,WTC11,bg_powered
chr1:27527179-27527678,chr1,27527179,27527678,10,0,False,False,False,,"ARID1A,CEP85,HMGN2,LIN28A,RPA2,SH3BGRL3,SMPDL3B,TENT5B,TRNP1,ZNF593",H3K27ac,0.98,,387318,,WTC11,bg_powered
chr1:27557820-27558319,chr1,27557820,27558319,10,0,False,False,False,,"ARID1A,CEP85,HMGN2,LIN28A,RPA2,SH3BGRL3,SMPDL3B,TENT5B,TRNP1,ZNF593",High H3K27ac,1.0,,356677,,WTC11,bg_powered
chr1:27568430-27568929,chr1,27568430,27568929,10,0,False,False,False,,"ARID1A,CEP85,HMGN2,LIN28A,RPA2,SH3BGRL3,SMPDL3B,TENT5B,TRNP1,ZNF593",H3K27ac,0.98,,346067,,WTC11,bg_powered
chr1:27592545-27593443,chr1,27592545,27593443,20,0,False,False,False,,"ARID1A,CEP85,HMGN2,LIN28A,RPA2,SH3BGRL3,SMPDL3B,TENT5B,TRNP1,ZNF593",H3K27ac,1.0,,321553,,WTC11,bg_powered
chr1:27598221-27598720,chr1,27598221,27598720,10,0,False,False,False,,"ARID1A,CEP85,HMGN2,LIN28A,RPA2,SH3BGRL3,SMPDL3B,TENT5B,TRNP1,ZNF593",H3K27ac,0.99,,316276,,WTC11,bg_powered
chr1:27608540-27609039,chr1,27608540,27609039,10,0,False,False,False,,"ARID1A,CEP85,HMGN2,LIN28A,RPA2,SH3BGRL3,SMPDL3B,TENT5B,TRNP1,ZNF593",H3K27ac,0.99,,305957,,WTC11,bg_powered
chr1:27614716-27615215,chr1,27614716,27615215,10,0,False,False,False,,"ARID1A,CEP85,HMGN2,LIN28A,RPA2,SH3BGRL3,SMPDL3B,TENT5B,TRNP1,ZNF593",H3K27ac,1.0,,299781,,WTC11,bg_powered
chr1:27615277-27615776,chr1,27615277,27615776,10,0,False,False,False,,"ARID1A,CEP85,HMGN2,LIN28A,RPA2,SH3BGRL3,SMPDL3B,TENT5B,TRNP1,ZNF593",H3K27ac,0.99,,299220,,WTC11,bg_powered
chr1:27656052-27656551,chr1,27656052,27656551,10,0,False,False,False,,"ARID1A,CEP85,HMGN2,LIN28A,RPA2,SH3BGRL3,SMPDL3B,TENT5B,TRNP1,ZNF593",H3K27ac,0.99,,258445,,WTC11,bg_powered
chr1:27940258-27940757,chr1,27940258,27940757,9,0,False,False,False,,"ARID1A,CEP85,HMGN2,LIN28A,RPA2,SH3BGRL3,TENT5B,TRNP1,ZNF593",H3K27ac,0.98,,25761,,WTC11,bg_powered
chr1:27961794-27962293,chr1,27961794,27962293,10,0,False,False,False,,"ARID1A,CEP85,HMGN2,LIN28A,RPA2,SH3BGRL3,SMPDL3B,TENT5B,TRNP1,ZNF593",No H3K27ac,0.99,,27043,,WTC11,bg_powered
chr1:2796791-2797290,chr1,2796791,2797290,2,0,False,False,False,,"PEX10,RER1",H3K27me3 element,0.95,,368369,,WTC11,bg_powered
chr1:2800259-2800758,chr1,2800259,2800758,2,0,False,False,False,,"PEX10,RER1",No H3K27ac,0.92,,371837,,WTC11,bg_powered
chr1:2802976-2803475,chr1,2802976,2803475,2,0,False,False,False,,"PEX10,RER1",No H3K27ac,0.83,,374554,,WTC11,bg_powered
chr1:2803566-2804065,chr1,2803566,2804065,2,0,False,False,False,,"PEX10,RER1",No H3K27ac,0.87,,375144,,WTC11,bg_powered
chr1:28091137-28091636,chr1,28091137,28091636,10,0,False,False,False,,"ARID1A,CEP85,HMGN2,LIN28A,RPA2,SH3BGRL3,SMPDL3B,TENT5B,TRNP1,ZNF593",High H3K27ac,0.97,,156386,,WTC11,bg_powered
chr1:28147218-28147717,chr1,28147218,28147717,10,0,False,False,False,,"ARID1A,CEP85,HMGN2,LIN28A,RPA2,SH3BGRL3,SMPDL3B,TENT5B,TRNP1,ZNF593",H3K27ac,0.99,,212467,,WTC11,bg_powered
chr1:3070011-3070510,chr1,3070011,3070510,2,0,False,False,False,,"PEX10,RER1",H3K27me3 element,0.92,,641588,,WTC11,bg_powered
chr1:3070955-3071454,chr1,3070955,3071454,2,0,False,False,False,,"PEX10,RER1",H3K27me3 element,0.95,,642532,,WTC11,bg_powered
chr1:3221892-3222391,chr1,3221892,3222391,2,0,False,False,False,,"PEX10,RER1",H3K27ac,0.91,,793469,,WTC11,bg_powered
chr1:3391668-3392167,chr1,3391668,3392167,2,0,False,False,False,,"PEX10,RER1",H3K27me3 element,0.95,,963245,,WTC11,bg_powered
chr1:3453042-3453541,chr1,3453042,3453541,2,0,False,False,False,,"PEX10,RER1",H3K27ac,0.96,,1024619,,WTC11,bg_powered
chr1:3533396-3533895,chr1,3533396,3533895,2,0,False,False,False,,"PEX10,RER1",No H3K27ac,0.89,,1104973,,WTC11,bg_powered
chr1:3610489-3610988,chr1,3610489,3610988,2,0,False,False,False,,"PEX10,RER1",No H3K27ac,0.92,,1182066,,WTC11,bg_powered
chr1:3618948-3619447,chr1,3618948,3619447,2,0,False,False,False,,"PEX10,RER1",CTCF element,0.85,,1190525,,WTC11,bg_powered
chr1:3632691-3633190,chr1,3632691,3633190,2,0,False,False,False,,"PEX10,RER1",No H3K27ac,0.89,,1204268,,WTC11,bg_powered
chr1:3633803-3634302,chr1,3633803,3634302,2,0,False,False,False,,"PEX10,RER1",No H3K27ac,0.96,,1205380,,WTC11,bg_powered
chr1:3645161-3645660,chr1,3645161,3645660,2,0,False,False,False,,"PEX10,RER1",No H3K27ac,0.94,,1216738,,WTC11,bg_powered
chr1:3656482-3656981,chr1,3656482,3656981,2,0,False,False,False,,"PEX10,RER1",H3K27me3 element,0.9,,1228059,,WTC11,bg_powered
chr1:3657451-3657950,chr1,3657451,3657950,2,0,False,False,False,,"PEX10,RER1",H3K27me3 element,0.92,,1229028,,WTC11,bg_powered
chr1:3662911-3663410,chr1,3662911,3663410,2,0,False,False,False,,"PEX10,RER1",H3K27me3 element,0.9,,1234488,,WTC11,bg_powered
chr1:3674722-3675221,chr1,3674722,3675221,2,0,False,False,False,,"PEX10,RER1",No H3K27ac,0.9,,1246299,,WTC11,bg_powered
chr1:3717944-3718443,chr1,3717944,3718443,2,0,False,False,False,,"PEX10,RER1",No H3K27ac,0.95,,1289521,,WTC11,bg_powered
chr1:3719986-3720485,chr1,3719986,3720485,2,0,False,False,False,,"PEX10,RER1",No H3K27ac,0.89,,1291563,,WTC11,bg_powered
chr20:49957676-49958175,chr20,49957676,49958175,6,0,False,False,False,,"ADNP,CEBPB,DPM1,RNF114,SALL4,UBE2V1",No H3K27ac,0.92,,21589,,WTC11,bg_powered
chr20:49989371-49989870,chr20,49989371,49989870,6,0,False,False,False,,"ADNP,CEBPB,DPM1,RNF114,SALL4,UBE2V1",H3K27ac,0.99,,53284,,WTC11,bg_powered
chr20:50009710-50010580,chr20,50009710,50010580,12,0,False,False,False,,"ADNP,CEBPB,DPM1,RNF114,SALL4,UBE2V1",H3K27me3 element,0.99,,73623,,WTC11,bg_powered
chr20:50071204-50071703,chr20,50071204,50071703,6,0,False,False,False,,"ADNP,CEBPB,DPM1,RNF114,SALL4,UBE2V1",CTCF element,0.99,,44506,,WTC11,bg_powered
chr20:50075566-50076065,chr20,50075566,50076065,6,0,False,False,False,,"ADNP,CEBPB,DPM1,RNF114,SALL4,UBE2V1",H3K27ac,0.97,,40144,,WTC11,bg_powered
chr20:50138532-50139031,chr20,50138532,50139031,6,0,False,False,False,,"ADNP,CEBPB,DPM1,RNF114,SALL4,UBE2V1",H3K27ac,0.98,,22822,,WTC11,bg_powered
chr20:50166020-50166519,chr20,50166020,50166519,6,0,False,False,False,,"ADNP,CEBPB,DPM1,RNF114,SALL4,UBE2V1",High H3K27ac,0.99,,24561,,WTC11,bg_powered
chr20:50179151-50179650,chr20,50179151,50179650,6,0,False,False,False,,"ADNP,CEBPB,DPM1,RNF114,SALL4,UBE2V1",H3K27ac,0.99,,11430,,WTC11,bg_powered
chr20:50186163-50186662,chr20,50186163,50186662,6,0,False,False,False,,"ADNP,CEBPB,DPM1,RNF114,SALL4,UBE2V1",CTCF element,0.99,,4418,,WTC11,bg_powered
chr20:50198304-50198803,chr20,50198304,50198803,6,0,False,False,False,,"ADNP,CEBPB,DPM1,RNF114,SALL4,UBE2V1",No H3K27ac,0.99,,7723,,WTC11,bg_powered
chr20:50344339-50344838,chr20,50344339,50344838,6,0,False,False,False,,"ADNP,CEBPB,DPM1,RNF114,SALL4,UBE2V1",CTCF element,1.0,,153758,,WTC11,bg_powered
chr20:50445660-50446159,chr20,50445660,50446159,6,0,False,False,False,,"ADNP,CEBPB,DPM1,RNF114,SALL4,UBE2V1",No H3K27ac,0.97,,255079,,WTC11,bg_powered
chr20:50460691-50461190,chr20,50460691,50461190,6,0,False,False,False,,"ADNP,CEBPB,DPM1,RNF114,SALL4,UBE2V1",H3K27ac,0.98,,270110,,WTC11,bg_powered
chr20:50478170-50478669,chr20,50478170,50478669,6,0,False,False,False,,"ADNP,CEBPB,DPM1,RNF114,SALL4,UBE2V1",CTCF element,0.96,,287589,,WTC11,bg_powered
chr20:50625999-50626498,chr20,50625999,50626498,6,0,False,False,False,,"ADNP,CEBPB,DPM1,RNF114,SALL4,UBE2V1",H3K27ac,0.99,,305189,,WTC11,bg_powered
chr20:50818311-50818810,chr20,50818311,50818810,6,0,False,False,False,,"ADNP,CEBPB,DPM1,RNF114,SALL4,UBE2V1",High H3K27ac,0.99,,112877,,WTC11,bg_powered
chr20:50820805-50821304,chr20,50820805,50821304,6,0,False,False,False,,"ADNP,CEBPB,DPM1,RNF114,SALL4,UBE2V1",No H3K27ac,1.0,,110383,,WTC11,bg_powered
chr20:50850774-50851328,chr20,50850774,50851328,6,0,False,False,False,,"ADNP,CEBPB,DPM1,RNF114,SALL4,UBE2V1",H3K27ac,1.0,,80387,,WTC11,bg_powered
chr20:50870750-50871249,chr20,50870750,50871249,6,0,False,False,False,,"ADNP,CEBPB,DPM1,RNF114,SALL4,UBE2V1",High H3K27ac,0.98,,60438,,WTC11,bg_powered
chr20:50981385-50981884,chr20,50981385,50981884,6,0,False,False,False,,"ADNP,CEBPB,DPM1,RNF114,SALL4,UBE2V1",CTCF element,0.99,,23079,,WTC11,bg_powered
chr20:50987645-50988144,chr20,50987645,50988144,6,0,False,False,False,,"ADNP,CEBPB,DPM1,RNF114,SALL4,UBE2V1",H3K27ac,0.96,,29339,,WTC11,bg_powered
chr20:50992323-50992822,chr20,50992323,50992822,6,0,False,False,False,,"ADNP,CEBPB,DPM1,RNF114,SALL4,UBE2V1",High H3K27ac,0.96,,34017,,WTC11,bg_powered
chr20:50992928-50993427,chr20,50992928,50993427,6,0,False,False,False,,"ADNP,CEBPB,DPM1,RNF114,SALL4,UBE2V1",High H3K27ac,0.98,,34622,,WTC11,bg_powered
chr20:51015050-51015549,chr20,51015050,51015549,6,0,False,False,False,,"ADNP,CEBPB,DPM1,RNF114,SALL4,UBE2V1",H3K27ac,0.99,,56744,,WTC11,bg_powered
chr20:51318156-51318655,chr20,51318156,51318655,6,0,False,False,False,,"ADNP,CEBPB,DPM1,RNF114,SALL4,UBE2V1",H3K27ac,0.99,,359850,,WTC11,bg_powered
chr20:51372211-51372710,chr20,51372211,51372710,6,0,False,False,False,,"ADNP,CEBPB,DPM1,RNF114,SALL4,UBE2V1",H3K27ac,0.99,,413905,,WTC11,bg_powered
chr20:51639168-51639667,chr20,51639168,51639667,6,0,False,False,False,,"ADNP,CEBPB,DPM1,RNF114,SALL4,UBE2V1",CTCF element,0.97,,163104,,WTC11,bg_powered
chr20:51700683-51701182,chr20,51700683,51701182,6,0,False,False,False,,"ADNP,CEBPB,DPM1,RNF114,SALL4,UBE2V1",H3K27ac,0.93,,101589,,WTC11,bg_powered
chr20:51712461-51712960,chr20,51712461,51712960,6,0,False,False,False,,"ADNP,CEBPB,DPM1,RNF114,SALL4,UBE2V1",H3K27ac,1.0,,89811,,WTC11,bg_powered
chr20:51767009-51767873,chr20,51767009,51767873,12,0,False,False,False,,"ADNP,CEBPB,DPM1,RNF114,SALL4,UBE2V1",H3K27ac,1.0,,34898,,WTC11,bg_powered
chr20:51800075-51800574,chr20,51800075,51800574,5,0,False,False,False,,"ADNP,CEBPB,DPM1,RNF114,UBE2V1",High H3K27ac,0.98,,841771,,WTC11,bg_powered
chr2:216107752-216108251,chr2,216107752,216108251,2,0,False,False,False,,"IGFBP2,RPL37A",High H3K27ac,0.96,,390824,,WTC11,bg_powered
chr2:216283475-216283974,chr2,216283475,216283974,3,0,False,False,False,,"IGFBP2,RPL37A,XRCC5",H3K27ac,1.0,,176260,,WTC11,bg_powered
chr2:216306862-216307361,chr2,216306862,216307361,3,0,False,False,False,,"IGFBP2,RPL37A,XRCC5",H3K27ac,0.99,,191714,,WTC11,bg_powered
chr2:216519103-216519602,chr2,216519103,216519602,2,0,False,False,False,,"IGFBP2,XRCC5",CTCF element,0.99,,113476,,WTC11,bg_powered
chr2:216635826-216636325,chr2,216635826,216636325,2,0,False,False,False,,"RPL37A,XRCC5",H3K27ac,1.0,,137250,,WTC11,bg_powered
chr2:216636562-216637061,chr2,216636562,216637061,2,0,False,False,False,,"RPL37A,XRCC5",H3K27ac,0.99,,137986,,WTC11,bg_powered
chr2:216665129-216666125,chr2,216665129,216666125,6,0,False,False,False,,"IGFBP2,RPL37A,XRCC5",H3K27ac,1.0,,32550,,WTC11,bg_powered
chr2:216682396-216682895,chr2,216682396,216682895,3,0,False,False,False,,"IGFBP2,RPL37A,XRCC5",CTCF element,0.99,,49817,,WTC11,bg_powered
chr2:216777616-216778115,chr2,216777616,216778115,3,0,False,False,False,,"IGFBP2,RPL37A,XRCC5",H3K27ac,0.97,,145037,,WTC11,bg_powered
chr2:216985632-216986208,chr2,216985632,216986208,3,0,False,False,False,,"IGFBP2,RPL37A,XRCC5",H3K27ac,1.0,,353091,,WTC11,bg_powered
chr2:217043892-217044391,chr2,217043892,217044391,3,0,False,False,False,,"IGFBP2,RPL37A,XRCC5",No H3K27ac,0.96,,411313,,WTC11,bg_powered
chr2:217142601-217143100,chr2,217142601,217143100,3,0,False,False,False,,"IGFBP2,RPL37A,XRCC5",CTCF element,0.94,,510022,,WTC11,bg_powered
chr2:217510697-217511196,chr2,217510697,217511196,3,0,False,False,False,,"IGFBP2,RPL37A,XRCC5",CTCF element,0.98,,878118,,WTC11,bg_powered
chr2:217622097-217622596,chr2,217622097,217622596,3,0,False,False,False,,"IGFBP2,RPL37A,XRCC5",H3K27ac,0.99,,989518,,WTC11,bg_powered
chr2:217713424-217713923,chr2,217713424,217713923,3,0,False,False,False,,"IGFBP2,RPL37A,XRCC5",CTCF element,0.98,,1080845,,WTC11,bg_powered
chr2:217785387-217785886,chr2,217785387,217785886,3,0,False,False,False,,"IGFBP2,RPL37A,XRCC5",CTCF element,0.99,,1152808,,WTC11,bg_powered
chr2:217789127-217789626,chr2,217789127,217789626,3,0,False,False,False,,"IGFBP2,RPL37A,XRCC5",CTCF element,0.99,,1156548,,WTC11,bg_powered
chr2:217799862-217800361,chr2,217799862,217800361,3,0,False,False,False,,"IGFBP2,RPL37A,XRCC5",H3K27ac,0.96,,1167283,,WTC11,bg_powered
chr2:217800427-217800926,chr2,217800427,217800926,3,0,False,False,False,,"IGFBP2,RPL37A,XRCC5",No H3K27ac,1.0,,1167848,,WTC11,bg_powered
chr2:217801099-217801598,chr2,217801099,217801598,3,0,False,False,False,,"IGFBP2,RPL37A,XRCC5",H3K27ac,0.98,,1168520,,WTC11,bg_powered
chr2:217801646-217802145,chr2,217801646,217802145,3,0,False,False,False,,"IGFBP2,RPL37A,XRCC5",No H3K27ac,0.98,,1169067,,WTC11,bg_powered
chr2:217837133-217837632,chr2,217837133,217837632,3,0,False,False,False,,"IGFBP2,RPL37A,XRCC5",No H3K27ac,0.97,,1204554,,WTC11,bg_powered
chr2:217918167-217918666,chr2,217918167,217918666,3,0,False,False,False,,"IGFBP2,RPL37A,XRCC5",No H3K27ac,0.98,,1285588,,WTC11,bg_powered
chr2:217947858-217948357,chr2,217947858,217948357,3,0,False,False,False,,"IGFBP2,RPL37A,XRCC5",No H3K27ac,0.99,,1315279,,WTC11,bg_powered
chr2:217993795-217994294,chr2,217993795,217994294,3,0,False,False,False,,"IGFBP2,RPL37A,XRCC5",CTCF element,0.99,,1361216,,WTC11,bg_powered
chr2:218021681-218022500,chr2,218021681,218022500,6,0,False,False,False,,"IGFBP2,RPL37A,XRCC5",No H3K27ac,0.99,,1389102,,WTC11,bg_powered
chr2:218025354-218025853,chr2,218025354,218025853,3,0,False,False,False,,"IGFBP2,RPL37A,XRCC5",H3K27ac,1.0,,1392775,,WTC11,bg_powered
chr2:218073874-218074373,chr2,218073874,218074373,3,0,False,False,False,,"IGFBP2,RPL37A,XRCC5",CTCF element,0.98,,1441295,,WTC11,bg_powered
chr2:68361973-68362472,chr2,68361973,68362472,6,0,False,False,False,,"FAM136A,GMCL1,PCBP1,SNRNP27,SNRPG,TIA1",CTCF element,0.99,,1467438,,WTC11,bg_powered
chr2:68418667-68419166,chr2,68418667,68419166,6,0,False,False,False,,"FAM136A,GMCL1,PCBP1,SNRNP27,SNRPG,TIA1",No H3K27ac,0.98,,1410744,,WTC11,bg_powered
chr2:68722724-68723223,chr2,68722724,68723223,6,0,False,False,False,,"FAM136A,GMCL1,PCBP1,SNRNP27,SNRPG,TIA1",No H3K27ac,0.99,,1106687,,WTC11,bg_powered
chr2:68751666-68752165,chr2,68751666,68752165,6,0,False,False,False,,"FAM136A,GMCL1,PCBP1,SNRNP27,SNRPG,TIA1",H3K27ac,1.0,,1077745,,WTC11,bg_powered
chr2:68837203-68837702,chr2,68837203,68837702,6,0,False,False,False,,"FAM136A,GMCL1,PCBP1,SNRNP27,SNRPG,TIA1",No H3K27ac,0.99,,992208,,WTC11,bg_powered
chr2:68908418-68908917,chr2,68908418,68908917,6,0,False,False,False,,"FAM136A,GMCL1,PCBP1,SNRNP27,SNRPG,TIA1",H3K27ac,0.98,,920993,,WTC11,bg_powered
chr2:68909744-68910243,chr2,68909744,68910243,6,0,False,False,False,,"FAM136A,GMCL1,PCBP1,SNRNP27,SNRPG,TIA1",H3K27ac,1.0,,919667,,WTC11,bg_powered
chr2:68943412-68944232,chr2,68943412,68944232,12,0,False,False,False,,"FAM136A,GMCL1,PCBP1,SNRNP27,SNRPG,TIA1",CTCF element,1.0,,885678,,WTC11,bg_powered
chr2:69149809-69150308,chr2,69149809,69150308,6,0,False,False,False,,"FAM136A,GMCL1,PCBP1,SNRNP27,SNRPG,TIA1",H3K27ac,0.99,,679602,,WTC11,bg_powered
chr2:69306275-69306774,chr2,69306275,69306774,6,0,False,False,False,,"FAM136A,GMCL1,PCBP1,SNRNP27,SNRPG,TIA1",H3K27me3 element,0.99,,523136,,WTC11,bg_powered
chr2:69306853-69307819,chr2,69306853,69307819,12,0,False,False,False,,"FAM136A,GMCL1,PCBP1,SNRNP27,SNRPG,TIA1",CTCF element,1.0,,522091,,WTC11,bg_powered
chr2:69514294-69514793,chr2,69514294,69514793,6,0,False,False,False,,"FAM136A,GMCL1,PCBP1,SNRNP27,SNRPG,TIA1",H3K27ac,0.99,,315117,,WTC11,bg_powered
chr2:69518862-69519361,chr2,69518862,69519361,6,0,False,False,False,,"FAM136A,GMCL1,PCBP1,SNRNP27,SNRPG,TIA1",H3K27ac,0.99,,310549,,WTC11,bg_powered
chr2:69565266-69565765,chr2,69565266,69565765,6,0,False,False,False,,"FAM136A,GMCL1,PCBP1,SNRNP27,SNRPG,TIA1",CTCF element,0.98,,264145,,WTC11,bg_powered
chr2:69714590-69715089,chr2,69714590,69715089,6,0,False,False,False,,"FAM136A,GMCL1,PCBP1,SNRNP27,SNRPG,TIA1",H3K27ac,1.0,,114821,,WTC11,bg_powered
chr2:69999669-70000168,chr2,69999669,70000168,6,0,False,False,False,,"FAM136A,GMCL1,PCBP1,SNRNP27,SNRPG,TIA1",H3K27ac,1.0,,87559,,WTC11,bg_powered
chr2:70006093-70006592,chr2,70006093,70006592,6,0,False,False,False,,"FAM136A,GMCL1,PCBP1,SNRNP27,SNRPG,TIA1",H3K27ac,0.97,,81135,,WTC11,bg_powered
chr2:70029962-70030461,chr2,70029962,70030461,6,0,False,False,False,,"FAM136A,GMCL1,PCBP1,SNRNP27,SNRPG,TIA1",H3K27ac,0.98,,57266,,WTC11,bg_powered
chr2:70118687-70119186,chr2,70118687,70119186,6,0,False,False,False,,"FAM136A,GMCL1,PCBP1,SNRNP27,SNRPG,TIA1",High H3K27ac,0.97,,31459,,WTC11,bg_powered
chr2:70123199-70123698,chr2,70123199,70123698,6,0,False,False,False,,"FAM136A,GMCL1,PCBP1,SNRNP27,SNRPG,TIA1",High H3K27ac,1.0,,35971,,WTC11,bg_powered
chr2:70242474-70242973,chr2,70242474,70242973,5,0,False,False,False,,"FAM136A,GMCL1,PCBP1,SNRNP27,SNRPG",H3K27ac,0.97,,51017,,WTC11,bg_powered
chr2:74474862-74475361,chr2,74474862,74475361,8,0,False,False,False,,"AUP1,GCFC2,HTRA2,MOGS,MRPL19,RTKN,WBP1,WDR54",CTCF element,0.95,,9701,,WTC11,bg_powered
chr2:74498776-74499275,chr2,74498776,74499275,8,0,False,False,False,,"AUP1,GCFC2,HTRA2,MOGS,MRPL19,RTKN,WBP1,WDR54",H3K27me3 element,0.98,,30352,,WTC11,bg_powered
chr2:74515415-74515914,chr2,74515415,74515914,8,0,False,False,False,,"AUP1,GCFC2,HTRA2,MOGS,MRPL19,RTKN,WBP1,WDR54",H3K27me3 element,0.99,,13713,,WTC11,bg_powered
chr2:74516216-74516715,chr2,74516216,74516715,8,0,False,False,False,,"AUP1,GCFC2,HTRA2,MOGS,MRPL19,RTKN,WBP1,WDR54",H3K27me3 element,0.96,,12912,,WTC11,bg_powered
chr2:74675040-74675539,chr2,74675040,74675539,8,0,False,False,False,,"AUP1,GCFC2,HTRA2,MOGS,MRPL19,RTKN,WBP1,WDR54",No H3K27ac,0.95,,145529,,WTC11,bg_powered
chr2:74714936-74715875,chr2,74714936,74715875,16,0,False,False,False,,"AUP1,GCFC2,HTRA2,MOGS,MRPL19,RTKN,WBP1,WDR54",CTCF element,0.99,,185425,,WTC11,bg_powered
chr2:74836948-74837447,chr2,74836948,74837447,8,0,False,False,False,,"AUP1,GCFC2,HTRA2,MOGS,MRPL19,RTKN,WBP1,WDR54",High H3K27ac,0.89,,307437,,WTC11,bg_powered
chr2:74845300-74845799,chr2,74845300,74845799,8,0,False,False,False,,"AUP1,GCFC2,HTRA2,MOGS,MRPL19,RTKN,WBP1,WDR54",H3K27ac,0.98,,315789,,WTC11,bg_powered
chr2:74865399-74865898,chr2,74865399,74865898,8,0,False,False,False,,"AUP1,GCFC2,HTRA2,MOGS,MRPL19,RTKN,WBP1,WDR54",H3K27ac,0.99,,335888,,WTC11,bg_powered
chr2:74919679-74920178,chr2,74919679,74920178,8,0,False,False,False,,"AUP1,GCFC2,HTRA2,MOGS,MRPL19,RTKN,WBP1,WDR54",CTCF element,0.99,,390168,,WTC11,bg_powered
chr2:74947726-74948225,chr2,74947726,74948225,8,0,False,False,False,,"AUP1,GCFC2,HTRA2,MOGS,MRPL19,RTKN,WBP1,WDR54",No H3K27ac,0.96,,418215,,WTC11,bg_powered
chr2:75053452-75053951,chr2,75053452,75053951,8,0,False,False,False,,"AUP1,GCFC2,HTRA2,MOGS,MRPL19,RTKN,WBP1,WDR54",H3K27ac,0.95,,523941,,WTC11,bg_powered
chr2:75056162-75056661,chr2,75056162,75056661,8,0,False,False,False,,"AUP1,GCFC2,HTRA2,MOGS,MRPL19,RTKN,WBP1,WDR54",High H3K27ac,0.96,,526651,,WTC11,bg_powered
chr2:75098748-75099247,chr2,75098748,75099247,8,0,False,False,False,,"AUP1,GCFC2,HTRA2,MOGS,MRPL19,RTKN,WBP1,WDR54",CTCF element,0.93,,547785,,WTC11,bg_powered
chr2:75200101-75200992,chr2,75200101,75200992,8,0,False,False,False,,"AUP1,GCFC2,HTRA2,MOGS,MRPL19,RTKN,WBP1,WDR54",H3K27me3 element,0.99,,446041,,WTC11,bg_powered
chr2:75208734-75209233,chr2,75208734,75209233,8,0,False,False,False,,"AUP1,GCFC2,HTRA2,MOGS,MRPL19,RTKN,WBP1,WDR54",H3K27ac,0.98,,437800,,WTC11,bg_powered
chr2:75380960-75381459,chr2,75380960,75381459,8,0,False,False,False,,"AUP1,GCFC2,HTRA2,MOGS,MRPL19,RTKN,WBP1,WDR54",No H3K27ac,0.97,,265574,,WTC11,bg_powered
chr2:75493174-75493673,chr2,75493174,75493673,8,0,False,False,False,,"AUP1,GCFC2,HTRA2,MOGS,MRPL19,RTKN,WBP1,WDR54",No H3K27ac,0.95,,153360,,WTC11,bg_powered
chr2:75528112-75528611,chr2,75528112,75528611,8,0,False,False,False,,"AUP1,GCFC2,HTRA2,MOGS,MRPL19,RTKN,WBP1,WDR54",H3K27ac,0.97,,118422,,WTC11,bg_powered
chr2:75559932-75560431,chr2,75559932,75560431,8,0,False,False,False,,"AUP1,GCFC2,HTRA2,MOGS,MRPL19,RTKN,WBP1,WDR54",H3K27ac,0.94,,86602,,WTC11,bg_powered
chr2:75609018-75609517,chr2,75609018,75609517,8,0,False,False,False,,"AUP1,GCFC2,HTRA2,MOGS,MRPL19,RTKN,WBP1,WDR54",CTCF element,0.97,,37516,,WTC11,bg_powered
chr2:75627836-75628335,chr2,75627836,75628335,8,0,False,False,False,,"AUP1,GCFC2,HTRA2,MOGS,MRPL19,RTKN,WBP1,WDR54",CTCF element,0.93,,18698,,WTC11,bg_powered
chr2:75640467-75640966,chr2,75640467,75640966,8,0,False,False,False,,"AUP1,GCFC2,HTRA2,MOGS,MRPL19,RTKN,WBP1,WDR54",CTCF element,0.92,,6067,,WTC11,bg_powered
chr2:75677245-75677744,chr2,75677245,75677744,6,0,False,False,False,,"AUP1,HTRA2,MOGS,RTKN,WBP1,WDR54",CTCF element,0.99,,1147733,,WTC11,bg_powered
chr2:75772875-75773374,chr2,75772875,75773374,8,0,False,False,False,,"AUP1,GCFC2,HTRA2,MOGS,MRPL19,RTKN,WBP1,WDR54",H3K27ac,0.84,,62139,,WTC11,bg_powered
chr2:75896714-75897213,chr2,75896714,75897213,8,0,False,False,False,,"AUP1,GCFC2,HTRA2,MOGS,MRPL19,RTKN,WBP1,WDR54",CTCF element,0.97,,185978,,WTC11,bg_powered
chr2:76197792-76198291,chr2,76197792,76198291,8,0,False,False,False,,"AUP1,GCFC2,HTRA2,MOGS,MRPL19,RTKN,WBP1,WDR54",H3K27ac,0.91,,487056,,WTC11,bg_powered
chr2:76406098-76406597,chr2,76406098,76406597,8,0,False,False,False,,"AUP1,GCFC2,HTRA2,MOGS,MRPL19,RTKN,WBP1,WDR54",No H3K27ac,0.98,,695362,,WTC11,bg_powered
chr5:71601110-71601609,chr5,71601110,71601609,4,0,False,False,False,,"MAP1B,MRPS27,SMN1,TNPO1",CTCF element,0.9,,505875,,WTC11,bg_powered
chr5:71693929-71694428,chr5,71693929,71694428,5,0,False,False,False,,"MAP1B,MRPS27,SERF1A,SMN1,TNPO1",High H3K27ac,0.99,,413056,,WTC11,bg_powered
chr5:71697864-71698363,chr5,71697864,71698363,5,0,False,False,False,,"MAP1B,MRPS27,SERF1A,SMN1,TNPO1",CTCF element,0.99,,409121,,WTC11,bg_powered
chr5:71703865-71704364,chr5,71703865,71704364,4,0,False,False,False,,"MAP1B,MRPS27,SMN1,TNPO1",H3K27ac,0.99,,403120,,WTC11,bg_powered
chr5:71757862-71758361,chr5,71757862,71758361,5,0,False,False,False,,"MAP1B,MRPS27,SERF1A,SMN1,TNPO1",No H3K27ac,0.99,,349123,,WTC11,bg_powered
chr5:71782860-71783359,chr5,71782860,71783359,4,0,False,False,False,,"MAP1B,MRPS27,SMN1,TNPO1",H3K27ac,0.97,,324125,,WTC11,bg_powered
chr5:71892519-71893018,chr5,71892519,71893018,4,0,False,False,False,,"MAP1B,MRPS27,SMN1,TNPO1",No H3K27ac,0.95,,214466,,WTC11,bg_powered
chr5:71933011-71933510,chr5,71933011,71933510,4,0,False,False,False,,"MAP1B,MRPS27,SMN1,TNPO1",No H3K27ac,0.96,,173974,,WTC11,bg_powered
chr5:71938761-71939260,chr5,71938761,71939260,4,0,False,False,False,,"MAP1B,MRPS27,SMN1,TNPO1",H3K27ac,0.97,,168224,,WTC11,bg_powered
chr5:71956441-71956940,chr5,71956441,71956940,5,0,False,False,False,,"MAP1B,MRPS27,SERF1A,SMN1,TNPO1",No H3K27ac,0.95,,150544,,WTC11,bg_powered
chr5:72018113-72018612,chr5,72018113,72018612,4,0,False,False,False,,"MAP1B,MRPS27,SMN1,TNPO1",CTCF element,0.91,,88872,,WTC11,bg_powered
chr5:72063173-72063672,chr5,72063173,72063672,5,0,False,False,False,,"MAP1B,MRPS27,SERF1A,SMN1,TNPO1",No H3K27ac,0.97,,43812,,WTC11,bg_powered
chr5:72064659-72065632,chr5,72064659,72065632,9,0,False,False,False,,"MAP1B,MRPS27,SERF1A,SMN1,TNPO1",H3K27ac,0.97,,41852,,WTC11,bg_powered
chr5:72065855-72066354,chr5,72065855,72066354,5,0,False,False,False,,"MAP1B,MRPS27,SERF1A,SMN1,TNPO1",High H3K27ac,0.98,,41130,,WTC11,bg_powered
chr5:72070493-72070992,chr5,72070493,72070992,4,0,False,False,False,,"MAP1B,MRPS27,SMN1,TNPO1",H3K27ac,0.91,,36492,,WTC11,bg_powered
chr5:72079276-72079775,chr5,72079276,72079775,5,0,False,False,False,,"MAP1B,MRPS27,SERF1A,SMN1,TNPO1",No H3K27ac,0.97,,27709,,WTC11,bg_powered
chr5:72107727-72108543,chr5,72107727,72108543,8,0,False,False,False,,"MRPS27,SERF1A,SMN1,TNPO1",H3K27ac,0.96,,212353,,WTC11,bg_powered
chr5:72108698-72109197,chr5,72108698,72109197,3,0,False,False,False,,"MRPS27,SMN1,TNPO1",H3K27ac,0.99,,211699,,WTC11,bg_powered
chr5:72125933-72126432,chr5,72125933,72126432,3,0,False,False,False,,"MRPS27,SMN1,TNPO1",H3K27ac,0.96,,194464,,WTC11,bg_powered
chr5:72238632-72239131,chr5,72238632,72239131,3,0,False,False,False,,"MAP1B,SMN1,TNPO1",High H3K27ac,0.89,,131647,,WTC11,bg_powered
chr5:72269096-72269595,chr5,72269096,72269595,3,0,False,False,False,,"MAP1B,SMN1,TNPO1",H3K27ac,0.96,,162111,,WTC11,bg_powered
chr5:72302052-72302551,chr5,72302052,72302551,3,0,False,False,False,,"MAP1B,SMN1,TNPO1",High H3K27ac,0.83,,195067,,WTC11,bg_powered
chr5:72307793-72308754,chr5,72307793,72308754,7,0,False,False,False,,"MAP1B,SERF1A,SMN1,TNPO1",High H3K27ac,0.93,,200808,,WTC11,bg_powered
chr5:72355665-72356164,chr5,72355665,72356164,5,0,False,False,False,,"MAP1B,MRPS27,SERF1A,SMN1,TNPO1",No H3K27ac,0.92,,35268,,WTC11,bg_powered
chr5:72366312-72366811,chr5,72366312,72366811,5,0,False,False,False,,"MAP1B,MRPS27,SERF1A,SMN1,TNPO1",CTCF element,0.95,,45915,,WTC11,bg_powered
chr5:72403154-72403653,chr5,72403154,72403653,5,0,False,False,False,,"MAP1B,MRPS27,SERF1A,SMN1,TNPO1",CTCF element,0.96,,82757,,WTC11,bg_powered
chr5:72417327-72418266,chr5,72417327,72418266,9,0,False,False,False,,"MAP1B,MRPS27,SERF1A,SMN1,TNPO1",No H3K27ac,0.99,,96930,,WTC11,bg_powered
chr5:72611057-72611556,chr5,72611057,72611556,4,0,False,False,False,,"MAP1B,MRPS27,SMN1,TNPO1",H3K27ac,0.94,,205006,,WTC11,bg_powered
chr5:72619222-72619721,chr5,72619222,72619721,4,0,False,False,False,,"MAP1B,MRPS27,SMN1,TNPO1",No H3K27ac,0.97,,196841,,WTC11,bg_powered
chr5:72749335-72749834,chr5,72749335,72749834,5,0,False,False,False,,"MAP1B,MRPS27,SERF1A,SMN1,TNPO1",No H3K27ac,0.97,,66728,,WTC11,bg_powered
chr5:72767545-72768044,chr5,72767545,72768044,5,0,False,False,False,,"MAP1B,MRPS27,SERF1A,SMN1,TNPO1",No H3K27ac,0.98,,48518,,WTC11,bg_powered
chr5:72848370-72848869,chr5,72848370,72848869,3,0,False,False,False,,"MAP1B,MRPS27,SMN1",H3K27ac,1.0,,527973,,WTC11,bg_powered
chr6:24283149-24283648,chr6,24283149,24283648,3,0,False,False,False,,"C6orf62,MRS2,TDP2",No H3K27ac,0.83,,119510,,WTC11,bg_powered
chr6:24359616-24360115,chr6,24359616,24360115,3,0,False,False,False,,"C6orf62,MRS2,TDP2",CTCF element,0.87,,43043,,WTC11,bg_powered
chr6:24581018-24581517,chr6,24581018,24581517,3,0,False,False,False,,"C6orf62,MRS2,TDP2",CTCF element,0.82,,85663,,WTC11,bg_powered
chr6:24720641-24721531,chr6,24720641,24721531,3,0,False,False,False,,"C6orf62,MRS2,TDP2",High H3K27ac,0.82,,1283,,WTC11,bg_powered
chr6:27049902-27050401,chr6,27049902,27050401,3,0,False,False,False,,"TRIM27,ZKSCAN8,ZSCAN9",No H3K27ac,0.96,,1091731,,WTC11,bg_powered
chr6:27096848-27097446,chr6,27096848,27097446,3,0,False,False,False,,"TRIM27,ZKSCAN8,ZSCAN9",H3K27ac,1.0,,1044736,,WTC11,bg_powered
chr6:27157862-27158361,chr6,27157862,27158361,3,0,False,False,False,,"TRIM27,ZKSCAN8,ZSCAN9",H3K27ac,0.83,,983771,,WTC11,bg_powered
chr6:27230307-27230806,chr6,27230307,27230806,3,0,False,False,False,,"TRIM27,ZKSCAN8,ZSCAN9",H3K27ac,0.93,,911326,,WTC11,bg_powered
chr6:27238466-27238965,chr6,27238466,27238965,3,0,False,False,False,,"TRIM27,ZKSCAN8,ZSCAN9",H3K27ac,0.97,,903167,,WTC11,bg_powered
chr6:27251735-27252234,chr6,27251735,27252234,3,0,False,False,False,,"TRIM27,ZKSCAN8,ZSCAN9",H3K27ac,0.95,,889898,,WTC11,bg_powered
chr6:27288178-27289215,chr6,27288178,27289215,6,0,False,False,False,,"TRIM27,ZKSCAN8,ZSCAN9",H3K27ac,0.99,,852917,,WTC11,bg_powered
chr6:27290362-27290861,chr6,27290362,27290861,3,0,False,False,False,,"TRIM27,ZKSCAN8,ZSCAN9",H3K27ac,0.92,,851271,,WTC11,bg_powered
chr6:27298081-27298580,chr6,27298081,27298580,3,0,False,False,False,,"TRIM27,ZKSCAN8,ZSCAN9",H3K27ac,0.82,,843552,,WTC11,bg_powered
chr6:27502521-27503020,chr6,27502521,27503020,3,0,False,False,False,,"TRIM27,ZKSCAN8,ZSCAN9",H3K27ac,0.96,,639112,,WTC11,bg_powered
chr6:27743727-27744226,chr6,27743727,27744226,3,0,False,False,False,,"TRIM27,ZKSCAN8,ZSCAN9",H3K27me3 element,0.95,,397906,,WTC11,bg_powered
chr6:27754020-27754519,chr6,27754020,27754519,3,0,False,False,False,,"TRIM27,ZKSCAN8,ZSCAN9",H3K27ac,0.94,,387613,,WTC11,bg_powered
chr6:27791971-27792470,chr6,27791971,27792470,3,0,False,False,False,,"TRIM27,ZKSCAN8,ZSCAN9",H3K27ac,0.88,,349662,,WTC11,bg_powered
chr6:27894266-27894765,chr6,27894266,27894765,3,0,False,False,False,,"TRIM27,ZKSCAN8,ZSCAN9",High H3K27ac,0.87,,247368,,WTC11,bg_powered
chr6:28136643-28137142,chr6,28136643,28137142,3,0,False,False,False,,"TRIM27,ZKSCAN8,ZSCAN9",High H3K27ac,0.94,,4991,,WTC11,bg_powered
chr6:28203161-28203660,chr6,28203161,28203660,3,0,False,False,False,,"TRIM27,ZKSCAN8,ZSCAN9",H3K27me3 element,0.92,,21476,,WTC11,bg_powered
chr6:28489719-28490218,chr6,28489719,28490218,3,0,False,False,False,,"TRIM27,ZKSCAN8,ZSCAN9",H3K27ac,0.91,,265081,,WTC11,bg_powered
chr6:28542499-28543421,chr6,28542499,28543421,6,0,False,False,False,,"TRIM27,ZKSCAN8,ZSCAN9",High H3K27ac,0.95,,317861,,WTC11,bg_powered
chr6:28635214-28635713,chr6,28635214,28635713,3,0,False,False,False,,"TRIM27,ZKSCAN8,ZSCAN9",H3K27ac,0.96,,288525,,WTC11,bg_powered
chr6:28710347-28710846,chr6,28710347,28710846,3,0,False,False,False,,"TRIM27,ZKSCAN8,ZSCAN9",H3K27ac,0.93,,213392,,WTC11,bg_powered
chr6:28747515-28748014,chr6,28747515,28748014,3,0,False,False,False,,"TRIM27,ZKSCAN8,ZSCAN9",H3K27ac,0.92,,176224,,WTC11,bg_powered
chr6:28769680-28770179,chr6,28769680,28770179,3,0,False,False,False,,"TRIM27,ZKSCAN8,ZSCAN9",H3K27ac,0.9,,154059,,WTC11,bg_powered
chr6:28795797-28796296,chr6,28795797,28796296,3,0,False,False,False,,"TRIM27,ZKSCAN8,ZSCAN9",H3K27ac,0.96,,127942,,WTC11,bg_powered
chr6:28838801-28839300,chr6,28838801,28839300,3,0,False,False,False,,"TRIM27,ZKSCAN8,ZSCAN9",H3K27ac,0.92,,84938,,WTC11,bg_powered
chr6:28866265-28866764,chr6,28866265,28866764,3,0,False,False,False,,"TRIM27,ZKSCAN8,ZSCAN9",No H3K27ac,0.85,,57474,,WTC11,bg_powered
chr6:28881143-28881642,chr6,28881143,28881642,3,0,False,False,False,,"TRIM27,ZKSCAN8,ZSCAN9",High H3K27ac,0.82,,42596,,WTC11,bg_powered
chr6:33958488-33958987,chr6,33958488,33958987,6,0,False,False,False,,"HMGA1,NUDT3,RPS10,SNRPC,SRPK1,TAF11",CTCF element,1.0,,278136,,WTC11,bg_powered
chr6:33967909-33968408,chr6,33967909,33968408,6,0,False,False,False,,"HMGA1,NUDT3,RPS10,SNRPC,SRPK1,TAF11",H3K27ac,0.98,,268715,,WTC11,bg_powered
chr6:34062790-34063289,chr6,34062790,34063289,6,0,False,False,False,,"HMGA1,NUDT3,RPS10,SNRPC,SRPK1,TAF11",CTCF element,1.0,,173834,,WTC11,bg_powered
chr6:34142545-34143044,chr6,34142545,34143044,6,0,False,False,False,,"HMGA1,NUDT3,RPS10,SNRPC,SRPK1,TAF11",H3K27me3 element,1.0,,94079,,WTC11,bg_powered
chr6:34149951-34150450,chr6,34149951,34150450,6,0,False,False,False,,"HMGA1,NUDT3,RPS10,SNRPC,SRPK1,TAF11",H3K27me3 element,1.0,,86673,,WTC11,bg_powered
chr6:34157762-34158261,chr6,34157762,34158261,6,0,False,False,False,,"HMGA1,NUDT3,RPS10,SNRPC,SRPK1,TAF11",H3K27me3 element,0.99,,78862,,WTC11,bg_powered
chr6:34161867-34162366,chr6,34161867,34162366,6,0,False,False,False,,"HMGA1,NUDT3,RPS10,SNRPC,SRPK1,TAF11",H3K27ac,1.0,,74757,,WTC11,bg_powered
chr6:34163746-34164245,chr6,34163746,34164245,6,0,False,False,False,,"HMGA1,NUDT3,RPS10,SNRPC,SRPK1,TAF11",CTCF element,0.99,,72878,,WTC11,bg_powered
chr6:34196159-34196658,chr6,34196159,34196658,6,0,False,False,False,,"HMGA1,NUDT3,RPS10,SNRPC,SRPK1,TAF11",CTCF element,0.99,,40465,,WTC11,bg_powered
chr6:34246449-34246948,chr6,34246449,34246948,6,0,False,False,False,,"HMGA1,NUDT3,RPS10,SNRPC,SRPK1,TAF11",H3K27ac,0.98,,9825,,WTC11,bg_powered
chr6:34391628-34392127,chr6,34391628,34392127,5,0,False,False,False,,"HMGA1,RPS10,SNRPC,SRPK1,TAF11",H3K27ac,0.98,,34192,,WTC11,bg_powered
chr6:34462380-34462879,chr6,34462380,34462879,6,0,False,False,False,,"HMGA1,NUDT3,RPS10,SNRPC,SRPK1,TAF11",H3K27ac,1.0,,36560,,WTC11,bg_powered
chr6:34519751-34520680,chr6,34519751,34520680,12,0,False,False,False,,"HMGA1,NUDT3,RPS10,SNRPC,SRPK1,TAF11",No H3K27ac,1.0,,93931,,WTC11,bg_powered
chr6:34575297-34575796,chr6,34575297,34575796,6,0,False,False,False,,"HMGA1,NUDT3,RPS10,SNRPC,SRPK1,TAF11",H3K27ac,0.98,,149477,,WTC11,bg_powered
chr6:35025660-35026159,chr6,35025660,35026159,6,0,False,False,False,,"HMGA1,NUDT3,RPS10,SNRPC,SRPK1,TAF11",H3K27ac,0.99,,137838,,WTC11,bg_powered
chr6:35053628-35054127,chr6,35053628,35054127,6,0,False,False,False,,"HMGA1,NUDT3,RPS10,SNRPC,SRPK1,TAF11",No H3K27ac,1.0,,165806,,WTC11,bg_powered
chr6:35139832-35140331,chr6,35139832,35140331,6,0,False,False,False,,"HMGA1,NUDT3,RPS10,SNRPC,SRPK1,TAF11",H3K27ac,0.89,,252010,,WTC11,bg_powered
chr6:35241027-35241526,chr6,35241027,35241526,6,0,False,False,False,,"HMGA1,NUDT3,RPS10,SNRPC,SRPK1,TAF11",H3K27ac,0.99,,353205,,WTC11,bg_powered
chr6:35360345-35360844,chr6,35360345,35360844,6,0,False,False,False,,"HMGA1,NUDT3,RPS10,SNRPC,SRPK1,TAF11",High H3K27ac,1.0,,472523,,WTC11,bg_powered
chr6:35436445-35436944,chr6,35436445,35436944,6,0,False,False,False,,"HMGA1,NUDT3,RPS10,SNRPC,SRPK1,TAF11",No H3K27ac,0.99,,484648,,WTC11,bg_powered
chr6:35439284-35439783,chr6,35439284,35439783,6,0,False,False,False,,"HMGA1,NUDT3,RPS10,SNRPC,SRPK1,TAF11",No H3K27ac,1.0,,481809,,WTC11,bg_powered
chr6:35485277-35485776,chr6,35485277,35485776,6,0,False,False,False,,"HMGA1,NUDT3,RPS10,SNRPC,SRPK1,TAF11",High H3K27ac,0.99,,435816,,WTC11,bg_powered
chr6:35498175-35498674,chr6,35498175,35498674,6,0,False,False,False,,"HMGA1,NUDT3,RPS10,SNRPC,SRPK1,TAF11",H3K27ac,0.98,,422918,,WTC11,bg_powered
chr6:35552229-35552728,chr6,35552229,35552728,6,0,False,False,False,,"HMGA1,NUDT3,RPS10,SNRPC,SRPK1,TAF11",CTCF element,0.98,,368864,,WTC11,bg_powered
chr6:35727497-35727996,chr6,35727497,35727996,6,0,False,False,False,,"HMGA1,NUDT3,RPS10,SNRPC,SRPK1,TAF11",H3K27me3 element,0.99,,193596,,WTC11,bg_powered
chr6:35764592-35765091,chr6,35764592,35765091,6,0,False,False,False,,"HMGA1,NUDT3,RPS10,SNRPC,SRPK1,TAF11",H3K27ac,0.89,,156501,,WTC11,bg_powered
chr8:144466813-144467312,chr8,144466813,144467312,7,0,False,False,False,,"EEF1D,FOXH1,LRRC14,LRRC24,MFSD3,RPL8,ZNF251",H3K27ac,0.99,,8787,,WTC11,bg_powered
chr8:144473651-144474150,chr8,144473651,144474150,6,0,False,False,False,,"EEF1D,LRRC14,LRRC24,MFSD3,RPL8,ZNF251",High H3K27ac,0.99,,35170,,WTC11,bg_powered
chr8:144475010-144475509,chr8,144475010,144475509,7,0,False,False,False,,"EEF1D,KIFC2,LRRC14,LRRC24,MFSD3,RPL8,ZNF251",H3K27ac,1.0,,9216,,WTC11,bg_powered
chr8:144500333-144501243,chr8,144500333,144501243,16,0,False,False,False,,"EEF1D,FOXH1,KIFC2,LRRC14,LRRC24,MFSD3,RPL8,ZNF251",No H3K27ac,1.0,,8077,,WTC11,bg_powered
chr8:144522190-144522689,chr8,144522190,144522689,6,0,False,False,False,,"EEF1D,FOXH1,KIFC2,MFSD3,RPL8,ZNF251",H3K27ac,0.99,,13370,,WTC11,bg_powered
chr8:144575373-144575872,chr8,144575373,144575872,8,0,False,False,False,,"EEF1D,FOXH1,KIFC2,LRRC14,LRRC24,MFSD3,RPL8,ZNF251",H3K27ac,1.0,,48589,,WTC11,bg_powered
chr8:144596107-144596606,chr8,144596107,144596606,8,0,False,False,False,,"EEF1D,FOXH1,KIFC2,LRRC14,LRRC24,MFSD3,RPL8,ZNF251",H3K27ac,1.0,,69323,,WTC11,bg_powered
chr8:144596638-144597137,chr8,144596638,144597137,8,0,False,False,False,,"EEF1D,FOXH1,KIFC2,LRRC14,LRRC24,MFSD3,RPL8,ZNF251",No H3K27ac,0.99,,69854,,WTC11,bg_powered
chr8:144597544-144598352,chr8,144597544,144598352,16,0,False,False,False,,"EEF1D,FOXH1,KIFC2,LRRC14,LRRC24,MFSD3,RPL8,ZNF251",H3K27ac,0.99,,70760,,WTC11,bg_powered
chr8:144598869-144599368,chr8,144598869,144599368,8,0,False,False,False,,"EEF1D,FOXH1,KIFC2,LRRC14,LRRC24,MFSD3,RPL8,ZNF251",No H3K27ac,0.99,,72085,,WTC11,bg_powered
chr8:144600041-144600540,chr8,144600041,144600540,8,0,False,False,False,,"EEF1D,FOXH1,KIFC2,LRRC14,LRRC24,MFSD3,RPL8,ZNF251",H3K27me3 element,1.0,,73257,,WTC11,bg_powered
chr8:144601216-144601715,chr8,144601216,144601715,8,0,False,False,False,,"EEF1D,FOXH1,KIFC2,LRRC14,LRRC24,MFSD3,RPL8,ZNF251",No H3K27ac,0.82,,74432,,WTC11,bg_powered
chr8:144604061-144604560,chr8,144604061,144604560,8,0,False,False,False,,"EEF1D,FOXH1,KIFC2,LRRC14,LRRC24,MFSD3,RPL8,ZNF251",H3K27ac,1.0,,77277,,WTC11,bg_powered
chr8:144654387-144654886,chr8,144654387,144654886,8,0,False,False,False,,"EEF1D,FOXH1,KIFC2,LRRC14,LRRC24,MFSD3,RPL8,ZNF251",No H3K27ac,0.99,,101781,,WTC11,bg_powered
chr8:144684370-144684937,chr8,144684370,144684937,8,0,False,False,False,,"EEF1D,FOXH1,KIFC2,LRRC14,LRRC24,MFSD3,RPL8,ZNF251",H3K27ac,1.0,,71764,,WTC11,bg_powered
chr8:144700355-144701309,chr8,144700355,144701309,16,0,False,False,False,,"EEF1D,FOXH1,KIFC2,LRRC14,LRRC24,MFSD3,RPL8,ZNF251",H3K27ac,0.99,,55358,,WTC11,bg_powered
chr8:144730011-144730510,chr8,144730011,144730510,7,0,False,False,False,,"EEF1D,FOXH1,KIFC2,LRRC14,LRRC24,MFSD3,RPL8",H3K27ac,1.0,,62327,,WTC11,bg_powered
chr8:144754368-144754867,chr8,144754368,144754867,7,0,False,False,False,,"EEF1D,FOXH1,KIFC2,LRRC14,LRRC24,MFSD3,RPL8",H3K27ac,1.0,,37970,,WTC11,bg_powered
chr8:144762243-144762742,chr8,144762243,144762742,8,0,False,False,False,,"EEF1D,FOXH1,KIFC2,LRRC14,LRRC24,MFSD3,RPL8,ZNF251",H3K27ac,1.0,,6075,,WTC11,bg_powered
chr8:145026645-145027144,chr8,145026645,145027144,8,0,False,False,False,,"EEF1D,FOXH1,KIFC2,LRRC14,LRRC24,MFSD3,RPL8,ZNF251",CTCF element,0.97,,234308,,WTC11,bg_powered
chr10:25227013-25227512,chr10,25227013,25227512,1,0,False,False,False,,YME1L1,No H3K27ac,0.38,,1928004,,WTC11,bg_all
chr10:25449952-25450451,chr10,25449952,25450451,1,0,False,False,False,,YME1L1,No H3K27ac,0.71,,1705065,,WTC11,bg_all
chr10:25575224-25575723,chr10,25575224,25575723,1,0,False,False,False,,YME1L1,No H3K27ac,0.58,,1579793,,WTC11,bg_all
chr10:25682094-25683042,chr10,25682094,25683042,2,0,False,False,False,,YME1L1,CTCF element,0.87,,1472474,,WTC11,bg_all
chr10:25695972-25696471,chr10,25695972,25696471,1,0,False,False,False,,YME1L1,No H3K27ac,0.68,,1459045,,WTC11,bg_all
chr10:25701617-25702116,chr10,25701617,25702116,1,0,False,False,False,,YME1L1,No H3K27ac,0.88,,1453400,,WTC11,bg_all
chr10:25725849-25726348,chr10,25725849,25726348,1,0,False,False,False,,YME1L1,CTCF element,0.64,,1429168,,WTC11,bg_all
chr10:25757887-25758386,chr10,25757887,25758386,1,0,False,False,False,,YME1L1,CTCF element,0.5,,1397130,,WTC11,bg_all
chr10:25818713-25819212,chr10,25818713,25819212,1,0,False,False,False,,YME1L1,H3K27ac,0.86,,1336304,,WTC11,bg_all
chr10:25875502-25876001,chr10,25875502,25876001,1,0,False,False,False,,YME1L1,CTCF element,0.81,,1279515,,WTC11,bg_all
chr10:25912707-25913206,chr10,25912707,25913206,1,0,False,False,False,,YME1L1,No H3K27ac,0.69,,1242310,,WTC11,bg_all
chr10:26085487-26085986,chr10,26085487,26085986,1,0,False,False,False,,YME1L1,H3K27ac,0.76,,1069530,,WTC11,bg_all
chr10:26157677-26158176,chr10,26157677,26158176,1,0,False,False,False,,YME1L1,No H3K27ac,0.78,,997340,,WTC11,bg_all
chr10:26211725-26212224,chr10,26211725,26212224,1,0,False,False,False,,YME1L1,No H3K27ac,0.92,,943292,,WTC11,bg_all
chr10:26213420-26213919,chr10,26213420,26213919,1,0,False,False,False,,YME1L1,H3K27ac,0.8,,941597,,WTC11,bg_all
chr10:26214533-26215032,chr10,26214533,26215032,1,0,False,False,False,,YME1L1,H3K27ac,0.89,,940484,,WTC11,bg_all
chr10:26217780-26218279,chr10,26217780,26218279,1,0,False,False,False,,YME1L1,H3K27me3 element,0.88,,937237,,WTC11,bg_all
chr10:26254204-26254703,chr10,26254204,26254703,1,0,False,False,False,,YME1L1,H3K27ac,0.82,,900813,,WTC11,bg_all
chr10:26311328-26311827,chr10,26311328,26311827,1,0,False,False,False,,YME1L1,No H3K27ac,0.79,,843689,,WTC11,bg_all
chr10:26367761-26368260,chr10,26367761,26368260,1,0,False,False,False,,YME1L1,No H3K27ac,0.79,,787256,,WTC11,bg_all
chr10:26391514-26392365,chr10,26391514,26392365,2,0,False,False,False,,YME1L1,H3K27me3 element,0.84,,763151,,WTC11,bg_all
chr10:26503813-26504312,chr10,26503813,26504312,1,0,False,False,False,,YME1L1,No H3K27ac,0.82,,651204,,WTC11,bg_all
chr10:26534335-26534834,chr10,26534335,26534834,1,0,False,False,False,,YME1L1,CTCF element,0.79,,620682,,WTC11,bg_all
chr10:26550721-26551220,chr10,26550721,26551220,1,0,False,False,False,,YME1L1,CTCF element,0.77,,604296,,WTC11,bg_all
chr10:26573638-26574137,chr10,26573638,26574137,1,0,False,False,False,,YME1L1,H3K27ac,0.82,,581379,,WTC11,bg_all
chr10:26622028-26622869,chr10,26622028,26622869,2,0,False,False,False,,YME1L1,H3K27me3 element,0.85,,532647,,WTC11,bg_all
chr10:26627281-26627780,chr10,26627281,26627780,1,0,False,False,False,,YME1L1,H3K27ac,0.81,,527736,,WTC11,bg_all
chr10:26931202-26931701,chr10,26931202,26931701,1,0,False,False,False,,YME1L1,No H3K27ac,0.85,,223815,,WTC11,bg_all
chr10:27072286-27072790,chr10,27072286,27072790,1,0,False,False,False,,YME1L1,H3K27ac,0.94,,82729,,WTC11,bg_all
chr11:35678396-35678895,chr11,35678396,35678895,1,0,False,False,False,,FJX1,No H3K27ac,0.14,,60185,,WTC11,bg_all
chr11:35717004-35717503,chr11,35717004,35717503,1,0,False,False,False,,FJX1,H3K27ac,0.25,,98793,,WTC11,bg_all
chr11:35786895-35787394,chr11,35786895,35787394,1,0,False,False,False,,FJX1,H3K27ac,0.49,,168685,,WTC11,bg_all
chr11:35821856-35822435,chr11,35821856,35822435,1,0,False,False,False,,FJX1,H3K27ac,0.64,,203687,,WTC11,bg_all
chr11:35835363-35835862,chr11,35835363,35835862,1,0,False,False,False,,FJX1,CTCF element,0.14,,217154,,WTC11,bg_all
chr11:35893898-35894397,chr11,35893898,35894397,1,0,False,False,False,,FJX1,H3K27ac,0.34,,275689,,WTC11,bg_all
chr11:36056291-36056790,chr11,36056291,36056790,1,0,False,False,False,,FJX1,CTCF element,0.27,,438082,,WTC11,bg_all
chr11:36069788-36070287,chr11,36069788,36070287,1,0,False,False,False,,FJX1,High H3K27ac,0.34,,451579,,WTC11,bg_all
chr11:36070491-36070990,chr11,36070491,36070990,1,0,False,False,False,,FJX1,High H3K27ac,0.31,,452282,,WTC11,bg_all
chr11:36092550-36093049,chr11,36092550,36093049,1,0,False,False,False,,FJX1,High H3K27ac,0.28,,474341,,WTC11,bg_all
chr11:36110134-36110633,chr11,36110134,36110633,1,0,False,False,False,,FJX1,High H3K27ac,0.38,,491925,,WTC11,bg_all
chr11:36131680-36132179,chr11,36131680,36132179,1,0,False,False,False,,FJX1,H3K27ac,0.41,,513471,,WTC11,bg_all
chr11:36149906-36150405,chr11,36149906,36150405,1,0,False,False,False,,FJX1,H3K27ac,0.33,,531697,,WTC11,bg_all
chr11:36258700-36259199,chr11,36258700,36259199,1,0,False,False,False,,FJX1,CTCF element,0.46,,640491,,WTC11,bg_all
chr11:36265958-36266457,chr11,36265958,36266457,1,0,False,False,False,,FJX1,CTCF element,0.27,,647749,,WTC11,bg_all
chr11:36333921-36334420,chr11,36333921,36334420,1,0,False,False,False,,FJX1,No H3K27ac,0.35,,715712,,WTC11,bg_all
chr11:36363516-36364015,chr11,36363516,36364015,1,0,False,False,False,,FJX1,H3K27ac,0.36,,745307,,WTC11,bg_all
chr11:36454850-36455349,chr11,36454850,36455349,1,0,False,False,False,,FJX1,H3K27ac,0.39,,836641,,WTC11,bg_all
chr11:36460157-36460656,chr11,36460157,36460656,1,0,False,False,False,,FJX1,No H3K27ac,0.43,,841948,,WTC11,bg_all
chr11:36469006-36469505,chr11,36469006,36469505,1,0,False,False,False,,FJX1,CTCF element,0.39,,850797,,WTC11,bg_all
chr11:36540976-36541475,chr11,36540976,36541475,1,0,False,False,False,,FJX1,No H3K27ac,0.27,,922767,,WTC11,bg_all
chr11:36744521-36745020,chr11,36744521,36745020,1,0,False,False,False,,FJX1,CTCF element,0.32,,1126312,,WTC11,bg_all
chr11:36747020-36747519,chr11,36747020,36747519,1,0,False,False,False,,FJX1,CTCF element,0.37,,1128811,,WTC11,bg_all
chr11:37003451-37003950,chr11,37003451,37003950,1,0,False,False,False,,FJX1,CTCF element,0.17,,1385242,,WTC11,bg_all
chr11:57776056-57776555,chr11,57776056,57776555,3,0,False,False,False,,"FAM111A,SELENOH,ZFP91",High H3K27ac,0.53,,35055,,WTC11,bg_all
chr11:57779272-57779771,chr11,57779272,57779771,3,0,False,False,False,,"FAM111A,SELENOH,ZFP91",High H3K27ac,0.8,,38271,,WTC11,bg_all
chr11:57788284-57788783,chr11,57788284,57788783,3,0,False,False,False,,"FAM111A,SELENOH,ZFP91",High H3K27ac,0.79,,47283,,WTC11,bg_all
chr11:57868419-57868918,chr11,57868419,57868918,4,0,False,False,False,,"CTNND1,FAM111A,SELENOH,ZFP91",High H3K27ac,0.98,,115425,,WTC11,bg_all
chr11:57885244-57885743,chr11,57885244,57885743,4,0,False,False,False,,"CTNND1,FAM111A,SELENOH,ZFP91",No H3K27ac,0.99,,132250,,WTC11,bg_all
chr11:58059754-58060253,chr11,58059754,58060253,4,0,False,False,False,,"CTNND1,FAM111A,SELENOH,ZFP91",H3K27ac,0.99,,306760,,WTC11,bg_all
chr11:58060897-58061396,chr11,58060897,58061396,4,0,False,False,False,,"CTNND1,FAM111A,SELENOH,ZFP91",H3K27ac,0.99,,307903,,WTC11,bg_all
chr11:58291944-58292443,chr11,58291944,58292443,4,0,False,False,False,,"CTNND1,FAM111A,SELENOH,ZFP91",H3K27ac,1.0,,286871,,WTC11,bg_all
chr11:58524068-58525014,chr11,58524068,58525014,8,0,False,False,False,,"CTNND1,FAM111A,SELENOH,ZFP91",H3K27ac,0.99,,54299,,WTC11,bg_all
chr11:58567856-58568355,chr11,58567856,58568355,4,0,False,False,False,,"CTNND1,FAM111A,SELENOH,ZFP91",CTCF element,0.99,,10958,,WTC11,bg_all
chr11:58675499-58675998,chr11,58675499,58675998,4,0,False,False,False,,"CTNND1,FAM111A,SELENOH,ZFP91",H3K27ac,1.0,,96685,,WTC11,bg_all
chr11:58788352-58788851,chr11,58788352,58788851,4,0,False,False,False,,"CTNND1,FAM111A,SELENOH,ZFP91",CTCF element,0.98,,209538,,WTC11,bg_all
chr11:58900644-58901143,chr11,58900644,58901143,4,0,False,False,False,,"CTNND1,FAM111A,SELENOH,ZFP91",H3K27ac,1.0,,241855,,WTC11,bg_all
chr11:58905152-58905651,chr11,58905152,58905651,4,0,False,False,False,,"CTNND1,FAM111A,SELENOH,ZFP91",H3K27me3 element,0.97,,237347,,WTC11,bg_all
chr11:58905702-58906201,chr11,58905702,58906201,4,0,False,False,False,,"CTNND1,FAM111A,SELENOH,ZFP91",H3K27ac,0.98,,236797,,WTC11,bg_all
chr11:58923454-58923953,chr11,58923454,58923953,4,0,False,False,False,,"CTNND1,FAM111A,SELENOH,ZFP91",High H3K27ac,0.97,,219045,,WTC11,bg_all
chr11:58958463-58958962,chr11,58958463,58958962,4,0,False,False,False,,"CTNND1,FAM111A,SELENOH,ZFP91",CTCF element,0.95,,184036,,WTC11,bg_all
chr11:58963515-58964014,chr11,58963515,58964014,4,0,False,False,False,,"CTNND1,FAM111A,SELENOH,ZFP91",H3K27ac,0.96,,178984,,WTC11,bg_all
chr11:59095118-59095617,chr11,59095118,59095617,4,0,False,False,False,,"CTNND1,FAM111A,SELENOH,ZFP91",H3K27ac,0.54,,47381,,WTC11,bg_all
chr11:59173171-59173670,chr11,59173171,59173670,4,0,False,False,False,,"CTNND1,FAM111A,SELENOH,ZFP91",H3K27ac,0.97,,30672,,WTC11,bg_all
chr11:59174149-59174648,chr11,59174149,59174648,4,0,False,False,False,,"CTNND1,FAM111A,SELENOH,ZFP91",H3K27ac,0.91,,31650,,WTC11,bg_all
chr11:59207876-59208375,chr11,59207876,59208375,4,0,False,False,False,,"CTNND1,FAM111A,SELENOH,ZFP91",H3K27ac,0.96,,65377,,WTC11,bg_all
chr11:59429871-59430370,chr11,59429871,59430370,4,0,False,False,False,,"CTNND1,FAM111A,SELENOH,ZFP91",CTCF element,0.61,,287372,,WTC11,bg_all
chr11:59437673-59438172,chr11,59437673,59438172,4,0,False,False,False,,"CTNND1,FAM111A,SELENOH,ZFP91",No H3K27ac,0.84,,295174,,WTC11,bg_all
chr11:59548921-59549420,chr11,59548921,59549420,4,0,False,False,False,,"CTNND1,FAM111A,SELENOH,ZFP91",H3K27ac,0.98,,406422,,WTC11,bg_all
chr11:59550267-59550766,chr11,59550267,59550766,4,0,False,False,False,,"CTNND1,FAM111A,SELENOH,ZFP91",H3K27ac,0.97,,407768,,WTC11,bg_all
chr11:59551530-59552029,chr11,59551530,59552029,4,0,False,False,False,,"CTNND1,FAM111A,SELENOH,ZFP91",H3K27ac,0.91,,409031,,WTC11,bg_all
chr11:59556207-59556706,chr11,59556207,59556706,4,0,False,False,False,,"CTNND1,FAM111A,SELENOH,ZFP91",H3K27ac,0.93,,413708,,WTC11,bg_all
chr11:59557276-59557775,chr11,59557276,59557775,4,0,False,False,False,,"CTNND1,FAM111A,SELENOH,ZFP91",High H3K27ac,0.96,,414777,,WTC11,bg_all
chr11:59560171-59560670,chr11,59560171,59560670,4,0,False,False,False,,"CTNND1,FAM111A,SELENOH,ZFP91",H3K27ac,0.99,,417672,,WTC11,bg_all
chr11:59565760-59566653,chr11,59565760,59566653,8,0,False,False,False,,"CTNND1,FAM111A,SELENOH,ZFP91",H3K27ac,0.99,,423261,,WTC11,bg_all
chr11:59680477-59680976,chr11,59680477,59680976,4,0,False,False,False,,"CTNND1,FAM111A,SELENOH,ZFP91",H3K27ac,0.9,,537978,,WTC11,bg_all
chr11:64688334-64688833,chr11,64688334,64688833,21,0,False,False,False,,"B4GAT1,BANF1,CCDC85B,CFL1,DRAP1,FIBP,KAT5,MRPL11,RBM14,RBM4,RBM4B,RNASEH2C,SAC3D1,SF1,SF3B2,SLC29A2,SNX32,TM7SF2,VPS51,YIF1A,ZNHIT2",H3K27ac,1.0,,90203,,WTC11,bg_all
chr11:65016709-65017208,chr11,65016709,65017208,21,0,False,False,False,,"B4GAT1,BANF1,CCDC85B,CFL1,DRAP1,FIBP,KAT5,MRPL11,RBM14,RBM4,RBM4B,RNASEH2C,SAC3D1,SF1,SF3B2,SLC29A2,SNX32,TM7SF2,VPS51,YIF1A,ZNHIT2",H3K27ac,1.0,,23943,,WTC11,bg_all
chr11:65185829-65186328,chr11,65185829,65186328,20,0,False,False,False,,"B4GAT1,BANF1,CCDC85B,CFL1,DRAP1,KAT5,MRPL11,RBM14,RBM4,RBM4B,RNASEH2C,SAC3D1,SF1,SF3B2,SLC29A2,SNX32,TM7SF2,VPS51,YIF1A,ZNHIT2",H3K27ac,1.0,,68376,,WTC11,bg_all
chr11:65201864-65202363,chr11,65201864,65202363,20,0,False,False,False,,"B4GAT1,BANF1,CCDC85B,CFL1,DRAP1,KAT5,MRPL11,RBM14,RBM4,RBM4B,RNASEH2C,SAC3D1,SF1,SF3B2,SLC29A2,SNX32,TM7SF2,VPS51,YIF1A,ZNHIT2",No H3K27ac,0.94,,84411,,WTC11,bg_all
chr11:65204098-65204597,chr11,65204098,65204597,21,0,False,False,False,,"B4GAT1,BANF1,CCDC85B,CFL1,DRAP1,FIBP,KAT5,MRPL11,RBM14,RBM4,RBM4B,RNASEH2C,SAC3D1,SF1,SF3B2,SLC29A2,SNX32,TM7SF2,VPS51,YIF1A,ZNHIT2",H3K27ac,0.99,,86645,,WTC11,bg_all
chr11:65225574-65226073,chr11,65225574,65226073,21,0,False,False,False,,"B4GAT1,BANF1,CCDC85B,CFL1,DRAP1,FIBP,KAT5,MRPL11,RBM14,RBM4,RBM4B,RNASEH2C,SAC3D1,SF1,SF3B2,SLC29A2,SNX32,TM7SF2,VPS51,YIF1A,ZNHIT2",H3K27ac,1.0,,108121,,WTC11,bg_all
chr11:65250270-65250769,chr11,65250270,65250769,21,0,False,False,False,,"B4GAT1,BANF1,CCDC85B,CFL1,DRAP1,FIBP,KAT5,MRPL11,RBM14,RBM4,RBM4B,RNASEH2C,SAC3D1,SF1,SF3B2,SLC29A2,SNX32,TM7SF2,VPS51,YIF1A,ZNHIT2",H3K27ac,1.0,,132817,,WTC11,bg_all
chr11:65491008-65491507,chr11,65491008,65491507,21,0,False,False,False,,"B4GAT1,BANF1,CCDC85B,CFL1,DRAP1,FIBP,KAT5,MRPL11,RBM14,RBM4,RBM4B,RNASEH2C,SAC3D1,SF1,SF3B2,SLC29A2,SNX32,TM7SF2,VPS51,YIF1A,ZNHIT2",H3K27ac,1.0,,220739,,WTC11,bg_all
chr11:65510694-65511193,chr11,65510694,65511193,21,0,False,False,False,,"B4GAT1,BANF1,CCDC85B,CFL1,DRAP1,FIBP,KAT5,MRPL11,RBM14,RBM4,RBM4B,RNASEH2C,SAC3D1,SF1,SF3B2,SLC29A2,SNX32,TM7SF2,VPS51,YIF1A,ZNHIT2",H3K27ac,0.83,,201053,,WTC11,bg_all
chr11:65574142-65574641,chr11,65574142,65574641,21,0,False,False,False,,"B4GAT1,BANF1,CCDC85B,CFL1,DRAP1,FIBP,KAT5,MRPL11,RBM14,RBM4,RBM4B,RNASEH2C,SAC3D1,SF1,SF3B2,SLC29A2,SNX32,TM7SF2,VPS51,YIF1A,ZNHIT2",CTCF element,1.0,,137605,,WTC11,bg_all
chr11:65706166-65706665,chr11,65706166,65706665,20,0,False,False,False,,"B4GAT1,BANF1,CCDC85B,CFL1,DRAP1,KAT5,MRPL11,RBM14,RBM4,RBM4B,RNASEH2C,SAC3D1,SF1,SF3B2,SLC29A2,SNX32,TM7SF2,VPS51,YIF1A,ZNHIT2",CTCF element,0.88,,5581,,WTC11,bg_all
chr11:65715204-65715703,chr11,65715204,65715703,20,0,False,False,False,,"B4GAT1,BANF1,CCDC85B,CFL1,DRAP1,FIBP,KAT5,MRPL11,RBM14,RBM4,RBM4B,SAC3D1,SF1,SF3B2,SLC29A2,SNX32,TM7SF2,VPS51,YIF1A,ZNHIT2",No H3K27ac,0.99,,3457,,WTC11,bg_all
chr11:65744397-65744896,chr11,65744397,65744896,20,0,False,False,False,,"B4GAT1,BANF1,CCDC85B,CFL1,DRAP1,KAT5,MRPL11,RBM14,RBM4,RBM4B,RNASEH2C,SAC3D1,SF1,SF3B2,SLC29A2,SNX32,TM7SF2,VPS51,YIF1A,ZNHIT2",H3K27me3 element,1.0,,23699,,WTC11,bg_all
chr11:66228507-66229006,chr11,66228507,66229006,21,0,False,False,False,,"B4GAT1,BANF1,CCDC85B,CFL1,DRAP1,FIBP,KAT5,MRPL11,RBM14,RBM4,RBM4B,RNASEH2C,SAC3D1,SF1,SF3B2,SLC29A2,SNX32,TM7SF2,VPS51,YIF1A,ZNHIT2",High H3K27ac,1.0,,60389,,WTC11,bg_all
chr11:66312085-66312584,chr11,66312085,66312584,21,0,False,False,False,,"B4GAT1,BANF1,CCDC85B,CFL1,DRAP1,FIBP,KAT5,MRPL11,RBM14,RBM4,RBM4B,RNASEH2C,SAC3D1,SF1,SF3B2,SLC29A2,SNX32,TM7SF2,VPS51,YIF1A,ZNHIT2",High H3K27ac,1.0,,23189,,WTC11,bg_all
chr11:66328251-66328750,chr11,66328251,66328750,20,0,False,False,False,,"B4GAT1,BANF1,CCDC85B,CFL1,DRAP1,KAT5,MRPL11,RBM14,RBM4,RBM4B,RNASEH2C,SAC3D1,SF1,SF3B2,SLC29A2,SNX32,TM7SF2,VPS51,YIF1A,ZNHIT2",H3K27ac,0.98,,19129,,WTC11,bg_all
chr11:66494909-66495408,chr11,66494909,66495408,21,0,False,False,False,,"B4GAT1,BANF1,CCDC85B,CFL1,DRAP1,FIBP,KAT5,MRPL11,RBM14,RBM4,RBM4B,RNASEH2C,SAC3D1,SF1,SF3B2,SLC29A2,SNX32,TM7SF2,VPS51,YIF1A,ZNHIT2",No H3K27ac,1.0,,28420,,WTC11,bg_all
chr11:66495521-66496020,chr11,66495521,66496020,21,0,False,False,False,,"B4GAT1,BANF1,CCDC85B,CFL1,DRAP1,FIBP,KAT5,MRPL11,RBM14,RBM4,RBM4B,RNASEH2C,SAC3D1,SF1,SF3B2,SLC29A2,SNX32,TM7SF2,VPS51,YIF1A,ZNHIT2",CTCF element,1.0,,29032,,WTC11,bg_all
chr12:123657160-123657659,chr12,123657160,123657659,2,0,False,False,False,,"ATP6V0A2,DDX55",H3K27ac,0.2,,54944,,WTC11,bg_all
chr12:123744776-123745275,chr12,123744776,123745275,1,0,False,False,False,,DDX55,H3K27ac,0.14,,142948,,WTC11,bg_all
chr12:123762995-123763494,chr12,123762995,123763494,2,0,False,False,False,,"ATP6V0A2,DDX55",H3K27me3 element,0.28,,50891,,WTC11,bg_all
chr12:123841825-123842324,chr12,123841825,123842324,2,0,False,False,False,,"ATP6V0A2,DDX55",CTCF element,0.34,,129721,,WTC11,bg_all
chr12:123858974-123859473,chr12,123858974,123859473,2,0,False,False,False,,"ATP6V0A2,DDX55",No H3K27ac,0.24,,146870,,WTC11,bg_all
chr12:123938634-123939133,chr12,123938634,123939133,2,0,False,False,False,,"ATP6V0A2,DDX55",H3K27ac,0.33,,226530,,WTC11,bg_all
chr12:123973811-123974310,chr12,123973811,123974310,2,0,False,False,False,,"ATP6V0A2,DDX55",H3K27ac,0.37,,261707,,WTC11,bg_all
chr12:124109658-124110157,chr12,124109658,124110157,2,0,False,False,False,,"ATP6V0A2,DDX55",H3K27ac,0.16,,397553,,WTC11,bg_all
chr12:124130596-124131475,chr12,124130596,124131475,4,0,False,False,False,,"ATP6V0A2,DDX55",High H3K27ac,0.25,,418491,,WTC11,bg_all
chr12:124145956-124146455,chr12,124145956,124146455,2,0,False,False,False,,"ATP6V0A2,DDX55",High H3K27ac,0.06,,433851,,WTC11,bg_all
chr12:124318290-124318789,chr12,124318290,124318789,2,0,False,False,False,,"ATP6V0A2,DDX55",High H3K27ac,0.22,,606185,,WTC11,bg_all
chr12:124347876-124348375,chr12,124347876,124348375,2,0,False,False,False,,"ATP6V0A2,DDX55",CTCF element,0.22,,635771,,WTC11,bg_all
chr12:124372065-124372564,chr12,124372065,124372564,2,0,False,False,False,,"ATP6V0A2,DDX55",No H3K27ac,0.32,,659960,,WTC11,bg_all
chr12:124399585-124400084,chr12,124399585,124400084,2,0,False,False,False,,"ATP6V0A2,DDX55",H3K27ac,0.27,,687480,,WTC11,bg_all
chr12:124512982-124513481,chr12,124512982,124513481,2,0,False,False,False,,"ATP6V0A2,DDX55",H3K27ac,0.24,,800877,,WTC11,bg_all
chr12:124513503-124514002,chr12,124513503,124514002,2,0,False,False,False,,"ATP6V0A2,DDX55",High H3K27ac,0.26,,801398,,WTC11,bg_all
chr12:124750736-124751235,chr12,124750736,124751235,2,0,False,False,False,,"ATP6V0A2,DDX55",H3K27ac,0.33,,1038631,,WTC11,bg_all
chr12:124764314-124764813,chr12,124764314,124764813,2,0,False,False,False,,"ATP6V0A2,DDX55",CTCF element,0.14,,1052209,,WTC11,bg_all
chr12:124898430-124898929,chr12,124898430,124898929,2,0,False,False,False,,"ATP6V0A2,DDX55",CTCF element,0.24,,1186325,,WTC11,bg_all
chr12:124921059-124921558,chr12,124921059,124921558,2,0,False,False,False,,"ATP6V0A2,DDX55",High H3K27ac,0.18,,1208954,,WTC11,bg_all
chr12:124928264-124928763,chr12,124928264,124928763,2,0,False,False,False,,"ATP6V0A2,DDX55",H3K27ac,0.41,,1216159,,WTC11,bg_all
chr12:124938945-124939444,chr12,124938945,124939444,2,0,False,False,False,,"ATP6V0A2,DDX55",High H3K27ac,0.18,,1226840,,WTC11,bg_all
chr12:124939759-124940258,chr12,124939759,124940258,2,0,False,False,False,,"ATP6V0A2,DDX55",High H3K27ac,0.2,,1227654,,WTC11,bg_all
chr12:124940560-124941059,chr12,124940560,124941059,2,0,False,False,False,,"ATP6V0A2,DDX55",High H3K27ac,0.3,,1228455,,WTC11,bg_all
chr12:125140255-125140754,chr12,125140255,125140754,2,0,False,False,False,,"ATP6V0A2,DDX55",No H3K27ac,0.28,,1428150,,WTC11,bg_all
chr12:125183085-125183584,chr12,125183085,125183584,2,0,False,False,False,,"ATP6V0A2,DDX55",CTCF element,0.22,,1470980,,WTC11,bg_all
chr12:125185288-125185832,chr12,125185288,125185832,2,0,False,False,False,,"ATP6V0A2,DDX55",H3K27me3 element,0.49,,1473205,,WTC11,bg_all
chr12:125188084-125188583,chr12,125188084,125188583,2,0,False,False,False,,"ATP6V0A2,DDX55",High H3K27ac,0.24,,1475979,,WTC11,bg_all
chr12:125198600-125199099,chr12,125198600,125199099,2,0,False,False,False,,"ATP6V0A2,DDX55",H3K27ac,0.28,,1486495,,WTC11,bg_all
chr12:125329250-125329749,chr12,125329250,125329749,2,0,False,False,False,,"ATP6V0A2,DDX55",H3K27ac,0.37,,1617145,,WTC11,bg_all
chr12:125332834-125333333,chr12,125332834,125333333,2,0,False,False,False,,"ATP6V0A2,DDX55",H3K27ac,0.29,,1620729,,WTC11,bg_all
chr12:125518028-125518527,chr12,125518028,125518527,2,0,False,False,False,,"ATP6V0A2,DDX55",No H3K27ac,0.21,,1805923,,WTC11,bg_all
chr12:6899823-6900322,chr12,6899823,6900322,10,0,False,False,False,,"C12orf57,EMG1,ENO2,LPCAT3,NANOG,PHB2,RIMKLB,SLC2A3,SPSB2,TPI1",H3K27ac,0.89,,10714,,WTC11,bg_all
chr12:6915513-6916012,chr12,6915513,6916012,9,0,False,False,False,,"C12orf57,EMG1,LPCAT3,NANOG,PHB2,RIMKLB,SLC2A3,SPSB2,TPI1",H3K27ac,0.99,,26404,,WTC11,bg_all
chr12:6924736-6925235,chr12,6924736,6925235,10,0,False,False,False,,"C12orf57,EMG1,ENO2,LPCAT3,NANOG,PHB2,RIMKLB,SLC2A3,SPSB2,TPI1",High H3K27ac,0.98,,11239,,WTC11,bg_all
chr12:6944492-6944991,chr12,6944492,6944991,9,0,False,False,False,,"EMG1,ENO2,LPCAT3,NANOG,PHB2,RIMKLB,SLC2A3,SPSB2,TPI1",High H3K27ac,0.99,,26012,,WTC11,bg_all
chr12:7036721-7037220,chr12,7036721,7037220,10,0,False,False,False,,"C12orf57,EMG1,ENO2,LPCAT3,NANOG,PHB2,RIMKLB,SLC2A3,SPSB2,TPI1",No H3K27ac,1.0,,18493,,WTC11,bg_all
chr12:7090631-7091130,chr12,7090631,7091130,10,0,False,False,False,,"C12orf57,EMG1,ENO2,LPCAT3,NANOG,PHB2,RIMKLB,SLC2A3,SPSB2,TPI1",H3K27ac,0.98,,117695,,WTC11,bg_all
chr12:7141997-7142496,chr12,7141997,7142496,10,0,False,False,False,,"C12orf57,EMG1,ENO2,LPCAT3,NANOG,PHB2,RIMKLB,SLC2A3,SPSB2,TPI1",H3K27ac,1.0,,169061,,WTC11,bg_all
chr12:7162583-7163082,chr12,7162583,7163082,10,0,False,False,False,,"C12orf57,EMG1,ENO2,LPCAT3,NANOG,PHB2,RIMKLB,SLC2A3,SPSB2,TPI1",CTCF element,0.98,,189647,,WTC11,bg_all
chr12:7439856-7440355,chr12,7439856,7440355,10,0,False,False,False,,"C12orf57,EMG1,ENO2,LPCAT3,NANOG,PHB2,RIMKLB,SLC2A3,SPSB2,TPI1",High H3K27ac,1.0,,347689,,WTC11,bg_all
chr12:7588668-7589167,chr12,7588668,7589167,10,0,False,False,False,,"C12orf57,EMG1,ENO2,LPCAT3,NANOG,PHB2,RIMKLB,SLC2A3,SPSB2,TPI1",CTCF element,0.88,,198877,,WTC11,bg_all
chr12:7638605-7639104,chr12,7638605,7639104,10,0,False,False,False,,"C12orf57,EMG1,ENO2,LPCAT3,NANOG,PHB2,RIMKLB,SLC2A3,SPSB2,TPI1",High H3K27ac,1.0,,148940,,WTC11,bg_all
chr12:7645341-7645840,chr12,7645341,7645840,10,0,False,False,False,,"C12orf57,EMG1,ENO2,LPCAT3,NANOG,PHB2,RIMKLB,SLC2A3,SPSB2,TPI1",H3K27ac,0.96,,142204,,WTC11,bg_all
chr12:7712776-7713275,chr12,7712776,7713275,10,0,False,False,False,,"C12orf57,EMG1,ENO2,LPCAT3,NANOG,PHB2,RIMKLB,SLC2A3,SPSB2,TPI1",No H3K27ac,0.98,,74769,,WTC11,bg_all
chr12:7907053-7907552,chr12,7907053,7907552,10,0,False,False,False,,"C12orf57,EMG1,ENO2,LPCAT3,NANOG,PHB2,RIMKLB,SLC2A3,SPSB2,TPI1",High H3K27ac,0.93,,28885,,WTC11,bg_all
chr12:7933105-7933604,chr12,7933105,7933604,9,0,False,False,False,,"C12orf57,EMG1,ENO2,LPCAT3,NANOG,PHB2,RIMKLB,SPSB2,TPI1",High H3K27ac,0.98,,145560,,WTC11,bg_all
chr12:8018882-8019381,chr12,8018882,8019381,10,0,False,False,False,,"C12orf57,EMG1,ENO2,LPCAT3,NANOG,PHB2,RIMKLB,SLC2A3,SPSB2,TPI1",H3K27ac,1.0,,82944,,WTC11,bg_all
chr12:8038680-8039179,chr12,8038680,8039179,10,0,False,False,False,,"C12orf57,EMG1,ENO2,LPCAT3,NANOG,PHB2,RIMKLB,SLC2A3,SPSB2,TPI1",H3K27ac,1.0,,102742,,WTC11,bg_all
chr12:8242208-8242707,chr12,8242208,8242707,10,0,False,False,False,,"C12orf57,EMG1,ENO2,LPCAT3,NANOG,PHB2,RIMKLB,SLC2A3,SPSB2,TPI1",H3K27ac,0.94,,306270,,WTC11,bg_all
chr12:8243358-8243857,chr12,8243358,8243857,10,0,False,False,False,,"C12orf57,EMG1,ENO2,LPCAT3,NANOG,PHB2,RIMKLB,SLC2A3,SPSB2,TPI1",H3K27ac,0.97,,307420,,WTC11,bg_all
chr12:8389742-8390241,chr12,8389742,8390241,10,0,False,False,False,,"C12orf57,EMG1,ENO2,LPCAT3,NANOG,PHB2,RIMKLB,SLC2A3,SPSB2,TPI1",H3K27me3 element,0.88,,291609,,WTC11,bg_all
chr12:8562262-8562761,chr12,8562262,8562761,10,0,False,False,False,,"C12orf57,EMG1,ENO2,LPCAT3,NANOG,PHB2,RIMKLB,SLC2A3,SPSB2,TPI1",H3K27ac,1.0,,119089,,WTC11,bg_all
chr12:8564670-8565169,chr12,8564670,8565169,10,0,False,False,False,,"C12orf57,EMG1,ENO2,LPCAT3,NANOG,PHB2,RIMKLB,SLC2A3,SPSB2,TPI1",No H3K27ac,0.99,,116681,,WTC11,bg_all
chr12:8584414-8584913,chr12,8584414,8584913,10,0,False,False,False,,"C12orf57,EMG1,ENO2,LPCAT3,NANOG,PHB2,RIMKLB,SLC2A3,SPSB2,TPI1",No H3K27ac,0.87,,96937,,WTC11,bg_all
chr12:8692568-8693067,chr12,8692568,8693067,9,0,False,False,False,,"C12orf57,EMG1,ENO2,LPCAT3,NANOG,PHB2,SLC2A3,SPSB2,TPI1",High H3K27ac,0.97,,756630,,WTC11,bg_all
chr16:30334596-30335095,chr16,30334596,30335095,7,0,False,False,False,,"FUS,KAT8,PRSS8,PYCARD,SEPHS2,VKORC1,ZNF785",H3K27ac,0.95,,111029,,WTC11,bg_all
chr16:30400076-30400959,chr16,30400076,30400959,14,0,False,False,False,,"FUS,KAT8,PRSS8,PYCARD,SEPHS2,VKORC1,ZNF785",High H3K27ac,1.0,,45165,,WTC11,bg_all
chr16:30409391-30409890,chr16,30409391,30409890,7,0,False,False,False,,"FUS,KAT8,PRSS8,PYCARD,SEPHS2,VKORC1,ZNF785",H3K27ac,0.98,,36234,,WTC11,bg_all
chr16:30417689-30418188,chr16,30417689,30418188,8,0,False,False,False,,"FUS,KAT8,PHKG2,PRSS8,PYCARD,SEPHS2,VKORC1,ZNF785",No H3K27ac,0.98,,27936,,WTC11,bg_all
chr16:30693858-30694357,chr16,30693858,30694357,7,0,False,False,False,,"FUS,KAT8,PRSS8,PYCARD,SEPHS2,VKORC1,ZNF785",CTCF element,0.95,,108338,,WTC11,bg_all
chr16:30874756-30875255,chr16,30874756,30875255,7,0,False,False,False,,"FUS,KAT8,PRSS8,PYCARD,SEPHS2,VKORC1,ZNF785",H3K27me3 element,1.0,,220975,,WTC11,bg_all
chr16:30893300-30893799,chr16,30893300,30893799,8,0,False,False,False,,"FUS,KAT8,PHKG2,PRSS8,PYCARD,SEPHS2,VKORC1,ZNF785",No H3K27ac,0.98,,145256,,WTC11,bg_all
chr16:30910446-30910945,chr16,30910446,30910945,8,0,False,False,False,,"FUS,KAT8,PHKG2,PRSS8,PYCARD,SEPHS2,VKORC1,ZNF785",No H3K27ac,0.98,,162402,,WTC11,bg_all
chr16:30935076-30935575,chr16,30935076,30935575,7,0,False,False,False,,"FUS,KAT8,PRSS8,PYCARD,SEPHS2,VKORC1,ZNF785",High H3K27ac,0.99,,160655,,WTC11,bg_all
chr16:31134532-31135031,chr16,31134532,31135031,6,0,False,False,False,,"FUS,KAT8,PYCARD,SEPHS2,VKORC1,ZNF785",High H3K27ac,0.75,,20292,,WTC11,bg_all
chr16:31143571-31144070,chr16,31143571,31144070,7,0,False,False,False,,"FUS,KAT8,PRSS8,PYCARD,SEPHS2,VKORC1,ZNF785",H3K27me3 element,0.98,,8093,,WTC11,bg_all
chr16:31214540-31215039,chr16,31214540,31215039,7,0,False,False,False,,"FUS,KAT8,PRSS8,PYCARD,SEPHS2,VKORC1,ZNF785",H3K27me3 element,0.99,,11339,,WTC11,bg_all
chr16:31215157-31215656,chr16,31215157,31215656,7,0,False,False,False,,"FUS,KAT8,PRSS8,PYCARD,SEPHS2,VKORC1,ZNF785",H3K27me3 element,0.99,,11956,,WTC11,bg_all
chr16:31356782-31357281,chr16,31356782,31357281,7,0,False,False,False,,"FUS,KAT8,PRSS8,PYCARD,SEPHS2,VKORC1,ZNF785",No H3K27ac,1.0,,153581,,WTC11,bg_all
chr16:31382504-31383003,chr16,31382504,31383003,7,0,False,False,False,,"FUS,KAT8,PRSS8,PYCARD,SEPHS2,VKORC1,ZNF785",H3K27ac,0.99,,179303,,WTC11,bg_all
chr16:31451668-31452167,chr16,31451668,31452167,7,0,False,False,False,,"FUS,KAT8,PRSS8,PYCARD,SEPHS2,VKORC1,ZNF785",H3K27ac,0.99,,248467,,WTC11,bg_all
chr16:31455593-31456092,chr16,31455593,31456092,7,0,False,False,False,,"FUS,KAT8,PRSS8,PYCARD,SEPHS2,VKORC1,ZNF785",H3K27ac,1.0,,252392,,WTC11,bg_all
chr16:31475906-31476405,chr16,31475906,31476405,7,0,False,False,False,,"FUS,KAT8,PRSS8,PYCARD,SEPHS2,VKORC1,ZNF785",H3K27me3 element,0.99,,272705,,WTC11,bg_all
chr16:31476597-31477142,chr16,31476597,31477142,7,0,False,False,False,,"FUS,KAT8,PRSS8,PYCARD,SEPHS2,VKORC1,ZNF785",H3K27me3 element,1.0,,273419,,WTC11,bg_all
chr16:31477791-31478290,chr16,31477791,31478290,7,0,False,False,False,,"FUS,KAT8,PRSS8,PYCARD,SEPHS2,VKORC1,ZNF785",H3K27ac,0.99,,274590,,WTC11,bg_all
chr16:31487571-31488534,chr16,31487571,31488534,16,0,False,False,False,,"FUS,KAT8,PHKG2,PRSS8,PYCARD,SEPHS2,VKORC1,ZNF785",H3K27me3 element,1.0,,284370,,WTC11,bg_all
chr16:31859300-31859799,chr16,31859300,31859799,8,0,False,False,False,,"FUS,KAT8,PHKG2,PRSS8,PYCARD,SEPHS2,VKORC1,ZNF785",CTCF element,0.92,,656099,,WTC11,bg_all
chr17:6286174-6286673,chr17,6286174,6286673,23,0,False,False,False,,"CLDN7,EIF4A1,EIF5A,ELP5,GABARAP,GPS2,MED31,MPDU1,NLGN2,PIMREG,PLSCR3,POLR2A,RNASEK,RPAIN,SAT2,SENP3,TMEM107,TMEM256,TMEM88,TP53,TRAPPC1,TXNDC17,VAMP2",No H3K27ac,1.0,,158018,,WTC11,bg_all
chr17:6461669-6462168,chr17,6461669,6462168,23,0,False,False,False,,"CLDN7,EIF4A1,EIF5A,ELP5,GABARAP,GPS2,MED31,MPDU1,NLGN2,PIMREG,PLSCR3,POLR2A,RNASEK,RPAIN,SAT2,SENP3,TMEM107,TMEM256,TMEM88,TP53,TRAPPC1,TXNDC17,VAMP2",H3K27ac,1.0,,17477,,WTC11,bg_all
chr17:6555631-6556130,chr17,6555631,6556130,23,0,False,False,False,,"CLDN7,EIF4A1,EIF5A,ELP5,GABARAP,GPS2,MED31,MPDU1,NLGN2,PIMREG,PLSCR3,POLR2A,RNASEK,RPAIN,SAT2,SENP3,TMEM107,TMEM256,TMEM88,TP53,TRAPPC1,TXNDC17,VAMP2",H3K27me3 element,1.0,,85105,,WTC11,bg_all
chr17:6913777-6914276,chr17,6913777,6914276,23,0,False,False,False,,"CLDN7,EIF4A1,EIF5A,ELP5,GABARAP,GPS2,MED31,MPDU1,NLGN2,PIMREG,PLSCR3,POLR2A,RNASEK,RPAIN,SAT2,SENP3,TMEM107,TMEM256,TMEM88,TP53,TRAPPC1,TXNDC17,VAMP2",CTCF element,1.0,,98391,,WTC11,bg_all
chr17:7042434-7042933,chr17,7042434,7042933,23,0,False,False,False,,"CLDN7,EIF4A1,EIF5A,ELP5,GABARAP,GPS2,MED31,MPDU1,NLGN2,PIMREG,PLSCR3,POLR2A,RNASEK,RPAIN,SAT2,SENP3,TMEM107,TMEM256,TMEM88,TP53,TRAPPC1,TXNDC17,VAMP2",H3K27me3 element,1.0,,30266,,WTC11,bg_all
chr17:7132744-7133243,chr17,7132744,7133243,23,0,False,False,False,,"CLDN7,EIF4A1,EIF5A,ELP5,GABARAP,GPS2,MED31,MPDU1,NLGN2,PIMREG,PLSCR3,POLR2A,RNASEK,RPAIN,SAT2,SENP3,TMEM107,TMEM256,TMEM88,TP53,TRAPPC1,TXNDC17,VAMP2",High H3K27ac,1.0,,109456,,WTC11,bg_all
chr17:7174125-7174624,chr17,7174125,7174624,23,0,False,False,False,,"CLDN7,EIF4A1,EIF5A,ELP5,GABARAP,GPS2,MED31,MPDU1,NLGN2,PIMREG,PLSCR3,POLR2A,RNASEK,RPAIN,SAT2,SENP3,TMEM107,TMEM256,TMEM88,TP53,TRAPPC1,TXNDC17,VAMP2",No H3K27ac,1.0,,68075,,WTC11,bg_all
chr17:7436373-7436872,chr17,7436373,7436872,22,0,False,False,False,,"CLDN7,EIF4A1,EIF5A,ELP5,GABARAP,GPS2,MED31,MPDU1,NLGN2,PIMREG,PLSCR3,POLR2A,RNASEK,SAT2,SENP3,TMEM107,TMEM256,TMEM88,TP53,TRAPPC1,TXNDC17,VAMP2",High H3K27ac,0.98,,31748,,WTC11,bg_all
chr17:7707386-7707885,chr17,7707386,7707885,22,0,False,False,False,,"CLDN7,EIF4A1,EIF5A,ELP5,GABARAP,GPS2,MED31,MPDU1,NLGN2,PIMREG,PLSCR3,POLR2A,RNASEK,SAT2,SENP3,TMEM107,TMEM256,TMEM88,TP53,TRAPPC1,TXNDC17,VAMP2",No H3K27ac,0.99,,20085,,WTC11,bg_all
chr17:7833631-7834130,chr17,7833631,7834130,22,0,False,False,False,,"CLDN7,EIF4A1,EIF5A,ELP5,GABARAP,GPS2,MED31,MPDU1,NLGN2,PIMREG,PLSCR3,POLR2A,RNASEK,SAT2,SENP3,TMEM107,TMEM256,TMEM88,TP53,TRAPPC1,TXNDC17,VAMP2",H3K27me3 element,1.0,,21186,,WTC11,bg_all
chr17:7922750-7923249,chr17,7922750,7923249,22,0,False,False,False,,"CLDN7,EIF4A1,EIF5A,ELP5,GABARAP,GPS2,MED31,MPDU1,NLGN2,PIMREG,PLSCR3,POLR2A,RNASEK,SAT2,SENP3,TMEM107,TMEM256,TMEM88,TP53,TRAPPC1,TXNDC17,VAMP2",H3K27ac,1.0,,9124,,WTC11,bg_all
chr17:8016005-8016504,chr17,8016005,8016504,22,0,False,False,False,,"CLDN7,EIF4A1,EIF5A,ELP5,GABARAP,GPS2,MED31,MPDU1,NLGN2,PIMREG,PLSCR3,POLR2A,RNASEK,SAT2,SENP3,TMEM107,TMEM256,TMEM88,TP53,TRAPPC1,TXNDC17,VAMP2",H3K27me3 element,1.0,,84131,,WTC11,bg_all
chr17:8016618-8017117,chr17,8016618,8017117,22,0,False,False,False,,"CLDN7,EIF4A1,EIF5A,ELP5,GABARAP,GPS2,MED31,MPDU1,NLGN2,PIMREG,PLSCR3,POLR2A,RNASEK,SAT2,SENP3,TMEM107,TMEM256,TMEM88,TP53,TRAPPC1,TXNDC17,VAMP2",CTCF element,0.98,,84744,,WTC11,bg_all
chr17:8063713-8064212,chr17,8063713,8064212,22,0,False,False,False,,"CLDN7,EIF4A1,EIF5A,ELP5,GABARAP,GPS2,MED31,MPDU1,NLGN2,PIMREG,PLSCR3,POLR2A,RNASEK,SAT2,SENP3,TMEM107,TMEM256,TMEM88,TP53,TRAPPC1,TXNDC17,VAMP2",H3K27me3 element,1.0,,99584,,WTC11,bg_all
chr17:8079127-8079626,chr17,8079127,8079626,22,0,False,False,False,,"CLDN7,EIF4A1,EIF5A,ELP5,GABARAP,GPS2,MED31,MPDU1,NLGN2,PIMREG,PLSCR3,POLR2A,RNASEK,SAT2,SENP3,TMEM107,TMEM256,TMEM88,TP53,TRAPPC1,TXNDC17,VAMP2",H3K27me3 element,0.98,,84170,,WTC11,bg_all
chr17:8125485-8125984,chr17,8125485,8125984,22,0,False,False,False,,"CLDN7,EIF4A1,EIF5A,ELP5,GABARAP,GPS2,MED31,MPDU1,NLGN2,PIMREG,PLSCR3,POLR2A,RNASEK,SAT2,SENP3,TMEM107,TMEM256,TMEM88,TP53,TRAPPC1,TXNDC17,VAMP2",H3K27me3 element,1.0,,37812,,WTC11,bg_all
chr17:8133340-8133839,chr17,8133340,8133839,22,0,False,False,False,,"CLDN7,EIF4A1,EIF5A,ELP5,GABARAP,GPS2,MED31,MPDU1,NLGN2,PIMREG,PLSCR3,POLR2A,RNASEK,SAT2,SENP3,TMEM107,TMEM256,TMEM88,TP53,TRAPPC1,TXNDC17,VAMP2",H3K27ac,1.0,,29957,,WTC11,bg_all
chr19:10061892-10062391,chr19,10061892,10062391,11,0,False,False,False,,"CDC37,EIF3G,FBXL12,FDX2,HNRNPM,MRPL4,P2RY11,PPAN,UBL5,YIPF2,ZNF121",No H3K27ac,1.0,,44221,,WTC11,bg_all
chr19:10112946-10113445,chr19,10112946,10113445,10,0,False,False,False,,"CDC37,EIF3G,FBXL12,FDX2,HNRNPM,MRPL4,PPAN,UBL5,YIPF2,ZNF121",H3K27ac,1.0,,6723,,WTC11,bg_all
chr19:10250037-10250536,chr19,10250037,10250536,11,0,False,False,False,,"CDC37,EIF3G,FBXL12,FDX2,HNRNPM,MRPL4,P2RY11,PPAN,UBL5,YIPF2,ZNF121",CTCF element,0.99,,1615,,WTC11,bg_all
chr19:10292174-10292673,chr19,10292174,10292673,12,0,False,False,False,,"CDC37,EIF3G,FBXL12,FDX2,HNRNPM,MRPL4,P2RY11,PPAN,UBL5,YIPF2,ZNF121,ZNF414",H3K27me3 element,0.99,,23592,,WTC11,bg_all
chr19:10418237-10418736,chr19,10418237,10418736,9,0,False,False,False,,"EIF3G,FBXL12,FDX2,MRPL4,P2RY11,PPAN,UBL5,YIPF2,ZNF121",H3K27me3 element,0.97,,102471,,WTC11,bg_all
chr19:13153431-13153930,chr19,13153431,13153930,6,0,False,False,False,,"ASF1B,C19orf53,MRI1,NDUFB7,SAMD1,TECR",H3K27ac,1.0,,610842,,WTC11,bg_all
chr19:13366466-13366965,chr19,13366466,13366965,7,0,False,False,False,,"ASF1B,C19orf53,IER2,MRI1,NDUFB7,SAMD1,TECR",CTCF element,0.98,,216304,,WTC11,bg_all
chr19:13396553-13397052,chr19,13396553,13397052,7,0,False,False,False,,"ASF1B,C19orf53,IER2,MRI1,NDUFB7,SAMD1,TECR",No H3K27ac,0.98,,246391,,WTC11,bg_all
chr19:13557695-13558194,chr19,13557695,13558194,7,0,False,False,False,,"ASF1B,C19orf53,IER2,MRI1,NDUFB7,SAMD1,TECR",No H3K27ac,0.99,,206578,,WTC11,bg_all
chr19:13589175-13589674,chr19,13589175,13589674,7,0,False,False,False,,"ASF1B,C19orf53,IER2,MRI1,NDUFB7,SAMD1,TECR",CTCF element,0.99,,175098,,WTC11,bg_all
chr19:13597585-13598084,chr19,13597585,13598084,7,0,False,False,False,,"ASF1B,C19orf53,IER2,MRI1,NDUFB7,SAMD1,TECR",CTCF element,0.96,,166688,,WTC11,bg_all
chr19:13609888-13610757,chr19,13609888,13610757,14,0,False,False,False,,"ASF1B,C19orf53,IER2,MRI1,NDUFB7,SAMD1,TECR",H3K27ac,0.99,,154015,,WTC11,bg_all
chr19:13619666-13620165,chr19,13619666,13620165,7,0,False,False,False,,"ASF1B,C19orf53,IER2,MRI1,NDUFB7,SAMD1,TECR",H3K27me3 element,0.81,,144607,,WTC11,bg_all
chr19:13825682-13826502,chr19,13825682,13826502,14,0,False,False,False,,"ASF1B,C19orf53,IER2,MRI1,NDUFB7,SAMD1,TECR",High H3K27ac,1.0,,51475,,WTC11,bg_all
chr19:13839501-13840000,chr19,13839501,13840000,7,0,False,False,False,,"ASF1B,C19orf53,IER2,MRI1,NDUFB7,SAMD1,TECR",No H3K27ac,1.0,,65294,,WTC11,bg_all
chr19:13843430-13843929,chr19,13843430,13843929,7,0,False,False,False,,"ASF1B,C19orf53,IER2,MRI1,NDUFB7,SAMD1,TECR",No H3K27ac,0.99,,69223,,WTC11,bg_all
chr19:13861847-13862678,chr19,13861847,13862678,14,0,False,False,False,,"ASF1B,C19orf53,IER2,MRI1,NDUFB7,SAMD1,TECR",H3K27ac,0.99,,87640,,WTC11,bg_all
chr19:13881173-13881672,chr19,13881173,13881672,7,0,False,False,False,,"ASF1B,C19orf53,IER2,MRI1,NDUFB7,SAMD1,TECR",H3K27ac,1.0,,106965,,WTC11,bg_all
chr19:13963114-13963613,chr19,13963114,13963613,7,0,False,False,False,,"ASF1B,C19orf53,IER2,MRI1,NDUFB7,SAMD1,TECR",No H3K27ac,0.99,,127673,,WTC11,bg_all
chr19:14042953-14043452,chr19,14042953,14043452,7,0,False,False,False,,"ASF1B,C19orf53,IER2,MRI1,NDUFB7,SAMD1,TECR",High H3K27ac,0.99,,47834,,WTC11,bg_all
chr19:14048497-14048996,chr19,14048497,14048996,7,0,False,False,False,,"ASF1B,C19orf53,IER2,MRI1,NDUFB7,SAMD1,TECR",CTCF element,0.99,,42290,,WTC11,bg_all
chr19:14075000-14075499,chr19,14075000,14075499,7,0,False,False,False,,"ASF1B,C19orf53,IER2,MRI1,NDUFB7,SAMD1,TECR",CTCF element,1.0,,15787,,WTC11,bg_all
chr19:14081276-14081775,chr19,14081276,14081775,7,0,False,False,False,,"ASF1B,C19orf53,IER2,MRI1,NDUFB7,SAMD1,TECR",H3K27ac,0.99,,9511,,WTC11,bg_all
chr19:14247448-14247947,chr19,14247448,14247947,7,0,False,False,False,,"ASF1B,C19orf53,IER2,MRI1,NDUFB7,SAMD1,TECR",H3K27ac,0.99,,111084,,WTC11,bg_all
chr19:14337441-14337940,chr19,14337441,14337940,7,0,False,False,False,,"ASF1B,C19orf53,IER2,MRI1,NDUFB7,SAMD1,TECR",H3K27me3 element,0.98,,179395,,WTC11,bg_all
chr19:14363682-14364181,chr19,14363682,14364181,7,0,False,False,False,,"ASF1B,C19orf53,IER2,MRI1,NDUFB7,SAMD1,TECR",High H3K27ac,0.98,,153154,,WTC11,bg_all
chr19:14393218-14393717,chr19,14393218,14393717,7,0,False,False,False,,"ASF1B,C19orf53,IER2,MRI1,NDUFB7,SAMD1,TECR",H3K27ac,1.0,,123618,,WTC11,bg_all
chr19:14405278-14405777,chr19,14405278,14405777,7,0,False,False,False,,"ASF1B,C19orf53,IER2,MRI1,NDUFB7,SAMD1,TECR",H3K27ac,1.0,,111558,,WTC11,bg_all
chr19:14632213-14632712,chr19,14632213,14632712,7,0,False,False,False,,"ASF1B,C19orf53,IER2,MRI1,NDUFB7,SAMD1,TECR",No H3K27ac,0.99,,60396,,WTC11,bg_all
chr19:14731129-14731628,chr19,14731129,14731628,7,0,False,False,False,,"ASF1B,C19orf53,IER2,MRI1,NDUFB7,SAMD1,TECR",No H3K27ac,0.97,,159312,,WTC11,bg_all
chr19:14775763-14776262,chr19,14775763,14776262,7,0,False,False,False,,"ASF1B,C19orf53,IER2,MRI1,NDUFB7,SAMD1,TECR",H3K27me3 element,1.0,,203946,,WTC11,bg_all
chr19:15025173-15025672,chr19,15025173,15025672,7,0,False,False,False,,"ASF1B,C19orf53,IER2,MRI1,NDUFB7,SAMD1,TECR",No H3K27ac,1.0,,453356,,WTC11,bg_all
chr19:15120400-15120899,chr19,15120400,15120899,7,0,False,False,False,,"ASF1B,C19orf53,IER2,MRI1,NDUFB7,SAMD1,TECR",H3K27ac,1.0,,548582,,WTC11,bg_all
chr19:8441697-8442196,chr19,8441697,8442196,10,0,False,False,False,,"EIF3G,FBXL12,FDX2,HNRNPM,MRPL4,P2RY11,PPAN,UBL5,ZNF121,ZNF414",High H3K27ac,0.99,,2821,,WTC11,bg_all
chr19:8445428-8445927,chr19,8445428,8445927,8,0,False,False,False,,"EIF3G,FBXL12,FDX2,MRPL4,P2RY11,PPAN,UBL5,ZNF121",H3K27ac,1.0,,1184648,,WTC11,bg_all
chr19:8447227-8447726,chr19,8447227,8447726,8,0,False,False,False,,"EIF3G,FBXL12,FDX2,MRPL4,P2RY11,PPAN,UBL5,ZNF121",High H3K27ac,0.97,,1182849,,WTC11,bg_all
chr19:8525434-8525933,chr19,8525434,8525933,10,0,False,False,False,,"CDC37,EIF3G,FBXL12,FDX2,HNRNPM,MRPL4,P2RY11,PPAN,UBL5,ZNF121",High H3K27ac,0.99,,80916,,WTC11,bg_all
chr19:8552677-8553176,chr19,8552677,8553176,10,0,False,False,False,,"CDC37,EIF3G,FBXL12,FDX2,HNRNPM,MRPL4,P2RY11,PPAN,UBL5,ZNF121",H3K27ac,0.99,,108159,,WTC11,bg_all
chr19:8585868-8586367,chr19,8585868,8586367,11,0,False,False,False,,"CDC37,EIF3G,FBXL12,FDX2,HNRNPM,MRPL4,P2RY11,PPAN,UBL5,ZNF121,ZNF414",CTCF element,1.0,,71950,,WTC11,bg_all
chr19:8611738-8612237,chr19,8611738,8612237,10,0,False,False,False,,"CDC37,EIF3G,FBXL12,FDX2,HNRNPM,MRPL4,P2RY11,PPAN,UBL5,ZNF121",H3K27ac,0.99,,167221,,WTC11,bg_all
chr19:8694208-8694707,chr19,8694208,8694707,10,0,False,False,False,,"CDC37,EIF3G,FBXL12,FDX2,HNRNPM,MRPL4,P2RY11,PPAN,UBL5,ZNF121",CTCF element,1.0,,295154,,WTC11,bg_all
chr19:9065566-9066065,chr19,9065566,9066065,11,0,False,False,False,,"CDC37,EIF3G,FBXL12,FDX2,HNRNPM,MRPL4,P2RY11,PPAN,UBL5,YIPF2,ZNF121",No H3K27ac,0.98,,518718,,WTC11,bg_all
chr19:9073778-9074277,chr19,9073778,9074277,11,0,False,False,False,,"CDC37,EIF3G,FBXL12,FDX2,HNRNPM,MRPL4,P2RY11,PPAN,UBL5,YIPF2,ZNF121",High H3K27ac,0.99,,510506,,WTC11,bg_all
chr19:9075500-9075999,chr19,9075500,9075999,11,0,False,False,False,,"CDC37,EIF3G,FBXL12,FDX2,HNRNPM,MRPL4,P2RY11,PPAN,UBL5,YIPF2,ZNF121",H3K27ac,0.98,,508784,,WTC11,bg_all
chr19:9079757-9080256,chr19,9079757,9080256,11,0,False,False,False,,"CDC37,EIF3G,FBXL12,FDX2,HNRNPM,MRPL4,P2RY11,PPAN,UBL5,YIPF2,ZNF121",CTCF element,1.0,,504527,,WTC11,bg_all
chr19:9136453-9136952,chr19,9136453,9136952,11,0,False,False,False,,"CDC37,EIF3G,FBXL12,FDX2,HNRNPM,MRPL4,P2RY11,PPAN,UBL5,YIPF2,ZNF121",No H3K27ac,0.99,,447831,,WTC11,bg_all
chr19:9586646-9587145,chr19,9586646,9587145,11,0,False,False,False,,"CDC37,EIF3G,FBXL12,FDX2,HNRNPM,MRPL4,P2RY11,PPAN,UBL5,YIPF2,ZNF121",H3K27ac,0.88,,2362,,WTC11,bg_all
chr19:9625751-9626250,chr19,9625751,9626250,11,0,False,False,False,,"CDC37,EIF3G,FBXL12,FDX2,HNRNPM,MRPL4,P2RY11,PPAN,UBL5,YIPF2,ZNF121",H3K27ac,0.83,,41467,,WTC11,bg_all
chr19:9720516-9721015,chr19,9720516,9721015,11,0,False,False,False,,"CDC37,EIF3G,FBXL12,FDX2,HNRNPM,MRPL4,P2RY11,PPAN,UBL5,YIPF2,ZNF121",H3K27ac,0.97,,107051,,WTC11,bg_all
chr19:9785343-9785842,chr19,9785343,9785842,11,0,False,False,False,,"CDC37,EIF3G,FBXL12,FDX2,HNRNPM,MRPL4,P2RY11,PPAN,UBL5,YIPF2,ZNF121",High H3K27ac,1.0,,42224,,WTC11,bg_all
chr19:9792037-9792536,chr19,9792037,9792536,11,0,False,False,False,,"CDC37,EIF3G,FBXL12,FDX2,HNRNPM,MRPL4,P2RY11,PPAN,UBL5,YIPF2,ZNF121",H3K27ac,0.99,,35530,,WTC11,bg_all
chr19:9796104-9796603,chr19,9796104,9796603,11,0,False,False,False,,"CDC37,EIF3G,FBXL12,FDX2,HNRNPM,MRPL4,P2RY11,PPAN,UBL5,YIPF2,ZNF121",H3K27ac,0.98,,31463,,WTC11,bg_all
chr19:9966455-9966954,chr19,9966455,9966954,11,0,False,False,False,,"CDC37,EIF3G,FBXL12,FDX2,HNRNPM,MRPL4,P2RY11,PPAN,UBL5,YIPF2,ZNF121",H3K27ac,1.0,,138812,,WTC11,bg_all
chr1:198423664-198424163,chr1,198423664,198424163,1,0,False,False,False,,ZNF281,H3K27ac,0.9,,1986141,,WTC11,bg_all
chr1:198472121-198472620,chr1,198472121,198472620,1,0,False,False,False,,ZNF281,No H3K27ac,0.88,,1937684,,WTC11,bg_all
chr1:198600860-198601359,chr1,198600860,198601359,1,0,False,False,False,,ZNF281,H3K27ac,0.63,,1808945,,WTC11,bg_all
chr1:198699379-198699878,chr1,198699379,198699878,1,0,False,False,False,,ZNF281,High H3K27ac,0.84,,1710427,,WTC11,bg_all
chr1:198741694-198742193,chr1,198741694,198742193,1,0,False,False,False,,ZNF281,No H3K27ac,0.93,,1668112,,WTC11,bg_all
chr1:198788665-198789164,chr1,198788665,198789164,1,0,False,False,False,,ZNF281,H3K27ac,0.91,,1621141,,WTC11,bg_all
chr1:198830059-198830657,chr1,198830059,198830657,1,0,False,False,False,,ZNF281,H3K27ac,0.99,,1579698,,WTC11,bg_all
chr1:199217957-199218456,chr1,199217957,199218456,1,0,False,False,False,,ZNF281,No H3K27ac,0.9,,1191850,,WTC11,bg_all
chr1:199243392-199243891,chr1,199243392,199243891,1,0,False,False,False,,ZNF281,CTCF element,0.92,,1166415,,WTC11,bg_all
chr1:199272581-199273080,chr1,199272581,199273080,1,0,False,False,False,,ZNF281,No H3K27ac,0.83,,1137226,,WTC11,bg_all
chr1:199337280-199337779,chr1,199337280,199337779,1,0,False,False,False,,ZNF281,No H3K27ac,0.91,,1072527,,WTC11,bg_all
chr1:199422169-199422668,chr1,199422169,199422668,1,0,False,False,False,,ZNF281,No H3K27ac,0.8,,987638,,WTC11,bg_all
chr1:199463456-199463955,chr1,199463456,199463955,1,0,False,False,False,,ZNF281,No H3K27ac,0.92,,946351,,WTC11,bg_all
chr1:199511972-199512471,chr1,199511972,199512471,1,0,False,False,False,,ZNF281,H3K27ac,0.69,,897835,,WTC11,bg_all
chr1:199545692-199546191,chr1,199545692,199546191,1,0,False,False,False,,ZNF281,No H3K27ac,0.91,,864115,,WTC11,bg_all
chr1:199735566-199736065,chr1,199735566,199736065,1,0,False,False,False,,ZNF281,H3K27ac,0.84,,674241,,WTC11,bg_all
chr1:199747892-199748391,chr1,199747892,199748391,1,0,False,False,False,,ZNF281,H3K27ac,0.87,,661915,,WTC11,bg_all
chr1:199799050-199799549,chr1,199799050,199799549,1,0,False,False,False,,ZNF281,No H3K27ac,0.42,,610757,,WTC11,bg_all
chr1:199866197-199866696,chr1,199866197,199866696,1,0,False,False,False,,ZNF281,H3K27ac,0.9,,543610,,WTC11,bg_all
chr1:199954642-199955141,chr1,199954642,199955141,1,0,False,False,False,,ZNF281,H3K27ac,0.89,,455165,,WTC11,bg_all
chr1:199976758-199977257,chr1,199976758,199977257,1,0,False,False,False,,ZNF281,High H3K27ac,0.92,,433049,,WTC11,bg_all
chr1:200028962-200029926,chr1,200028962,200029926,2,0,False,False,False,,ZNF281,High H3K27ac,0.92,,380380,,WTC11,bg_all
chr1:200034708-200035207,chr1,200034708,200035207,1,0,False,False,False,,ZNF281,High H3K27ac,0.85,,375099,,WTC11,bg_all
chr1:200038569-200039833,chr1,200038569,200039833,3,0,False,False,False,,ZNF281,H3K27ac,0.96,,370473,,WTC11,bg_all
chr1:200040599-200041098,chr1,200040599,200041098,1,0,False,False,False,,ZNF281,H3K27me3 element,0.91,,369208,,WTC11,bg_all
chr1:200041203-200041702,chr1,200041203,200041702,1,0,False,False,False,,ZNF281,H3K27ac,0.84,,368604,,WTC11,bg_all
chr1:200048208-200048707,chr1,200048208,200048707,1,0,False,False,False,,ZNF281,High H3K27ac,0.88,,361599,,WTC11,bg_all
chr1:200090500-200090999,chr1,200090500,200090999,1,0,False,False,False,,ZNF281,H3K27ac,0.8,,319307,,WTC11,bg_all
chr1:200279728-200280227,chr1,200279728,200280227,1,0,False,False,False,,ZNF281,H3K27ac,0.77,,130079,,WTC11,bg_all
chr1:200302208-200303277,chr1,200302208,200303277,2,0,False,False,False,,ZNF281,H3K27ac,1.0,,107029,,WTC11,bg_all
chr1:200341223-200341722,chr1,200341223,200341722,1,0,False,False,False,,ZNF281,H3K27ac,0.89,,68584,,WTC11,bg_all
chr1:200366127-200366626,chr1,200366127,200366626,1,0,False,False,False,,ZNF281,High H3K27ac,0.89,,43680,,WTC11,bg_all
chr1:2545925-2546424,chr1,2545925,2546424,2,0,False,False,False,,"PEX10,RER1",No H3K27ac,0.85,,132377,,WTC11,bg_all
chr1:2546779-2547278,chr1,2546779,2547278,2,0,False,False,False,,"PEX10,RER1",H3K27ac,0.92,,133231,,WTC11,bg_all
chr1:2578168-2578667,chr1,2578168,2578667,2,0,False,False,False,,"PEX10,RER1",H3K27ac,0.96,,164620,,WTC11,bg_all
chr1:2591521-2592020,chr1,2591521,2592020,2,0,False,False,False,,"PEX10,RER1",H3K27me3 element,0.89,,177973,,WTC11,bg_all
chr1:2593756-2594255,chr1,2593756,2594255,2,0,False,False,False,,"PEX10,RER1",No H3K27ac,0.89,,180208,,WTC11,bg_all
chr1:2594471-2594970,chr1,2594471,2594970,2,0,False,False,False,,"PEX10,RER1",No H3K27ac,0.93,,180923,,WTC11,bg_all
chr1:2595666-2596165,chr1,2595666,2596165,2,0,False,False,False,,"PEX10,RER1",No H3K27ac,0.88,,182118,,WTC11,bg_all
chr1:26201129-26201628,chr1,26201129,26201628,10,0,False,False,False,,"ARID1A,CEP85,HMGN2,LIN28A,RPA2,SH3BGRL3,SMPDL3B,TENT5B,TRNP1,ZNF593",H3K27ac,0.99,,31470,,WTC11,bg_all
chr1:26385969-26386468,chr1,26385969,26386468,10,0,False,False,False,,"ARID1A,CEP85,HMGN2,LIN28A,RPA2,SH3BGRL3,SMPDL3B,TENT5B,TRNP1,ZNF593",H3K27ac,0.99,,24599,,WTC11,bg_all
chr1:26396204-26396703,chr1,26396204,26396703,10,0,False,False,False,,"ARID1A,CEP85,HMGN2,LIN28A,RPA2,SH3BGRL3,SMPDL3B,TENT5B,TRNP1,ZNF593",CTCF element,0.98,,14364,,WTC11,bg_all
chr1:26538621-26539120,chr1,26538621,26539120,10,0,False,False,False,,"ARID1A,CEP85,HMGN2,LIN28A,RPA2,SH3BGRL3,SMPDL3B,TENT5B,TRNP1,ZNF593",H3K27ac,0.98,,66430,,WTC11,bg_all
chr1:26677465-26677964,chr1,26677465,26677964,10,0,False,False,False,,"ARID1A,CEP85,HMGN2,LIN28A,RPA2,SH3BGRL3,SMPDL3B,TENT5B,TRNP1,ZNF593",H3K27ac,0.99,,15522,,WTC11,bg_all
chr1:26853023-26853522,chr1,26853023,26853522,10,0,False,False,False,,"ARID1A,CEP85,HMGN2,LIN28A,RPA2,SH3BGRL3,SMPDL3B,TENT5B,TRNP1,ZNF593",H3K27ac,1.0,,140420,,WTC11,bg_all
chr1:26877904-26878403,chr1,26877904,26878403,10,0,False,False,False,,"ARID1A,CEP85,HMGN2,LIN28A,RPA2,SH3BGRL3,SMPDL3B,TENT5B,TRNP1,ZNF593",CTCF element,0.91,,115539,,WTC11,bg_all
chr1:27004639-27005138,chr1,27004639,27005138,9,0,False,False,False,,"ARID1A,CEP85,HMGN2,LIN28A,RPA2,SH3BGRL3,SMPDL3B,TRNP1,ZNF593",High H3K27ac,0.98,,11196,,WTC11,bg_all
chr1:27026983-27027482,chr1,27026983,27027482,10,0,False,False,False,,"ARID1A,CEP85,HMGN2,LIN28A,RPA2,SH3BGRL3,SMPDL3B,TENT5B,TRNP1,ZNF593",High H3K27ac,0.99,,14382,,WTC11,bg_all
chr1:27031480-27031979,chr1,27031480,27031979,10,0,False,False,False,,"ARID1A,CEP85,HMGN2,LIN28A,RPA2,SH3BGRL3,SMPDL3B,TENT5B,TRNP1,ZNF593",H3K27ac,0.99,,18879,,WTC11,bg_all
chr1:27109061-27109560,chr1,27109061,27109560,10,0,False,False,False,,"ARID1A,CEP85,HMGN2,LIN28A,RPA2,SH3BGRL3,SMPDL3B,TENT5B,TRNP1,ZNF593",H3K27ac,1.0,,96460,,WTC11,bg_all
chr1:27299431-27299930,chr1,27299431,27299930,10,0,False,False,False,,"ARID1A,CEP85,HMGN2,LIN28A,RPA2,SH3BGRL3,SMPDL3B,TENT5B,TRNP1,ZNF593",H3K27ac,0.96,,286830,,WTC11,bg_all
chr1:27300722-27301221,chr1,27300722,27301221,10,0,False,False,False,,"ARID1A,CEP85,HMGN2,LIN28A,RPA2,SH3BGRL3,SMPDL3B,TENT5B,TRNP1,ZNF593",H3K27ac,0.98,,288121,,WTC11,bg_all
chr1:27349184-27349683,chr1,27349184,27349683,10,0,False,False,False,,"ARID1A,CEP85,HMGN2,LIN28A,RPA2,SH3BGRL3,SMPDL3B,TENT5B,TRNP1,ZNF593",H3K27me3 element,0.99,,336583,,WTC11,bg_all
chr1:27350164-27350676,chr1,27350164,27350676,10,0,False,False,False,,"ARID1A,CEP85,HMGN2,LIN28A,RPA2,SH3BGRL3,SMPDL3B,TENT5B,TRNP1,ZNF593",H3K27me3 element,1.0,,337569,,WTC11,bg_all
chr1:27351076-27351575,chr1,27351076,27351575,10,0,False,False,False,,"ARID1A,CEP85,HMGN2,LIN28A,RPA2,SH3BGRL3,SMPDL3B,TENT5B,TRNP1,ZNF593",H3K27ac,0.99,,338475,,WTC11,bg_all
chr1:27365379-27365878,chr1,27365379,27365878,10,0,False,False,False,,"ARID1A,CEP85,HMGN2,LIN28A,RPA2,SH3BGRL3,SMPDL3B,TENT5B,TRNP1,ZNF593",H3K27ac,0.98,,352778,,WTC11,bg_all
chr1:27488504-27489003,chr1,27488504,27489003,10,0,False,False,False,,"ARID1A,CEP85,HMGN2,LIN28A,RPA2,SH3BGRL3,SMPDL3B,TENT5B,TRNP1,ZNF593",H3K27ac,1.0,,425993,,WTC11,bg_all
chr1:27527179-27527678,chr1,27527179,27527678,10,0,False,False,False,,"ARID1A,CEP85,HMGN2,LIN28A,RPA2,SH3BGRL3,SMPDL3B,TENT5B,TRNP1,ZNF593",H3K27ac,0.98,,387318,,WTC11,bg_all
chr1:27557820-27558319,chr1,27557820,27558319,10,0,False,False,False,,"ARID1A,CEP85,HMGN2,LIN28A,RPA2,SH3BGRL3,SMPDL3B,TENT5B,TRNP1,ZNF593",High H3K27ac,1.0,,356677,,WTC11,bg_all
chr1:27568430-27568929,chr1,27568430,27568929,10,0,False,False,False,,"ARID1A,CEP85,HMGN2,LIN28A,RPA2,SH3BGRL3,SMPDL3B,TENT5B,TRNP1,ZNF593",H3K27ac,0.98,,346067,,WTC11,bg_all
chr1:27592545-27593443,chr1,27592545,27593443,20,0,False,False,False,,"ARID1A,CEP85,HMGN2,LIN28A,RPA2,SH3BGRL3,SMPDL3B,TENT5B,TRNP1,ZNF593",H3K27ac,1.0,,321553,,WTC11,bg_all
chr1:27598221-27598720,chr1,27598221,27598720,10,0,False,False,False,,"ARID1A,CEP85,HMGN2,LIN28A,RPA2,SH3BGRL3,SMPDL3B,TENT5B,TRNP1,ZNF593",H3K27ac,0.99,,316276,,WTC11,bg_all
chr1:27608540-27609039,chr1,27608540,27609039,10,0,False,False,False,,"ARID1A,CEP85,HMGN2,LIN28A,RPA2,SH3BGRL3,SMPDL3B,TENT5B,TRNP1,ZNF593",H3K27ac,0.99,,305957,,WTC11,bg_all
chr1:27614716-27615215,chr1,27614716,27615215,10,0,False,False,False,,"ARID1A,CEP85,HMGN2,LIN28A,RPA2,SH3BGRL3,SMPDL3B,TENT5B,TRNP1,ZNF593",H3K27ac,1.0,,299781,,WTC11,bg_all
chr1:27615277-27615776,chr1,27615277,27615776,10,0,False,False,False,,"ARID1A,CEP85,HMGN2,LIN28A,RPA2,SH3BGRL3,SMPDL3B,TENT5B,TRNP1,ZNF593",H3K27ac,0.99,,299220,,WTC11,bg_all
chr1:27656052-27656551,chr1,27656052,27656551,10,0,False,False,False,,"ARID1A,CEP85,HMGN2,LIN28A,RPA2,SH3BGRL3,SMPDL3B,TENT5B,TRNP1,ZNF593",H3K27ac,0.99,,258445,,WTC11,bg_all
chr1:27940258-27940757,chr1,27940258,27940757,9,0,False,False,False,,"ARID1A,CEP85,HMGN2,LIN28A,RPA2,SH3BGRL3,TENT5B,TRNP1,ZNF593",H3K27ac,0.98,,25761,,WTC11,bg_all
chr1:27961794-27962293,chr1,27961794,27962293,10,0,False,False,False,,"ARID1A,CEP85,HMGN2,LIN28A,RPA2,SH3BGRL3,SMPDL3B,TENT5B,TRNP1,ZNF593",No H3K27ac,0.99,,27043,,WTC11,bg_all
chr1:2796791-2797290,chr1,2796791,2797290,2,0,False,False,False,,"PEX10,RER1",H3K27me3 element,0.95,,368369,,WTC11,bg_all
chr1:2800259-2800758,chr1,2800259,2800758,2,0,False,False,False,,"PEX10,RER1",No H3K27ac,0.92,,371837,,WTC11,bg_all
chr1:2802976-2803475,chr1,2802976,2803475,2,0,False,False,False,,"PEX10,RER1",No H3K27ac,0.83,,374554,,WTC11,bg_all
chr1:2803566-2804065,chr1,2803566,2804065,2,0,False,False,False,,"PEX10,RER1",No H3K27ac,0.87,,375144,,WTC11,bg_all
chr1:28091137-28091636,chr1,28091137,28091636,10,0,False,False,False,,"ARID1A,CEP85,HMGN2,LIN28A,RPA2,SH3BGRL3,SMPDL3B,TENT5B,TRNP1,ZNF593",High H3K27ac,0.97,,156386,,WTC11,bg_all
chr1:28147218-28147717,chr1,28147218,28147717,10,0,False,False,False,,"ARID1A,CEP85,HMGN2,LIN28A,RPA2,SH3BGRL3,SMPDL3B,TENT5B,TRNP1,ZNF593",H3K27ac,0.99,,212467,,WTC11,bg_all
chr1:3070011-3070510,chr1,3070011,3070510,2,0,False,False,False,,"PEX10,RER1",H3K27me3 element,0.92,,641588,,WTC11,bg_all
chr1:3070955-3071454,chr1,3070955,3071454,2,0,False,False,False,,"PEX10,RER1",H3K27me3 element,0.95,,642532,,WTC11,bg_all
chr1:3221892-3222391,chr1,3221892,3222391,2,0,False,False,False,,"PEX10,RER1",H3K27ac,0.91,,793469,,WTC11,bg_all
chr1:3391668-3392167,chr1,3391668,3392167,2,0,False,False,False,,"PEX10,RER1",H3K27me3 element,0.95,,963245,,WTC11,bg_all
chr1:3453042-3453541,chr1,3453042,3453541,2,0,False,False,False,,"PEX10,RER1",H3K27ac,0.96,,1024619,,WTC11,bg_all
chr1:3533396-3533895,chr1,3533396,3533895,2,0,False,False,False,,"PEX10,RER1",No H3K27ac,0.89,,1104973,,WTC11,bg_all
chr1:3610489-3610988,chr1,3610489,3610988,2,0,False,False,False,,"PEX10,RER1",No H3K27ac,0.92,,1182066,,WTC11,bg_all
chr1:3618948-3619447,chr1,3618948,3619447,2,0,False,False,False,,"PEX10,RER1",CTCF element,0.85,,1190525,,WTC11,bg_all
chr1:3632691-3633190,chr1,3632691,3633190,2,0,False,False,False,,"PEX10,RER1",No H3K27ac,0.89,,1204268,,WTC11,bg_all
chr1:3633803-3634302,chr1,3633803,3634302,2,0,False,False,False,,"PEX10,RER1",No H3K27ac,0.96,,1205380,,WTC11,bg_all
chr1:3645161-3645660,chr1,3645161,3645660,2,0,False,False,False,,"PEX10,RER1",No H3K27ac,0.94,,1216738,,WTC11,bg_all
chr1:3656482-3656981,chr1,3656482,3656981,2,0,False,False,False,,"PEX10,RER1",H3K27me3 element,0.9,,1228059,,WTC11,bg_all
chr1:3657451-3657950,chr1,3657451,3657950,2,0,False,False,False,,"PEX10,RER1",H3K27me3 element,0.92,,1229028,,WTC11,bg_all
chr1:3662911-3663410,chr1,3662911,3663410,2,0,False,False,False,,"PEX10,RER1",H3K27me3 element,0.9,,1234488,,WTC11,bg_all
chr1:3667206-3667705,chr1,3667206,3667705,2,0,False,False,False,,"PEX10,RER1",No H3K27ac,0.8,,1238783,,WTC11,bg_all
chr1:3674722-3675221,chr1,3674722,3675221,2,0,False,False,False,,"PEX10,RER1",No H3K27ac,0.9,,1246299,,WTC11,bg_all
chr1:3717944-3718443,chr1,3717944,3718443,2,0,False,False,False,,"PEX10,RER1",No H3K27ac,0.95,,1289521,,WTC11,bg_all
chr1:3719986-3720485,chr1,3719986,3720485,2,0,False,False,False,,"PEX10,RER1",No H3K27ac,0.89,,1291563,,WTC11,bg_all
chr1:88736579-88737078,chr1,88736579,88737078,5,0,False,False,False,,"KYAT3,LRRC8B,LRRC8D,RBMXL1,ZNF326",H3K27ac,0.56,,256125,,WTC11,bg_all
chr1:88774239-88774738,chr1,88774239,88774738,5,0,False,False,False,,"KYAT3,LRRC8B,LRRC8D,RBMXL1,ZNF326",High H3K27ac,0.52,,218465,,WTC11,bg_all
chr1:88922185-88922684,chr1,88922185,88922684,5,0,False,False,False,,"KYAT3,LRRC8B,LRRC8D,RBMXL1,ZNF326",No H3K27ac,0.65,,70519,,WTC11,bg_all
chr1:89085735-89086234,chr1,89085735,89086234,5,0,False,False,False,,"KYAT3,LRRC8B,LRRC8D,RBMXL1,ZNF326",CTCF element,0.53,,93024,,WTC11,bg_all
chr1:89100299-89100798,chr1,89100299,89100798,5,0,False,False,False,,"KYAT3,LRRC8B,LRRC8D,RBMXL1,ZNF326",H3K27ac,0.48,,107588,,WTC11,bg_all
chr1:89104615-89105114,chr1,89104615,89105114,5,0,False,False,False,,"KYAT3,LRRC8B,LRRC8D,RBMXL1,ZNF326",No H3K27ac,0.65,,111904,,WTC11,bg_all
chr1:89149220-89149719,chr1,89149220,89149719,5,0,False,False,False,,"KYAT3,LRRC8B,LRRC8D,RBMXL1,ZNF326",No H3K27ac,0.62,,156509,,WTC11,bg_all
chr1:89189927-89190426,chr1,89189927,89190426,5,0,False,False,False,,"KYAT3,LRRC8B,LRRC8D,RBMXL1,ZNF326",No H3K27ac,0.65,,197216,,WTC11,bg_all
chr1:89361645-89362144,chr1,89361645,89362144,5,0,False,False,False,,"KYAT3,LRRC8B,LRRC8D,RBMXL1,ZNF326",No H3K27ac,0.62,,162942,,WTC11,bg_all
chr1:89457002-89457501,chr1,89457002,89457501,5,0,False,False,False,,"KYAT3,LRRC8B,LRRC8D,RBMXL1,ZNF326",H3K27ac,0.42,,67585,,WTC11,bg_all
chr1:89483193-89483692,chr1,89483193,89483692,5,0,False,False,False,,"KYAT3,LRRC8B,LRRC8D,RBMXL1,ZNF326",CTCF element,0.45,,41394,,WTC11,bg_all
chr1:89550903-89551402,chr1,89550903,89551402,4,0,False,False,False,,"KYAT3,LRRC8D,RBMXL1,ZNF326",H3K27ac,0.7,,269862,,WTC11,bg_all
chr1:89633710-89634209,chr1,89633710,89634209,5,0,False,False,False,,"KYAT3,LRRC8B,LRRC8D,RBMXL1,ZNF326",H3K27me3 element,0.66,,109123,,WTC11,bg_all
chr1:89762900-89763399,chr1,89762900,89763399,5,0,False,False,False,,"KYAT3,LRRC8B,LRRC8D,RBMXL1,ZNF326",H3K27ac,0.78,,57865,,WTC11,bg_all
chr1:89794327-89794826,chr1,89794327,89794826,5,0,False,False,False,,"KYAT3,LRRC8B,LRRC8D,RBMXL1,ZNF326",No H3K27ac,0.6,,26438,,WTC11,bg_all
chr1:89804583-89805082,chr1,89804583,89805082,5,0,False,False,False,,"KYAT3,LRRC8B,LRRC8D,RBMXL1,ZNF326",CTCF element,0.62,,16182,,WTC11,bg_all
chr1:89808457-89808956,chr1,89808457,89808956,5,0,False,False,False,,"KYAT3,LRRC8B,LRRC8D,RBMXL1,ZNF326",No H3K27ac,0.74,,12308,,WTC11,bg_all
chr1:89843715-89844214,chr1,89843715,89844214,4,0,False,False,False,,"KYAT3,LRRC8B,RBMXL1,ZNF326",H3K27ac,0.73,,151146,,WTC11,bg_all
chr1:89929595-89930094,chr1,89929595,89930094,4,0,False,False,False,,"KYAT3,LRRC8B,RBMXL1,ZNF326",High H3K27ac,0.61,,65266,,WTC11,bg_all
chr1:89953145-89953644,chr1,89953145,89953644,5,0,False,False,False,,"KYAT3,LRRC8B,LRRC8D,RBMXL1,ZNF326",No H3K27ac,0.42,,41716,,WTC11,bg_all
chr1:89987145-89987644,chr1,89987145,89987644,5,0,False,False,False,,"KYAT3,LRRC8B,LRRC8D,RBMXL1,ZNF326",CTCF element,0.55,,7716,,WTC11,bg_all
chr1:90045900-90046399,chr1,90045900,90046399,5,0,False,False,False,,"KYAT3,LRRC8B,LRRC8D,RBMXL1,ZNF326",H3K27ac,0.18,,51038,,WTC11,bg_all
chr1:90132959-90133458,chr1,90132959,90133458,5,0,False,False,False,,"KYAT3,LRRC8B,LRRC8D,RBMXL1,ZNF326",H3K27ac,0.55,,138097,,WTC11,bg_all
chr1:90149068-90149567,chr1,90149068,90149567,5,0,False,False,False,,"KYAT3,LRRC8B,LRRC8D,RBMXL1,ZNF326",CTCF element,0.66,,154206,,WTC11,bg_all
chr1:90434349-90434848,chr1,90434349,90434848,6,0,False,False,False,,"KYAT3,LRRC8B,LRRC8D,PKN2,RBMXL1,ZNF326",No H3K27ac,0.62,,439486,,WTC11,bg_all
chr1:90502161-90502660,chr1,90502161,90502660,5,0,False,False,False,,"KYAT3,LRRC8B,LRRC8D,RBMXL1,ZNF326",H3K27ac,0.58,,507298,,WTC11,bg_all
chr1:90550955-90551454,chr1,90550955,90551454,5,0,False,False,False,,"KYAT3,LRRC8B,LRRC8D,RBMXL1,ZNF326",No H3K27ac,0.73,,556092,,WTC11,bg_all
chr1:90561920-90562419,chr1,90561920,90562419,5,0,False,False,False,,"KYAT3,LRRC8B,LRRC8D,RBMXL1,ZNF326",H3K27me3 element,0.72,,567057,,WTC11,bg_all
chr1:90591900-90592399,chr1,90591900,90592399,5,0,False,False,False,,"KYAT3,LRRC8B,LRRC8D,RBMXL1,ZNF326",CTCF element,0.62,,597037,,WTC11,bg_all
chr1:90616301-90616800,chr1,90616301,90616800,5,0,False,False,False,,"KYAT3,LRRC8B,LRRC8D,RBMXL1,ZNF326",CTCF element,0.54,,621438,,WTC11,bg_all
chr20:12012195-12012694,chr20,12012195,12012694,2,0,False,False,False,,"BTBD3,ESF1",CTCF element,0.27,,121721,,WTC11,bg_all
chr20:12057769-12058268,chr20,12057769,12058268,2,0,False,False,False,,"BTBD3,ESF1",H3K27ac,0.31,,167295,,WTC11,bg_all
chr20:12199629-12200128,chr20,12199629,12200128,2,0,False,False,False,,"BTBD3,ESF1",No H3K27ac,0.29,,309155,,WTC11,bg_all
chr20:12207783-12208282,chr20,12207783,12208282,2,0,False,False,False,,"BTBD3,ESF1",CTCF element,0.22,,317309,,WTC11,bg_all
chr20:12270815-12271314,chr20,12270815,12271314,2,0,False,False,False,,"BTBD3,ESF1",No H3K27ac,0.12,,380341,,WTC11,bg_all
chr20:12357958-12358457,chr20,12357958,12358457,2,0,False,False,False,,"BTBD3,ESF1",CTCF element,0.16,,467484,,WTC11,bg_all
chr20:12378324-12378823,chr20,12378324,12378823,2,0,False,False,False,,"BTBD3,ESF1",No H3K27ac,0.26,,487850,,WTC11,bg_all
chr20:12394698-12395197,chr20,12394698,12395197,2,0,False,False,False,,"BTBD3,ESF1",No H3K27ac,0.28,,504224,,WTC11,bg_all
chr20:12570285-12570784,chr20,12570285,12570784,2,0,False,False,False,,"BTBD3,ESF1",H3K27ac,0.19,,679810,,WTC11,bg_all
chr20:12660868-12661367,chr20,12660868,12661367,2,0,False,False,False,,"BTBD3,ESF1",CTCF element,0.15,,770393,,WTC11,bg_all
chr20:12695875-12696374,chr20,12695875,12696374,2,0,False,False,False,,"BTBD3,ESF1",H3K27ac,0.23,,805400,,WTC11,bg_all
chr20:12700706-12701205,chr20,12700706,12701205,2,0,False,False,False,,"BTBD3,ESF1",H3K27ac,0.23,,810231,,WTC11,bg_all
chr20:12798194-12798693,chr20,12798194,12798693,2,0,False,False,False,,"BTBD3,ESF1",H3K27ac,0.23,,907720,,WTC11,bg_all
chr20:12838218-12838717,chr20,12838218,12838717,2,0,False,False,False,,"BTBD3,ESF1",H3K27ac,0.31,,946417,,WTC11,bg_all
chr20:12925092-12925591,chr20,12925092,12925591,2,0,False,False,False,,"BTBD3,ESF1",CTCF element,0.21,,859543,,WTC11,bg_all
chr20:12935990-12936489,chr20,12935990,12936489,2,0,False,False,False,,"BTBD3,ESF1",H3K27ac,0.32,,848645,,WTC11,bg_all
chr20:13059237-13059736,chr20,13059237,13059736,2,0,False,False,False,,"BTBD3,ESF1",H3K27ac,0.19,,725398,,WTC11,bg_all
chr20:13219549-13220920,chr20,13219549,13220920,2,0,False,False,False,,"BTBD3,ESF1",H3K27me3 element,0.37,,565087,,WTC11,bg_all
chr20:13222300-13222799,chr20,13222300,13222799,2,0,False,False,False,,"BTBD3,ESF1",H3K27me3 element,0.25,,562336,,WTC11,bg_all
chr20:13262016-13262515,chr20,13262016,13262515,2,0,False,False,False,,"BTBD3,ESF1",CTCF element,0.21,,522620,,WTC11,bg_all
chr20:13274278-13274777,chr20,13274278,13274777,2,0,False,False,False,,"BTBD3,ESF1",H3K27ac,0.24,,510358,,WTC11,bg_all
chr20:13302577-13303076,chr20,13302577,13303076,2,0,False,False,False,,"BTBD3,ESF1",CTCF element,0.17,,482059,,WTC11,bg_all
chr20:13458806-13459305,chr20,13458806,13459305,2,0,False,False,False,,"BTBD3,ESF1",H3K27ac,0.3,,325830,,WTC11,bg_all
chr20:13491818-13492317,chr20,13491818,13492317,2,0,False,False,False,,"BTBD3,ESF1",H3K27ac,0.2,,292818,,WTC11,bg_all
chr20:13610153-13610652,chr20,13610153,13610652,2,0,False,False,False,,"BTBD3,ESF1",CTCF element,0.28,,174483,,WTC11,bg_all
chr20:13649476-13649975,chr20,13649476,13649975,2,0,False,False,False,,"BTBD3,ESF1",H3K27ac,0.26,,135160,,WTC11,bg_all
chr20:13670135-13670634,chr20,13670135,13670634,2,0,False,False,False,,"BTBD3,ESF1",No H3K27ac,0.07,,114501,,WTC11,bg_all
chr20:13703210-13703709,chr20,13703210,13703709,2,0,False,False,False,,"BTBD3,ESF1",No H3K27ac,0.08,,81426,,WTC11,bg_all
chr20:13788121-13788620,chr20,13788121,13788620,2,0,False,False,False,,"BTBD3,ESF1",CTCF element,0.23,,3484,,WTC11,bg_all
chr20:13822393-13822892,chr20,13822393,13822892,2,0,False,False,False,,"BTBD3,ESF1",No H3K27ac,0.23,,37756,,WTC11,bg_all
chr20:13870297-13870796,chr20,13870297,13870796,2,0,False,False,False,,"BTBD3,ESF1",No H3K27ac,0.2,,85660,,WTC11,bg_all
chr20:13873771-13874270,chr20,13873771,13874270,2,0,False,False,False,,"BTBD3,ESF1",High H3K27ac,0.2,,89134,,WTC11,bg_all
chr20:49957676-49958175,chr20,49957676,49958175,6,0,False,False,False,,"ADNP,CEBPB,DPM1,RNF114,SALL4,UBE2V1",No H3K27ac,0.92,,21589,,WTC11,bg_all
chr20:49989371-49989870,chr20,49989371,49989870,6,0,False,False,False,,"ADNP,CEBPB,DPM1,RNF114,SALL4,UBE2V1",H3K27ac,0.99,,53284,,WTC11,bg_all
chr20:50009710-50010580,chr20,50009710,50010580,12,0,False,False,False,,"ADNP,CEBPB,DPM1,RNF114,SALL4,UBE2V1",H3K27me3 element,0.99,,73623,,WTC11,bg_all
chr20:50071204-50071703,chr20,50071204,50071703,6,0,False,False,False,,"ADNP,CEBPB,DPM1,RNF114,SALL4,UBE2V1",CTCF element,0.99,,44506,,WTC11,bg_all
chr20:50075566-50076065,chr20,50075566,50076065,6,0,False,False,False,,"ADNP,CEBPB,DPM1,RNF114,SALL4,UBE2V1",H3K27ac,0.97,,40144,,WTC11,bg_all
chr20:50138532-50139031,chr20,50138532,50139031,6,0,False,False,False,,"ADNP,CEBPB,DPM1,RNF114,SALL4,UBE2V1",H3K27ac,0.98,,22822,,WTC11,bg_all
chr20:50166020-50166519,chr20,50166020,50166519,6,0,False,False,False,,"ADNP,CEBPB,DPM1,RNF114,SALL4,UBE2V1",High H3K27ac,0.99,,24561,,WTC11,bg_all
chr20:50179151-50179650,chr20,50179151,50179650,6,0,False,False,False,,"ADNP,CEBPB,DPM1,RNF114,SALL4,UBE2V1",H3K27ac,0.99,,11430,,WTC11,bg_all
chr20:50186163-50186662,chr20,50186163,50186662,6,0,False,False,False,,"ADNP,CEBPB,DPM1,RNF114,SALL4,UBE2V1",CTCF element,0.99,,4418,,WTC11,bg_all
chr20:50198304-50198803,chr20,50198304,50198803,6,0,False,False,False,,"ADNP,CEBPB,DPM1,RNF114,SALL4,UBE2V1",No H3K27ac,0.99,,7723,,WTC11,bg_all
chr20:50344339-50344838,chr20,50344339,50344838,6,0,False,False,False,,"ADNP,CEBPB,DPM1,RNF114,SALL4,UBE2V1",CTCF element,1.0,,153758,,WTC11,bg_all
chr20:50445660-50446159,chr20,50445660,50446159,6,0,False,False,False,,"ADNP,CEBPB,DPM1,RNF114,SALL4,UBE2V1",No H3K27ac,0.97,,255079,,WTC11,bg_all
chr20:50460691-50461190,chr20,50460691,50461190,6,0,False,False,False,,"ADNP,CEBPB,DPM1,RNF114,SALL4,UBE2V1",H3K27ac,0.98,,270110,,WTC11,bg_all
chr20:50478170-50478669,chr20,50478170,50478669,6,0,False,False,False,,"ADNP,CEBPB,DPM1,RNF114,SALL4,UBE2V1",CTCF element,0.96,,287589,,WTC11,bg_all
chr20:50625999-50626498,chr20,50625999,50626498,6,0,False,False,False,,"ADNP,CEBPB,DPM1,RNF114,SALL4,UBE2V1",H3K27ac,0.99,,305189,,WTC11,bg_all
chr20:50818311-50818810,chr20,50818311,50818810,6,0,False,False,False,,"ADNP,CEBPB,DPM1,RNF114,SALL4,UBE2V1",High H3K27ac,0.99,,112877,,WTC11,bg_all
chr20:50820805-50821304,chr20,50820805,50821304,6,0,False,False,False,,"ADNP,CEBPB,DPM1,RNF114,SALL4,UBE2V1",No H3K27ac,1.0,,110383,,WTC11,bg_all
chr20:50850774-50851328,chr20,50850774,50851328,6,0,False,False,False,,"ADNP,CEBPB,DPM1,RNF114,SALL4,UBE2V1",H3K27ac,1.0,,80387,,WTC11,bg_all
chr20:50870750-50871249,chr20,50870750,50871249,6,0,False,False,False,,"ADNP,CEBPB,DPM1,RNF114,SALL4,UBE2V1",High H3K27ac,0.98,,60438,,WTC11,bg_all
chr20:50981385-50981884,chr20,50981385,50981884,6,0,False,False,False,,"ADNP,CEBPB,DPM1,RNF114,SALL4,UBE2V1",CTCF element,0.99,,23079,,WTC11,bg_all
chr20:50987645-50988144,chr20,50987645,50988144,6,0,False,False,False,,"ADNP,CEBPB,DPM1,RNF114,SALL4,UBE2V1",H3K27ac,0.96,,29339,,WTC11,bg_all
chr20:50992323-50992822,chr20,50992323,50992822,6,0,False,False,False,,"ADNP,CEBPB,DPM1,RNF114,SALL4,UBE2V1",High H3K27ac,0.96,,34017,,WTC11,bg_all
chr20:50992928-50993427,chr20,50992928,50993427,6,0,False,False,False,,"ADNP,CEBPB,DPM1,RNF114,SALL4,UBE2V1",High H3K27ac,0.98,,34622,,WTC11,bg_all
chr20:51015050-51015549,chr20,51015050,51015549,6,0,False,False,False,,"ADNP,CEBPB,DPM1,RNF114,SALL4,UBE2V1",H3K27ac,0.99,,56744,,WTC11,bg_all
chr20:51318156-51318655,chr20,51318156,51318655,6,0,False,False,False,,"ADNP,CEBPB,DPM1,RNF114,SALL4,UBE2V1",H3K27ac,0.99,,359850,,WTC11,bg_all
chr20:51372211-51372710,chr20,51372211,51372710,6,0,False,False,False,,"ADNP,CEBPB,DPM1,RNF114,SALL4,UBE2V1",H3K27ac,0.99,,413905,,WTC11,bg_all
chr20:51639168-51639667,chr20,51639168,51639667,6,0,False,False,False,,"ADNP,CEBPB,DPM1,RNF114,SALL4,UBE2V1",CTCF element,0.97,,163104,,WTC11,bg_all
chr20:51700683-51701182,chr20,51700683,51701182,6,0,False,False,False,,"ADNP,CEBPB,DPM1,RNF114,SALL4,UBE2V1",H3K27ac,0.93,,101589,,WTC11,bg_all
chr20:51712461-51712960,chr20,51712461,51712960,6,0,False,False,False,,"ADNP,CEBPB,DPM1,RNF114,SALL4,UBE2V1",H3K27ac,1.0,,89811,,WTC11,bg_all
chr20:51767009-51767873,chr20,51767009,51767873,12,0,False,False,False,,"ADNP,CEBPB,DPM1,RNF114,SALL4,UBE2V1",H3K27ac,1.0,,34898,,WTC11,bg_all
chr20:51800075-51800574,chr20,51800075,51800574,5,0,False,False,False,,"ADNP,CEBPB,DPM1,RNF114,UBE2V1",High H3K27ac,0.98,,841771,,WTC11,bg_all
chr2:216107752-216108251,chr2,216107752,216108251,2,0,False,False,False,,"IGFBP2,RPL37A",High H3K27ac,0.96,,390824,,WTC11,bg_all
chr2:216283475-216283974,chr2,216283475,216283974,3,0,False,False,False,,"IGFBP2,RPL37A,XRCC5",H3K27ac,1.0,,176260,,WTC11,bg_all
chr2:216306862-216307361,chr2,216306862,216307361,3,0,False,False,False,,"IGFBP2,RPL37A,XRCC5",H3K27ac,0.99,,191714,,WTC11,bg_all
chr2:216519103-216519602,chr2,216519103,216519602,2,0,False,False,False,,"IGFBP2,XRCC5",CTCF element,0.99,,113476,,WTC11,bg_all
chr2:216635826-216636325,chr2,216635826,216636325,2,0,False,False,False,,"RPL37A,XRCC5",H3K27ac,1.0,,137250,,WTC11,bg_all
chr2:216636562-216637061,chr2,216636562,216637061,2,0,False,False,False,,"RPL37A,XRCC5",H3K27ac,0.99,,137986,,WTC11,bg_all
chr2:216665129-216666125,chr2,216665129,216666125,6,0,False,False,False,,"IGFBP2,RPL37A,XRCC5",H3K27ac,1.0,,32550,,WTC11,bg_all
chr2:216682396-216682895,chr2,216682396,216682895,3,0,False,False,False,,"IGFBP2,RPL37A,XRCC5",CTCF element,0.99,,49817,,WTC11,bg_all
chr2:216777616-216778115,chr2,216777616,216778115,3,0,False,False,False,,"IGFBP2,RPL37A,XRCC5",H3K27ac,0.97,,145037,,WTC11,bg_all
chr2:216985632-216986208,chr2,216985632,216986208,3,0,False,False,False,,"IGFBP2,RPL37A,XRCC5",H3K27ac,1.0,,353091,,WTC11,bg_all
chr2:217043892-217044391,chr2,217043892,217044391,3,0,False,False,False,,"IGFBP2,RPL37A,XRCC5",No H3K27ac,0.96,,411313,,WTC11,bg_all
chr2:217142601-217143100,chr2,217142601,217143100,3,0,False,False,False,,"IGFBP2,RPL37A,XRCC5",CTCF element,0.94,,510022,,WTC11,bg_all
chr2:217510697-217511196,chr2,217510697,217511196,3,0,False,False,False,,"IGFBP2,RPL37A,XRCC5",CTCF element,0.98,,878118,,WTC11,bg_all
chr2:217622097-217622596,chr2,217622097,217622596,3,0,False,False,False,,"IGFBP2,RPL37A,XRCC5",H3K27ac,0.99,,989518,,WTC11,bg_all
chr2:217713424-217713923,chr2,217713424,217713923,3,0,False,False,False,,"IGFBP2,RPL37A,XRCC5",CTCF element,0.98,,1080845,,WTC11,bg_all
chr2:217785387-217785886,chr2,217785387,217785886,3,0,False,False,False,,"IGFBP2,RPL37A,XRCC5",CTCF element,0.99,,1152808,,WTC11,bg_all
chr2:217789127-217789626,chr2,217789127,217789626,3,0,False,False,False,,"IGFBP2,RPL37A,XRCC5",CTCF element,0.99,,1156548,,WTC11,bg_all
chr2:217799862-217800361,chr2,217799862,217800361,3,0,False,False,False,,"IGFBP2,RPL37A,XRCC5",H3K27ac,0.96,,1167283,,WTC11,bg_all
chr2:217800427-217800926,chr2,217800427,217800926,3,0,False,False,False,,"IGFBP2,RPL37A,XRCC5",No H3K27ac,1.0,,1167848,,WTC11,bg_all
chr2:217801099-217801598,chr2,217801099,217801598,3,0,False,False,False,,"IGFBP2,RPL37A,XRCC5",H3K27ac,0.98,,1168520,,WTC11,bg_all
chr2:217801646-217802145,chr2,217801646,217802145,3,0,False,False,False,,"IGFBP2,RPL37A,XRCC5",No H3K27ac,0.98,,1169067,,WTC11,bg_all
chr2:217837133-217837632,chr2,217837133,217837632,3,0,False,False,False,,"IGFBP2,RPL37A,XRCC5",No H3K27ac,0.97,,1204554,,WTC11,bg_all
chr2:217918167-217918666,chr2,217918167,217918666,3,0,False,False,False,,"IGFBP2,RPL37A,XRCC5",No H3K27ac,0.98,,1285588,,WTC11,bg_all
chr2:217947858-217948357,chr2,217947858,217948357,3,0,False,False,False,,"IGFBP2,RPL37A,XRCC5",No H3K27ac,0.99,,1315279,,WTC11,bg_all
chr2:217993795-217994294,chr2,217993795,217994294,3,0,False,False,False,,"IGFBP2,RPL37A,XRCC5",CTCF element,0.99,,1361216,,WTC11,bg_all
chr2:218021681-218022500,chr2,218021681,218022500,6,0,False,False,False,,"IGFBP2,RPL37A,XRCC5",No H3K27ac,0.99,,1389102,,WTC11,bg_all
chr2:218025354-218025853,chr2,218025354,218025853,3,0,False,False,False,,"IGFBP2,RPL37A,XRCC5",H3K27ac,1.0,,1392775,,WTC11,bg_all
chr2:218073874-218074373,chr2,218073874,218074373,3,0,False,False,False,,"IGFBP2,RPL37A,XRCC5",CTCF element,0.98,,1441295,,WTC11,bg_all
chr2:68361973-68362472,chr2,68361973,68362472,6,0,False,False,False,,"FAM136A,GMCL1,PCBP1,SNRNP27,SNRPG,TIA1",CTCF element,0.99,,1467438,,WTC11,bg_all
chr2:68418667-68419166,chr2,68418667,68419166,6,0,False,False,False,,"FAM136A,GMCL1,PCBP1,SNRNP27,SNRPG,TIA1",No H3K27ac,0.98,,1410744,,WTC11,bg_all
chr2:68722724-68723223,chr2,68722724,68723223,6,0,False,False,False,,"FAM136A,GMCL1,PCBP1,SNRNP27,SNRPG,TIA1",No H3K27ac,0.99,,1106687,,WTC11,bg_all
chr2:68751666-68752165,chr2,68751666,68752165,6,0,False,False,False,,"FAM136A,GMCL1,PCBP1,SNRNP27,SNRPG,TIA1",H3K27ac,1.0,,1077745,,WTC11,bg_all
chr2:68837203-68837702,chr2,68837203,68837702,6,0,False,False,False,,"FAM136A,GMCL1,PCBP1,SNRNP27,SNRPG,TIA1",No H3K27ac,0.99,,992208,,WTC11,bg_all
chr2:68908418-68908917,chr2,68908418,68908917,6,0,False,False,False,,"FAM136A,GMCL1,PCBP1,SNRNP27,SNRPG,TIA1",H3K27ac,0.98,,920993,,WTC11,bg_all
chr2:68909744-68910243,chr2,68909744,68910243,6,0,False,False,False,,"FAM136A,GMCL1,PCBP1,SNRNP27,SNRPG,TIA1",H3K27ac,1.0,,919667,,WTC11,bg_all
chr2:68943412-68944232,chr2,68943412,68944232,12,0,False,False,False,,"FAM136A,GMCL1,PCBP1,SNRNP27,SNRPG,TIA1",CTCF element,1.0,,885678,,WTC11,bg_all
chr2:69149809-69150308,chr2,69149809,69150308,6,0,False,False,False,,"FAM136A,GMCL1,PCBP1,SNRNP27,SNRPG,TIA1",H3K27ac,0.99,,679602,,WTC11,bg_all
chr2:69306275-69306774,chr2,69306275,69306774,6,0,False,False,False,,"FAM136A,GMCL1,PCBP1,SNRNP27,SNRPG,TIA1",H3K27me3 element,0.99,,523136,,WTC11,bg_all
chr2:69306853-69307819,chr2,69306853,69307819,12,0,False,False,False,,"FAM136A,GMCL1,PCBP1,SNRNP27,SNRPG,TIA1",CTCF element,1.0,,522091,,WTC11,bg_all
chr2:69514294-69514793,chr2,69514294,69514793,6,0,False,False,False,,"FAM136A,GMCL1,PCBP1,SNRNP27,SNRPG,TIA1",H3K27ac,0.99,,315117,,WTC11,bg_all
chr2:69518862-69519361,chr2,69518862,69519361,6,0,False,False,False,,"FAM136A,GMCL1,PCBP1,SNRNP27,SNRPG,TIA1",H3K27ac,0.99,,310549,,WTC11,bg_all
chr2:69565266-69565765,chr2,69565266,69565765,6,0,False,False,False,,"FAM136A,GMCL1,PCBP1,SNRNP27,SNRPG,TIA1",CTCF element,0.98,,264145,,WTC11,bg_all
chr2:69714590-69715089,chr2,69714590,69715089,6,0,False,False,False,,"FAM136A,GMCL1,PCBP1,SNRNP27,SNRPG,TIA1",H3K27ac,1.0,,114821,,WTC11,bg_all
chr2:69999669-70000168,chr2,69999669,70000168,6,0,False,False,False,,"FAM136A,GMCL1,PCBP1,SNRNP27,SNRPG,TIA1",H3K27ac,1.0,,87559,,WTC11,bg_all
chr2:70006093-70006592,chr2,70006093,70006592,6,0,False,False,False,,"FAM136A,GMCL1,PCBP1,SNRNP27,SNRPG,TIA1",H3K27ac,0.97,,81135,,WTC11,bg_all
chr2:70029962-70030461,chr2,70029962,70030461,6,0,False,False,False,,"FAM136A,GMCL1,PCBP1,SNRNP27,SNRPG,TIA1",H3K27ac,0.98,,57266,,WTC11,bg_all
chr2:70118687-70119186,chr2,70118687,70119186,6,0,False,False,False,,"FAM136A,GMCL1,PCBP1,SNRNP27,SNRPG,TIA1",High H3K27ac,0.97,,31459,,WTC11,bg_all
chr2:70123199-70123698,chr2,70123199,70123698,6,0,False,False,False,,"FAM136A,GMCL1,PCBP1,SNRNP27,SNRPG,TIA1",High H3K27ac,1.0,,35971,,WTC11,bg_all
chr2:70242474-70242973,chr2,70242474,70242973,5,0,False,False,False,,"FAM136A,GMCL1,PCBP1,SNRNP27,SNRPG",H3K27ac,0.97,,51017,,WTC11,bg_all
chr2:74474862-74475361,chr2,74474862,74475361,8,0,False,False,False,,"AUP1,GCFC2,HTRA2,MOGS,MRPL19,RTKN,WBP1,WDR54",CTCF element,0.95,,9701,,WTC11,bg_all
chr2:74498776-74499275,chr2,74498776,74499275,8,0,False,False,False,,"AUP1,GCFC2,HTRA2,MOGS,MRPL19,RTKN,WBP1,WDR54",H3K27me3 element,0.98,,30352,,WTC11,bg_all
chr2:74515415-74515914,chr2,74515415,74515914,8,0,False,False,False,,"AUP1,GCFC2,HTRA2,MOGS,MRPL19,RTKN,WBP1,WDR54",H3K27me3 element,0.99,,13713,,WTC11,bg_all
chr2:74516216-74516715,chr2,74516216,74516715,8,0,False,False,False,,"AUP1,GCFC2,HTRA2,MOGS,MRPL19,RTKN,WBP1,WDR54",H3K27me3 element,0.96,,12912,,WTC11,bg_all
chr2:74675040-74675539,chr2,74675040,74675539,8,0,False,False,False,,"AUP1,GCFC2,HTRA2,MOGS,MRPL19,RTKN,WBP1,WDR54",No H3K27ac,0.95,,145529,,WTC11,bg_all
chr2:74714936-74715875,chr2,74714936,74715875,16,0,False,False,False,,"AUP1,GCFC2,HTRA2,MOGS,MRPL19,RTKN,WBP1,WDR54",CTCF element,0.99,,185425,,WTC11,bg_all
chr2:74836948-74837447,chr2,74836948,74837447,8,0,False,False,False,,"AUP1,GCFC2,HTRA2,MOGS,MRPL19,RTKN,WBP1,WDR54",High H3K27ac,0.89,,307437,,WTC11,bg_all
chr2:74845300-74845799,chr2,74845300,74845799,8,0,False,False,False,,"AUP1,GCFC2,HTRA2,MOGS,MRPL19,RTKN,WBP1,WDR54",H3K27ac,0.98,,315789,,WTC11,bg_all
chr2:74865399-74865898,chr2,74865399,74865898,8,0,False,False,False,,"AUP1,GCFC2,HTRA2,MOGS,MRPL19,RTKN,WBP1,WDR54",H3K27ac,0.99,,335888,,WTC11,bg_all
chr2:74919679-74920178,chr2,74919679,74920178,8,0,False,False,False,,"AUP1,GCFC2,HTRA2,MOGS,MRPL19,RTKN,WBP1,WDR54",CTCF element,0.99,,390168,,WTC11,bg_all
chr2:74947726-74948225,chr2,74947726,74948225,8,0,False,False,False,,"AUP1,GCFC2,HTRA2,MOGS,MRPL19,RTKN,WBP1,WDR54",No H3K27ac,0.96,,418215,,WTC11,bg_all
chr2:75053452-75053951,chr2,75053452,75053951,8,0,False,False,False,,"AUP1,GCFC2,HTRA2,MOGS,MRPL19,RTKN,WBP1,WDR54",H3K27ac,0.95,,523941,,WTC11,bg_all
chr2:75056162-75056661,chr2,75056162,75056661,8,0,False,False,False,,"AUP1,GCFC2,HTRA2,MOGS,MRPL19,RTKN,WBP1,WDR54",High H3K27ac,0.96,,526651,,WTC11,bg_all
chr2:75098748-75099247,chr2,75098748,75099247,8,0,False,False,False,,"AUP1,GCFC2,HTRA2,MOGS,MRPL19,RTKN,WBP1,WDR54",CTCF element,0.93,,547785,,WTC11,bg_all
chr2:75200101-75200992,chr2,75200101,75200992,8,0,False,False,False,,"AUP1,GCFC2,HTRA2,MOGS,MRPL19,RTKN,WBP1,WDR54",H3K27me3 element,0.99,,446041,,WTC11,bg_all
chr2:75208734-75209233,chr2,75208734,75209233,8,0,False,False,False,,"AUP1,GCFC2,HTRA2,MOGS,MRPL19,RTKN,WBP1,WDR54",H3K27ac,0.98,,437800,,WTC11,bg_all
chr2:75374271-75374770,chr2,75374271,75374770,8,0,False,False,False,,"AUP1,GCFC2,HTRA2,MOGS,MRPL19,RTKN,WBP1,WDR54",H3K27me3 element,0.75,,272263,,WTC11,bg_all
chr2:75380960-75381459,chr2,75380960,75381459,8,0,False,False,False,,"AUP1,GCFC2,HTRA2,MOGS,MRPL19,RTKN,WBP1,WDR54",No H3K27ac,0.97,,265574,,WTC11,bg_all
chr2:75493174-75493673,chr2,75493174,75493673,8,0,False,False,False,,"AUP1,GCFC2,HTRA2,MOGS,MRPL19,RTKN,WBP1,WDR54",No H3K27ac,0.95,,153360,,WTC11,bg_all
chr2:75528112-75528611,chr2,75528112,75528611,8,0,False,False,False,,"AUP1,GCFC2,HTRA2,MOGS,MRPL19,RTKN,WBP1,WDR54",H3K27ac,0.97,,118422,,WTC11,bg_all
chr2:75559932-75560431,chr2,75559932,75560431,8,0,False,False,False,,"AUP1,GCFC2,HTRA2,MOGS,MRPL19,RTKN,WBP1,WDR54",H3K27ac,0.94,,86602,,WTC11,bg_all
chr2:75609018-75609517,chr2,75609018,75609517,8,0,False,False,False,,"AUP1,GCFC2,HTRA2,MOGS,MRPL19,RTKN,WBP1,WDR54",CTCF element,0.97,,37516,,WTC11,bg_all
chr2:75627836-75628335,chr2,75627836,75628335,8,0,False,False,False,,"AUP1,GCFC2,HTRA2,MOGS,MRPL19,RTKN,WBP1,WDR54",CTCF element,0.93,,18698,,WTC11,bg_all
chr2:75640467-75640966,chr2,75640467,75640966,8,0,False,False,False,,"AUP1,GCFC2,HTRA2,MOGS,MRPL19,RTKN,WBP1,WDR54",CTCF element,0.92,,6067,,WTC11,bg_all
chr2:75677245-75677744,chr2,75677245,75677744,6,0,False,False,False,,"AUP1,HTRA2,MOGS,RTKN,WBP1,WDR54",CTCF element,0.99,,1147733,,WTC11,bg_all
chr2:75772875-75773374,chr2,75772875,75773374,8,0,False,False,False,,"AUP1,GCFC2,HTRA2,MOGS,MRPL19,RTKN,WBP1,WDR54",H3K27ac,0.84,,62139,,WTC11,bg_all
chr2:75896714-75897213,chr2,75896714,75897213,8,0,False,False,False,,"AUP1,GCFC2,HTRA2,MOGS,MRPL19,RTKN,WBP1,WDR54",CTCF element,0.97,,185978,,WTC11,bg_all
chr2:76197792-76198291,chr2,76197792,76198291,8,0,False,False,False,,"AUP1,GCFC2,HTRA2,MOGS,MRPL19,RTKN,WBP1,WDR54",H3K27ac,0.91,,487056,,WTC11,bg_all
chr2:76406098-76406597,chr2,76406098,76406597,8,0,False,False,False,,"AUP1,GCFC2,HTRA2,MOGS,MRPL19,RTKN,WBP1,WDR54",No H3K27ac,0.98,,695362,,WTC11,bg_all
chr5:71447148-71447647,chr5,71447148,71447647,4,0,False,False,False,,"MAP1B,MRPS27,SMN1,TNPO1",CTCF element,0.68,,522367,,WTC11,bg_all
chr5:71601110-71601609,chr5,71601110,71601609,4,0,False,False,False,,"MAP1B,MRPS27,SMN1,TNPO1",CTCF element,0.9,,505875,,WTC11,bg_all
chr5:71693929-71694428,chr5,71693929,71694428,5,0,False,False,False,,"MAP1B,MRPS27,SERF1A,SMN1,TNPO1",High H3K27ac,0.99,,413056,,WTC11,bg_all
chr5:71697864-71698363,chr5,71697864,71698363,5,0,False,False,False,,"MAP1B,MRPS27,SERF1A,SMN1,TNPO1",CTCF element,0.99,,409121,,WTC11,bg_all
chr5:71703865-71704364,chr5,71703865,71704364,4,0,False,False,False,,"MAP1B,MRPS27,SMN1,TNPO1",H3K27ac,0.99,,403120,,WTC11,bg_all
chr5:71757862-71758361,chr5,71757862,71758361,5,0,False,False,False,,"MAP1B,MRPS27,SERF1A,SMN1,TNPO1",No H3K27ac,0.99,,349123,,WTC11,bg_all
chr5:71782860-71783359,chr5,71782860,71783359,4,0,False,False,False,,"MAP1B,MRPS27,SMN1,TNPO1",H3K27ac,0.97,,324125,,WTC11,bg_all
chr5:71892519-71893018,chr5,71892519,71893018,4,0,False,False,False,,"MAP1B,MRPS27,SMN1,TNPO1",No H3K27ac,0.95,,214466,,WTC11,bg_all
chr5:71933011-71933510,chr5,71933011,71933510,4,0,False,False,False,,"MAP1B,MRPS27,SMN1,TNPO1",No H3K27ac,0.96,,173974,,WTC11,bg_all
chr5:71938761-71939260,chr5,71938761,71939260,4,0,False,False,False,,"MAP1B,MRPS27,SMN1,TNPO1",H3K27ac,0.97,,168224,,WTC11,bg_all
chr5:71956441-71956940,chr5,71956441,71956940,5,0,False,False,False,,"MAP1B,MRPS27,SERF1A,SMN1,TNPO1",No H3K27ac,0.95,,150544,,WTC11,bg_all
chr5:72018113-72018612,chr5,72018113,72018612,4,0,False,False,False,,"MAP1B,MRPS27,SMN1,TNPO1",CTCF element,0.91,,88872,,WTC11,bg_all
chr5:72063173-72063672,chr5,72063173,72063672,5,0,False,False,False,,"MAP1B,MRPS27,SERF1A,SMN1,TNPO1",No H3K27ac,0.97,,43812,,WTC11,bg_all
chr5:72064659-72065632,chr5,72064659,72065632,9,0,False,False,False,,"MAP1B,MRPS27,SERF1A,SMN1,TNPO1",H3K27ac,0.97,,41852,,WTC11,bg_all
chr5:72065855-72066354,chr5,72065855,72066354,5,0,False,False,False,,"MAP1B,MRPS27,SERF1A,SMN1,TNPO1",High H3K27ac,0.98,,41130,,WTC11,bg_all
chr5:72070493-72070992,chr5,72070493,72070992,4,0,False,False,False,,"MAP1B,MRPS27,SMN1,TNPO1",H3K27ac,0.91,,36492,,WTC11,bg_all
chr5:72079276-72079775,chr5,72079276,72079775,5,0,False,False,False,,"MAP1B,MRPS27,SERF1A,SMN1,TNPO1",No H3K27ac,0.97,,27709,,WTC11,bg_all
chr5:72107727-72108543,chr5,72107727,72108543,8,0,False,False,False,,"MRPS27,SERF1A,SMN1,TNPO1",H3K27ac,0.96,,212353,,WTC11,bg_all
chr5:72108698-72109197,chr5,72108698,72109197,3,0,False,False,False,,"MRPS27,SMN1,TNPO1",H3K27ac,0.99,,211699,,WTC11,bg_all
chr5:72125933-72126432,chr5,72125933,72126432,3,0,False,False,False,,"MRPS27,SMN1,TNPO1",H3K27ac,0.96,,194464,,WTC11,bg_all
chr5:72238632-72239131,chr5,72238632,72239131,3,0,False,False,False,,"MAP1B,SMN1,TNPO1",High H3K27ac,0.89,,131647,,WTC11,bg_all
chr5:72269096-72269595,chr5,72269096,72269595,3,0,False,False,False,,"MAP1B,SMN1,TNPO1",H3K27ac,0.96,,162111,,WTC11,bg_all
chr5:72302052-72302551,chr5,72302052,72302551,3,0,False,False,False,,"MAP1B,SMN1,TNPO1",High H3K27ac,0.83,,195067,,WTC11,bg_all
chr5:72307793-72308754,chr5,72307793,72308754,7,0,False,False,False,,"MAP1B,SERF1A,SMN1,TNPO1",High H3K27ac,0.93,,200808,,WTC11,bg_all
chr5:72355665-72356164,chr5,72355665,72356164,5,0,False,False,False,,"MAP1B,MRPS27,SERF1A,SMN1,TNPO1",No H3K27ac,0.92,,35268,,WTC11,bg_all
chr5:72366312-72366811,chr5,72366312,72366811,5,0,False,False,False,,"MAP1B,MRPS27,SERF1A,SMN1,TNPO1",CTCF element,0.95,,45915,,WTC11,bg_all
chr5:72403154-72403653,chr5,72403154,72403653,5,0,False,False,False,,"MAP1B,MRPS27,SERF1A,SMN1,TNPO1",CTCF element,0.96,,82757,,WTC11,bg_all
chr5:72417327-72418266,chr5,72417327,72418266,9,0,False,False,False,,"MAP1B,MRPS27,SERF1A,SMN1,TNPO1",No H3K27ac,0.99,,96930,,WTC11,bg_all
chr5:72611057-72611556,chr5,72611057,72611556,4,0,False,False,False,,"MAP1B,MRPS27,SMN1,TNPO1",H3K27ac,0.94,,205006,,WTC11,bg_all
chr5:72619222-72619721,chr5,72619222,72619721,4,0,False,False,False,,"MAP1B,MRPS27,SMN1,TNPO1",No H3K27ac,0.97,,196841,,WTC11,bg_all
chr5:72749335-72749834,chr5,72749335,72749834,5,0,False,False,False,,"MAP1B,MRPS27,SERF1A,SMN1,TNPO1",No H3K27ac,0.97,,66728,,WTC11,bg_all
chr5:72767545-72768044,chr5,72767545,72768044,5,0,False,False,False,,"MAP1B,MRPS27,SERF1A,SMN1,TNPO1",No H3K27ac,0.98,,48518,,WTC11,bg_all
chr5:72848370-72848869,chr5,72848370,72848869,3,0,False,False,False,,"MAP1B,MRPS27,SMN1",H3K27ac,1.0,,527973,,WTC11,bg_all
chr6:22737326-22737825,chr6,22737326,22737825,3,0,False,False,False,,"C6orf62,MRS2,TDP2",H3K27ac,0.68,,1665332,,WTC11,bg_all
chr6:22828394-22828893,chr6,22828394,22828893,3,0,False,False,False,,"C6orf62,MRS2,TDP2",H3K27ac,0.77,,1574264,,WTC11,bg_all
chr6:23002185-23002684,chr6,23002185,23002684,3,0,False,False,False,,"C6orf62,MRS2,TDP2",H3K27ac,0.73,,1400473,,WTC11,bg_all
chr6:23176887-23177386,chr6,23176887,23177386,3,0,False,False,False,,"C6orf62,MRS2,TDP2",H3K27ac,0.66,,1225772,,WTC11,bg_all
chr6:23478280-23478779,chr6,23478280,23478779,3,0,False,False,False,,"C6orf62,MRS2,TDP2",No H3K27ac,0.2,,924379,,WTC11,bg_all
chr6:23518237-23518736,chr6,23518237,23518736,3,0,False,False,False,,"C6orf62,MRS2,TDP2",No H3K27ac,0.79,,884422,,WTC11,bg_all
chr6:23591757-23592256,chr6,23591757,23592256,3,0,False,False,False,,"C6orf62,MRS2,TDP2",No H3K27ac,0.78,,810902,,WTC11,bg_all
chr6:23659108-23659607,chr6,23659108,23659607,3,0,False,False,False,,"C6orf62,MRS2,TDP2",CTCF element,0.76,,743551,,WTC11,bg_all
chr6:24054321-24054820,chr6,24054321,24054820,3,0,False,False,False,,"C6orf62,MRS2,TDP2",No H3K27ac,0.74,,348338,,WTC11,bg_all
chr6:24064050-24064549,chr6,24064050,24064549,3,0,False,False,False,,"C6orf62,MRS2,TDP2",CTCF element,0.68,,338609,,WTC11,bg_all
chr6:24126720-24127219,chr6,24126720,24127219,3,0,False,False,False,,"C6orf62,MRS2,TDP2",No H3K27ac,0.77,,275939,,WTC11,bg_all
chr6:24251332-24251831,chr6,24251332,24251831,3,0,False,False,False,,"C6orf62,MRS2,TDP2",High H3K27ac,0.68,,151327,,WTC11,bg_all
chr6:24283149-24283648,chr6,24283149,24283648,3,0,False,False,False,,"C6orf62,MRS2,TDP2",No H3K27ac,0.83,,119510,,WTC11,bg_all
chr6:24313376-24313875,chr6,24313376,24313875,3,0,False,False,False,,"C6orf62,MRS2,TDP2",H3K27ac,0.8,,89283,,WTC11,bg_all
chr6:24359616-24360115,chr6,24359616,24360115,3,0,False,False,False,,"C6orf62,MRS2,TDP2",CTCF element,0.87,,43043,,WTC11,bg_all
chr6:24389201-24389700,chr6,24389201,24389700,3,0,False,False,False,,"C6orf62,MRS2,TDP2",No H3K27ac,0.68,,13458,,WTC11,bg_all
chr6:24445679-24446178,chr6,24445679,24446178,3,0,False,False,False,,"C6orf62,MRS2,TDP2",No H3K27ac,0.67,,43020,,WTC11,bg_all
chr6:24492440-24492939,chr6,24492440,24492939,3,0,False,False,False,,"C6orf62,MRS2,TDP2",No H3K27ac,0.68,,89781,,WTC11,bg_all
chr6:24520894-24521393,chr6,24520894,24521393,3,0,False,False,False,,"C6orf62,MRS2,TDP2",No H3K27ac,0.71,,118235,,WTC11,bg_all
chr6:24524743-24525242,chr6,24524743,24525242,3,0,False,False,False,,"C6orf62,MRS2,TDP2",No H3K27ac,0.71,,122084,,WTC11,bg_all
chr6:24547199-24547698,chr6,24547199,24547698,3,0,False,False,False,,"C6orf62,MRS2,TDP2",No H3K27ac,0.7,,119482,,WTC11,bg_all
chr6:24581018-24581517,chr6,24581018,24581517,3,0,False,False,False,,"C6orf62,MRS2,TDP2",CTCF element,0.82,,85663,,WTC11,bg_all
chr6:24600834-24601333,chr6,24600834,24601333,3,0,False,False,False,,"C6orf62,MRS2,TDP2",H3K27ac,0.77,,65847,,WTC11,bg_all
chr6:24720641-24721531,chr6,24720641,24721531,3,0,False,False,False,,"C6orf62,MRS2,TDP2",High H3K27ac,0.82,,1283,,WTC11,bg_all
chr6:27049902-27050401,chr6,27049902,27050401,3,0,False,False,False,,"TRIM27,ZKSCAN8,ZSCAN9",No H3K27ac,0.96,,1091731,,WTC11,bg_all
chr6:27091546-27092045,chr6,27091546,27092045,3,0,False,False,False,,"TRIM27,ZKSCAN8,ZSCAN9",No H3K27ac,0.74,,1050087,,WTC11,bg_all
chr6:27096848-27097446,chr6,27096848,27097446,3,0,False,False,False,,"TRIM27,ZKSCAN8,ZSCAN9",H3K27ac,1.0,,1044736,,WTC11,bg_all
chr6:27157862-27158361,chr6,27157862,27158361,3,0,False,False,False,,"TRIM27,ZKSCAN8,ZSCAN9",H3K27ac,0.83,,983771,,WTC11,bg_all
chr6:27230307-27230806,chr6,27230307,27230806,3,0,False,False,False,,"TRIM27,ZKSCAN8,ZSCAN9",H3K27ac,0.93,,911326,,WTC11,bg_all
chr6:27238466-27238965,chr6,27238466,27238965,3,0,False,False,False,,"TRIM27,ZKSCAN8,ZSCAN9",H3K27ac,0.97,,903167,,WTC11,bg_all
chr6:27251735-27252234,chr6,27251735,27252234,3,0,False,False,False,,"TRIM27,ZKSCAN8,ZSCAN9",H3K27ac,0.95,,889898,,WTC11,bg_all
chr6:27288178-27289215,chr6,27288178,27289215,6,0,False,False,False,,"TRIM27,ZKSCAN8,ZSCAN9",H3K27ac,0.99,,852917,,WTC11,bg_all
chr6:27290362-27290861,chr6,27290362,27290861,3,0,False,False,False,,"TRIM27,ZKSCAN8,ZSCAN9",H3K27ac,0.92,,851271,,WTC11,bg_all
chr6:27298081-27298580,chr6,27298081,27298580,3,0,False,False,False,,"TRIM27,ZKSCAN8,ZSCAN9",H3K27ac,0.82,,843552,,WTC11,bg_all
chr6:27479463-27479962,chr6,27479463,27479962,3,0,False,False,False,,"TRIM27,ZKSCAN8,ZSCAN9",High H3K27ac,0.66,,662170,,WTC11,bg_all
chr6:27502521-27503020,chr6,27502521,27503020,3,0,False,False,False,,"TRIM27,ZKSCAN8,ZSCAN9",H3K27ac,0.96,,639112,,WTC11,bg_all
chr6:27548469-27548968,chr6,27548469,27548968,3,0,False,False,False,,"TRIM27,ZKSCAN8,ZSCAN9",No H3K27ac,0.8,,593164,,WTC11,bg_all
chr6:27670335-27670834,chr6,27670335,27670834,3,0,False,False,False,,"TRIM27,ZKSCAN8,ZSCAN9",H3K27ac,0.8,,471298,,WTC11,bg_all
chr6:27672284-27672783,chr6,27672284,27672783,3,0,False,False,False,,"TRIM27,ZKSCAN8,ZSCAN9",High H3K27ac,0.8,,469349,,WTC11,bg_all
chr6:27680891-27681390,chr6,27680891,27681390,3,0,False,False,False,,"TRIM27,ZKSCAN8,ZSCAN9",H3K27ac,0.69,,460742,,WTC11,bg_all
chr6:27684467-27684966,chr6,27684467,27684966,3,0,False,False,False,,"TRIM27,ZKSCAN8,ZSCAN9",H3K27ac,0.79,,457166,,WTC11,bg_all
chr6:27743727-27744226,chr6,27743727,27744226,3,0,False,False,False,,"TRIM27,ZKSCAN8,ZSCAN9",H3K27me3 element,0.95,,397906,,WTC11,bg_all
chr6:27754020-27754519,chr6,27754020,27754519,3,0,False,False,False,,"TRIM27,ZKSCAN8,ZSCAN9",H3K27ac,0.94,,387613,,WTC11,bg_all
chr6:27791971-27792470,chr6,27791971,27792470,3,0,False,False,False,,"TRIM27,ZKSCAN8,ZSCAN9",H3K27ac,0.88,,349662,,WTC11,bg_all
chr6:27894266-27894765,chr6,27894266,27894765,3,0,False,False,False,,"TRIM27,ZKSCAN8,ZSCAN9",High H3K27ac,0.87,,247368,,WTC11,bg_all
chr6:28136643-28137142,chr6,28136643,28137142,3,0,False,False,False,,"TRIM27,ZKSCAN8,ZSCAN9",High H3K27ac,0.94,,4991,,WTC11,bg_all
chr6:28203161-28203660,chr6,28203161,28203660,3,0,False,False,False,,"TRIM27,ZKSCAN8,ZSCAN9",H3K27me3 element,0.92,,21476,,WTC11,bg_all
chr6:28212778-28213277,chr6,28212778,28213277,3,0,False,False,False,,"TRIM27,ZKSCAN8,ZSCAN9",H3K27ac,0.77,,11859,,WTC11,bg_all
chr6:28489719-28490218,chr6,28489719,28490218,3,0,False,False,False,,"TRIM27,ZKSCAN8,ZSCAN9",H3K27ac,0.91,,265081,,WTC11,bg_all
chr6:28542499-28543421,chr6,28542499,28543421,6,0,False,False,False,,"TRIM27,ZKSCAN8,ZSCAN9",High H3K27ac,0.95,,317861,,WTC11,bg_all
chr6:28635214-28635713,chr6,28635214,28635713,3,0,False,False,False,,"TRIM27,ZKSCAN8,ZSCAN9",H3K27ac,0.96,,288525,,WTC11,bg_all
chr6:28684066-28684565,chr6,28684066,28684565,3,0,False,False,False,,"TRIM27,ZKSCAN8,ZSCAN9",CTCF element,0.5,,239673,,WTC11,bg_all
chr6:28710347-28710846,chr6,28710347,28710846,3,0,False,False,False,,"TRIM27,ZKSCAN8,ZSCAN9",H3K27ac,0.93,,213392,,WTC11,bg_all
chr6:28747515-28748014,chr6,28747515,28748014,3,0,False,False,False,,"TRIM27,ZKSCAN8,ZSCAN9",H3K27ac,0.92,,176224,,WTC11,bg_all
chr6:28769680-28770179,chr6,28769680,28770179,3,0,False,False,False,,"TRIM27,ZKSCAN8,ZSCAN9",H3K27ac,0.9,,154059,,WTC11,bg_all
chr6:28795797-28796296,chr6,28795797,28796296,3,0,False,False,False,,"TRIM27,ZKSCAN8,ZSCAN9",H3K27ac,0.96,,127942,,WTC11,bg_all
chr6:28837273-28837772,chr6,28837273,28837772,3,0,False,False,False,,"TRIM27,ZKSCAN8,ZSCAN9",High H3K27ac,0.6,,86466,,WTC11,bg_all
chr6:28838273-28838772,chr6,28838273,28838772,3,0,False,False,False,,"TRIM27,ZKSCAN8,ZSCAN9",H3K27ac,0.68,,85466,,WTC11,bg_all
chr6:28838801-28839300,chr6,28838801,28839300,3,0,False,False,False,,"TRIM27,ZKSCAN8,ZSCAN9",H3K27ac,0.92,,84938,,WTC11,bg_all
chr6:28866265-28866764,chr6,28866265,28866764,3,0,False,False,False,,"TRIM27,ZKSCAN8,ZSCAN9",No H3K27ac,0.85,,57474,,WTC11,bg_all
chr6:28881143-28881642,chr6,28881143,28881642,3,0,False,False,False,,"TRIM27,ZKSCAN8,ZSCAN9",High H3K27ac,0.82,,42596,,WTC11,bg_all
chr6:33958488-33958987,chr6,33958488,33958987,6,0,False,False,False,,"HMGA1,NUDT3,RPS10,SNRPC,SRPK1,TAF11",CTCF element,1.0,,278136,,WTC11,bg_all
chr6:33967909-33968408,chr6,33967909,33968408,6,0,False,False,False,,"HMGA1,NUDT3,RPS10,SNRPC,SRPK1,TAF11",H3K27ac,0.98,,268715,,WTC11,bg_all
chr6:34062790-34063289,chr6,34062790,34063289,6,0,False,False,False,,"HMGA1,NUDT3,RPS10,SNRPC,SRPK1,TAF11",CTCF element,1.0,,173834,,WTC11,bg_all
chr6:34142545-34143044,chr6,34142545,34143044,6,0,False,False,False,,"HMGA1,NUDT3,RPS10,SNRPC,SRPK1,TAF11",H3K27me3 element,1.0,,94079,,WTC11,bg_all
chr6:34149951-34150450,chr6,34149951,34150450,6,0,False,False,False,,"HMGA1,NUDT3,RPS10,SNRPC,SRPK1,TAF11",H3K27me3 element,1.0,,86673,,WTC11,bg_all
chr6:34157762-34158261,chr6,34157762,34158261,6,0,False,False,False,,"HMGA1,NUDT3,RPS10,SNRPC,SRPK1,TAF11",H3K27me3 element,0.99,,78862,,WTC11,bg_all
chr6:34161867-34162366,chr6,34161867,34162366,6,0,False,False,False,,"HMGA1,NUDT3,RPS10,SNRPC,SRPK1,TAF11",H3K27ac,1.0,,74757,,WTC11,bg_all
chr6:34163746-34164245,chr6,34163746,34164245,6,0,False,False,False,,"HMGA1,NUDT3,RPS10,SNRPC,SRPK1,TAF11",CTCF element,0.99,,72878,,WTC11,bg_all
chr6:34196159-34196658,chr6,34196159,34196658,6,0,False,False,False,,"HMGA1,NUDT3,RPS10,SNRPC,SRPK1,TAF11",CTCF element,0.99,,40465,,WTC11,bg_all
chr6:34246449-34246948,chr6,34246449,34246948,6,0,False,False,False,,"HMGA1,NUDT3,RPS10,SNRPC,SRPK1,TAF11",H3K27ac,0.98,,9825,,WTC11,bg_all
chr6:34391628-34392127,chr6,34391628,34392127,5,0,False,False,False,,"HMGA1,RPS10,SNRPC,SRPK1,TAF11",H3K27ac,0.98,,34192,,WTC11,bg_all
chr6:34462380-34462879,chr6,34462380,34462879,6,0,False,False,False,,"HMGA1,NUDT3,RPS10,SNRPC,SRPK1,TAF11",H3K27ac,1.0,,36560,,WTC11,bg_all
chr6:34519751-34520680,chr6,34519751,34520680,12,0,False,False,False,,"HMGA1,NUDT3,RPS10,SNRPC,SRPK1,TAF11",No H3K27ac,1.0,,93931,,WTC11,bg_all
chr6:34575297-34575796,chr6,34575297,34575796,6,0,False,False,False,,"HMGA1,NUDT3,RPS10,SNRPC,SRPK1,TAF11",H3K27ac,0.98,,149477,,WTC11,bg_all
chr6:35025660-35026159,chr6,35025660,35026159,6,0,False,False,False,,"HMGA1,NUDT3,RPS10,SNRPC,SRPK1,TAF11",H3K27ac,0.99,,137838,,WTC11,bg_all
chr6:35053628-35054127,chr6,35053628,35054127,6,0,False,False,False,,"HMGA1,NUDT3,RPS10,SNRPC,SRPK1,TAF11",No H3K27ac,1.0,,165806,,WTC11,bg_all
chr6:35139832-35140331,chr6,35139832,35140331,6,0,False,False,False,,"HMGA1,NUDT3,RPS10,SNRPC,SRPK1,TAF11",H3K27ac,0.89,,252010,,WTC11,bg_all
chr6:35241027-35241526,chr6,35241027,35241526,6,0,False,False,False,,"HMGA1,NUDT3,RPS10,SNRPC,SRPK1,TAF11",H3K27ac,0.99,,353205,,WTC11,bg_all
chr6:35360345-35360844,chr6,35360345,35360844,6,0,False,False,False,,"HMGA1,NUDT3,RPS10,SNRPC,SRPK1,TAF11",High H3K27ac,1.0,,472523,,WTC11,bg_all
chr6:35436445-35436944,chr6,35436445,35436944,6,0,False,False,False,,"HMGA1,NUDT3,RPS10,SNRPC,SRPK1,TAF11",No H3K27ac,0.99,,484648,,WTC11,bg_all
chr6:35439284-35439783,chr6,35439284,35439783,6,0,False,False,False,,"HMGA1,NUDT3,RPS10,SNRPC,SRPK1,TAF11",No H3K27ac,1.0,,481809,,WTC11,bg_all
chr6:35485277-35485776,chr6,35485277,35485776,6,0,False,False,False,,"HMGA1,NUDT3,RPS10,SNRPC,SRPK1,TAF11",High H3K27ac,0.99,,435816,,WTC11,bg_all
chr6:35498175-35498674,chr6,35498175,35498674,6,0,False,False,False,,"HMGA1,NUDT3,RPS10,SNRPC,SRPK1,TAF11",H3K27ac,0.98,,422918,,WTC11,bg_all
chr6:35552229-35552728,chr6,35552229,35552728,6,0,False,False,False,,"HMGA1,NUDT3,RPS10,SNRPC,SRPK1,TAF11",CTCF element,0.98,,368864,,WTC11,bg_all
chr6:35727497-35727996,chr6,35727497,35727996,6,0,False,False,False,,"HMGA1,NUDT3,RPS10,SNRPC,SRPK1,TAF11",H3K27me3 element,0.99,,193596,,WTC11,bg_all
chr6:35764592-35765091,chr6,35764592,35765091,6,0,False,False,False,,"HMGA1,NUDT3,RPS10,SNRPC,SRPK1,TAF11",H3K27ac,0.89,,156501,,WTC11,bg_all
chr8:144466813-144467312,chr8,144466813,144467312,7,0,False,False,False,,"EEF1D,FOXH1,LRRC14,LRRC24,MFSD3,RPL8,ZNF251",H3K27ac,0.99,,8787,,WTC11,bg_all
chr8:144473651-144474150,chr8,144473651,144474150,6,0,False,False,False,,"EEF1D,LRRC14,LRRC24,MFSD3,RPL8,ZNF251",High H3K27ac,0.99,,35170,,WTC11,bg_all
chr8:144475010-144475509,chr8,144475010,144475509,7,0,False,False,False,,"EEF1D,KIFC2,LRRC14,LRRC24,MFSD3,RPL8,ZNF251",H3K27ac,1.0,,9216,,WTC11,bg_all
chr8:144500333-144501243,chr8,144500333,144501243,16,0,False,False,False,,"EEF1D,FOXH1,KIFC2,LRRC14,LRRC24,MFSD3,RPL8,ZNF251",No H3K27ac,1.0,,8077,,WTC11,bg_all
chr8:144522190-144522689,chr8,144522190,144522689,6,0,False,False,False,,"EEF1D,FOXH1,KIFC2,MFSD3,RPL8,ZNF251",H3K27ac,0.99,,13370,,WTC11,bg_all
chr8:144575373-144575872,chr8,144575373,144575872,8,0,False,False,False,,"EEF1D,FOXH1,KIFC2,LRRC14,LRRC24,MFSD3,RPL8,ZNF251",H3K27ac,1.0,,48589,,WTC11,bg_all
chr8:144596107-144596606,chr8,144596107,144596606,8,0,False,False,False,,"EEF1D,FOXH1,KIFC2,LRRC14,LRRC24,MFSD3,RPL8,ZNF251",H3K27ac,1.0,,69323,,WTC11,bg_all
chr8:144596638-144597137,chr8,144596638,144597137,8,0,False,False,False,,"EEF1D,FOXH1,KIFC2,LRRC14,LRRC24,MFSD3,RPL8,ZNF251",No H3K27ac,0.99,,69854,,WTC11,bg_all
chr8:144597544-144598352,chr8,144597544,144598352,16,0,False,False,False,,"EEF1D,FOXH1,KIFC2,LRRC14,LRRC24,MFSD3,RPL8,ZNF251",H3K27ac,0.99,,70760,,WTC11,bg_all
chr8:144598869-144599368,chr8,144598869,144599368,8,0,False,False,False,,"EEF1D,FOXH1,KIFC2,LRRC14,LRRC24,MFSD3,RPL8,ZNF251",No H3K27ac,0.99,,72085,,WTC11,bg_all
chr8:144600041-144600540,chr8,144600041,144600540,8,0,False,False,False,,"EEF1D,FOXH1,KIFC2,LRRC14,LRRC24,MFSD3,RPL8,ZNF251",H3K27me3 element,1.0,,73257,,WTC11,bg_all
chr8:144601216-144601715,chr8,144601216,144601715,8,0,False,False,False,,"EEF1D,FOXH1,KIFC2,LRRC14,LRRC24,MFSD3,RPL8,ZNF251",No H3K27ac,0.82,,74432,,WTC11,bg_all
chr8:144604061-144604560,chr8,144604061,144604560,8,0,False,False,False,,"EEF1D,FOXH1,KIFC2,LRRC14,LRRC24,MFSD3,RPL8,ZNF251",H3K27ac,1.0,,77277,,WTC11,bg_all
chr8:144654387-144654886,chr8,144654387,144654886,8,0,False,False,False,,"EEF1D,FOXH1,KIFC2,LRRC14,LRRC24,MFSD3,RPL8,ZNF251",No H3K27ac,0.99,,101781,,WTC11,bg_all
chr8:144684370-144684937,chr8,144684370,144684937,8,0,False,False,False,,"EEF1D,FOXH1,KIFC2,LRRC14,LRRC24,MFSD3,RPL8,ZNF251",H3K27ac,1.0,,71764,,WTC11,bg_all
chr8:144700355-144701309,chr8,144700355,144701309,16,0,False,False,False,,"EEF1D,FOXH1,KIFC2,LRRC14,LRRC24,MFSD3,RPL8,ZNF251",H3K27ac,0.99,,55358,,WTC11,bg_all
chr8:144730011-144730510,chr8,144730011,144730510,7,0,False,False,False,,"EEF1D,FOXH1,KIFC2,LRRC14,LRRC24,MFSD3,RPL8",H3K27ac,1.0,,62327,,WTC11,bg_all
chr8:144754368-144754867,chr8,144754368,144754867,7,0,False,False,False,,"EEF1D,FOXH1,KIFC2,LRRC14,LRRC24,MFSD3,RPL8",H3K27ac,1.0,,37970,,WTC11,bg_all
chr8:144762243-144762742,chr8,144762243,144762742,8,0,False,False,False,,"EEF1D,FOXH1,KIFC2,LRRC14,LRRC24,MFSD3,RPL8,ZNF251",H3K27ac,1.0,,6075,,WTC11,bg_all
chr8:144770755-144771254,chr8,144770755,144771254,7,0,False,False,False,,"EEF1D,FOXH1,KIFC2,LRRC14,MFSD3,RPL8,ZNF251",No H3K27ac,0.8,,14587,,WTC11,bg_all
chr8:145026645-145027144,chr8,145026645,145027144,8,0,False,False,False,,"EEF1D,FOXH1,KIFC2,LRRC14,LRRC24,MFSD3,RPL8,ZNF251",CTCF element,0.97,,234308,,WTC11,bg_all
