effect_sign,background,target,assay,pos_overlap,pos_total,pos_frac,bg_overlap,bg_total,bg_frac,odds_ratio,p_value,FDR,log2_OR
neg,powered,ZNF184,TF ChIP-seq,6,18,0.3333333333333333,11,373,0.029490616621983913,16.454545454545453,3.5627483593714874e-05,0.017671231862482577,4.034858757211651
neg,powered,TRIM28,TF ChIP-seq,7,18,0.3888888888888889,23,373,0.06166219839142091,9.683794466403162,0.00013587055975703688,0.022226964123074483,3.2820104218844914
neg,powered,E2F8,TF ChIP-seq,7,18,0.3888888888888889,24,373,0.064343163538874,9.253787878787879,0.0001709040048257562,0.022226964123074483,3.217767440811734
neg,powered,MTA2,TF ChIP-seq,8,18,0.4444444444444444,34,373,0.09115281501340483,7.976470588235294,0.0001792497106699555,0.022226964123074483,2.9938887259381417
neg,powered,SMAD4,TF ChIP-seq,12,18,0.6666666666666666,97,373,0.26005361930294907,5.690721649484536,0.0005126390188577008,0.0423781588922366,2.447221828118729
neg,powered,LARP7,TF ChIP-seq,5,18,0.2777777777777778,12,373,0.032171581769437,11.570512820512821,0.0005062731841531054,0.0423781588922366,3.558539763650222
neg,powered,TRIM24,TF ChIP-seq,9,18,0.5,54,373,0.1447721179624665,5.907407407407407,0.0006277429025516808,0.04448006852366195,2.551487796170068
neg,powered,TRIM25,TF ChIP-seq,4,18,0.2222222222222222,7,373,0.01876675603217158,14.938775510204081,0.0008568512630308144,0.05247148668121317,3.9227227988400335
neg,powered,TCF12,TF ChIP-seq,7,18,0.3888888888888889,33,373,0.08847184986595175,6.556473829201102,0.0009521035889736261,0.05247148668121317,2.7287504371058042
neg,powered,NCOA1,TF ChIP-seq,7,18,0.3888888888888889,34,373,0.09115281501340483,6.3449197860962565,0.0011174885135822378,0.055427430273678996,2.6820719470180685
neg,powered,HDGF,TF ChIP-seq,6,18,0.3333333333333333,29,373,0.0777479892761394,5.931034482758621,0.00282348529102206,0.10003205031049583,2.6023006517088176
neg,powered,ZNF319,TF ChIP-seq,4,18,0.2222222222222222,10,373,0.02680965147453083,10.371428571428572,0.002378468633221838,0.10003205031049583,3.4254381374555742
neg,powered,SMARCA5,TF ChIP-seq,6,18,0.3333333333333333,29,373,0.0777479892761394,5.931034482758621,0.00282348529102206,0.10003205031049583,2.6023006517088176
neg,powered,MTA1,TF ChIP-seq,7,18,0.3888888888888889,40,373,0.10723860589812333,5.297727272727273,0.0026549367548472395,0.10003205031049583,2.425021587851466
neg,powered,TCF3,TF ChIP-seq,10,18,0.5555555555555556,84,373,0.225201072386059,4.300595238095238,0.003223489419909305,0.10659005015166768,2.0813946832354735
neg,powered,RLF,TF ChIP-seq,5,18,0.2777777777777778,23,373,0.06166219839142091,5.852842809364549,0.005836558585281302,0.1378539551571203,2.6032258988068144
neg,powered,LCOR,TF ChIP-seq,6,18,0.3333333333333333,33,373,0.08847184986595175,5.151515151515151,0.005063986277055228,0.1378539551571203,2.402005325920666
neg,powered,NBN,TF ChIP-seq,7,18,0.3888888888888889,46,373,0.12332439678284182,4.523715415019763,0.0055160747933000985,0.1378539551571203,2.199520924868287
neg,powered,NKRF,TF ChIP-seq,6,18,0.3333333333333333,33,373,0.08847184986595175,5.151515151515151,0.005063986277055228,0.1378539551571203,2.402005325920666
neg,powered,ZEB2,TF ChIP-seq,7,18,0.3888888888888889,46,373,0.12332439678284182,4.523715415019763,0.0055160747933000985,0.1378539551571203,2.199520924868287
neg,powered,AFF1,TF ChIP-seq,6,18,0.3333333333333333,34,373,0.09115281501340483,4.985294117647059,0.005789612633775511,0.1378539551571203,2.3553268358329302
neg,powered,ZBTB33,TF ChIP-seq,6,18,0.3333333333333333,36,373,0.09651474530831099,4.680555555555555,0.007471450184415968,0.1684472405213782,2.2655026614245437
neg,powered,ZC3H8,TF ChIP-seq,3,18,0.16666666666666666,7,373,0.01876675603217158,10.457142857142857,0.008060812504432715,0.17383317400863593,3.4639374041960225
neg,powered,CREB1,TF ChIP-seq,6,18,0.3333333333333333,37,373,0.09919571045576407,4.54054054054054,0.008437010993409082,0.1743648938637877,2.2222275324808036
neg,powered,TOE1,TF ChIP-seq,6,18,0.3333333333333333,38,373,0.10187667560321716,4.407894736842105,0.00949194312955038,0.18832015169027955,2.1799659438716494
neg,powered,ZMIZ1,TF ChIP-seq,5,18,0.2777777777777778,27,373,0.07238605898123325,4.928774928774929,0.010632282969953851,0.18849707689464984,2.359895945086383
neg,powered,BRD9,TF ChIP-seq,6,18,0.3333333333333333,39,373,0.10455764075067024,4.282051282051282,0.010640964018246362,0.18849707689464984,2.1386651808307255
neg,powered,EGR1,TF ChIP-seq,8,18,0.4444444444444444,66,373,0.1769436997319035,3.721212121212121,0.009937309733012526,0.18849707689464984,1.9043055831969917
neg,powered,ADNP,TF ChIP-seq,5,18,0.2777777777777778,28,373,0.07506702412868632,4.739010989010989,0.012166791538968453,0.20648397936030569,2.3041960026973456
neg,powered,BCOR,TF ChIP-seq,7,18,0.3888888888888889,54,373,0.1447721179624665,3.759259259259259,0.012488950364534618,0.20648397936030569,1.9348164357215738
neg,powered,GATAD2A,TF ChIP-seq,6,18,0.3333333333333333,42,373,0.1126005361930295,3.9404761904761907,0.0146994877770623,0.2351918044329968,2.0200576523412535
neg,powered,HMBOX1,TF ChIP-seq,7,18,0.3888888888888889,57,373,0.15281501340482573,3.5279106858054226,0.01634142267475781,0.2383925190199963,1.8439002780354716
neg,powered,ZKSCAN1,TF ChIP-seq,4,18,0.2222222222222222,19,373,0.05093833780160858,5.323308270676692,0.01610441726842889,0.2383925190199963,2.4961836046920083
neg,powered,NR2C1,TF ChIP-seq,5,18,0.2777777777777778,30,373,0.08042895442359249,4.397435897435898,0.015687225396828187,0.2383925190199963,2.1979730677290426
neg,powered,E2F1,TF ChIP-seq,3,18,0.16666666666666666,10,373,0.02680965147453083,7.26,0.017588931191227963,0.24233638530136303,2.966652742811563
neg,powered,PHB2,TF ChIP-seq,3,18,0.16666666666666666,10,373,0.02680965147453083,7.26,0.017588931191227963,0.24233638530136303,2.966652742811563
neg,powered,SMARCA4,TF ChIP-seq,9,18,0.5,84,373,0.225201072386059,3.4404761904761907,0.018661617011419756,0.25016654155849183,1.7765401017070523
neg,powered,CEBPB,TF ChIP-seq,7,18,0.3888888888888889,59,373,0.1581769436997319,3.3867488443759632,0.019358554453988402,0.25268007918890123,1.7854270831228514
neg,powered,TBP,TF ChIP-seq,5,18,0.2777777777777778,33,373,0.08847184986595175,3.9627039627039626,0.02219277569959634,0.2751904186749946,2.0499659140281277
neg,powered,STAT6,TF ChIP-seq,3,18,0.16666666666666666,11,373,0.029490616621983913,6.581818181818182,0.02173723916159327,0.2751904186749946,2.831433840516013
neg,powered,STAT5A,TF ChIP-seq,5,18,0.2777777777777778,34,373,0.09115281501340483,3.834841628959276,0.024711715320558273,0.28674377205248885,2.0032874239403915
neg,powered,CEBPG,TF ChIP-seq,5,18,0.2777777777777778,35,373,0.0938337801608579,3.7142857142857144,0.027414872847241516,0.28674377205248885,1.9578090205441434
neg,powered,H3K4me1,Histone ChIP-seq,15,18,0.8333333333333334,211,373,0.5656836461126006,3.838862559241706,0.027614444439183802,0.28674377205248885,1.7666234431251382
neg,powered,ZNF639,TF ChIP-seq,3,18,0.16666666666666666,12,373,0.032171581769437,6.016666666666667,0.026384371078881357,0.28674377205248885,2.707154258847122
neg,powered,TRIP13,TF ChIP-seq,2,18,0.1111111111111111,4,373,0.010723860589812333,11.53125,0.02693967953936305,0.28674377205248885,3.6370395282327475
neg,powered,DDX20,TF ChIP-seq,4,18,0.2222222222222222,23,373,0.06166219839142091,4.3478260869565215,0.028327509739056355,0.28674377205248885,2.210625788647726
neg,powered,TAL1,TF ChIP-seq,7,18,0.3888888888888889,63,373,0.16890080428954424,3.1313131313131315,0.02659088604387042,0.28674377205248885,1.6730934109998212
neg,powered,RAD21,TF ChIP-seq,12,18,0.6666666666666666,148,373,0.3967828418230563,3.0405405405405403,0.027758392172847975,0.28674377205248885,1.5460809740882477
neg,powered,MLLT1,TF ChIP-seq,6,18,0.3333333333333333,48,373,0.128686327077748,3.3854166666666665,0.025977524979239042,0.28674377205248885,1.8031844193448752
neg,powered,HES1,TF ChIP-seq,5,18,0.2777777777777778,36,373,0.09651474530831099,3.6004273504273505,0.030307140159742122,0.2890834907544633,1.9134632495320048
neg,powered,MBD2,TF ChIP-seq,5,18,0.2777777777777778,36,373,0.09651474530831099,3.6004273504273505,0.030307140159742122,0.2890834907544633,1.9134632495320048
neg,powered,NFRKB,TF ChIP-seq,5,18,0.2777777777777778,36,373,0.09651474530831099,3.6004273504273505,0.030307140159742122,0.2890834907544633,1.9134632495320048
neg,powered,ARID1B,TF ChIP-seq,10,18,0.5555555555555556,107,373,0.2868632707774799,3.107476635514019,0.03100717694843752,0.2901803729514153,1.6146534546981364
neg,powered,CBFA2T3,TF ChIP-seq,10,18,0.5555555555555556,109,373,0.29222520107238603,3.0275229357798166,0.032063025086672095,0.2945048230183215,1.5771914340412732
neg,powered,NR2F2,TF ChIP-seq,6,18,0.3333333333333333,51,373,0.13672922252010725,3.156862745098039,0.03342646662929555,0.29606299014518916,1.7032383514937657
neg,powered,ARID2,TF ChIP-seq,5,18,0.2777777777777778,37,373,0.09919571045576407,3.492723492723493,0.03339304421046188,0.29606299014518916,1.870188120588265
neg,powered,MEF2D,TF ChIP-seq,5,18,0.2777777777777778,38,373,0.10187667560321716,3.3906882591093117,0.036676732791653024,0.30329024270541904,1.827926531979111
neg,powered,ZHX1,TF ChIP-seq,2,18,0.1111111111111111,5,373,0.013404825737265416,9.2,0.0366883358111394,0.30329024270541904,3.3436231659866813
neg,powered,LEF1,TF ChIP-seq,6,18,0.3333333333333333,52,373,0.13941018766756033,3.0865384615384617,0.036203092867257376,0.30329024270541904,1.6710129380281922
neg,powered,GATA2,TF ChIP-seq,5,18,0.2777777777777778,38,373,0.10187667560321716,3.3906882591093117,0.036676732791653024,0.30329024270541904,1.827926531979111
neg,powered,HLTF,TF ChIP-seq,4,18,0.2222222222222222,26,373,0.06970509383378017,3.8131868131868134,0.04044040878165672,0.3288269304213399,2.024892719362411
neg,powered,ARNT,TF ChIP-seq,5,18,0.2777777777777778,40,373,0.10723860589812333,3.201923076923077,0.043852087012670585,0.3452481771156287,1.746237064773789
neg,powered,ZBTB40,TF ChIP-seq,5,18,0.2777777777777778,40,373,0.10723860589812333,3.201923076923077,0.043852087012670585,0.3452481771156287,1.746237064773789
neg,powered,FOXJ3,TF ChIP-seq,1,18,0.05555555555555555,0,373,0.0,inf,0.04603580562659847,0.34829449101552157,6.000643916565426
neg,powered,H3K9me1,Histone ChIP-seq,2,18,0.1111111111111111,6,373,0.0160857908847185,7.645833333333333,0.04758787511500043,0.34829449101552157,3.0986946971115437
neg,powered,ETV5,TF ChIP-seq,5,18,0.2777777777777778,41,373,0.10991957104557641,3.1144465290806753,0.047750051187611824,0.34829449101552157,1.706715215515456
neg,powered,POLR3A,TF ChIP-seq,1,18,0.05555555555555555,0,373,0.0,inf,0.04603580562659847,0.34829449101552157,6.000643916565426
neg,powered,CDC5L,TF ChIP-seq,2,18,0.1111111111111111,6,373,0.0160857908847185,7.645833333333333,0.04758787511500043,0.34829449101552157,3.0986946971115437
neg,powered,SOX6,TF ChIP-seq,8,18,0.4444444444444444,86,373,0.23056300268096513,2.6697674418604653,0.04853814421208667,0.34891187723471,1.4279353366665921
neg,powered,ZNF7,TF ChIP-seq,4,18,0.2222222222222222,28,373,0.07506702412868632,3.520408163265306,0.049981466989685565,0.35415439466977194,1.911595892538257
neg,powered,KDM1A,TF ChIP-seq,6,18,0.3333333333333333,57,373,0.15281501340482573,2.7719298245614037,0.05243163747581064,0.3662829885634095,1.5171551668503334
neg,powered,ATF7,TF ChIP-seq,9,18,0.5,100,373,0.2680965147453083,2.73,0.05493801923748848,0.37327750057252446,1.4443453316136279
neg,powered,DPF2,TF ChIP-seq,9,18,0.5,100,373,0.2680965147453083,2.73,0.05493801923748848,0.37327750057252446,1.4443453316136279
neg,powered,NFATC3,TF ChIP-seq,3,18,0.16666666666666666,17,373,0.045576407506702415,4.188235294117647,0.05707643131177872,0.3774654657418966,2.2016338611696504
neg,powered,ATF3,TF ChIP-seq,7,18,0.3888888888888889,67,373,0.17962466487935658,2.9063772048846674,0.05642913519687155,0.3774654657418966,1.5662563061914563
neg,powered,FOXJ2,TF ChIP-seq,4,18,0.2222222222222222,30,373,0.08042895442359249,3.2666666666666666,0.06071031576714962,0.3811685648165343,1.8053729575699542
neg,powered,TAF1,TF ChIP-seq,4,18,0.2222222222222222,30,373,0.08042895442359249,3.2666666666666666,0.06071031576714962,0.3811685648165343,1.8053729575699542
neg,powered,SMAD5,TF ChIP-seq,4,18,0.2222222222222222,30,373,0.08042895442359249,3.2666666666666666,0.06071031576714962,0.3811685648165343,1.8053729575699542
neg,powered,CHAMP1,TF ChIP-seq,2,18,0.1111111111111111,7,373,0.01876675603217158,6.535714285714286,0.05952411062269754,0.3811685648165343,2.8883127680542025
neg,powered,ZNF644,TF ChIP-seq,4,18,0.2222222222222222,31,373,0.08310991957104558,3.152073732718894,0.06651974678267498,0.41242243005258494,1.754624260662713
neg,powered,SMARCE1,TF ChIP-seq,7,18,0.3888888888888889,73,373,0.19571045576407506,2.61519302615193,0.0674470060676194,0.41300882727826205,1.4148774754263267
neg,powered,ZNF317,TF ChIP-seq,3,18,0.16666666666666666,19,373,0.05093833780160858,3.7263157894736842,0.07270968515898286,0.4293333790339941,2.0373982100479964
neg,powered,NR3C1,TF ChIP-seq,2,18,0.1111111111111111,8,373,0.021447721179624665,5.703125,0.07238993515226373,0.4293333790339941,2.703798730231007
neg,powered,THRB,TF ChIP-seq,3,18,0.16666666666666666,19,373,0.05093833780160858,3.7263157894736842,0.07270968515898286,0.4293333790339941,2.0373982100479964
neg,powered,BHLHE40,TF ChIP-seq,7,18,0.3888888888888889,77,373,0.2064343163538874,2.446280991735537,0.07852089331399166,0.4581925068675278,1.3190925288232715
neg,powered,NFXL1,TF ChIP-seq,2,18,0.1111111111111111,9,373,0.024128686327077747,5.055555555555555,0.08608496563722044,0.4907832523685211,2.5393814664122605
neg,powered,NUFIP1,TF ChIP-seq,2,18,0.1111111111111111,9,373,0.024128686327077747,5.055555555555555,0.08608496563722044,0.4907832523685211,2.5393814664122605
neg,powered,KDM4B,TF ChIP-seq,1,18,0.05555555555555555,1,373,0.002680965147453083,21.88235294117647,0.09006492228998624,0.5019348478183502,4.4118135984045574
neg,powered,MCM2,TF ChIP-seq,1,18,0.05555555555555555,1,373,0.002680965147453083,21.88235294117647,0.09006492228998624,0.5019348478183502,4.4118135984045574
neg,powered,TARDBP,TF ChIP-seq,4,18,0.2222222222222222,35,373,0.0938337801608579,2.759183673469388,0.09267681884859433,0.5107522460989198,1.5652089103850548
neg,powered,VEZF1,TF ChIP-seq,8,18,0.4444444444444444,95,373,0.2546916890080429,2.3410526315789473,0.09760912969959182,0.5320233882527202,1.239250107775862
neg,powered,ARID3A,TF ChIP-seq,3,18,0.16666666666666666,22,373,0.058981233243967826,3.190909090909091,0.09945444859771085,0.536081082783445,1.8186863944135894
neg,powered,FOXP4,TF ChIP-seq,2,18,0.1111111111111111,10,373,0.02680965147453083,4.5375,0.10051520302189594,0.536081082783445,2.3910281066697427
neg,powered,NONO,TF ChIP-seq,4,18,0.2222222222222222,37,373,0.09919571045576407,2.5945945945945947,0.10745474142773594,0.5431906228101532,1.4775880104291765
neg,powered,CC2D1A,TF ChIP-seq,6,18,0.3333333333333333,64,373,0.17158176943699732,2.4140625,0.10841909608509105,0.5431906228101532,1.3191518721573778
neg,powered,KLF16,TF ChIP-seq,6,18,0.3333333333333333,63,373,0.16890080428954424,2.4603174603174605,0.10521344156429326,0.5431906228101532,1.346348299814683
neg,powered,ELF1,TF ChIP-seq,4,18,0.2222222222222222,37,373,0.09919571045576407,2.5945945945945947,0.10745474142773594,0.5431906228101532,1.4775880104291765
neg,powered,PKNOX1,TF ChIP-seq,8,18,0.4444444444444444,98,373,0.26273458445040215,2.2448979591836733,0.10498948841982836,0.5431906228101532,1.1790021075863606
neg,powered,ZNF282,TF ChIP-seq,4,18,0.2222222222222222,37,373,0.09919571045576407,2.5945945945945947,0.10745474142773594,0.5431906228101532,1.4775880104291765
neg,powered,CXXC5,TF ChIP-seq,8,18,0.4444444444444444,100,373,0.2680965147453083,2.184,0.1108708116192223,0.5499192256313427,1.139490750085207
neg,powered,BACH1,TF ChIP-seq,2,18,0.1111111111111111,11,373,0.029490616621983913,4.113636363636363,0.1155927069911083,0.5620978692900952,2.255809204374193
neg,powered,NCOA6,TF ChIP-seq,2,18,0.1111111111111111,11,373,0.029490616621983913,4.113636363636363,0.1155927069911083,0.5620978692900952,2.255809204374193
neg,powered,NEUROD1,TF ChIP-seq,4,18,0.2222222222222222,39,373,0.10455764075067024,2.446886446886447,0.12330957896758453,0.5833867210732975,1.3940256587790982
neg,powered,SMARCC2,TF ChIP-seq,4,18,0.2222222222222222,39,373,0.10455764075067024,2.446886446886447,0.12330957896758453,0.5833867210732975,1.3940256587790982
neg,powered,RCOR1,TF ChIP-seq,9,18,0.5,118,373,0.3163538873994638,2.1610169491525424,0.12349920506591983,0.5833867210732975,1.1084362320393624
neg,powered,TAF9B,TF ChIP-seq,3,18,0.16666666666666666,25,373,0.06702412868632708,2.784,0.1297567014534365,0.5905969739946294,1.6257481155676563
neg,powered,CUX1,TF ChIP-seq,2,18,0.1111111111111111,12,373,0.032171581769437,3.7604166666666665,0.1312352849626942,0.5905969739946294,2.131529622705302
neg,powered,CBX5,TF ChIP-seq,2,18,0.1111111111111111,12,373,0.032171581769437,3.7604166666666665,0.1312352849626942,0.5905969739946294,2.131529622705302
neg,powered,MIER1,TF ChIP-seq,2,18,0.1111111111111111,12,373,0.032171581769437,3.7604166666666665,0.1312352849626942,0.5905969739946294,2.131529622705302
neg,powered,MCM7,TF ChIP-seq,1,18,0.05555555555555555,2,373,0.005361930294906166,10.911764705882353,0.13216988732541102,0.5905969739946294,3.6709697894274234
neg,powered,ZNF280A,TF ChIP-seq,1,18,0.05555555555555555,2,373,0.005361930294906166,10.911764705882353,0.13216988732541102,0.5905969739946294,3.6709697894274234
neg,powered,EP300,TF ChIP-seq,6,18,0.3333333333333333,71,373,0.1903485254691689,2.1267605633802815,0.13783187289622628,0.604996539438303,1.1375035237499351
neg,powered,EP400,TF ChIP-seq,6,18,0.3333333333333333,71,373,0.1903485254691689,2.1267605633802815,0.13783187289622628,0.604996539438303,1.1375035237499351
neg,powered,DIDO1,TF ChIP-seq,2,18,0.1111111111111111,13,373,0.03485254691689008,3.4615384615384617,0.14736619479097302,0.6400770199504386,2.016501922606263
neg,powered,NR2F1,TF ChIP-seq,7,18,0.3888888888888889,84,373,0.225201072386059,2.1893939393939394,0.14840495422237993,0.6400770199504386,1.159868741258558
neg,powered,CBFA2T2,TF ChIP-seq,7,18,0.3888888888888889,86,373,0.23056300268096513,2.123678646934461,0.15361994019390557,0.6402982381191358,1.1161185577465185
neg,powered,ZNF592,TF ChIP-seq,7,18,0.3888888888888889,86,373,0.23056300268096513,2.123678646934461,0.15361994019390557,0.6402982381191358,1.1161185577465185
neg,powered,H3K36me3,Histone ChIP-seq,3,18,0.16666666666666666,27,373,0.07238605898123325,2.562962962962963,0.15168641439552435,0.6402982381191358,1.508510440283283
neg,powered,ZNF318,TF ChIP-seq,3,18,0.16666666666666666,27,373,0.07238605898123325,2.562962962962963,0.15168641439552435,0.6402982381191358,1.508510440283283
neg,powered,TEAD4,TF ChIP-seq,7,18,0.3888888888888889,88,373,0.2359249329758713,2.0609504132231407,0.15984510407404168,0.6552328233117741,1.073070024831351
neg,powered,ZNF766,TF ChIP-seq,5,18,0.2777777777777778,52,373,0.13941018766756033,2.3742603550295858,0.15950101953450646,0.6552328233117741,1.3189735261356534
neg,powered,FOXM1,TF ChIP-seq,3,18,0.16666666666666666,28,373,0.07506702412868632,2.4642857142857144,0.16311037104641413,0.663137246221487,1.4528104978942458
neg,powered,HCFC1,TF ChIP-seq,3,18,0.16666666666666666,29,373,0.0777479892761394,2.372413793103448,0.17481336112124815,0.702737739825462,1.398875735013179
neg,powered,ETV1,TF ChIP-seq,5,18,0.2777777777777778,56,373,0.15013404825737264,2.177197802197802,0.1756844349563655,0.702737739825462,1.1949779357181693
neg,powered,PBX2,TF ChIP-seq,5,18,0.2777777777777778,58,373,0.1554959785522788,2.0888594164456236,0.1857859361000454,0.7371985944449801,1.1356755918729733
neg,powered,ATF2,TF ChIP-seq,3,18,0.16666666666666666,31,373,0.08310991957104558,2.206451612903226,0.19897477393665292,0.7770983297053531,1.2958388660187017
neg,powered,ATF4,TF ChIP-seq,3,18,0.16666666666666666,31,373,0.08310991957104558,2.206451612903226,0.19897477393665292,0.7770983297053531,1.2958388660187017
neg,powered,TFAP4,TF ChIP-seq,9,18,0.5,125,373,0.3351206434316354,1.984,0.20210743994040312,0.7831663297690621,0.9855584876115142
neg,powered,IFI16,TF ChIP-seq,1,18,0.05555555555555555,4,373,0.010723860589812333,5.426470588235294,0.21092167290376918,0.7943230805699987,2.8151850364800284
neg,powered,MAFF,TF ChIP-seq,3,18,0.16666666666666666,32,373,0.08579088471849866,2.13125,0.21139243273233835,0.7943230805699987,1.246532566932365
neg,powered,THAP7,TF ChIP-seq,1,18,0.05555555555555555,4,373,0.010723860589812333,5.426470588235294,0.21092167290376918,0.7943230805699987,2.8151850364800284
neg,powered,KLF13,TF ChIP-seq,3,18,0.16666666666666666,32,373,0.08579088471849866,2.13125,0.21139243273233835,0.7943230805699987,1.246532566932365
neg,powered,CTCF,TF ChIP-seq,9,18,0.5,131,373,0.3512064343163539,1.8473282442748091,0.21473024358683113,0.7945154070321826,0.8829219477821878
neg,powered,CBX1,TF ChIP-seq,2,18,0.1111111111111111,17,373,0.045576407506702415,2.6176470588235294,0.21541351502276318,0.7945154070321826,1.6260092250278306
neg,powered,DEAF1,TF ChIP-seq,5,18,0.2777777777777778,63,373,0.16890080428954424,1.8925518925518925,0.2162491531236787,0.7945154070321826,0.9943088879221443
neg,powered,MTA3,TF ChIP-seq,6,18,0.3333333333333333,72,373,0.19302949061662197,2.0902777777777777,0.2211190806324895,0.8064342940714324,1.1126886302515178
neg,powered,ZNF740,TF ChIP-seq,2,18,0.1111111111111111,19,373,0.05093833780160858,2.3289473684210527,0.2507268202579694,0.8075357327789143,1.4617735739061768
neg,powered,RFX5,TF ChIP-seq,1,18,0.05555555555555555,5,373,0.013404825737265416,4.329411764705882,0.24771807157665046,0.8075357327789143,2.5217686742339622
neg,powered,DACH1,TF ChIP-seq,4,18,0.2222222222222222,42,373,0.1126005361930295,2.251700680272109,0.24856717360839525,0.8075357327789143,1.2754181302896264
neg,powered,HNRNPL,TF ChIP-seq,2,18,0.1111111111111111,18,373,0.04825737265415549,2.4652777777777777,0.23300652432398364,0.8075357327789143,1.5417863595193744
neg,powered,ZBTB34,TF ChIP-seq,1,18,0.05555555555555555,5,373,0.013404825737265416,4.329411764705882,0.24771807157665046,0.8075357327789143,2.5217686742339622
neg,powered,ZFP36,TF ChIP-seq,3,18,0.16666666666666666,34,373,0.09115281501340483,1.9941176470588236,0.23680074958685868,0.8075357327789143,1.1519019191372917
neg,powered,DMTF1,TF ChIP-seq,1,18,0.05555555555555555,5,373,0.013404825737265416,4.329411764705882,0.24771807157665046,0.8075357327789143,2.5217686742339622
neg,powered,THRAP3,TF ChIP-seq,1,18,0.05555555555555555,5,373,0.013404825737265416,4.329411764705882,0.24771807157665046,0.8075357327789143,2.5217686742339622
neg,powered,ELK1,TF ChIP-seq,1,18,0.05555555555555555,5,373,0.013404825737265416,4.329411764705882,0.24771807157665046,0.8075357327789143,2.5217686742339622
neg,powered,H3K4me2,Histone ChIP-seq,12,18,0.6666666666666666,188,373,0.5040214477211796,1.9680851063829787,0.22914526803320814,0.8075357327789143,0.9202711349857715
neg,powered,ESRRA,TF ChIP-seq,6,18,0.3333333333333333,74,373,0.19839142091152814,2.02027027027027,0.22560432745524855,0.8075357327789143,1.0638272006929916
neg,powered,NFIC,TF ChIP-seq,6,18,0.3333333333333333,74,373,0.19839142091152814,2.02027027027027,0.22560432745524855,0.8075357327789143,1.0638272006929916
neg,powered,NR2C2,TF ChIP-seq,6,18,0.3333333333333333,75,373,0.20107238605898123,1.9866666666666666,0.22834003947020726,0.8075357327789143,1.0397659103060937
neg,powered,ASH1L,TF ChIP-seq,1,18,0.05555555555555555,5,373,0.013404825737265416,4.329411764705882,0.24771807157665046,0.8075357327789143,2.5217686742339622
neg,powered,GATA1,TF ChIP-seq,3,18,0.16666666666666666,34,373,0.09115281501340483,1.9941176470588236,0.23680074958685868,0.8075357327789143,1.1519019191372917
neg,powered,ARHGAP35,TF ChIP-seq,1,18,0.05555555555555555,5,373,0.013404825737265416,4.329411764705882,0.24771807157665046,0.8075357327789143,2.5217686742339622
neg,powered,HSF4,TF ChIP-seq,1,18,0.05555555555555555,5,373,0.013404825737265416,4.329411764705882,0.24771807157665046,0.8075357327789143,2.5217686742339622
neg,powered,MXI1,TF ChIP-seq,2,18,0.1111111111111111,19,373,0.05093833780160858,2.3289473684210527,0.2507268202579694,0.8075357327789143,1.4617735739061768
neg,powered,XRCC5,TF ChIP-seq,4,18,0.2222222222222222,43,373,0.11528150134048257,2.1926910299003324,0.25240749503644494,0.8077039841166238,1.2375069719737035
neg,powered,CREB3L1,TF ChIP-seq,4,18,0.2222222222222222,45,373,0.12064343163538874,2.0825396825396827,0.2615070685112146,0.8157704778714618,1.1638989264383734
neg,powered,SPI1,TF ChIP-seq,4,18,0.2222222222222222,45,373,0.12064343163538874,2.0825396825396827,0.2615070685112146,0.8157704778714618,1.1638989264383734
neg,powered,ZBTB2,TF ChIP-seq,4,18,0.2222222222222222,44,373,0.11796246648793565,2.1363636363636362,0.25672782305441866,0.8157704778714618,1.2003452303563944
neg,powered,ZNF384,TF ChIP-seq,4,18,0.2222222222222222,45,373,0.12064343163538874,2.0825396825396827,0.2615070685112146,0.8157704778714618,1.1638989264383734
neg,powered,MECOM,TF ChIP-seq,2,18,0.1111111111111111,20,373,0.05361930294906166,2.20625,0.26852853376786806,0.8221614367213739,1.385548375720224
neg,powered,ZNF511,TF ChIP-seq,2,18,0.1111111111111111,20,373,0.05361930294906166,2.20625,0.26852853376786806,0.8221614367213739,1.385548375720224
neg,powered,CHD2,TF ChIP-seq,2,18,0.1111111111111111,20,373,0.05361930294906166,2.20625,0.26852853376786806,0.8221614367213739,1.385548375720224
neg,powered,ZNF700,TF ChIP-seq,1,18,0.05555555555555555,6,373,0.0160857908847185,3.5980392156862746,0.28288969420423554,0.8355245494913202,2.276840205358824
neg,powered,ZNF311,TF ChIP-seq,2,18,0.1111111111111111,21,373,0.05630026809651475,2.0952380952380953,0.2863693012369444,0.8355245494913202,1.3127486681129668
neg,powered,IRF9,TF ChIP-seq,2,18,0.1111111111111111,21,373,0.05630026809651475,2.0952380952380953,0.2863693012369444,0.8355245494913202,1.3127486681129668
neg,powered,KHSRP,TF ChIP-seq,1,18,0.05555555555555555,6,373,0.0160857908847185,3.5980392156862746,0.28288969420423554,0.8355245494913202,2.276840205358824
neg,powered,NCOA4,TF ChIP-seq,1,18,0.05555555555555555,6,373,0.0160857908847185,3.5980392156862746,0.28288969420423554,0.8355245494913202,2.276840205358824
neg,powered,THRA,TF ChIP-seq,1,18,0.05555555555555555,6,373,0.0160857908847185,3.5980392156862746,0.28288969420423554,0.8355245494913202,2.276840205358824
neg,powered,FOXP1,TF ChIP-seq,2,18,0.1111111111111111,21,373,0.05630026809651475,2.0952380952380953,0.2863693012369444,0.8355245494913202,1.3127486681129668
neg,powered,ZNF281,TF ChIP-seq,7,18,0.3888888888888889,99,373,0.26541554959785524,1.761248852157943,0.2791451112916022,0.8355245494913202,0.8473663580130555
neg,powered,FOXK2,TF ChIP-seq,4,18,0.2222222222222222,50,373,0.13404825737265416,1.8457142857142856,0.29156504211625067,0.8407922144747694,0.9913544255554531
neg,powered,ZNF589,TF ChIP-seq,4,18,0.2222222222222222,50,373,0.13404825737265416,1.8457142857142856,0.29156504211625067,0.8407922144747694,0.9913544255554531
neg,powered,CREM,TF ChIP-seq,7,18,0.3888888888888889,103,373,0.2761394101876676,1.6681376875551632,0.2937588414899936,0.842221880803681,0.7693264658789957
neg,powered,PHF20,TF ChIP-seq,2,18,0.1111111111111111,22,373,0.058981233243967826,1.9943181818181819,0.30421006870602096,0.8622182518753508,1.2430617582717696
neg,powered,SP1,TF ChIP-seq,2,18,0.1111111111111111,22,373,0.058981233243967826,1.9943181818181819,0.30421006870602096,0.8622182518753508,1.2430617582717696
neg,powered,YY1,TF ChIP-seq,4,18,0.2222222222222222,53,373,0.14209115281501342,1.725067385444744,0.3138101660599262,0.884374104350701,0.8946575665323343
neg,powered,CLOCK,TF ChIP-seq,1,18,0.05555555555555555,7,373,0.01876675603217158,3.0756302521008405,0.316504239788412,0.8869271352262845,2.066458276301483
neg,powered,NFE2,TF ChIP-seq,4,18,0.2222222222222222,54,373,0.1447721179624665,1.687830687830688,0.3218114809624911,0.8873299610980021,0.8634318024848082
neg,powered,CTBP1,TF ChIP-seq,9,18,0.5,138,373,0.3699731903485255,1.7028985507246377,0.32072163740620485,0.8873299610980021,0.7658410835635948
neg,powered,SIN3A,TF ChIP-seq,2,18,0.1111111111111111,23,373,0.06166219839142091,1.9021739130434783,0.3220149052371782,0.8873299610980021,1.1762157578618948
neg,powered,POLR2AphosphoS5,TF ChIP-seq,4,18,0.2222222222222222,55,373,0.14745308310991956,1.651948051948052,0.3300752041930723,0.899545611427274,0.8326777022209347
neg,powered,C11orf30,TF ChIP-seq,4,18,0.2222222222222222,55,373,0.14745308310991956,1.651948051948052,0.3300752041930723,0.899545611427274,0.8326777022209347
neg,powered,GTF2E2,TF ChIP-seq,2,18,0.1111111111111111,24,373,0.064343163538874,1.8177083333333333,0.33975082505134313,0.9011572685853807,1.1119727767891372
neg,powered,GABPB1,TF ChIP-seq,5,18,0.2777777777777778,65,373,0.1742627345844504,1.8224852071005917,0.33921434005360085,0.9011572685853807,0.9402477940857964
neg,powered,CBFB,TF ChIP-seq,2,18,0.1111111111111111,24,373,0.064343163538874,1.8177083333333333,0.33975082505134313,0.9011572685853807,1.1119727767891372
neg,powered,HDAC3,TF ChIP-seq,2,18,0.1111111111111111,24,373,0.064343163538874,1.8177083333333333,0.33975082505134313,0.9011572685853807,1.1119727767891372
neg,powered,SKIL,TF ChIP-seq,5,18,0.2777777777777778,65,373,0.1742627345844504,1.8224852071005917,0.33921434005360085,0.9011572685853807,0.9402477940857964
neg,powered,ZNF257,TF ChIP-seq,1,18,0.05555555555555555,8,373,0.021447721179624665,2.6838235294117645,0.34862675593412645,0.9100993207543512,1.8819442384782876
neg,powered,ZNF75A,TF ChIP-seq,1,18,0.05555555555555555,8,373,0.021447721179624665,2.6838235294117645,0.34862675593412645,0.9100993207543512,1.8819442384782876
neg,powered,HEY1,TF ChIP-seq,1,18,0.05555555555555555,8,373,0.021447721179624665,2.6838235294117645,0.34862675593412645,0.9100993207543512,1.8819442384782876
neg,powered,RELA,TF ChIP-seq,2,18,0.1111111111111111,25,373,0.06702412868632708,1.74,0.3573876180807938,0.9280851233930562,1.0501234794258363
neg,powered,NRF1,TF ChIP-seq,5,18,0.2777777777777778,73,373,0.19571045576407506,1.5806111696522656,0.3732803646656786,0.955670035290347,0.7360929523486498
neg,powered,PHF21A,TF ChIP-seq,0,18,0.0,31,373,0.08310991957104558,0.0,0.3814625539859797,0.955670035290347,-1.7667731112809772
neg,powered,MBD1,TF ChIP-seq,1,18,0.05555555555555555,9,373,0.024128686327077747,2.3790849673202614,0.37931973602100005,0.955670035290347,1.7175269746595414
neg,powered,HDAC1,TF ChIP-seq,0,18,0.0,30,373,0.08042895442359249,0.0,0.3814973124747756,0.955670035290347,-1.716024414373736
neg,powered,NCOA2,TF ChIP-seq,1,18,0.05555555555555555,9,373,0.024128686327077747,2.3790849673202614,0.37931973602100005,0.955670035290347,1.7175269746595414
neg,powered,POLR2B,TF ChIP-seq,2,18,0.1111111111111111,26,373,0.06970509383378017,1.6682692307692308,0.3748976885905906,0.955670035290347,0.9904826885765796
neg,powered,ZNF609,TF ChIP-seq,1,18,0.05555555555555555,9,373,0.024128686327077747,2.3790849673202614,0.37931973602100005,0.955670035290347,1.7175269746595414
neg,powered,PRDM10,TF ChIP-seq,5,18,0.2777777777777778,75,373,0.20107238605898123,1.528205128205128,0.3847598713566416,0.9589994783562524,0.6877264984135549
neg,powered,KDM5B,TF ChIP-seq,0,18,0.0,36,373,0.09651474530831099,0.0,0.39271554562028976,0.9642916367706125,-2.000534232570774
neg,powered,ZNF24,TF ChIP-seq,0,18,0.0,35,373,0.0938337801608579,0.0,0.38908466623432386,0.9642916367706125,-1.9561884615586351
neg,powered,MNT,TF ChIP-seq,6,18,0.3333333333333333,86,373,0.23056300268096513,1.6686046511627908,0.3910714763242076,0.9642916367706125,0.7893734465613804
neg,powered,USF2,TF ChIP-seq,1,18,0.05555555555555555,10,373,0.02680965147453083,2.135294117647059,0.40864321305937806,0.9697944195093374,1.569173614917024
neg,powered,ZBED1,TF ChIP-seq,1,18,0.05555555555555555,10,373,0.02680965147453083,2.135294117647059,0.40864321305937806,0.9697944195093374,1.569173614917024
neg,powered,ZNF79,TF ChIP-seq,1,18,0.05555555555555555,10,373,0.02680965147453083,2.135294117647059,0.40864321305937806,0.9697944195093374,1.569173614917024
neg,powered,JUNB,TF ChIP-seq,1,18,0.05555555555555555,10,373,0.02680965147453083,2.135294117647059,0.40864321305937806,0.9697944195093374,1.569173614917024
neg,powered,BCL6,TF ChIP-seq,1,18,0.05555555555555555,10,373,0.02680965147453083,2.135294117647059,0.40864321305937806,0.9697944195093374,1.569173614917024
neg,powered,ZNF12,TF ChIP-seq,1,18,0.05555555555555555,10,373,0.02680965147453083,2.135294117647059,0.40864321305937806,0.9697944195093374,1.569173614917024
neg,powered,PML,TF ChIP-seq,3,18,0.16666666666666666,35,373,0.0938337801608579,1.9314285714285715,0.4017619182454881,0.9697944195093374,1.1064235157410436
neg,powered,TEAD2,TF ChIP-seq,0,18,0.0,21,373,0.05630026809651475,0.0,0.6125509412551469,1.0,-1.1742386730448917
neg,powered,ZNF518B,TF ChIP-seq,0,18,0.0,2,373,0.005361930294906166,0.0,1.0,1.0,2.0058369400222844
neg,powered,ZNF512,TF ChIP-seq,0,18,0.0,15,373,0.040214477211796246,0.0,1.0,1.0,-0.6778203673139201
neg,powered,ZNF668,TF ChIP-seq,1,18,0.05555555555555555,13,373,0.03485254691689008,1.6289592760180995,0.4889619323309966,1.0,1.1946474308535435
neg,powered,TFE3,TF ChIP-seq,1,18,0.05555555555555555,24,373,0.064343163538874,0.8553921568627451,1.0,1.0,0.29011828503641807
neg,powered,TFDP1,TF ChIP-seq,2,18,0.1111111111111111,41,373,0.10991957104557641,1.0121951219512195,1.0,1.0,0.2797050745705361
neg,powered,ZNF583,TF ChIP-seq,1,18,0.05555555555555555,26,373,0.06970509383378017,0.7850678733031674,1.0,1.0,0.16862819682386024
neg,powered,TGIF2,TF ChIP-seq,0,18,0.0,5,373,0.013404825737265416,0.0,1.0,1.0,0.8566358248288226
neg,powered,ZNF551,TF ChIP-seq,0,18,0.0,3,373,0.00804289544235925,0.0,1.0,1.0,1.5165214446192798
neg,powered,THAP1,TF ChIP-seq,0,18,0.0,8,373,0.021447721179624665,0.0,1.0,1.0,0.21681138907314804
neg,powered,ZNF561,TF ChIP-seq,0,18,0.0,5,373,0.013404825737265416,0.0,1.0,1.0,0.8566358248288226
neg,powered,TEAD1,TF ChIP-seq,2,18,0.1111111111111111,44,373,0.11796246648793565,0.9346590909090909,1.0,1.0,0.1659351995705628
neg,powered,ZNF57,TF ChIP-seq,0,18,0.0,5,373,0.013404825737265416,0.0,1.0,1.0,0.8566358248288226
neg,powered,ZNF586,TF ChIP-seq,0,18,0.0,2,373,0.005361930294906166,0.0,1.0,1.0,2.0058369400222844
neg,powered,ZNF584,TF ChIP-seq,1,18,0.05555555555555555,31,373,0.08310991957104558,0.6489563567362429,1.0,1.0,-0.10164026187583762
neg,powered,TFCP2,TF ChIP-seq,1,18,0.05555555555555555,20,373,0.05361930294906166,1.0382352941176471,1.0,1.0,0.5636938839675049
neg,powered,THAP12,TF ChIP-seq,1,18,0.05555555555555555,13,373,0.03485254691689008,1.6289592760180995,0.4889619323309966,1.0,1.1946474308535435
neg,powered,ZFP1,TF ChIP-seq,0,18,0.0,6,373,0.0160857908847185,0.0,1.0,1.0,0.6117073559536848
neg,powered,TCF7,TF ChIP-seq,0,18,0.0,11,373,0.029490616621983913,0.0,1.0,1.0,-0.23117813678366583
neg,powered,ZSCAN29,TF ChIP-seq,0,18,0.0,15,373,0.040214477211796246,0.0,1.0,1.0,-0.6778203673139201
neg,powered,SREBF1,TF ChIP-seq,0,18,0.0,8,373,0.021447721179624665,0.0,1.0,1.0,0.21681138907314804
neg,powered,SREBF2,TF ChIP-seq,0,18,0.0,3,373,0.00804289544235925,0.0,1.0,1.0,1.5165214446192798
neg,powered,ZNF84,TF ChIP-seq,0,18,0.0,10,373,0.02680965147453083,0.0,1.0,1.0,-0.09595923448811564
neg,powered,ZNF830,TF ChIP-seq,1,18,0.05555555555555555,15,373,0.040214477211796246,1.4039215686274509,0.5366581456843244,1.0,0.9873124820912194
neg,powered,SRF,TF ChIP-seq,0,18,0.0,6,373,0.0160857908847185,0.0,1.0,1.0,0.6117073559536848
neg,powered,ZNF83,TF ChIP-seq,2,18,0.1111111111111111,32,373,0.08579088471849866,1.33203125,0.6631710051670328,1.0,0.6709079307905448
neg,powered,ZNF785,TF ChIP-seq,0,18,0.0,2,373,0.005361930294906166,0.0,1.0,1.0,2.0058369400222844
neg,powered,SRSF3,TF ChIP-seq,0,18,0.0,2,373,0.005361930294906166,0.0,1.0,1.0,2.0058369400222844
neg,powered,STAG1,TF ChIP-seq,2,18,0.1111111111111111,38,373,0.10187667560321716,1.1019736842105263,0.7049248433567608,1.0,0.40091639103419113
neg,powered,ZNF780A,TF ChIP-seq,0,18,0.0,4,373,0.010723860589812333,0.0,1.0,1.0,1.1500521870748888
neg,powered,ZNF77,TF ChIP-seq,0,18,0.0,2,373,0.005361930294906166,0.0,1.0,1.0,2.0058369400222844
neg,powered,SUPT5H,TF ChIP-seq,2,18,0.1111111111111111,36,373,0.09651474530831099,1.1701388888888888,0.6905506775882263,1.0,0.48645310858708496
neg,powered,SUZ12,TF ChIP-seq,0,18,0.0,2,373,0.005361930294906166,0.0,1.0,1.0,2.0058369400222844
neg,powered,TAF15,TF ChIP-seq,0,18,0.0,2,373,0.005361930294906166,0.0,1.0,1.0,2.0058369400222844
neg,powered,TAF7,TF ChIP-seq,1,18,0.05555555555555555,14,373,0.03753351206434316,1.5084033613445378,0.5133616278695696,1.0,1.0875464490879154
neg,powered,ZNF764,TF ChIP-seq,0,18,0.0,4,373,0.010723860589812333,0.0,1.0,1.0,1.1500521870748888
neg,powered,ZNF76,TF ChIP-seq,1,18,0.05555555555555555,23,373,0.06166219839142091,0.8951406649616368,1.0,1.0,0.3543612661091754
neg,powered,TBL1XR1,TF ChIP-seq,1,18,0.05555555555555555,23,373,0.06166219839142091,0.8951406649616368,1.0,1.0,0.3543612661091754
neg,powered,ZNF717,TF ChIP-seq,0,18,0.0,2,373,0.005361930294906166,0.0,1.0,1.0,2.0058369400222844
neg,powered,ZNF707,TF ChIP-seq,0,18,0.0,9,373,0.024128686327077747,0.0,1.0,1.0,0.052394125254401874
neg,powered,TBPL1,TF ChIP-seq,0,18,0.0,11,373,0.029490616621983913,0.0,1.0,1.0,-0.23117813678366583
neg,powered,TBX18,TF ChIP-seq,1,18,0.05555555555555555,18,373,0.04825737265415549,1.1601307189542485,0.6003899538494708,1.0,0.7199318677666553
neg,powered,ZNF699,TF ChIP-seq,0,18,0.0,4,373,0.010723860589812333,0.0,1.0,1.0,1.1500521870748888
neg,powered,ZNF696,TF ChIP-seq,0,18,0.0,1,373,0.002680965147453083,0.0,1.0,1.0,2.746680748999418
neg,powered,TCF15,TF ChIP-seq,0,18,0.0,12,373,0.032171581769437,0.0,1.0,1.0,-0.35545771845255664
neg,powered,ZNF695,TF ChIP-seq,0,18,0.0,9,373,0.024128686327077747,0.0,1.0,1.0,0.052394125254401874
neg,powered,TCFL5,TF ChIP-seq,0,18,0.0,3,373,0.00804289544235925,0.0,1.0,1.0,1.5165214446192798
neg,powered,ZNF449,TF ChIP-seq,1,18,0.05555555555555555,13,373,0.03485254691689008,1.6289592760180995,0.4889619323309966,1.0,1.1946474308535435
neg,powered,USF1,TF ChIP-seq,1,18,0.05555555555555555,50,373,0.13404825737265416,0.38,0.48850121089108334,1.0,-0.8649100969830975
neg,powered,TSC22D4,TF ChIP-seq,0,18,0.0,4,373,0.010723860589812333,0.0,1.0,1.0,1.1500521870748888
neg,powered,ZNF215,TF ChIP-seq,1,18,0.05555555555555555,14,373,0.03753351206434316,1.5084033613445378,0.5133616278695696,1.0,1.0875464490879154
neg,powered,ZBTB12,TF ChIP-seq,1,18,0.05555555555555555,28,373,0.07506702412868632,0.7247899159663865,1.0,1.0,0.05533136999970648
neg,powered,ZNF212,TF ChIP-seq,0,18,0.0,7,373,0.01876675603217158,0.0,1.0,1.0,0.4013254268963436
neg,powered,ZBTB17,TF ChIP-seq,1,18,0.05555555555555555,34,373,0.09115281501340483,0.5865051903114187,1.0,1.0,-0.2455772087572475
neg,powered,ZNF197,TF ChIP-seq,2,18,0.1111111111111111,31,373,0.08310991957104558,1.3790322580645162,0.6567795631398415,1.0,0.7202142298768816
neg,powered,ZBTB26,TF ChIP-seq,1,18,0.05555555555555555,12,373,0.032171581769437,1.7696078431372548,0.4634100289475463,1.0,1.3096751309525827
neg,powered,ZNF175,TF ChIP-seq,2,18,0.1111111111111111,47,373,0.1260053619302949,0.8670212765957447,1.0,1.0,0.058617548744391935
neg,powered,ZNF165,TF ChIP-seq,0,18,0.0,11,373,0.029490616621983913,0.0,1.0,1.0,-0.23117813678366583
neg,powered,ZNF148,TF ChIP-seq,3,18,0.16666666666666666,56,373,0.15013404825737264,1.1321428571428571,0.742333065862296,1.0,0.34359243091506947
neg,powered,ZNF146,TF ChIP-seq,0,18,0.0,1,373,0.002680965147453083,0.0,1.0,1.0,2.746680748999418
neg,powered,ZNF143,TF ChIP-seq,0,18,0.0,14,373,0.03753351206434316,0.0,1.0,1.0,-0.5775864003172241
neg,powered,ZNF140,TF ChIP-seq,0,18,0.0,1,373,0.002680965147453083,0.0,1.0,1.0,2.746680748999418
neg,powered,ZBTB43,TF ChIP-seq,0,18,0.0,11,373,0.029490616621983913,0.0,1.0,1.0,-0.23117813678366583
neg,powered,ZNF224,TF ChIP-seq,0,18,0.0,3,373,0.00804289544235925,0.0,1.0,1.0,1.5165214446192798
neg,powered,ZBTB49,TF ChIP-seq,0,18,0.0,2,373,0.005361930294906166,0.0,1.0,1.0,2.0058369400222844
neg,powered,ZBTB7A,TF ChIP-seq,5,18,0.2777777777777778,78,373,0.20911528150134048,1.4546351084812623,0.5536394948883231,1.0,0.6169376877597341
neg,powered,ZNF134,TF ChIP-seq,0,18,0.0,15,373,0.040214477211796246,0.0,1.0,1.0,-0.6778203673139201
neg,powered,ZNF133,TF ChIP-seq,0,18,0.0,5,373,0.013404825737265416,0.0,1.0,1.0,0.8566358248288226
neg,powered,ZNF124,TF ChIP-seq,0,18,0.0,2,373,0.005361930294906166,0.0,1.0,1.0,2.0058369400222844
neg,powered,ZNF121,TF ChIP-seq,0,18,0.0,13,373,0.03485254691689008,0.0,1.0,1.0,-0.4704854185515957
neg,powered,ZBTB9,TF ChIP-seq,2,18,0.1111111111111111,38,373,0.10187667560321716,1.1019736842105263,0.7049248433567608,1.0,0.40091639103419113
neg,powered,ZC3H11A,TF ChIP-seq,0,18,0.0,8,373,0.021447721179624665,0.0,1.0,1.0,0.21681138907314804
neg,powered,ZKSCAN8,TF ChIP-seq,2,18,0.1111111111111111,31,373,0.08310991957104558,1.3790322580645162,0.6567795631398415,1.0,0.7202142298768816
neg,powered,ZC3H4,TF ChIP-seq,0,18,0.0,8,373,0.021447721179624665,0.0,1.0,1.0,0.21681138907314804
neg,powered,ZKSCAN3,TF ChIP-seq,0,18,0.0,5,373,0.013404825737265416,0.0,1.0,1.0,0.8566358248288226
neg,powered,ZFX,TF ChIP-seq,1,18,0.05555555555555555,54,373,0.1447721179624665,0.3474945533769063,0.48834757304599496,1.0,-0.9928327200537423
neg,powered,ZFPM2,TF ChIP-seq,0,18,0.0,5,373,0.013404825737265416,0.0,1.0,1.0,0.8566358248288226
neg,powered,ZFP91,TF ChIP-seq,0,18,0.0,19,373,0.05093833780160858,0.0,1.0,1.0,-1.0252137672516821
neg,powered,ZBTB5,TF ChIP-seq,0,18,0.0,7,373,0.01876675603217158,0.0,1.0,1.0,0.4013254268963436
neg,powered,ZNF445,TF ChIP-seq,0,18,0.0,11,373,0.029490616621983913,0.0,1.0,1.0,-0.23117813678366583
neg,powered,ZNF23,TF ChIP-seq,0,18,0.0,7,373,0.01876675603217158,0.0,1.0,1.0,0.4013254268963436
neg,powered,ZBTB1,TF ChIP-seq,0,18,0.0,11,373,0.029490616621983913,0.0,1.0,1.0,-0.23117813678366583
neg,powered,ZNF444,TF ChIP-seq,0,18,0.0,8,373,0.021447721179624665,0.0,1.0,1.0,0.21681138907314804
neg,powered,ZNF436,TF ChIP-seq,0,18,0.0,3,373,0.00804289544235925,0.0,1.0,1.0,1.5165214446192798
neg,powered,TSHZ1,TF ChIP-seq,0,18,0.0,7,373,0.01876675603217158,0.0,1.0,1.0,0.4013254268963436
neg,powered,U2AF1,TF ChIP-seq,0,18,0.0,7,373,0.01876675603217158,0.0,1.0,1.0,0.4013254268963436
neg,powered,UBTF,TF ChIP-seq,1,18,0.05555555555555555,46,373,0.12332439678284182,0.41815856777493604,0.7089219977359953,1.0,-0.7281282309070289
neg,powered,ZNF431,TF ChIP-seq,0,18,0.0,14,373,0.03753351206434316,0.0,1.0,1.0,-0.5775864003172241
neg,powered,ZFP30,TF ChIP-seq,0,18,0.0,1,373,0.002680965147453083,0.0,1.0,1.0,2.746680748999418
neg,powered,ZNF41,TF ChIP-seq,0,18,0.0,18,373,0.04825737265415549,0.0,1.0,1.0,-0.9452009816384843
neg,powered,ZNF407,TF ChIP-seq,0,18,0.0,3,373,0.00804289544235925,0.0,1.0,1.0,1.5165214446192798
neg,powered,ZNF398,TF ChIP-seq,0,18,0.0,4,373,0.010723860589812333,0.0,1.0,1.0,1.1500521870748888
neg,powered,WHSC1,TF ChIP-seq,0,18,0.0,4,373,0.010723860589812333,0.0,1.0,1.0,1.1500521870748888
neg,powered,ZNF397,TF ChIP-seq,0,18,0.0,11,373,0.029490616621983913,0.0,1.0,1.0,-0.23117813678366583
neg,powered,ZNF395,TF ChIP-seq,2,18,0.1111111111111111,58,373,0.1554959785522788,0.6788793103448276,1.0,1.0,-0.2913345490719466
neg,powered,ZBTB11,TF ChIP-seq,0,18,0.0,4,373,0.010723860589812333,0.0,1.0,1.0,1.1500521870748888
neg,powered,ZNF354C,TF ChIP-seq,0,18,0.0,4,373,0.010723860589812333,0.0,1.0,1.0,1.1500521870748888
neg,powered,XRCC3,TF ChIP-seq,0,18,0.0,1,373,0.002680965147453083,0.0,1.0,1.0,2.746680748999418
neg,powered,ZNF347,TF ChIP-seq,0,18,0.0,1,373,0.002680965147453083,0.0,1.0,1.0,2.746680748999418
neg,powered,ZNF324,TF ChIP-seq,0,18,0.0,8,373,0.021447721179624665,0.0,1.0,1.0,0.21681138907314804
neg,powered,XRCC4,TF ChIP-seq,0,18,0.0,1,373,0.002680965147453083,0.0,1.0,1.0,2.746680748999418
neg,powered,ZNF316,TF ChIP-seq,4,18,0.2222222222222222,58,373,0.1554959785522788,1.5517241379310345,0.5044276283964317,1.0,0.7430754817138847
neg,powered,ZNF3,TF ChIP-seq,0,18,0.0,3,373,0.00804289544235925,0.0,1.0,1.0,1.5165214446192798
neg,powered,YBX1,TF ChIP-seq,0,18,0.0,2,373,0.005361930294906166,0.0,1.0,1.0,2.0058369400222844
neg,powered,YBX3,TF ChIP-seq,0,18,0.0,2,373,0.005361930294906166,0.0,1.0,1.0,2.0058369400222844
neg,powered,ZNF274,TF ChIP-seq,0,18,0.0,7,373,0.01876675603217158,0.0,1.0,1.0,0.4013254268963436
neg,powered,ZNF263,TF ChIP-seq,3,18,0.16666666666666666,55,373,0.14745308310991956,1.1563636363636363,0.7385031237305377,1.0,0.3738923075769232
neg,powered,ZNF253,TF ChIP-seq,0,18,0.0,3,373,0.00804289544235925,0.0,1.0,1.0,1.5165214446192798
neg,powered,ZNF239,TF ChIP-seq,0,18,0.0,20,373,0.05361930294906166,0.0,0.6132806004994874,1.0,-1.1014389654376346
neg,powered,ZNF232,TF ChIP-seq,0,18,0.0,8,373,0.021447721179624665,0.0,1.0,1.0,0.21681138907314804
neg,powered,ZNF354B,TF ChIP-seq,0,18,0.0,3,373,0.00804289544235925,0.0,1.0,1.0,1.5165214446192798
neg,powered,ZMYM3,TF ChIP-seq,0,18,0.0,22,373,0.058981233243967826,0.0,0.6127504002300477,1.0,-1.2439255828860891
neg,powered,PATZ1,TF ChIP-seq,0,18,0.0,12,373,0.032171581769437,0.0,1.0,1.0,-0.35545771845255664
neg,powered,SNRNP70,TF ChIP-seq,0,18,0.0,3,373,0.00804289544235925,0.0,1.0,1.0,1.5165214446192798
neg,powered,GTF3C2,TF ChIP-seq,0,18,0.0,2,373,0.005361930294906166,0.0,1.0,1.0,2.0058369400222844
neg,powered,GTF2I,TF ChIP-seq,0,18,0.0,22,373,0.058981233243967826,0.0,0.6127504002300477,1.0,-1.2439255828860891
neg,powered,GTF2F1,TF ChIP-seq,0,18,0.0,6,373,0.0160857908847185,0.0,1.0,1.0,0.6117073559536848
neg,powered,GTF2A2,TF ChIP-seq,0,18,0.0,14,373,0.03753351206434316,0.0,1.0,1.0,-0.5775864003172241
neg,powered,GMEB1,TF ChIP-seq,1,18,0.05555555555555555,21,373,0.05630026809651475,0.9859943977591037,1.0,1.0,0.4908941763602477
neg,powered,GATAD2B,TF ChIP-seq,1,18,0.05555555555555555,31,373,0.08310991957104558,0.6489563567362429,1.0,1.0,-0.10164026187583762
neg,powered,GABPB2,TF ChIP-seq,0,18,0.0,2,373,0.005361930294906166,0.0,1.0,1.0,2.0058369400222844
neg,powered,GABPA,TF ChIP-seq,3,18,0.16666666666666666,61,373,0.16353887399463807,1.022950819672131,1.0,1.0,0.1983564858809385
neg,powered,FUS,TF ChIP-seq,0,18,0.0,6,373,0.0160857908847185,0.0,1.0,1.0,0.6117073559536848
neg,powered,FOXO4,TF ChIP-seq,0,18,0.0,10,373,0.02680965147453083,0.0,1.0,1.0,-0.09595923448811564
neg,powered,FOXK1,TF ChIP-seq,0,18,0.0,12,373,0.032171581769437,0.0,1.0,1.0,-0.35545771845255664
neg,powered,FOXA3,TF ChIP-seq,1,18,0.05555555555555555,15,373,0.040214477211796246,1.4039215686274509,0.5366581456843244,1.0,0.9873124820912194
neg,powered,FOXA1,TF ChIP-seq,0,18,0.0,2,373,0.005361930294906166,0.0,1.0,1.0,2.0058369400222844
neg,powered,FOSL1,TF ChIP-seq,4,18,0.2222222222222222,94,373,0.2520107238605898,0.8480243161094225,1.0,1.0,-0.12359394506314232
neg,powered,FOS,TF ChIP-seq,1,18,0.05555555555555555,24,373,0.064343163538874,0.8553921568627451,1.0,1.0,0.29011828503641807
neg,powered,FIP1L1,TF ChIP-seq,0,18,0.0,13,373,0.03485254691689008,0.0,1.0,1.0,-0.4704854185515957
neg,powered,EZH2,TF ChIP-seq,0,18,0.0,1,373,0.002680965147453083,0.0,1.0,1.0,2.746680748999418
neg,powered,H2AFZ,Histone ChIP-seq,8,18,0.4444444444444444,153,373,0.4101876675603217,1.1503267973856208,0.8094539826618365,1.0,0.2176854186589204
neg,powered,H3K27ac,Histone ChIP-seq,8,18,0.4444444444444444,140,373,0.3753351206434316,1.3314285714285714,0.6215283551206741,1.0,0.42799783796031504
neg,powered,H3K27me3,Histone ChIP-seq,0,18,0.0,9,373,0.024128686327077747,0.0,1.0,1.0,0.052394125254401874
neg,powered,H3K4me3,Histone ChIP-seq,3,18,0.16666666666666666,68,373,0.18230563002680966,0.8970588235294118,1.0,1.0,0.010155098528931837
neg,powered,HOMEZ,TF ChIP-seq,0,18,0.0,9,373,0.024128686327077747,0.0,1.0,1.0,0.052394125254401874
neg,powered,HNRNPUL1,TF ChIP-seq,0,18,0.0,2,373,0.005361930294906166,0.0,1.0,1.0,2.0058369400222844
neg,powered,HNRNPLL,TF ChIP-seq,0,18,0.0,28,373,0.07506702412868632,0.0,0.6293511000584208,1.0,-1.609801479405433
neg,powered,HNRNPK,TF ChIP-seq,0,18,0.0,10,373,0.02680965147453083,0.0,1.0,1.0,-0.09595923448811564
neg,powered,HNRNPH1,TF ChIP-seq,0,18,0.0,2,373,0.005361930294906166,0.0,1.0,1.0,2.0058369400222844
neg,powered,HMGXB4,TF ChIP-seq,0,18,0.0,22,373,0.058981233243967826,0.0,0.6127504002300477,1.0,-1.2439255828860891
neg,powered,HMGN3,TF ChIP-seq,1,18,0.05555555555555555,38,373,0.10187667560321716,0.5185758513931888,1.0,1.0,-0.42093810071852816
neg,powered,HMG20B,TF ChIP-seq,0,18,0.0,2,373,0.005361930294906166,0.0,1.0,1.0,2.0058369400222844
neg,powered,EWSR1,TF ChIP-seq,0,18,0.0,1,373,0.002680965147453083,0.0,1.0,1.0,2.746680748999418
neg,powered,HIVEP1,TF ChIP-seq,1,18,0.05555555555555555,14,373,0.03753351206434316,1.5084033613445378,0.5133616278695696,1.0,1.0875464490879154
neg,powered,HDAC8,TF ChIP-seq,2,18,0.1111111111111111,32,373,0.08579088471849866,1.33203125,0.6631710051670328,1.0,0.6709079307905448
neg,powered,HDAC6,TF ChIP-seq,0,18,0.0,1,373,0.002680965147453083,0.0,1.0,1.0,2.746680748999418
neg,powered,HDAC2,TF ChIP-seq,0,18,0.0,13,373,0.03485254691689008,0.0,1.0,1.0,-0.4704854185515957
neg,powered,HBP1,TF ChIP-seq,0,18,0.0,18,373,0.04825737265415549,0.0,1.0,1.0,-0.9452009816384843
neg,powered,H4K20me1,Histone ChIP-seq,2,18,0.1111111111111111,57,373,0.15281501340482573,0.6929824561403509,1.0,1.0,-0.26189438598712506
neg,powered,H3K9me3,Histone ChIP-seq,0,18,0.0,1,373,0.002680965147453083,0.0,1.0,1.0,2.746680748999418
neg,powered,H3K9ac,Histone ChIP-seq,4,18,0.2222222222222222,118,373,0.3163538873994638,0.6174334140435835,0.6028961853152706,1.0,-0.5796197616458976
neg,powered,H3K79me2,Histone ChIP-seq,2,18,0.1111111111111111,77,373,0.2064343163538874,0.4805194805194805,0.5465263657035124,1.0,-0.7867021351993249
neg,powered,HINFP,TF ChIP-seq,1,18,0.05555555555555555,20,373,0.05361930294906166,1.0382352941176471,1.0,1.0,0.5636938839675049
neg,powered,ETV6,TF ChIP-seq,0,18,0.0,4,373,0.010723860589812333,0.0,1.0,1.0,1.1500521870748888
neg,powered,ETS2,TF ChIP-seq,0,18,0.0,3,373,0.00804289544235925,0.0,1.0,1.0,1.5165214446192798
neg,powered,ETS1,TF ChIP-seq,1,18,0.05555555555555555,19,373,0.05093833780160858,1.0959752321981424,1.0,1.0,0.6399190821534575
neg,powered,CHD1,TF ChIP-seq,0,18,0.0,20,373,0.05361930294906166,0.0,0.6132806004994874,1.0,-1.1014389654376346
neg,powered,CHCHD3,TF ChIP-seq,0,18,0.0,2,373,0.005361930294906166,0.0,1.0,1.0,2.0058369400222844
neg,powered,CGGBP1,TF ChIP-seq,0,18,0.0,5,373,0.013404825737265416,0.0,1.0,1.0,0.8566358248288226
neg,powered,CEBPZ,TF ChIP-seq,0,18,0.0,1,373,0.002680965147453083,0.0,1.0,1.0,2.746680748999418
neg,powered,CCNT2,TF ChIP-seq,3,18,0.16666666666666666,47,373,0.1260053619302949,1.3872340425531915,0.71418809928031,1.0,0.6342421848862118
neg,powered,CCAR2,TF ChIP-seq,0,18,0.0,1,373,0.002680965147453083,0.0,1.0,1.0,2.746680748999418
neg,powered,CBX8,TF ChIP-seq,0,18,0.0,1,373,0.002680965147453083,0.0,1.0,1.0,2.746680748999418
neg,powered,CBX2,TF ChIP-seq,0,18,0.0,1,373,0.002680965147453083,0.0,1.0,1.0,2.746680748999418
neg,powered,CHD4,TF ChIP-seq,0,18,0.0,9,373,0.024128686327077747,0.0,1.0,1.0,0.052394125254401874
neg,powered,CAMTA2,TF ChIP-seq,0,18,0.0,10,373,0.02680965147453083,0.0,1.0,1.0,-0.09595923448811564
neg,powered,BMI1,TF ChIP-seq,0,18,0.0,7,373,0.01876675603217158,0.0,1.0,1.0,0.4013254268963436
neg,powered,BCLAF1,TF ChIP-seq,0,18,0.0,2,373,0.005361930294906166,0.0,1.0,1.0,2.0058369400222844
neg,powered,ATF6,TF ChIP-seq,1,18,0.05555555555555555,13,373,0.03485254691689008,1.6289592760180995,0.4889619323309966,1.0,1.1946474308535435
neg,powered,ATF1,TF ChIP-seq,6,18,0.3333333333333333,96,373,0.257372654155496,1.4427083333333333,0.5821311319292617,1.0,0.5804704523357552
neg,powered,ARID4B,TF ChIP-seq,0,18,0.0,11,373,0.029490616621983913,0.0,1.0,1.0,-0.23117813678366583
neg,powered,ARID3B,TF ChIP-seq,0,18,0.0,5,373,0.013404825737265416,0.0,1.0,1.0,0.8566358248288226
neg,powered,AGO1,TF ChIP-seq,1,18,0.05555555555555555,15,373,0.040214477211796246,1.4039215686274509,0.5366581456843244,1.0,0.9873124820912194
neg,powered,AFF4,TF ChIP-seq,2,18,0.1111111111111111,30,373,0.08042895442359249,1.4291666666666667,0.6506365072966951,1.0,0.7709629267841227
neg,powered,BRD4,TF ChIP-seq,0,18,0.0,19,373,0.05093833780160858,0.0,1.0,1.0,-1.0252137672516821
neg,powered,HOXB6,TF ChIP-seq,0,18,0.0,3,373,0.00804289544235925,0.0,1.0,1.0,1.5165214446192798
neg,powered,CHD7,TF ChIP-seq,0,18,0.0,1,373,0.002680965147453083,0.0,1.0,1.0,2.746680748999418
neg,powered,CREB5,TF ChIP-seq,0,18,0.0,5,373,0.013404825737265416,0.0,1.0,1.0,0.8566358248288226
neg,powered,ESRRB,TF ChIP-seq,0,18,0.0,7,373,0.01876675603217158,0.0,1.0,1.0,0.4013254268963436
neg,powered,ERF,TF ChIP-seq,1,18,0.05555555555555555,22,373,0.058981233243967826,0.9385026737967914,1.0,1.0,0.42120726651905027
neg,powered,ELK3,TF ChIP-seq,0,18,0.0,2,373,0.005361930294906166,0.0,1.0,1.0,2.0058369400222844
neg,powered,ELF4,TF ChIP-seq,2,18,0.1111111111111111,29,373,0.0777479892761394,1.4827586206896552,0.6447798306697448,1.0,0.8232510988713589
neg,powered,ELF2,TF ChIP-seq,1,18,0.05555555555555555,20,373,0.05361930294906166,1.0382352941176471,1.0,1.0,0.5636938839675049
neg,powered,EHMT2,TF ChIP-seq,2,18,0.1111111111111111,31,373,0.08310991957104558,1.3790322580645162,0.6567795631398415,1.0,0.7202142298768816
neg,powered,E4F1,TF ChIP-seq,0,18,0.0,5,373,0.013404825737265416,0.0,1.0,1.0,0.8566358248288226
neg,powered,E2F7,TF ChIP-seq,0,18,0.0,6,373,0.0160857908847185,0.0,1.0,1.0,0.6117073559536848
neg,powered,CREB3,TF ChIP-seq,2,18,0.1111111111111111,28,373,0.07506702412868632,1.5401785714285714,0.6392503344104776,1.0,0.8771858617524257
neg,powered,E2F6,TF ChIP-seq,4,18,0.2222222222222222,68,373,0.18230563002680966,1.281512605042017,0.7542878984769428,1.0,0.468940493172943
neg,powered,E2F4,TF ChIP-seq,0,18,0.0,8,373,0.021447721179624665,0.0,1.0,1.0,0.21681138907314804
neg,powered,E2F3,TF ChIP-seq,1,18,0.05555555555555555,22,373,0.058981233243967826,0.9385026737967914,1.0,1.0,0.42120726651905027
neg,powered,DNMT1,TF ChIP-seq,0,18,0.0,4,373,0.010723860589812333,0.0,1.0,1.0,1.1500521870748888
neg,powered,DMBX1,TF ChIP-seq,2,18,0.1111111111111111,49,373,0.13136729222520108,0.826530612244898,1.0,1.0,-0.009747976551562149
neg,powered,DDIT3,TF ChIP-seq,0,18,0.0,7,373,0.01876675603217158,0.0,1.0,1.0,0.4013254268963436
neg,powered,CTCFL,TF ChIP-seq,2,18,0.1111111111111111,44,373,0.11796246648793565,0.9346590909090909,1.0,1.0,0.1659351995705628
neg,powered,CSDE1,TF ChIP-seq,0,18,0.0,1,373,0.002680965147453083,0.0,1.0,1.0,2.746680748999418
neg,powered,CREBBP,TF ChIP-seq,0,18,0.0,1,373,0.002680965147453083,0.0,1.0,1.0,2.746680748999418
neg,powered,E2F5,TF ChIP-seq,2,18,0.1111111111111111,50,373,0.13404825737265416,0.8075,1.0,1.0,-0.04305560523037837
neg,powered,ID3,TF ChIP-seq,0,18,0.0,4,373,0.010723860589812333,0.0,1.0,1.0,1.1500521870748888
neg,powered,IKZF1,TF ChIP-seq,6,18,0.3333333333333333,105,373,0.28150134048257375,1.276190476190476,0.6017571075740468,1.0,0.4042626176445949
neg,powered,ILF3,TF ChIP-seq,0,18,0.0,8,373,0.021447721179624665,0.0,1.0,1.0,0.21681138907314804
neg,powered,RBM34,TF ChIP-seq,0,18,0.0,2,373,0.005361930294906166,0.0,1.0,1.0,2.0058369400222844
neg,powered,RBM25,TF ChIP-seq,0,18,0.0,21,373,0.05630026809651475,0.0,0.6125509412551469,1.0,-1.1742386730448917
neg,powered,RBM22,TF ChIP-seq,1,18,0.05555555555555555,22,373,0.058981233243967826,0.9385026737967914,1.0,1.0,0.42120726651905027
neg,powered,RBM14,TF ChIP-seq,0,18,0.0,5,373,0.013404825737265416,0.0,1.0,1.0,0.8566358248288226
neg,powered,RBFOX2,TF ChIP-seq,3,18,0.16666666666666666,90,373,0.24128686327077747,0.6288888888888889,0.5813541612350773,1.0,-0.4994823504702477
neg,powered,RBBP5,TF ChIP-seq,1,18,0.05555555555555555,36,373,0.09651474530831099,0.5506535947712419,1.0,1.0,-0.3354013831656342
neg,powered,RB1,TF ChIP-seq,3,18,0.16666666666666666,64,373,0.17158176943699732,0.965625,1.0,1.0,0.11572695546173954
neg,powered,RAD51,TF ChIP-seq,1,18,0.05555555555555555,47,373,0.1260053619302949,0.40801001251564456,0.7103935750983006,1.0,-0.7632369430083275
neg,powered,RBM39,TF ChIP-seq,0,18,0.0,3,373,0.00804289544235925,0.0,1.0,1.0,1.5165214446192798
neg,powered,PYGO2,TF ChIP-seq,1,18,0.05555555555555555,11,373,0.029490616621983913,1.9358288770053476,0.4366548503355128,1.0,1.4339547126214736
neg,powered,PTRF,TF ChIP-seq,1,18,0.05555555555555555,12,373,0.032171581769437,1.7696078431372548,0.4634100289475463,1.0,1.3096751309525827
neg,powered,PTBP1,TF ChIP-seq,1,18,0.05555555555555555,11,373,0.029490616621983913,1.9358288770053476,0.4366548503355128,1.0,1.4339547126214736
neg,powered,PRPF4,TF ChIP-seq,0,18,0.0,14,373,0.03753351206434316,0.0,1.0,1.0,-0.5775864003172241
neg,powered,PREB,TF ChIP-seq,0,18,0.0,12,373,0.032171581769437,0.0,1.0,1.0,-0.35545771845255664
neg,powered,PPARD,TF ChIP-seq,0,18,0.0,2,373,0.005361930294906166,0.0,1.0,1.0,2.0058369400222844
neg,powered,POU5F1,TF ChIP-seq,0,18,0.0,3,373,0.00804289544235925,0.0,1.0,1.0,1.5165214446192798
neg,powered,POLR2H,TF ChIP-seq,1,18,0.05555555555555555,17,373,0.045576407506702415,1.231833910034602,0.5801280360164859,1.0,0.8041547332751114
neg,powered,POLR2G,TF ChIP-seq,3,18,0.16666666666666666,75,373,0.20107238605898123,0.7946666666666666,1.0,1.0,-0.16365900638954492
neg,powered,PTTG1,TF ChIP-seq,0,18,0.0,9,373,0.024128686327077747,0.0,1.0,1.0,0.052394125254401874
neg,powered,POLR2AphosphoS2,TF ChIP-seq,1,18,0.05555555555555555,22,373,0.058981233243967826,0.9385026737967914,1.0,1.0,0.42120726651905027
neg,powered,RBPJ,TF ChIP-seq,0,18,0.0,5,373,0.013404825737265416,0.0,1.0,1.0,0.8566358248288226
neg,powered,REST,TF ChIP-seq,0,18,0.0,8,373,0.021447721179624665,0.0,1.0,1.0,0.21681138907314804
neg,powered,SNIP1,TF ChIP-seq,0,18,0.0,4,373,0.010723860589812333,0.0,1.0,1.0,1.1500521870748888
neg,powered,SMC3,TF ChIP-seq,6,18,0.3333333333333333,101,373,0.2707774798927614,1.3465346534653466,0.5909462635046198,1.0,0.48136003084548
neg,powered,SMARCB1,TF ChIP-seq,0,18,0.0,11,373,0.029490616621983913,0.0,1.0,1.0,-0.23117813678366583
neg,powered,SMAD3,TF ChIP-seq,1,18,0.05555555555555555,24,373,0.064343163538874,0.8553921568627451,1.0,1.0,0.29011828503641807
neg,powered,SMAD1,TF ChIP-seq,1,18,0.05555555555555555,20,373,0.05361930294906166,1.0382352941176471,1.0,1.0,0.5636938839675049
neg,powered,SIX5,TF ChIP-seq,0,18,0.0,6,373,0.0160857908847185,0.0,1.0,1.0,0.6117073559536848
neg,powered,SIRT6,TF ChIP-seq,0,18,0.0,1,373,0.002680965147453083,0.0,1.0,1.0,2.746680748999418
neg,powered,SIN3B,TF ChIP-seq,1,18,0.05555555555555555,15,373,0.040214477211796246,1.4039215686274509,0.5366581456843244,1.0,0.9873124820912194
neg,powered,RERE,TF ChIP-seq,0,18,0.0,8,373,0.021447721179624665,0.0,1.0,1.0,0.21681138907314804
neg,powered,SFPQ,TF ChIP-seq,0,18,0.0,1,373,0.002680965147453083,0.0,1.0,1.0,2.746680748999418
neg,powered,SAP30,TF ChIP-seq,0,18,0.0,20,373,0.05361930294906166,0.0,0.6132806004994874,1.0,-1.1014389654376346
neg,powered,SAFB,TF ChIP-seq,0,18,0.0,10,373,0.02680965147453083,0.0,1.0,1.0,-0.09595923448811564
neg,powered,RUNX1,TF ChIP-seq,1,18,0.05555555555555555,13,373,0.03485254691689008,1.6289592760180995,0.4889619323309966,1.0,1.1946474308535435
neg,powered,RREB1,TF ChIP-seq,2,18,0.1111111111111111,29,373,0.0777479892761394,1.4827586206896552,0.6447798306697448,1.0,0.8232510988713589
neg,powered,RNF219,TF ChIP-seq,0,18,0.0,1,373,0.002680965147453083,0.0,1.0,1.0,2.746680748999418
neg,powered,RHOXF2B,TF ChIP-seq,0,18,0.0,9,373,0.024128686327077747,0.0,1.0,1.0,0.052394125254401874
neg,powered,RFX7,TF ChIP-seq,0,18,0.0,3,373,0.00804289544235925,0.0,1.0,1.0,1.5165214446192798
neg,powered,RFX1,TF ChIP-seq,1,18,0.05555555555555555,20,373,0.05361930294906166,1.0382352941176471,1.0,1.0,0.5636938839675049
neg,powered,SETDB1,TF ChIP-seq,0,18,0.0,2,373,0.005361930294906166,0.0,1.0,1.0,2.0058369400222844
neg,powered,SP2,TF ChIP-seq,0,18,0.0,3,373,0.00804289544235925,0.0,1.0,1.0,1.5165214446192798
neg,powered,POLR2A,TF ChIP-seq,3,18,0.16666666666666666,60,373,0.16085790884718498,1.0433333333333332,1.0,1.0,0.2266170071981734
neg,powered,PHF8,TF ChIP-seq,1,18,0.05555555555555555,47,373,0.1260053619302949,0.40801001251564456,0.7103935750983006,1.0,-0.7632369430083275
neg,powered,MCM3,TF ChIP-seq,0,18,0.0,2,373,0.005361930294906166,0.0,1.0,1.0,2.0058369400222844
neg,powered,MAZ,TF ChIP-seq,5,18,0.2777777777777778,76,373,0.2037533512064343,1.5030364372469636,0.5495180831470917,1.0,0.6639021319764828
neg,powered,MAX,TF ChIP-seq,7,18,0.3888888888888889,111,373,0.2975871313672922,1.5020475020475021,0.4348085730480985,1.0,0.6186023521846858
neg,powered,MAFK,TF ChIP-seq,3,18,0.16666666666666666,50,373,0.13404825737265416,1.292,0.7217780845350512,1.0,0.5325690309114416
neg,powered,MAFG,TF ChIP-seq,3,18,0.16666666666666666,55,373,0.14745308310991956,1.1563636363636363,0.7385031237305377,1.0,0.3738923075769232
neg,powered,L3MBTL2,TF ChIP-seq,6,18,0.3333333333333333,120,373,0.32171581769436997,1.0541666666666667,1.0,1.0,0.12953612913974644
neg,powered,KLF6,TF ChIP-seq,0,18,0.0,23,373,0.06166219839142091,0.0,0.6137998571399933,1.0,-1.310771583295964
neg,powered,KLF10,TF ChIP-seq,0,18,0.0,1,373,0.002680965147453083,0.0,1.0,1.0,2.746680748999418
neg,powered,MED1,TF ChIP-seq,0,18,0.0,2,373,0.005361930294906166,0.0,1.0,1.0,2.0058369400222844
neg,powered,KLF1,TF ChIP-seq,2,18,0.1111111111111111,32,373,0.08579088471849866,1.33203125,0.6631710051670328,1.0,0.6709079307905448
neg,powered,KAT8,TF ChIP-seq,0,18,0.0,6,373,0.0160857908847185,0.0,1.0,1.0,0.6117073559536848
neg,powered,KAT7,TF ChIP-seq,1,18,0.05555555555555555,31,373,0.08310991957104558,0.6489563567362429,1.0,1.0,-0.10164026187583762
neg,powered,KAT2B,TF ChIP-seq,0,18,0.0,1,373,0.002680965147453083,0.0,1.0,1.0,2.746680748999418
neg,powered,JUND,TF ChIP-seq,7,18,0.3888888888888889,117,373,0.3136729222520107,1.3923853923853924,0.6045711051430118,1.0,0.5096267085935599
neg,powered,JUN,TF ChIP-seq,3,18,0.16666666666666666,59,373,0.1581769436997319,1.064406779661017,1.0,1.0,0.25525705524207465
neg,powered,IRF2,TF ChIP-seq,0,18,0.0,17,373,0.045576407506702415,0.0,1.0,1.0,-0.8609781161300281
neg,powered,IRF1,TF ChIP-seq,0,18,0.0,24,373,0.064343163538874,0.0,0.615624999592073,1.0,-1.3750145643687217
neg,powered,ILK,TF ChIP-seq,0,18,0.0,3,373,0.00804289544235925,0.0,1.0,1.0,1.5165214446192798
neg,powered,KDM2B,TF ChIP-seq,0,18,0.0,10,373,0.02680965147453083,0.0,1.0,1.0,-0.09595923448811564
neg,powered,PHTF2,TF ChIP-seq,0,18,0.0,5,373,0.013404825737265416,0.0,1.0,1.0,0.8566358248288226
neg,powered,MEF2A,TF ChIP-seq,0,18,0.0,5,373,0.013404825737265416,0.0,1.0,1.0,0.8566358248288226
neg,powered,MGA,TF ChIP-seq,2,18,0.1111111111111111,67,373,0.17962466487935658,0.5708955223880597,0.7508151075343034,1.0,-0.5395383578311406
neg,powered,PHB,TF ChIP-seq,0,18,0.0,8,373,0.021447721179624665,0.0,1.0,1.0,0.21681138907314804
neg,powered,PCBP2,TF ChIP-seq,0,18,0.0,3,373,0.00804289544235925,0.0,1.0,1.0,1.5165214446192798
neg,powered,PCBP1,TF ChIP-seq,0,18,0.0,22,373,0.058981233243967826,0.0,0.6127504002300477,1.0,-1.2439255828860891
neg,powered,ZSCAN32,TF ChIP-seq,0,18,0.0,9,373,0.024128686327077747,0.0,1.0,1.0,0.052394125254401874
neg,powered,OTX1,TF ChIP-seq,0,18,0.0,17,373,0.045576407506702415,0.0,1.0,1.0,-0.8609781161300281
neg,powered,NR4A1,TF ChIP-seq,1,18,0.05555555555555555,19,373,0.05093833780160858,1.0959752321981424,1.0,1.0,0.6399190821534575
neg,powered,NR2F6,TF ChIP-seq,0,18,0.0,6,373,0.0160857908847185,0.0,1.0,1.0,0.6117073559536848
neg,powered,NR1H2,TF ChIP-seq,1,18,0.05555555555555555,11,373,0.029490616621983913,1.9358288770053476,0.4366548503355128,1.0,1.4339547126214736
neg,powered,MEIS2,TF ChIP-seq,5,18,0.2777777777777778,94,373,0.2520107238605898,1.141571194762684,0.7847920243850693,1.0,0.2690061650959461
neg,powered,NFYB,TF ChIP-seq,0,18,0.0,13,373,0.03485254691689008,0.0,1.0,1.0,-0.4704854185515957
neg,powered,NFIX,TF ChIP-seq,0,18,0.0,4,373,0.010723860589812333,0.0,1.0,1.0,1.1500521870748888
neg,powered,NFE2L1,TF ChIP-seq,1,18,0.05555555555555555,12,373,0.032171581769437,1.7696078431372548,0.4634100289475463,1.0,1.3096751309525827
neg,powered,MYC,TF ChIP-seq,0,18,0.0,28,373,0.07506702412868632,0.0,0.6293511000584208,1.0,-1.609801479405433
neg,powered,MYBL2,TF ChIP-seq,0,18,0.0,4,373,0.010723860589812333,0.0,1.0,1.0,1.1500521870748888
neg,powered,MXD1,TF ChIP-seq,0,18,0.0,5,373,0.013404825737265416,0.0,1.0,1.0,0.8566358248288226
neg,powered,MTF1,TF ChIP-seq,0,18,0.0,5,373,0.013404825737265416,0.0,1.0,1.0,0.8566358248288226
neg,powered,MLX,TF ChIP-seq,0,18,0.0,4,373,0.010723860589812333,0.0,1.0,1.0,1.1500521870748888
neg,powered,MITF,TF ChIP-seq,3,18,0.16666666666666666,55,373,0.14745308310991956,1.1563636363636363,0.7385031237305377,1.0,0.3738923075769232
neg,powered,NFYA,TF ChIP-seq,0,18,0.0,8,373,0.021447721179624665,0.0,1.0,1.0,0.21681138907314804
neg,powered,ZZZ3,TF ChIP-seq,0,18,0.0,1,373,0.002680965147453083,0.0,1.0,1.0,2.746680748999418
neg,all,ZNF184,TF ChIP-seq,6,18,0.3333333333333333,18,599,0.03005008347245409,16.13888888888889,2.4545604433591885e-05,0.009030960779548652,4.030765544210636
neg,all,E2F8,TF ChIP-seq,7,18,0.3888888888888889,32,599,0.05342237061769616,11.275568181818182,4.4644863095296345e-05,0.009030960779548652,3.5094374087013285
neg,all,TRIM28,TF ChIP-seq,7,18,0.3888888888888889,33,599,0.05509181969949917,10.914600550964188,5.322766667710404e-05,0.009030960779548652,3.463171594914249
neg,all,MTA2,TF ChIP-seq,8,18,0.4444444444444444,52,599,0.08681135225375626,8.415384615384616,0.00010201482501432583,0.012981386483072963,3.0776150552939923
neg,all,LARP7,TF ChIP-seq,5,18,0.2777777777777778,17,599,0.028380634390651086,13.167420814479637,0.0002266818101766645,0.019230173563320373,3.7613753390705047
neg,all,SMAD4,TF ChIP-seq,12,18,0.6666666666666666,144,599,0.24040066777963273,6.319444444444445,0.00020658680066882516,0.019230173563320373,2.5997980329350043
neg,all,TRIM25,TF ChIP-seq,4,18,0.2222222222222222,9,599,0.015025041736227046,18.73015873015873,0.00030980563740534646,0.022527295634188763,4.269809742268312
neg,all,NCOA1,TF ChIP-seq,7,18,0.3888888888888889,52,599,0.08681135225375626,6.694055944055944,0.0007087163723879662,0.04509207919318436,2.7657982763739186
neg,all,SMARCA5,TF ChIP-seq,6,18,0.3333333333333333,40,599,0.0667779632721202,6.9875,0.0011622870882421672,0.05916041279152631,2.8447278464581367
neg,all,HDGF,TF ChIP-seq,6,18,0.3333333333333333,40,599,0.0667779632721202,6.9875,0.0011622870882421672,0.05916041279152631,2.8447278464581367
neg,all,TRIM24,TF ChIP-seq,9,18,0.5,99,599,0.1652754590984975,5.05050505050505,0.0013598617950525758,0.06292451397106918,2.330601638292345
neg,all,LCOR,TF ChIP-seq,6,18,0.3333333333333333,44,599,0.07345575959933222,6.306818181818182,0.0018367384948422137,0.07790832448955723,2.6984931987890617
neg,all,NKRF,TF ChIP-seq,6,18,0.3333333333333333,47,599,0.07846410684474124,5.872340425531915,0.0025155496000547344,0.0847934215541516,2.5965585743142134
neg,all,ZNF319,TF ChIP-seq,4,18,0.2222222222222222,17,599,0.028380634390651086,9.781512605042018,0.002235304599372837,0.0847934215541516,3.3687752289114163
neg,all,RLF,TF ChIP-seq,5,18,0.2777777777777778,31,599,0.05175292153589316,7.0471464019851116,0.0025143599201313304,0.0847934215541516,2.8782807318661603
neg,all,TCF12,TF ChIP-seq,7,18,0.3888888888888889,66,599,0.11018363939899833,5.139118457300276,0.0026654120724291263,0.0847934215541516,2.387390664874741
neg,all,EGR1,TF ChIP-seq,8,18,0.4444444444444444,91,599,0.15191986644407346,4.465934065934066,0.0036353798567638033,0.10382601566319091,2.1695495440450365
neg,all,MTA1,TF ChIP-seq,7,18,0.3888888888888889,70,599,0.11686143572621036,4.8090909090909095,0.0036716469193269867,0.10382601566319091,2.2922641611450487
neg,all,TCF3,TF ChIP-seq,10,18,0.5555555555555556,141,599,0.2353923205342237,4.060283687943262,0.004041890475579677,0.10828011853000291,2.0009742622915927
neg,all,CREB1,TF ChIP-seq,6,18,0.3333333333333333,53,599,0.08848080133555926,5.150943396226415,0.004434779649182685,0.11286514207169933,2.4091942276371254
neg,all,TOE1,TF ChIP-seq,6,18,0.3333333333333333,54,599,0.09015025041736227,5.046296296296297,0.004839883302932168,0.1151968309991935,2.3798345899130484
neg,all,ZC3H8,TF ChIP-seq,3,18,0.16666666666666666,10,599,0.01669449081803005,11.78,0.004979037882086949,0.1151968309991935,3.6641891918717313
neg,all,BCOR,TF ChIP-seq,7,18,0.3888888888888889,76,599,0.12687813021702837,4.3791866028708135,0.00571225602679264,0.12159047347922812,2.157986523789662
neg,all,ZBTB33,TF ChIP-seq,6,18,0.3333333333333333,56,599,0.09348914858096828,4.848214285714286,0.005733146097252406,0.12159047347922812,2.322540790978489
neg,all,NBN,TF ChIP-seq,7,18,0.3888888888888889,77,599,0.1285475792988314,4.31404958677686,0.006123900780063429,0.12468261988209141,2.1364914612455133
neg,all,ZKSCAN1,TF ChIP-seq,4,18,0.2222222222222222,25,599,0.041736227045075125,6.56,0.007641663905630585,0.14549536511232286,2.805681746989358
neg,all,GATAD2A,TF ChIP-seq,6,18,0.3333333333333333,60,599,0.1001669449081803,4.491666666666666,0.007883989914391664,0.14549536511232286,2.21319944057979
neg,all,ZEB2,TF ChIP-seq,7,18,0.3888888888888889,81,599,0.1352253756260434,4.069584736251403,0.008003674308732889,0.14549536511232286,2.052800664133654
neg,all,ZMIZ1,TF ChIP-seq,5,18,0.2777777777777778,42,599,0.07011686143572621,5.1007326007326,0.008355374313032625,0.14665122501150366,2.417981175143794
neg,all,AFF1,TF ChIP-seq,6,18,0.3333333333333333,62,599,0.10350584307178631,4.330645161290323,0.00916014773300375,0.15541717320329695,2.160920188181103
neg,all,RAD21,TF ChIP-seq,12,18,0.6666666666666666,212,599,0.35392320534223703,3.650943396226415,0.010811654852470208,0.1748766759535516,1.8101499407701682
neg,all,ZNF639,TF ChIP-seq,3,18,0.16666666666666666,14,599,0.02337228714524207,8.357142857142858,0.01099421145484018,0.1748766759535516,3.188702977044372
neg,all,E2F1,TF ChIP-seq,3,18,0.16666666666666666,15,599,0.025041736227045076,7.786666666666667,0.012951370372756045,0.18396148958475095,3.09002151581551
neg,all,NR2C1,TF ChIP-seq,5,18,0.2777777777777778,47,599,0.07846410684474124,4.517184942716858,0.012904498765000124,0.18396148958475095,2.2445191624216747
neg,all,BRD9,TF ChIP-seq,6,18,0.3333333333333333,67,599,0.11185308848080133,3.970149253731343,0.013011028732909694,0.18396148958475095,2.036405646428737
neg,all,STAT6,TF ChIP-seq,3,18,0.16666666666666666,15,599,0.025041736227045076,7.786666666666667,0.012951370372756045,0.18396148958475095,3.09002151581551
neg,all,TBP,TF ChIP-seq,5,18,0.2777777777777778,48,599,0.08013355592654424,4.415064102564102,0.013986680969681945,0.19241136793427324,2.2118483498780837
neg,all,DDX20,TF ChIP-seq,4,18,0.2222222222222222,32,599,0.05342237061769616,5.0625,0.016626382927502868,0.2227060239499726,2.438052775464563
neg,all,ADNP,TF ChIP-seq,5,18,0.2777777777777778,51,599,0.08514190317195326,4.132730015082957,0.01760777399753273,0.224058924118604,2.117391399693803
neg,all,MBD2,TF ChIP-seq,5,18,0.2777777777777778,51,599,0.08514190317195326,4.132730015082957,0.01760777399753273,0.224058924118604,2.117391399693803
neg,all,ARID2,TF ChIP-seq,5,18,0.2777777777777778,52,599,0.08681135225375626,4.045857988165681,0.018944867091195083,0.23519359388825115,2.0870137532962416
neg,all,TRIP13,TF ChIP-seq,2,18,0.1111111111111111,6,599,0.01001669449081803,12.354166666666666,0.020302024439807206,0.24604120094909207,3.7901984770297235
neg,all,ATF7,TF ChIP-seq,9,18,0.5,142,599,0.2370617696160267,3.2183098591549295,0.021344533685323408,0.25265971269371196,1.6828098241193008
neg,all,CEBPB,TF ChIP-seq,7,18,0.3888888888888889,100,599,0.1669449081803005,3.1754545454545453,0.023480648930199563,0.25917949377945904,1.6966178161649954
neg,all,HLTF,TF ChIP-seq,4,18,0.2222222222222222,36,599,0.06010016694490818,4.468253968253968,0.0239320947104805,0.25917949377945904,2.260391247606944
neg,all,BHLHE40,TF ChIP-seq,7,18,0.3888888888888889,100,599,0.1669449081803005,3.1754545454545453,0.023480648930199563,0.25917949377945904,1.6966178161649954
neg,all,MLLT1,TF ChIP-seq,6,18,0.3333333333333333,76,599,0.12687813021702837,3.4407894736842106,0.022706240931399373,0.25917949377945904,1.8312414126045242
neg,all,HES1,TF ChIP-seq,5,18,0.2777777777777778,56,599,0.09348914858096828,3.7293956043956045,0.024982600368839723,0.2595131344436616,1.97050137908595
neg,all,ETV5,TF ChIP-seq,5,18,0.2777777777777778,56,599,0.09348914858096828,3.7293956043956045,0.024982600368839723,0.2595131344436616,1.97050137908595
neg,all,SMARCA4,TF ChIP-seq,9,18,0.5,150,599,0.25041736227045075,2.993333333333333,0.026101452196845364,0.26271746793628714,1.5785576287547451
neg,all,NR2F2,TF ChIP-seq,6,18,0.3333333333333333,79,599,0.1318864774624374,3.2911392405063293,0.02683950556520026,0.26271746793628714,1.7674549263814292
neg,all,NFRKB,TF ChIP-seq,5,18,0.2777777777777778,57,599,0.09515859766277128,3.657219973009447,0.02667114898915439,0.26271746793628714,1.9425333928612953
neg,all,PHB2,TF ChIP-seq,3,18,0.16666666666666666,21,599,0.035058430717863104,5.504761904761905,0.028752625991898612,0.2660924841795708,2.6030670060761207
neg,all,H3K4me1,Histone ChIP-seq,15,18,0.8333333333333334,337,599,0.5626043405676127,3.887240356083086,0.027796126095549073,0.2660924841795708,1.784271308944563
neg,all,ZNF7,TF ChIP-seq,4,18,0.2222222222222222,38,599,0.06343906510851419,4.2180451127819545,0.02823115458892924,0.2660924841795708,2.17829967802044
neg,all,NR3C1,TF ChIP-seq,2,18,0.1111111111111111,8,599,0.01335559265442404,9.234375,0.03151379923803685,0.27187328495187724,3.398305492618358
neg,all,STAT5A,TF ChIP-seq,5,18,0.2777777777777778,59,599,0.09849749582637729,3.5202086049543677,0.03027192963094421,0.27187328495187724,1.8878771609005354
neg,all,H3K9me1,Histone ChIP-seq,2,18,0.1111111111111111,8,599,0.01335559265442404,9.234375,0.03151379923803685,0.27187328495187724,3.398305492618358
neg,all,ZHX1,TF ChIP-seq,2,18,0.1111111111111111,8,599,0.01335559265442404,9.234375,0.03151379923803685,0.27187328495187724,3.398305492618358
neg,all,MEF2D,TF ChIP-seq,5,18,0.2777777777777778,60,599,0.1001669449081803,3.4551282051282053,0.03218643663691433,0.2730482708031566,1.861160028687251
neg,all,TFAP4,TF ChIP-seq,9,18,0.5,158,599,0.2637729549248748,2.7911392405063293,0.03311484008621707,0.27631891153909,1.4779305975090586
neg,all,KDM1A,TF ChIP-seq,6,18,0.3333333333333333,84,599,0.14023372287145242,3.0654761904761907,0.03484351649015892,0.28605403054017564,1.6655327094522916
neg,all,TAF1,TF ChIP-seq,4,18,0.2222222222222222,41,599,0.06844741235392321,3.8885017421602788,0.03552079792757693,0.2869854943672485,2.0623180454511303
neg,all,ZBTB40,TF ChIP-seq,5,18,0.2777777777777778,62,599,0.10350584307178631,3.3312655086848637,0.03624893025017588,0.28829227339593005,1.8088807762885641
neg,all,SMAD5,TF ChIP-seq,4,18,0.2222222222222222,42,599,0.07011686143572621,3.7891156462585034,0.03817937310692473,0.29897386017576444,2.0253810649847055
neg,all,ARID1B,TF ChIP-seq,10,18,0.5555555555555556,188,599,0.31385642737896496,2.7327127659574466,0.03974352331883473,0.30193213984010264,1.4311824886813822
neg,all,CBFA2T3,TF ChIP-seq,10,18,0.5555555555555556,188,599,0.31385642737896496,2.7327127659574466,0.03974352331883473,0.30193213984010264,1.4311824886813822
neg,all,CEBPG,TF ChIP-seq,5,18,0.2777777777777778,64,599,0.10684474123539232,3.215144230769231,0.04062901572238468,0.30210771848184226,1.7580596258008305
neg,all,TARDBP,TF ChIP-seq,4,18,0.2222222222222222,43,599,0.07178631051752922,3.6943521594684388,0.040953698576124,0.30210771848184226,1.9892383878079714
neg,all,LEF1,TF ChIP-seq,6,18,0.3333333333333333,88,599,0.14691151919866444,2.903409090909091,0.042313559260819415,0.3076800237679583,1.5875684080286987
neg,all,ZNF317,TF ChIP-seq,3,18,0.16666666666666666,25,599,0.041736227045075125,4.592,0.04322452200441323,0.309877207045723,2.3468963523453463
neg,all,NFXL1,TF ChIP-seq,2,18,0.1111111111111111,10,599,0.01669449081803005,7.3625,0.04464506372993496,0.31561579775745685,3.0885645557299113
neg,all,VEZF1,TF ChIP-seq,8,18,0.4444444444444444,138,599,0.2303839732888147,2.672463768115942,0.04719038292602035,0.32121453770422875,1.431590090068165
neg,all,NFATC3,TF ChIP-seq,3,18,0.16666666666666666,26,599,0.04340567612687813,4.407692307692308,0.047330236400426634,0.32121453770422875,2.2888878331233546
neg,all,NONO,TF ChIP-seq,4,18,0.2222222222222222,45,599,0.07512520868113523,3.5174603174603174,0.046851939112562385,0.32121453770422875,1.919193016277754
neg,all,KLF16,TF ChIP-seq,6,18,0.3333333333333333,91,599,0.15191986644407346,2.791208791208791,0.04857065622543594,0.325295579194038,1.5309876539398253
neg,all,MCM2,TF ChIP-seq,1,18,0.05555555555555555,1,599,0.001669449081803005,35.1764705882353,0.0575417289355701,0.36390558629874875,5.095924419998536
neg,all,THRB,TF ChIP-seq,3,18,0.16666666666666666,28,599,0.04674457429048414,4.078571428571428,0.056114223819407935,0.36390558629874875,2.178878285720465
neg,all,ZNF282,TF ChIP-seq,4,18,0.2222222222222222,49,599,0.08180300500834725,3.206997084548105,0.06005514587248506,0.36390558629874875,1.7871861397994997
neg,all,HMBOX1,TF ChIP-seq,7,18,0.3888888888888889,108,599,0.18030050083472454,2.893097643097643,0.057197008366656726,0.36390558629874875,1.562825013447607
neg,all,NUFIP1,TF ChIP-seq,2,18,0.1111111111111111,12,599,0.02003338898163606,6.114583333333333,0.059463106498501915,0.36390558629874875,2.8321228272065464
neg,all,GATA2,TF ChIP-seq,5,18,0.2777777777777778,70,599,0.11686143572621036,2.9065934065934065,0.05573633099099911,0.36390558629874875,1.6134796380673717
neg,all,CDC5L,TF ChIP-seq,2,18,0.1111111111111111,12,599,0.02003338898163606,6.114583333333333,0.059463106498501915,0.36390558629874875,2.8321228272065464
neg,all,DPF2,TF ChIP-seq,9,18,0.5,166,599,0.27712854757929883,2.608433734939759,0.059119080810539695,0.36390558629874875,1.3805098161505729
neg,all,ELF1,TF ChIP-seq,4,18,0.2222222222222222,50,599,0.08347245409015025,3.137142857142857,0.06364913958830656,0.37671409360986097,1.7557081945121766
neg,all,XRCC5,TF ChIP-seq,4,18,0.2222222222222222,50,599,0.08347245409015025,3.137142857142857,0.06364913958830656,0.37671409360986097,1.7557081945121766
neg,all,ARNT,TF ChIP-seq,5,18,0.2777777777777778,73,599,0.12186978297161936,2.7713382507903055,0.06442404127324959,0.3769176667595867,1.5451614926631811
neg,all,FOXP4,TF ChIP-seq,2,18,0.1111111111111111,13,599,0.021702838063439065,5.634615384615385,0.06743688132318601,0.3813930288166853,2.718633771393949
neg,all,FOXJ2,TF ChIP-seq,4,18,0.2222222222222222,51,599,0.08514190317195326,3.070028011204482,0.06735991650814241,0.3813930288166853,1.7247912895347148
neg,all,CHAMP1,TF ChIP-seq,2,18,0.1111111111111111,13,599,0.021702838063439065,5.634615384615385,0.06743688132318601,0.3813930288166853,2.718633771393949
neg,all,RCOR1,TF ChIP-seq,9,18,0.5,175,599,0.2921535893155259,2.422857142857143,0.06855976186121578,0.3831535095076951,1.2742935232484778
neg,all,TAL1,TF ChIP-seq,7,18,0.3888888888888889,119,599,0.1986644407345576,2.5668449197860963,0.06925367951809028,0.3831535095076951,1.3908544523445077
neg,all,NR2F1,TF ChIP-seq,7,18,0.3888888888888889,121,599,0.2020033388981636,2.513899323816679,0.07242244010893899,0.38803181068894677,1.3608912504317503
neg,all,ZNF644,TF ChIP-seq,4,18,0.2222222222222222,52,599,0.08681135225375626,3.0054945054945055,0.07118700439357391,0.38803181068894677,1.6944136431371535
neg,all,ATF3,TF ChIP-seq,7,18,0.3888888888888889,121,599,0.2020033388981636,2.513899323816679,0.07242244010893899,0.38803181068894677,1.3608912504317503
neg,all,SMARCE1,TF ChIP-seq,7,18,0.3888888888888889,123,599,0.20534223706176963,2.4626755358462677,0.07588822541684985,0.4023656951789226,1.3312938118767699
neg,all,CREB3L1,TF ChIP-seq,4,18,0.2222222222222222,54,599,0.09015025041736227,2.8835978835978837,0.0791876084395671,0.4155308525333985,1.635195067861421
neg,all,KDM4B,TF ChIP-seq,1,18,0.05555555555555555,2,599,0.00333889816360601,17.558823529411764,0.085125873454529,0.4290006889936165,4.356546291756938
neg,all,NEUROD1,TF ChIP-seq,4,18,0.2222222222222222,55,599,0.09181969949916527,2.825974025974026,0.08335957451219805,0.4290006889936165,1.606316378681541
neg,all,FOXJ3,TF ChIP-seq,1,18,0.05555555555555555,2,599,0.00333889816360601,17.558823529411764,0.085125873454529,0.4290006889936165,4.356546291756938
neg,all,ETV1,TF ChIP-seq,5,18,0.2777777777777778,79,599,0.1318864774624374,2.5316455696202533,0.08410475930325675,0.4290006889936165,1.4154155144888905
neg,all,NCOA6,TF ChIP-seq,2,18,0.1111111111111111,16,599,0.02671118530884808,4.5546875,0.09331720843967639,0.4611500883086921,2.4217287018778038
neg,all,HCFC1,TF ChIP-seq,3,18,0.16666666666666666,35,599,0.05843071786310518,3.222857142857143,0.09256652330725236,0.4611500883086921,1.8442412629390477
neg,all,ZBTB2,TF ChIP-seq,4,18,0.2222222222222222,58,599,0.09682804674457429,2.665024630541872,0.09655044435498486,0.4636243035536537,1.522396814339663
neg,all,SOX6,TF ChIP-seq,8,18,0.4444444444444444,151,599,0.25208681135225375,2.3735099337748347,0.09598023047848642,0.4636243035536537,1.2609356099178894
neg,all,MTA3,TF ChIP-seq,6,18,0.3333333333333333,95,599,0.15859766277128548,2.6526315789473682,0.09592850798672581,0.4636243035536537,1.457865159436976
neg,all,CXXC5,TF ChIP-seq,8,18,0.4444444444444444,154,599,0.2570951585976628,2.311688311688312,0.09961468367438303,0.4694803147246386,1.2229640120891265
neg,all,H3K4me2,Histone ChIP-seq,12,18,0.6666666666666666,278,599,0.46410684474123537,2.3093525179856114,0.09886618480109649,0.4694803147246386,1.1505578816215483
neg,all,CC2D1A,TF ChIP-seq,6,18,0.3333333333333333,99,599,0.1652754590984975,2.525252525252525,0.10118151566495259,0.4701117758268484,1.387185166658712
neg,all,BACH1,TF ChIP-seq,2,18,0.1111111111111111,17,599,0.028380634390651086,4.279411764705882,0.10251946388365456,0.4701117758268484,2.334365198125585
neg,all,CBX5,TF ChIP-seq,2,18,0.1111111111111111,17,599,0.028380634390651086,4.279411764705882,0.10251946388365456,0.4701117758268484,2.334365198125585
neg,all,PKNOX1,TF ChIP-seq,8,18,0.4444444444444444,157,599,0.2621035058430718,2.2522292993630573,0.10395702508950377,0.47244755152283413,1.18547104505466
neg,all,ZNF280A,TF ChIP-seq,1,18,0.05555555555555555,3,599,0.005008347245409015,11.686274509803921,0.11194628758778385,0.4998303542296665,3.8687028894138136
neg,all,POLR3A,TF ChIP-seq,1,18,0.05555555555555555,3,599,0.005008347245409015,11.686274509803921,0.11194628758778385,0.4998303542296665,3.8687028894138136
neg,all,EP400,TF ChIP-seq,6,18,0.3333333333333333,106,599,0.17696160267111852,2.3254716981132075,0.11449170101115864,0.5023816880575841,1.268780182596927
neg,all,MNT,TF ChIP-seq,6,18,0.3333333333333333,106,599,0.17696160267111852,2.3254716981132075,0.11449170101115864,0.5023816880575841,1.268780182596927
neg,all,ESRRA,TF ChIP-seq,6,18,0.3333333333333333,107,599,0.17863105175292154,2.2990654205607477,0.11680504567736218,0.5081518653827124,1.252370593120646
neg,all,CTCF,TF ChIP-seq,9,18,0.5,185,599,0.3088480801335559,2.2378378378378376,0.11907798116382573,0.5136499356981974,1.159952914874947
neg,all,CTBP1,TF ChIP-seq,9,18,0.5,188,599,0.31385642737896496,2.1861702127659575,0.12217674662858413,0.5139501159830522,1.1263279071529613
neg,all,CBX1,TF ChIP-seq,2,18,0.1111111111111111,19,599,0.03171953255425709,3.8157894736842106,0.12165752225496741,0.5139501159830522,2.173284013532227
neg,all,ZNF384,TF ChIP-seq,4,18,0.2222222222222222,63,599,0.10517529215358931,2.430839002267574,0.12070941995791212,0.5139501159830522,1.3906936802990961
neg,all,SPI1,TF ChIP-seq,4,18,0.2222222222222222,64,599,0.10684474123539232,2.388392857142857,0.12585383160374705,0.5208097584252622,1.365459515641742
neg,all,DACH1,TF ChIP-seq,4,18,0.2222222222222222,64,599,0.10684474123539232,2.388392857142857,0.12585383160374705,0.5208097584252622,1.365459515641742
neg,all,ZFP36,TF ChIP-seq,3,18,0.16666666666666666,41,599,0.06844741235392321,2.7219512195121953,0.13014244253298696,0.5342137358813739,1.603532650807119
neg,all,MIER1,TF ChIP-seq,2,18,0.1111111111111111,20,599,0.0333889816360601,3.61875,0.13155321973308626,0.5356847107531273,2.098646821917297
neg,all,TAF9B,TF ChIP-seq,3,18,0.16666666666666666,42,599,0.07011686143572621,2.6523809523809523,0.13690113143337337,0.5530371103141829,1.5665956703406942
neg,all,MCM7,TF ChIP-seq,1,18,0.05555555555555555,4,599,0.00667779632721202,8.75,0.13802290557052432,0.5531784168141487,3.5037121801979914
neg,all,H3K36me3,Histone ChIP-seq,3,18,0.16666666666666666,43,599,0.07178631051752922,2.5860465116279068,0.14378869596777677,0.5717847363093623,1.53045299316396
neg,all,ZNF592,TF ChIP-seq,7,18,0.3888888888888889,132,599,0.22036727879799667,2.2513774104683195,0.14606865587614368,0.5763484173717607,1.202302644875943
neg,all,HNRNPL,TF ChIP-seq,2,18,0.1111111111111111,22,599,0.03672787979966611,3.278409090909091,0.15190397932791672,0.5829989594848575,1.959358015502654
neg,all,CUX1,TF ChIP-seq,2,18,0.1111111111111111,22,599,0.03672787979966611,3.278409090909091,0.15190397932791672,0.5829989594848575,1.959358015502654
neg,all,DIDO1,TF ChIP-seq,2,18,0.1111111111111111,22,599,0.03672787979966611,3.278409090909091,0.15190397932791672,0.5829989594848575,1.959358015502654
neg,all,CBFA2T2,TF ChIP-seq,7,18,0.3888888888888889,137,599,0.2287145242070117,2.145985401459854,0.1523356809655914,0.5829989594848575,1.1333503865431582
neg,all,GABPB1,TF ChIP-seq,5,18,0.2777777777777778,83,599,0.13856427378964942,2.391102873030584,0.1590162840411436,0.6040245416189708,1.333464362864836
neg,all,CREM,TF ChIP-seq,7,18,0.3888888888888889,142,599,0.2370617696160267,2.048015364916773,0.1611861599956611,0.6077315217614185,1.0661384636708062
neg,all,MAX,TF ChIP-seq,7,18,0.3888888888888889,144,599,0.24040066777963273,2.010732323232323,0.1654216576374667,0.6101422009961633,1.0397102008528776
neg,all,KLF13,TF ChIP-seq,3,18,0.16666666666666666,46,599,0.07679465776293823,2.4043478260869566,0.16517481601837403,0.6101422009961633,1.4264393073442498
neg,all,IFI16,TF ChIP-seq,1,18,0.05555555555555555,5,599,0.008347245409015025,6.988235294117647,0.1633751730537442,0.6101422009961633,3.211780864884548
neg,all,ZNF766,TF ChIP-seq,5,18,0.2777777777777778,87,599,0.14524207011686144,2.2634836427939877,0.16739023949287227,0.6129613805890071,1.2547411990343083
neg,all,SKIL,TF ChIP-seq,5,18,0.2777777777777778,88,599,0.14691151919866444,2.2333916083916083,0.1698438778442661,0.6175038130195103,1.23552899613616
neg,all,ZNF511,TF ChIP-seq,2,18,0.1111111111111111,24,599,0.04006677796327212,2.9947916666666665,0.17288453647496418,0.6197058384912449,1.831496249545931
neg,all,ZNF318,TF ChIP-seq,3,18,0.16666666666666666,47,599,0.07846410684474124,2.348936170212766,0.17252788961691848,0.6197058384912449,1.3931336576185749
neg,all,ZBTB7A,TF ChIP-seq,5,18,0.2777777777777778,90,599,0.15025041736227046,2.175213675213675,0.1751654063079947,0.6234908518235616,1.1976365655564374
neg,all,PHF20,TF ChIP-seq,2,18,0.1111111111111111,25,599,0.041736227045075125,2.87,0.18357030383599568,0.6399814017296014,1.7712717162035265
neg,all,CBFB,TF ChIP-seq,2,18,0.1111111111111111,25,599,0.041736227045075125,2.87,0.18357030383599568,0.6399814017296014,1.7712717162035265
neg,all,CHD2,TF ChIP-seq,2,18,0.1111111111111111,25,599,0.041736227045075125,2.87,0.18357030383599568,0.6399814017296014,1.7712717162035265
neg,all,DEAF1,TF ChIP-seq,5,18,0.2777777777777778,94,599,0.15692821368948248,2.0662847790507364,0.18739353588328775,0.6488660528203637,1.1238689741557708
neg,all,ARID3A,TF ChIP-seq,3,18,0.16666666666666666,50,599,0.08347245409015025,2.196,0.19518930958737427,0.6712929633781993,1.2969227998681654
neg,all,ATF2,TF ChIP-seq,3,18,0.16666666666666666,51,599,0.08514190317195326,2.149019607843137,0.20292696664614296,0.6873431558534536,1.2660058948907034
neg,all,FOXP1,TF ChIP-seq,2,18,0.1111111111111111,27,599,0.045075125208681135,2.6481481481481484,0.20525768111930248,0.6873431558534536,1.6573061449885556
neg,all,PRDM10,TF ChIP-seq,5,18,0.2777777777777778,98,599,0.1636060100166945,1.9662480376766092,0.20159761135661575,0.6873431558534536,1.052598187629633
neg,all,MXI1,TF ChIP-seq,2,18,0.1111111111111111,27,599,0.045075125208681135,2.6481481481481484,0.20525768111930248,0.6873431558534536,1.6573061449885556
neg,all,MAZ,TF ChIP-seq,5,18,0.2777777777777778,100,599,0.1669449081803005,1.9192307692307693,0.20938889777823252,0.6961217428155523,1.0178332930873184
neg,all,THAP7,TF ChIP-seq,1,18,0.05555555555555555,7,599,0.011686143572621035,4.974789915966387,0.2119820631363666,0.6961217428155523,2.759460231953293
neg,all,ELK1,TF ChIP-seq,1,18,0.05555555555555555,7,599,0.011686143572621035,4.974789915966387,0.2119820631363666,0.6961217428155523,2.759460231953293
neg,all,NRF1,TF ChIP-seq,5,18,0.2777777777777778,101,599,0.1686143572621035,1.8964204112718963,0.21344777840275575,0.6964417897884787,1.0006578936868484
neg,all,MAFF,TF ChIP-seq,3,18,0.16666666666666666,53,599,0.08848080133555926,2.060377358490566,0.21864782968481664,0.7043781348707068,1.2057693109414864
neg,all,FOXM1,TF ChIP-seq,3,18,0.16666666666666666,53,599,0.08848080133555926,2.060377358490566,0.21864782968481664,0.7043781348707068,1.2057693109414864
neg,all,NR2C2,TF ChIP-seq,6,18,0.3333333333333333,117,599,0.19532554257095158,2.0598290598290596,0.22491470224057658,0.7140887113676668,1.0944517139568104
neg,all,ATF4,TF ChIP-seq,3,18,0.16666666666666666,54,599,0.09015025041736227,2.0185185185185186,0.22662105315570386,0.7140887113676668,1.1764096732174099
neg,all,SP1,TF ChIP-seq,2,18,0.1111111111111111,29,599,0.048414023372287146,2.456896551724138,0.22727381383411008,0.7140887113676668,1.5509740024557492
neg,all,SIN3A,TF ChIP-seq,2,18,0.1111111111111111,29,599,0.048414023372287146,2.456896551724138,0.22727381383411008,0.7140887113676668,1.5509740024557492
neg,all,ZBTB34,TF ChIP-seq,1,18,0.05555555555555555,8,599,0.01335559265442404,4.345588235294118,0.23527323368406025,0.7290170518221925,2.5764510008656387
neg,all,NCOA4,TF ChIP-seq,1,18,0.05555555555555555,8,599,0.01335559265442404,4.345588235294118,0.23527323368406025,0.7290170518221925,2.5764510008656387
neg,all,NFIC,TF ChIP-seq,6,18,0.3333333333333333,124,599,0.20701168614357263,1.9153225806451613,0.2363218340877441,0.7290170518221925,0.98988312715885
neg,all,PML,TF ChIP-seq,3,18,0.16666666666666666,56,599,0.09348914858096828,1.9392857142857143,0.24276841149691636,0.7443922979031953,1.1191158742828504
neg,all,THRA,TF ChIP-seq,1,18,0.05555555555555555,9,599,0.015025041736227046,3.8562091503267975,0.25791317084472953,0.7501588797712418,2.4135452197297615
neg,all,ASH1L,TF ChIP-seq,1,18,0.05555555555555555,9,599,0.015025041736227046,3.8562091503267975,0.25791317084472953,0.7501588797712418,2.4135452197297615
neg,all,THRAP3,TF ChIP-seq,1,18,0.05555555555555555,9,599,0.015025041736227046,3.8562091503267975,0.25791317084472953,0.7501588797712418,2.4135452197297615
neg,all,RFX5,TF ChIP-seq,1,18,0.05555555555555555,9,599,0.015025041736227046,3.8562091503267975,0.25791317084472953,0.7501588797712418,2.4135452197297615
neg,all,CLOCK,TF ChIP-seq,1,18,0.05555555555555555,9,599,0.015025041736227046,3.8562091503267975,0.25791317084472953,0.7501588797712418,2.4135452197297615
neg,all,EP300,TF ChIP-seq,6,18,0.3333333333333333,129,599,0.21535893155258765,1.821705426356589,0.248182260257132,0.7501588797712418,0.9178261534083504
neg,all,YY1,TF ChIP-seq,4,18,0.2222222222222222,69,599,0.11519198664440734,2.1946169772256727,0.2532469873283951,0.7501588797712418,1.2442118745059978
neg,all,ZNF311,TF ChIP-seq,2,18,0.1111111111111111,31,599,0.05175292153589316,2.2903225806451615,0.24951666379391707,0.7501588797712418,1.4512705909212402
neg,all,SMC3,TF ChIP-seq,6,18,0.3333333333333333,131,599,0.21869782971619364,1.786259541984733,0.25372926595869605,0.7501588797712418,0.889569776733252
neg,all,ATF1,TF ChIP-seq,6,18,0.3333333333333333,134,599,0.22370617696160267,1.7350746268656716,0.26285959332022724,0.7602018920454299,0.847758523368537
neg,all,SMARCC2,TF ChIP-seq,4,18,0.2222222222222222,74,599,0.12353923205342238,2.027027027027027,0.2671129825148661,0.7681384638421855,1.1303224398147569
neg,all,TEAD4,TF ChIP-seq,7,18,0.3888888888888889,156,599,0.2604340567612688,1.807109557109557,0.2756525987614513,0.7882425436493187,0.8861000869199512
neg,all,ARHGAP35,TF ChIP-seq,1,18,0.05555555555555555,10,599,0.01669449081803005,3.4647058823529413,0.27991904057256295,0.7915488425079696,2.266710063977192
neg,all,DMTF1,TF ChIP-seq,1,18,0.05555555555555555,10,599,0.01669449081803005,3.4647058823529413,0.27991904057256295,0.7915488425079696,2.266710063977192
neg,all,FOXK2,TF ChIP-seq,4,18,0.2222222222222222,79,599,0.1318864774624374,1.8806509945750451,0.28524775781401446,0.7977533446556777,1.022815404329802
neg,all,ZNF281,TF ChIP-seq,7,18,0.3888888888888889,161,599,0.2687813021702838,1.7312252964426877,0.2844146271296778,0.7977533446556777,0.8243713173023139
neg,all,MECOM,TF ChIP-seq,2,18,0.1111111111111111,35,599,0.05843071786310518,2.0142857142857142,0.2943209251680919,0.8054266177987031,1.2686166267972276
neg,all,ZNF740,TF ChIP-seq,2,18,0.1111111111111111,35,599,0.05843071786310518,2.0142857142857142,0.2943209251680919,0.8054266177987031,1.2686166267972276
neg,all,POLR2B,TF ChIP-seq,2,18,0.1111111111111111,35,599,0.05843071786310518,2.0142857142857142,0.2943209251680919,0.8054266177987031,1.2686166267972276
neg,all,ZNF589,TF ChIP-seq,4,18,0.2222222222222222,81,599,0.1352253756260434,1.8271604938271604,0.29355373959528885,0.8054266177987031,0.9814160308968883
neg,all,HSF4,TF ChIP-seq,1,18,0.05555555555555555,11,599,0.018363939899833055,3.144385026737968,0.30130758392189266,0.8157742564693796,2.133016132757621
neg,all,ZNF700,TF ChIP-seq,1,18,0.05555555555555555,11,599,0.018363939899833055,3.144385026737968,0.30130758392189266,0.8157742564693796,2.133016132757621
neg,all,E2F6,TF ChIP-seq,4,18,0.2222222222222222,84,599,0.14023372287145242,1.751700680272109,0.3070162319083266,0.8268320742927949,0.9208931874006643
neg,all,POLR2AphosphoS5,TF ChIP-seq,4,18,0.2222222222222222,85,599,0.1419031719532554,1.7277310924369749,0.31175207553586426,0.8351674023566048,0.901118758322811
neg,all,HEY1,TF ChIP-seq,1,18,0.05555555555555555,12,599,0.02003338898163606,2.877450980392157,0.3220951268795885,0.8364613243964824,2.010268335453827
neg,all,IRF9,TF ChIP-seq,2,18,0.1111111111111111,37,599,0.06176961602671119,1.8986486486486487,0.3167229080433907,0.8364613243964824,1.1844245711374275
neg,all,ZNF75A,TF ChIP-seq,1,18,0.05555555555555555,12,599,0.02003338898163606,2.877450980392157,0.3220951268795885,0.8364613243964824,2.010268335453827
neg,all,NR1H2,TF ChIP-seq,1,18,0.05555555555555555,12,599,0.02003338898163606,2.877450980392157,0.3220951268795885,0.8364613243964824,2.010268335453827
neg,all,ZNF12,TF ChIP-seq,1,18,0.05555555555555555,12,599,0.02003338898163606,2.877450980392157,0.3220951268795885,0.8364613243964824,2.010268335453827
neg,all,MBD1,TF ChIP-seq,1,18,0.05555555555555555,12,599,0.02003338898163606,2.877450980392157,0.3220951268795885,0.8364613243964824,2.010268335453827
neg,all,RELA,TF ChIP-seq,2,18,0.1111111111111111,38,599,0.06343906510851419,1.8453947368421053,0.3278928702844029,0.847195284135843,1.1438896472346087
neg,all,ZNF609,TF ChIP-seq,1,18,0.05555555555555555,13,599,0.021702838063439065,2.6515837104072397,0.3422975899858261,0.8625221450632945,1.8967792796412297
neg,all,GTF2E2,TF ChIP-seq,2,18,0.1111111111111111,39,599,0.0651085141903172,1.794871794871795,0.33903156080070335,0.8625221450632945,1.1043237901572327
neg,all,USF2,TF ChIP-seq,1,18,0.05555555555555555,13,599,0.021702838063439065,2.6515837104072397,0.3422975899858261,0.8625221450632945,1.8967792796412297
neg,all,RREB1,TF ChIP-seq,2,18,0.1111111111111111,39,599,0.0651085141903172,1.794871794871795,0.33903156080070335,0.8625221450632945,1.1043237901572327
neg,all,BCL6,TF ChIP-seq,1,18,0.05555555555555555,13,599,0.021702838063439065,2.6515837104072397,0.3422975899858261,0.8625221450632945,1.8967792796412297
neg,all,PBX2,TF ChIP-seq,5,18,0.2777777777777778,111,599,0.18530884808013356,1.6909216909216909,0.35520173839569535,0.8906289893763987,0.8358589685219092
neg,all,AFF4,TF ChIP-seq,2,18,0.1111111111111111,41,599,0.06844741235392321,1.701219512195122,0.36118591849420834,0.8986469431875539,1.0279080146652988
neg,all,PTBP1,TF ChIP-seq,1,18,0.05555555555555555,14,599,0.02337228714524207,2.457983193277311,0.3619304977474431,0.8986469431875539,1.7912238491498327
neg,all,KLF1,TF ChIP-seq,2,18,0.1111111111111111,42,599,0.07011686143572621,1.6577380952380953,0.37218798877807613,0.9196295450875764,0.9909710341988742
neg,all,THAP12,TF ChIP-seq,1,18,0.05555555555555555,15,599,0.025041736227045076,2.2901960784313724,0.3810089878480179,0.93687717301759,1.692542387920971
neg,all,HDAC8,TF ChIP-seq,2,18,0.1111111111111111,43,599,0.07178631051752922,1.6162790697674418,0.3831315635382947,0.9375671434663077,0.9548283570221402
neg,all,ZNF24,TF ChIP-seq,0,18,0.0,48,599,0.08013355592654424,0.0,0.3857652543628993,0.9394952845488792,-1.7021491322246949
neg,all,AGO1,TF ChIP-seq,1,18,0.05555555555555555,16,599,0.02671118530884808,2.1433823529411766,0.39954782015872614,0.9547879833839982,1.5998742101250845
neg,all,JUNB,TF ChIP-seq,1,18,0.05555555555555555,16,599,0.02671118530884808,2.1433823529411766,0.39954782015872614,0.9547879833839982,1.5998742101250845
neg,all,KHSRP,TF ChIP-seq,1,18,0.05555555555555555,16,599,0.02671118530884808,2.1433823529411766,0.39954782015872614,0.9547879833839982,1.5998742101250845
neg,all,ZNF79,TF ChIP-seq,1,18,0.05555555555555555,16,599,0.02671118530884808,2.1433823529411766,0.39954782015872614,0.9547879833839982,1.5998742101250845
neg,all,ATF6,TF ChIP-seq,1,18,0.05555555555555555,17,599,0.028380634390651086,2.013840830449827,0.41756138555396444,0.9931717067615323,1.5125107063728658
neg,all,ZFPM2,TF ChIP-seq,0,18,0.0,10,599,0.01669449081803005,0.0,1.0,1.0,0.6015772145720526
neg,all,ZFP91,TF ChIP-seq,0,18,0.0,28,599,0.04674457429048414,0.0,1.0,1.0,-0.8837336915792133
neg,all,CREBBP,TF ChIP-seq,0,18,0.0,1,599,0.001669449081803005,0.0,1.0,1.0,3.4307915705933962
neg,all,ZFP30,TF ChIP-seq,0,18,0.0,3,599,0.005008347245409015,0.0,1.0,1.0,2.203570040008674
neg,all,ZFP1,TF ChIP-seq,0,18,0.0,12,599,0.02003338898163606,0.0,1.0,1.0,0.3451354860486875
neg,all,ZBTB9,TF ChIP-seq,2,18,0.1111111111111111,55,599,0.09181969949916527,1.2363636363636363,0.6783270297102472,1.0,0.5719063478957097
neg,all,CSDE1,TF ChIP-seq,0,18,0.0,2,599,0.00333889816360601,0.0,1.0,1.0,2.691413442351799
neg,all,ZBTB49,TF ChIP-seq,0,18,0.0,3,599,0.005008347245409015,0.0,1.0,1.0,2.203570040008674
neg,all,ZBTB5,TF ChIP-seq,0,18,0.0,10,599,0.01669449081803005,0.0,1.0,1.0,0.6015772145720526
neg,all,ZC3H4,TF ChIP-seq,0,18,0.0,12,599,0.02003338898163606,0.0,1.0,1.0,0.3451354860486875
neg,all,DDIT3,TF ChIP-seq,0,18,0.0,16,599,0.02671118530884808,0.0,1.0,1.0,-0.06525863928005515
neg,all,ZC3H11A,TF ChIP-seq,0,18,0.0,10,599,0.01669449081803005,0.0,1.0,1.0,0.6015772145720526
neg,all,ZBTB8A,TF ChIP-seq,0,18,0.0,1,599,0.001669449081803005,0.0,1.0,1.0,3.4307915705933962
neg,all,CTCFL,TF ChIP-seq,2,18,0.1111111111111111,50,599,0.08347245409015025,1.3725,0.6579242788086531,1.0,0.7212981637263451
neg,all,MCM3,TF ChIP-seq,0,18,0.0,2,599,0.00333889816360601,0.0,1.0,1.0,2.691413442351799
neg,all,ZKSCAN8,TF ChIP-seq,2,18,0.1111111111111111,49,599,0.08180300500834725,1.403061224489796,0.6541138514813849,1.0,0.7527761090136681
neg,all,CREB5,TF ChIP-seq,0,18,0.0,14,599,0.02337228714524207,0.0,1.0,1.0,0.1260909997446933
neg,all,ZNF148,TF ChIP-seq,3,18,0.16666666666666666,79,599,0.1318864774624374,1.3164556962025316,0.7208240227668739,1.0,0.5640300096857906
neg,all,ZNF146,TF ChIP-seq,0,18,0.0,1,599,0.001669449081803005,0.0,1.0,1.0,3.4307915705933962
neg,all,ZNF143,TF ChIP-seq,0,18,0.0,18,599,0.03005008347245409,0.0,1.0,1.0,-0.23527134978468114
neg,all,ZNF140,TF ChIP-seq,0,18,0.0,2,599,0.00333889816360601,0.0,1.0,1.0,2.691413442351799
neg,all,ZNF134,TF ChIP-seq,0,18,0.0,26,599,0.04340567612687813,0.0,1.0,1.0,-0.7737241441763241
neg,all,ZNF133,TF ChIP-seq,0,18,0.0,5,599,0.008347245409015025,0.0,1.0,1.0,1.5466480154794087
neg,all,ZFX,TF ChIP-seq,1,18,0.05555555555555555,66,599,0.11018363939899833,0.4750445632798574,0.7088955525409804,1.0,-0.5402584909005749
neg,all,ZNF124,TF ChIP-seq,0,18,0.0,2,599,0.00333889816360601,0.0,1.0,1.0,2.691413442351799
neg,all,CHD4,TF ChIP-seq,0,18,0.0,12,599,0.02003338898163606,0.0,1.0,1.0,0.3451354860486875
neg,all,ZMYM3,TF ChIP-seq,0,18,0.0,29,599,0.048414023372287146,0.0,1.0,1.0,-0.9360133387021092
neg,all,CHD7,TF ChIP-seq,0,18,0.0,2,599,0.00333889816360601,0.0,1.0,1.0,2.691413442351799
neg,all,ZBTB43,TF ChIP-seq,0,18,0.0,14,599,0.02337228714524207,0.0,1.0,1.0,0.1260909997446933
neg,all,ZKSCAN3,TF ChIP-seq,0,18,0.0,6,599,0.01001669449081803,0.0,1.0,1.0,1.3032111358718648
neg,all,CREB3,TF ChIP-seq,2,18,0.1111111111111111,49,599,0.08180300500834725,1.403061224489796,0.6541138514813849,1.0,0.7527761090136681
neg,all,ZNF121,TF ChIP-seq,0,18,0.0,19,599,0.03171953255425709,0.0,1.0,1.0,-0.31370332762563163
neg,all,DLX4,TF ChIP-seq,0,18,0.0,2,599,0.00333889816360601,0.0,1.0,1.0,2.691413442351799
neg,all,ZBTB17,TF ChIP-seq,1,18,0.05555555555555555,52,599,0.08681135225375626,0.6187782805429864,1.0,1.0,-0.16185087940139722
neg,all,DNMT1,TF ChIP-seq,0,18,0.0,7,599,0.011686143572621035,0.0,1.0,1.0,1.0943273825481532
neg,all,TSHZ1,TF ChIP-seq,0,18,0.0,10,599,0.01669449081803005,0.0,1.0,1.0,0.6015772145720526
neg,all,TSC22D4,TF ChIP-seq,0,18,0.0,4,599,0.00667779632721202,0.0,1.0,1.0,1.8385793307928517
neg,all,EHMT2,TF ChIP-seq,2,18,0.1111111111111111,66,599,0.11018363939899833,1.009469696969697,1.0,1.0,0.28159600085214437
neg,all,ELF2,TF ChIP-seq,1,18,0.05555555555555555,35,599,0.05843071786310518,0.9478991596638655,1.0,1.0,0.4467621350445085
neg,all,ELF4,TF ChIP-seq,2,18,0.1111111111111111,48,599,0.08013355592654424,1.4348958333333333,0.6504145343849291,1.0,0.7848382089331638
neg,all,ELK3,TF ChIP-seq,0,18,0.0,3,599,0.005008347245409015,0.0,1.0,1.0,2.203570040008674
neg,all,ERF,TF ChIP-seq,1,18,0.05555555555555555,29,599,0.048414023372287146,1.156186612576065,0.5975241603554768,1.0,0.7291195107030302
neg,all,ESRRB,TF ChIP-seq,0,18,0.0,11,599,0.018363939899833055,0.0,1.0,1.0,0.46788328335248147
neg,all,ETS1,TF ChIP-seq,1,18,0.05555555555555555,24,599,0.04006677796327212,1.4093137254901962,0.5300841128533385,1.0,1.009641757793212
neg,all,ETS2,TF ChIP-seq,0,18,0.0,4,599,0.00667779632721202,0.0,1.0,1.0,1.8385793307928517
neg,all,ETV6,TF ChIP-seq,0,18,0.0,8,599,0.01335559265442404,0.0,1.0,1.0,0.9113181514604993
neg,all,THAP1,TF ChIP-seq,0,18,0.0,10,599,0.01669449081803005,0.0,1.0,1.0,0.6015772145720526
neg,all,TGIF2,TF ChIP-seq,0,18,0.0,5,599,0.008347245409015025,0.0,1.0,1.0,1.5466480154794087
neg,all,TFE3,TF ChIP-seq,1,18,0.05555555555555555,36,599,0.06010016694490818,0.9199346405228758,1.0,1.0,0.4041267250683936
neg,all,TFDP1,TF ChIP-seq,2,18,0.1111111111111111,67,599,0.11185308848080133,0.9925373134328358,1.0,1.0,0.2573560935912786
neg,all,U2AF1,TF ChIP-seq,0,18,0.0,9,599,0.015025041736227046,0.0,1.0,1.0,0.748412370324622
neg,all,DMBX1,TF ChIP-seq,2,18,0.1111111111111111,78,599,0.1302170283806344,0.8349358974358975,1.0,1.0,0.009436669157047465
neg,all,UBTF,TF ChIP-seq,1,18,0.05555555555555555,63,599,0.10517529215358931,0.5004668534080299,1.0,1.0,-0.4655708422394542
neg,all,E4F1,TF ChIP-seq,0,18,0.0,8,599,0.01335559265442404,0.0,1.0,1.0,0.9113181514604993
neg,all,ZBTB26,TF ChIP-seq,1,18,0.05555555555555555,20,599,0.0333889816360601,1.7029411764705882,0.4685890338407798,1.0,1.2767923301645778
neg,all,E2F3,TF ChIP-seq,1,18,0.05555555555555555,29,599,0.048414023372287146,1.156186612576065,0.5975241603554768,1.0,0.7291195107030302
neg,all,ZNF165,TF ChIP-seq,0,18,0.0,18,599,0.03005008347245409,0.0,1.0,1.0,-0.23527134978468114
neg,all,ZBTB12,TF ChIP-seq,1,18,0.05555555555555555,38,599,0.06343906510851419,0.868421052631579,1.0,1.0,0.3220351554818896
neg,all,ZBTB11,TF ChIP-seq,0,18,0.0,4,599,0.00667779632721202,0.0,1.0,1.0,1.8385793307928517
neg,all,ZBTB1,TF ChIP-seq,0,18,0.0,15,599,0.025041736227045076,0.0,1.0,1.0,0.027409538515831368
neg,all,ZBED1,TF ChIP-seq,1,18,0.05555555555555555,21,599,0.035058430717863104,1.619047619047619,0.48463835832209856,1.0,1.2055878781815816
neg,all,E2F4,TF ChIP-seq,0,18,0.0,11,599,0.018363939899833055,0.0,1.0,1.0,0.46788328335248147
neg,all,YBX3,TF ChIP-seq,0,18,0.0,4,599,0.00667779632721202,0.0,1.0,1.0,1.8385793307928517
neg,all,YBX1,TF ChIP-seq,0,18,0.0,2,599,0.00333889816360601,0.0,1.0,1.0,2.691413442351799
neg,all,E2F5,TF ChIP-seq,2,18,0.1111111111111111,75,599,0.12520868113522537,0.8733333333333333,1.0,1.0,0.07392819878109749
neg,all,XRCC4,TF ChIP-seq,0,18,0.0,1,599,0.001669449081803005,0.0,1.0,1.0,3.4307915705933962
neg,all,XRCC3,TF ChIP-seq,0,18,0.0,3,599,0.005008347245409015,0.0,1.0,1.0,2.203570040008674
neg,all,WHSC1,TF ChIP-seq,0,18,0.0,4,599,0.00667779632721202,0.0,1.0,1.0,1.8385793307928517
neg,all,E2F7,TF ChIP-seq,0,18,0.0,9,599,0.015025041736227046,0.0,1.0,1.0,0.748412370324622
neg,all,USF1,TF ChIP-seq,1,18,0.05555555555555555,60,599,0.1001669449081803,0.5284313725490196,1.0,1.0,-0.3877046040103878
neg,all,ZNF174,TF ChIP-seq,0,18,0.0,1,599,0.001669449081803005,0.0,1.0,1.0,3.4307915705933962
neg,all,ZNF215,TF ChIP-seq,1,18,0.05555555555555555,24,599,0.04006677796327212,1.4093137254901962,0.5300841128533385,1.0,1.009641757793212
neg,all,CHD1,TF ChIP-seq,0,18,0.0,27,599,0.045075125208681135,0.0,1.0,1.0,-0.829681196169303
neg,all,BCLAF1,TF ChIP-seq,0,18,0.0,5,599,0.008347245409015025,0.0,1.0,1.0,1.5466480154794087
neg,all,BDP1,TF ChIP-seq,0,18,0.0,1,599,0.001669449081803005,0.0,1.0,1.0,3.4307915705933962
neg,all,BMI1,TF ChIP-seq,0,18,0.0,9,599,0.015025041736227046,0.0,1.0,1.0,0.748412370324622
neg,all,BRD4,TF ChIP-seq,0,18,0.0,30,599,0.05008347245409015,0.0,1.0,1.0,-0.9866386714837242
neg,all,BRF2,TF ChIP-seq,0,18,0.0,1,599,0.001669449081803005,0.0,1.0,1.0,3.4307915705933962
neg,all,ZNF586,TF ChIP-seq,0,18,0.0,5,599,0.008347245409015025,0.0,1.0,1.0,1.5466480154794087
neg,all,ZNF655,TF ChIP-seq,0,18,0.0,4,599,0.00667779632721202,0.0,1.0,1.0,1.8385793307928517
neg,all,ZNF584,TF ChIP-seq,1,18,0.05555555555555555,52,599,0.08681135225375626,0.6187782805429864,1.0,1.0,-0.16185087940139722
neg,all,ZNF57,TF ChIP-seq,0,18,0.0,9,599,0.015025041736227046,0.0,1.0,1.0,0.748412370324622
neg,all,ZNF561,TF ChIP-seq,0,18,0.0,8,599,0.01335559265442404,0.0,1.0,1.0,0.9113181514604993
neg,all,ZNF551,TF ChIP-seq,0,18,0.0,8,599,0.01335559265442404,0.0,1.0,1.0,0.9113181514604993
neg,all,ZNF518B,TF ChIP-seq,0,18,0.0,6,599,0.01001669449081803,0.0,1.0,1.0,1.3032111358718648
neg,all,ZNF512,TF ChIP-seq,0,18,0.0,22,599,0.03672787979966611,0.0,1.0,1.0,-0.5276293256552046
neg,all,C11orf30,TF ChIP-seq,4,18,0.2222222222222222,97,599,0.16193656093489148,1.4786450662739323,0.5152097378744459,1.0,0.6775934786314205
neg,all,ZNF583,TF ChIP-seq,1,18,0.05555555555555555,42,599,0.07011686143572621,0.7801120448179272,1.0,1.0,0.16911654244615507
neg,all,ZNF507,TF ChIP-seq,0,18,0.0,1,599,0.001669449081803005,0.0,1.0,1.0,3.4307915705933962
neg,all,ZNF668,TF ChIP-seq,1,18,0.05555555555555555,24,599,0.04006677796327212,1.4093137254901962,0.5300841128533385,1.0,1.009641757793212
neg,all,ZNF696,TF ChIP-seq,0,18,0.0,5,599,0.008347245409015025,0.0,1.0,1.0,1.5466480154794087
neg,all,ZSCAN29,TF ChIP-seq,0,18,0.0,17,599,0.028380634390651086,0.0,1.0,1.0,-0.1526221430322737
neg,all,ZNF84,TF ChIP-seq,0,18,0.0,14,599,0.02337228714524207,0.0,1.0,1.0,0.1260909997446933
neg,all,ZNF830,TF ChIP-seq,1,18,0.05555555555555555,18,599,0.03005008347245409,1.8986928104575163,0.4350637145356484,1.0,1.4298614996204584
neg,all,ZNF83,TF ChIP-seq,2,18,0.1111111111111111,50,599,0.08347245409015025,1.3725,0.6579242788086531,1.0,0.7212981637263451
neg,all,ZNF785,TF ChIP-seq,0,18,0.0,2,599,0.00333889816360601,0.0,1.0,1.0,2.691413442351799
neg,all,ZNF780A,TF ChIP-seq,0,18,0.0,6,599,0.01001669449081803,0.0,1.0,1.0,1.3032111358718648
neg,all,ZNF695,TF ChIP-seq,0,18,0.0,12,599,0.02003338898163606,0.0,1.0,1.0,0.3451354860486875
neg,all,ZNF77,TF ChIP-seq,0,18,0.0,4,599,0.00667779632721202,0.0,1.0,1.0,1.8385793307928517
neg,all,ZNF76,TF ChIP-seq,1,18,0.05555555555555555,28,599,0.04674457429048414,1.199579831932773,0.5848143969982813,1.0,0.7813991578259263
neg,all,ARID3B,TF ChIP-seq,0,18,0.0,6,599,0.01001669449081803,0.0,1.0,1.0,1.3032111358718648
neg,all,ZNF717,TF ChIP-seq,0,18,0.0,6,599,0.01001669449081803,0.0,1.0,1.0,1.3032111358718648
neg,all,ZNF707,TF ChIP-seq,0,18,0.0,11,599,0.018363939899833055,0.0,1.0,1.0,0.46788328335248147
neg,all,ARID4B,TF ChIP-seq,0,18,0.0,17,599,0.028380634390651086,0.0,1.0,1.0,-0.1526221430322737
neg,all,ZNF699,TF ChIP-seq,0,18,0.0,5,599,0.008347245409015025,0.0,1.0,1.0,1.5466480154794087
neg,all,ZNF764,TF ChIP-seq,0,18,0.0,6,599,0.01001669449081803,0.0,1.0,1.0,1.3032111358718648
neg,all,ZNF449,TF ChIP-seq,1,18,0.05555555555555555,19,599,0.03171953255425709,1.7956656346749227,0.4520684856700267,1.0,1.3514295217795078
neg,all,ZNF445,TF ChIP-seq,0,18,0.0,14,599,0.02337228714524207,0.0,1.0,1.0,0.1260909997446933
neg,all,ZNF444,TF ChIP-seq,0,18,0.0,13,599,0.021702838063439065,0.0,1.0,1.0,0.23164643023609022
neg,all,CGGBP1,TF ChIP-seq,0,18,0.0,10,599,0.01669449081803005,0.0,1.0,1.0,0.6015772145720526
neg,all,ZNF280B,TF ChIP-seq,0,18,0.0,2,599,0.00333889816360601,0.0,1.0,1.0,2.691413442351799
neg,all,CHCHD3,TF ChIP-seq,0,18,0.0,6,599,0.01001669449081803,0.0,1.0,1.0,1.3032111358718648
neg,all,ZNF274,TF ChIP-seq,0,18,0.0,8,599,0.01335559265442404,0.0,1.0,1.0,0.9113181514604993
neg,all,ZNF263,TF ChIP-seq,3,18,0.16666666666666666,65,599,0.10851419031719532,1.643076923076923,0.43626207187274835,1.0,0.8817817478537693
neg,all,ZNF257,TF ChIP-seq,1,18,0.05555555555555555,23,599,0.038397328881469114,1.473145780051151,0.5153737024730953,1.0,1.0722674297503243
neg,all,CEBPZ,TF ChIP-seq,0,18,0.0,1,599,0.001669449081803005,0.0,1.0,1.0,3.4307915705933962
neg,all,ZNF253,TF ChIP-seq,0,18,0.0,5,599,0.008347245409015025,0.0,1.0,1.0,1.5466480154794087
neg,all,ZNF232,TF ChIP-seq,0,18,0.0,12,599,0.02003338898163606,0.0,1.0,1.0,0.3451354860486875
neg,all,ZNF23,TF ChIP-seq,0,18,0.0,13,599,0.021702838063439065,0.0,1.0,1.0,0.23164643023609022
neg,all,ZNF224,TF ChIP-seq,0,18,0.0,3,599,0.005008347245409015,0.0,1.0,1.0,2.203570040008674
neg,all,TFCP2,TF ChIP-seq,1,18,0.05555555555555555,27,599,0.045075125208681135,1.2461873638344227,0.5717262343817652,1.0,0.8354516532358365
neg,all,ZNF212,TF ChIP-seq,0,18,0.0,10,599,0.01669449081803005,0.0,1.0,1.0,0.6015772145720526
neg,all,ZNF197,TF ChIP-seq,2,18,0.1111111111111111,45,599,0.07512520868113523,1.538888888888889,0.6400842336916466,1.0,0.8847829854919226
neg,all,ZNF239,TF ChIP-seq,0,18,0.0,30,599,0.05008347245409015,0.0,1.0,1.0,-0.9866386714837242
neg,all,ZNF3,TF ChIP-seq,0,18,0.0,7,599,0.011686143572621035,0.0,1.0,1.0,1.0943273825481532
neg,all,CCNT2,TF ChIP-seq,3,18,0.16666666666666666,69,599,0.11519198664440734,1.536231884057971,0.45545119251325145,1.0,0.7854264798619862
neg,all,ZNF316,TF ChIP-seq,4,18,0.2222222222222222,94,599,0.15692821368948248,1.534954407294833,0.5079671724649665,1.0,0.7312688639966823
neg,all,ZNF436,TF ChIP-seq,0,18,0.0,5,599,0.008347245409015025,0.0,1.0,1.0,1.5466480154794087
neg,all,ZNF431,TF ChIP-seq,0,18,0.0,19,599,0.03171953255425709,0.0,1.0,1.0,-0.31370332762563163
neg,all,ZNF41,TF ChIP-seq,0,18,0.0,27,599,0.045075125208681135,0.0,1.0,1.0,-0.829681196169303
neg,all,ZNF407,TF ChIP-seq,0,18,0.0,8,599,0.01335559265442404,0.0,1.0,1.0,0.9113181514604993
neg,all,ZNF398,TF ChIP-seq,0,18,0.0,10,599,0.01669449081803005,0.0,1.0,1.0,0.6015772145720526
neg,all,ZNF397,TF ChIP-seq,0,18,0.0,17,599,0.028380634390651086,0.0,1.0,1.0,-0.1526221430322737
neg,all,ZNF395,TF ChIP-seq,2,18,0.1111111111111111,83,599,0.13856427378964942,0.7771084337349398,1.0,1.0,-0.09354577808008385
neg,all,CAMTA2,TF ChIP-seq,0,18,0.0,12,599,0.02003338898163606,0.0,1.0,1.0,0.3451354860486875
neg,all,ZNF354C,TF ChIP-seq,0,18,0.0,5,599,0.008347245409015025,0.0,1.0,1.0,1.5466480154794087
neg,all,ZNF354B,TF ChIP-seq,0,18,0.0,9,599,0.015025041736227046,0.0,1.0,1.0,0.748412370324622
neg,all,ZNF347,TF ChIP-seq,0,18,0.0,2,599,0.00333889816360601,0.0,1.0,1.0,2.691413442351799
neg,all,ZNF324,TF ChIP-seq,0,18,0.0,12,599,0.02003338898163606,0.0,1.0,1.0,0.3451354860486875
neg,all,CBX2,TF ChIP-seq,0,18,0.0,1,599,0.001669449081803005,0.0,1.0,1.0,3.4307915705933962
neg,all,CBX8,TF ChIP-seq,0,18,0.0,1,599,0.001669449081803005,0.0,1.0,1.0,3.4307915705933962
neg,all,CCAR2,TF ChIP-seq,0,18,0.0,1,599,0.001669449081803005,0.0,1.0,1.0,3.4307915705933962
neg,all,ZNF175,TF ChIP-seq,2,18,0.1111111111111111,75,599,0.12520868113522537,0.8733333333333333,1.0,1.0,0.07392819878109749
neg,all,EWSR1,TF ChIP-seq,0,18,0.0,4,599,0.00667779632721202,0.0,1.0,1.0,1.8385793307928517
neg,all,TEAD1,TF ChIP-seq,2,18,0.1111111111111111,63,599,0.10517529215358931,1.0634920634920635,1.0,1.0,0.3562836495132649
neg,all,TEAD2,TF ChIP-seq,0,18,0.0,26,599,0.04340567612687813,0.0,1.0,1.0,-0.7737241441763241
neg,all,HMG20A,TF ChIP-seq,0,18,0.0,4,599,0.00667779632721202,0.0,1.0,1.0,1.8385793307928517
neg,all,PHB,TF ChIP-seq,0,18,0.0,11,599,0.018363939899833055,0.0,1.0,1.0,0.46788328335248147
neg,all,PCBP2,TF ChIP-seq,0,18,0.0,5,599,0.008347245409015025,0.0,1.0,1.0,1.5466480154794087
neg,all,PCBP1,TF ChIP-seq,0,18,0.0,23,599,0.038397328881469114,0.0,1.0,1.0,-0.5928654196548153
neg,all,ZSCAN32,TF ChIP-seq,0,18,0.0,20,599,0.0333889816360601,0.0,1.0,1.0,-0.3883405192405617
neg,all,PATZ1,TF ChIP-seq,0,18,0.0,16,599,0.02671118530884808,0.0,1.0,1.0,-0.06525863928005515
neg,all,HIVEP1,TF ChIP-seq,1,18,0.05555555555555555,18,599,0.03005008347245409,1.8986928104575163,0.4350637145356484,1.0,1.4298614996204584
neg,all,OTX1,TF ChIP-seq,0,18,0.0,29,599,0.048414023372287146,0.0,1.0,1.0,-0.9360133387021092
neg,all,HMGN3,TF ChIP-seq,1,18,0.05555555555555555,48,599,0.08013355592654424,0.6752450980392157,1.0,1.0,-0.03701628281955539
neg,all,NR4A1,TF ChIP-seq,1,18,0.05555555555555555,23,599,0.038397328881469114,1.473145780051151,0.5153737024730953,1.0,1.0722674297503243
neg,all,HMGXB4,TF ChIP-seq,0,18,0.0,26,599,0.04340567612687813,0.0,1.0,1.0,-0.7737241441763241
neg,all,NR2F6,TF ChIP-seq,0,18,0.0,9,599,0.015025041736227046,0.0,1.0,1.0,0.748412370324622
neg,all,HNRNPH1,TF ChIP-seq,0,18,0.0,3,599,0.005008347245409015,0.0,1.0,1.0,2.203570040008674
neg,all,HNRNPK,TF ChIP-seq,0,18,0.0,12,599,0.02003338898163606,0.0,1.0,1.0,0.3451354860486875
neg,all,HMG20B,TF ChIP-seq,0,18,0.0,4,599,0.00667779632721202,0.0,1.0,1.0,1.8385793307928517
neg,all,PHF21A,TF ChIP-seq,0,18,0.0,40,599,0.0667779632721202,0.0,0.6219397395349766,1.0,-1.4213090475371806
neg,all,PHF8,TF ChIP-seq,1,18,0.05555555555555555,59,599,0.09849749582637729,0.5383848454636092,1.0,1.0,-0.3609874717971036
neg,all,PHTF2,TF ChIP-seq,0,18,0.0,10,599,0.01669449081803005,0.0,1.0,1.0,0.6015772145720526
neg,all,PTTG1,TF ChIP-seq,0,18,0.0,16,599,0.02671118530884808,0.0,1.0,1.0,-0.06525863928005515
neg,all,PTRF,TF ChIP-seq,1,18,0.05555555555555555,20,599,0.0333889816360601,1.7029411764705882,0.4685890338407798,1.0,1.2767923301645778
neg,all,PRPF4,TF ChIP-seq,0,18,0.0,18,599,0.03005008347245409,0.0,1.0,1.0,-0.23527134978468114
neg,all,PREB,TF ChIP-seq,0,18,0.0,16,599,0.02671118530884808,0.0,1.0,1.0,-0.06525863928005515
neg,all,HDAC1,TF ChIP-seq,0,18,0.0,36,599,0.06010016694490818,0.0,0.616710086148983,1.0,-1.261006124336746
neg,all,PPARD,TF ChIP-seq,0,18,0.0,2,599,0.00333889816360601,0.0,1.0,1.0,2.691413442351799
neg,all,POU5F1,TF ChIP-seq,0,18,0.0,3,599,0.005008347245409015,0.0,1.0,1.0,2.203570040008674
neg,all,HDAC2,TF ChIP-seq,0,18,0.0,14,599,0.02337228714524207,0.0,1.0,1.0,0.1260909997446933
neg,all,POLR2H,TF ChIP-seq,1,18,0.05555555555555555,43,599,0.07178631051752922,0.7606019151846786,1.0,1.0,0.13297386526942084
neg,all,POLR2G,TF ChIP-seq,3,18,0.16666666666666666,95,599,0.15859766277128548,1.0610526315789475,1.0,1.0,0.2544402427413376
neg,all,HDAC3,TF ChIP-seq,2,18,0.1111111111111111,44,599,0.07345575959933222,1.5767045454545454,0.6369326554322448,1.0,0.9194436459516031
neg,all,HDAC6,TF ChIP-seq,0,18,0.0,1,599,0.001669449081803005,0.0,1.0,1.0,3.4307915705933962
neg,all,POLR2AphosphoS2,TF ChIP-seq,1,18,0.05555555555555555,25,599,0.041736227045075125,1.3505882352941176,0.5443720959084736,1.0,0.9494172244508075
neg,all,POLR2A,TF ChIP-seq,3,18,0.16666666666666666,74,599,0.12353923205342238,1.4189189189189189,0.48192078950545425,1.0,0.6715370451707457
neg,all,HINFP,TF ChIP-seq,1,18,0.05555555555555555,30,599,0.05008347245409015,1.115686274509804,0.6098658385728563,1.0,0.6784941779214152
neg,all,HNRNPLL,TF ChIP-seq,0,18,0.0,35,599,0.05843071786310518,0.0,0.6161447617922708,1.0,-1.218370714360631
neg,all,HNRNPUL1,TF ChIP-seq,0,18,0.0,5,599,0.008347245409015025,0.0,1.0,1.0,1.5466480154794087
neg,all,HOMEZ,TF ChIP-seq,0,18,0.0,11,599,0.018363939899833055,0.0,1.0,1.0,0.46788328335248147
neg,all,HOXB6,TF ChIP-seq,0,18,0.0,8,599,0.01335559265442404,0.0,1.0,1.0,0.9113181514604993
neg,all,MXD1,TF ChIP-seq,0,18,0.0,7,599,0.011686143572621035,0.0,1.0,1.0,1.0943273825481532
neg,all,MTF1,TF ChIP-seq,0,18,0.0,8,599,0.01335559265442404,0.0,1.0,1.0,0.9113181514604993
neg,all,KAT8,TF ChIP-seq,0,18,0.0,10,599,0.01669449081803005,0.0,1.0,1.0,0.6015772145720526
neg,all,KDM2B,TF ChIP-seq,0,18,0.0,10,599,0.01669449081803005,0.0,1.0,1.0,0.6015772145720526
neg,all,KDM5B,TF ChIP-seq,0,18,0.0,45,599,0.07512520868113523,0.0,0.6339462025392079,1.0,-1.6022043556659362
neg,all,MLX,TF ChIP-seq,0,18,0.0,8,599,0.01335559265442404,0.0,1.0,1.0,0.9113181514604993
neg,all,MITF,TF ChIP-seq,3,18,0.16666666666666666,77,599,0.1285475792988314,1.3558441558441559,0.7177757935971727,1.0,0.6063214333647364
neg,all,KLF10,TF ChIP-seq,0,18,0.0,5,599,0.008347245409015025,0.0,1.0,1.0,1.5466480154794087
neg,all,MGA,TF ChIP-seq,2,18,0.1111111111111111,92,599,0.15358931552587646,0.688858695652174,1.0,1.0,-0.26658347291486456
neg,all,MEIS2,TF ChIP-seq,5,18,0.2777777777777778,166,599,0.27712854757929883,1.0032437442075997,1.0,1.0,0.08505393262440152
neg,all,KLF6,TF ChIP-seq,0,18,0.0,38,599,0.06343906510851419,0.0,0.6187657946113057,1.0,-1.34309769392325
neg,all,MEF2A,TF ChIP-seq,0,18,0.0,7,599,0.011686143572621035,0.0,1.0,1.0,1.0943273825481532
neg,all,MED1,TF ChIP-seq,0,18,0.0,4,599,0.00667779632721202,0.0,1.0,1.0,1.8385793307928517
neg,all,L3MBTL2,TF ChIP-seq,6,18,0.3333333333333333,153,599,0.25542570951585974,1.457516339869281,0.4242965609889109,1.0,0.597005048117411
neg,all,MAFG,TF ChIP-seq,3,18,0.16666666666666666,90,599,0.15025041736227046,1.1311111111111112,0.7433127387355062,1.0,0.34625106075333745
neg,all,KAT7,TF ChIP-seq,1,18,0.05555555555555555,42,599,0.07011686143572621,0.7801120448179272,1.0,1.0,0.16911654244615507
neg,all,PYGO2,TF ChIP-seq,1,18,0.05555555555555555,29,599,0.048414023372287146,1.156186612576065,0.5975241603554768,1.0,0.7291195107030302
neg,all,MYBL2,TF ChIP-seq,0,18,0.0,13,599,0.021702838063439065,0.0,1.0,1.0,0.23164643023609022
neg,all,KAT2B,TF ChIP-seq,0,18,0.0,1,599,0.001669449081803005,0.0,1.0,1.0,3.4307915705933962
neg,all,ID3,TF ChIP-seq,0,18,0.0,6,599,0.01001669449081803,0.0,1.0,1.0,1.3032111358718648
neg,all,NFYB,TF ChIP-seq,0,18,0.0,15,599,0.025041736227045076,0.0,1.0,1.0,0.027409538515831368
neg,all,NFYA,TF ChIP-seq,0,18,0.0,9,599,0.015025041736227046,0.0,1.0,1.0,0.748412370324622
neg,all,IKZF1,TF ChIP-seq,6,18,0.3333333333333333,160,599,0.2671118530884808,1.371875,0.5901837310272193,1.0,0.5098733963874683
neg,all,ILF3,TF ChIP-seq,0,18,0.0,17,599,0.028380634390651086,0.0,1.0,1.0,-0.1526221430322737
neg,all,NFIX,TF ChIP-seq,0,18,0.0,8,599,0.01335559265442404,0.0,1.0,1.0,0.9113181514604993
neg,all,ILK,TF ChIP-seq,0,18,0.0,6,599,0.01001669449081803,0.0,1.0,1.0,1.3032111358718648
neg,all,NFE2L1,TF ChIP-seq,1,18,0.05555555555555555,19,599,0.03171953255425709,1.7956656346749227,0.4520684856700267,1.0,1.3514295217795078
neg,all,NFE2,TF ChIP-seq,4,18,0.2222222222222222,95,599,0.15859766277128548,1.5157894736842106,0.5102560440901136,1.0,0.7132256373853487
neg,all,IRF1,TF ChIP-seq,0,18,0.0,43,599,0.07178631051752922,0.0,0.6285183327682324,1.0,-1.5321589841357186
neg,all,IRF2,TF ChIP-seq,0,18,0.0,28,599,0.04674457429048414,0.0,1.0,1.0,-0.8837336915792133
neg,all,NELFE,TF ChIP-seq,0,18,0.0,1,599,0.001669449081803005,0.0,1.0,1.0,3.4307915705933962
neg,all,JUN,TF ChIP-seq,3,18,0.16666666666666666,92,599,0.15358931552587646,1.1021739130434782,0.7482185704476819,1.0,0.3090411632269553
neg,all,NCOA2,TF ChIP-seq,1,18,0.05555555555555555,18,599,0.03005008347245409,1.8986928104575163,0.4350637145356484,1.0,1.4298614996204584
neg,all,JUND,TF ChIP-seq,7,18,0.3888888888888889,173,599,0.2888146911519199,1.5669994745139253,0.42953236996283317,1.0,0.680938718291535
neg,all,MYC,TF ChIP-seq,0,18,0.0,37,599,0.06176961602671119,0.0,0.6175896958193241,1.0,-1.3025627700204312
neg,all,HBP1,TF ChIP-seq,0,18,0.0,27,599,0.045075125208681135,0.0,1.0,1.0,-0.829681196169303
neg,all,RAD51,TF ChIP-seq,1,18,0.05555555555555555,58,599,0.09682804674457429,0.5486815415821501,1.0,1.0,-0.3338677081988877
neg,all,RB1,TF ChIP-seq,3,18,0.16666666666666666,76,599,0.12687813021702837,1.3763157894736842,0.4931079605927583,1.0,0.6278164959088854
neg,all,FUS,TF ChIP-seq,0,18,0.0,9,599,0.015025041736227046,0.0,1.0,1.0,0.748412370324622
neg,all,GABPA,TF ChIP-seq,3,18,0.16666666666666666,83,599,0.13856427378964942,1.2433734939759036,0.7279805033420759,1.0,0.48207885806173606
neg,all,STAG1,TF ChIP-seq,2,18,0.1111111111111111,47,599,0.07846410684474124,1.4680851063829787,0.6468362003993229,1.0,0.8175090214767549
neg,all,SRSF3,TF ChIP-seq,0,18,0.0,4,599,0.00667779632721202,0.0,1.0,1.0,1.8385793307928517
neg,all,SRF,TF ChIP-seq,0,18,0.0,10,599,0.01669449081803005,0.0,1.0,1.0,0.6015772145720526
neg,all,SREBF2,TF ChIP-seq,0,18,0.0,5,599,0.008347245409015025,0.0,1.0,1.0,1.5466480154794087
neg,all,SREBF1,TF ChIP-seq,0,18,0.0,9,599,0.015025041736227046,0.0,1.0,1.0,0.748412370324622
neg,all,GABPB2,TF ChIP-seq,0,18,0.0,5,599,0.008347245409015025,0.0,1.0,1.0,1.5466480154794087
neg,all,SP2,TF ChIP-seq,0,18,0.0,3,599,0.005008347245409015,0.0,1.0,1.0,2.203570040008674
neg,all,GATA1,TF ChIP-seq,3,18,0.16666666666666666,66,599,0.11018363939899833,1.6151515151515152,0.44086500030888187,1.0,0.8572206369939643
neg,all,GATAD2B,TF ChIP-seq,1,18,0.05555555555555555,46,599,0.07679465776293823,0.7071611253196931,1.0,1.0,0.02896017944971051
neg,all,SNRNP70,TF ChIP-seq,0,18,0.0,5,599,0.008347245409015025,0.0,1.0,1.0,1.5466480154794087
neg,all,SNIP1,TF ChIP-seq,0,18,0.0,7,599,0.011686143572621035,0.0,1.0,1.0,1.0943273825481532
neg,all,SNAPC5,TF ChIP-seq,0,18,0.0,2,599,0.00333889816360601,0.0,1.0,1.0,2.691413442351799
neg,all,GMEB1,TF ChIP-seq,1,18,0.05555555555555555,28,599,0.04674457429048414,1.199579831932773,0.5848143969982813,1.0,0.7813991578259263
neg,all,SUPT5H,TF ChIP-seq,2,18,0.1111111111111111,46,599,0.07679465776293823,1.502717391304348,0.6433891712994051,1.0,0.8508146712024297
neg,all,GTF2A2,TF ChIP-seq,0,18,0.0,22,599,0.03672787979966611,0.0,1.0,1.0,-0.5276293256552046
neg,all,SUZ12,TF ChIP-seq,0,18,0.0,2,599,0.00333889816360601,0.0,1.0,1.0,2.691413442351799
neg,all,TAF15,TF ChIP-seq,0,18,0.0,2,599,0.00333889816360601,0.0,1.0,1.0,2.691413442351799
neg,all,MAFK,TF ChIP-seq,3,18,0.16666666666666666,73,599,0.12186978297161936,1.441095890410959,0.47644285129195735,1.0,0.6937759878600814
neg,all,TCFL5,TF ChIP-seq,0,18,0.0,9,599,0.015025041736227046,0.0,1.0,1.0,0.748412370324622
neg,all,TCF7L2,TF ChIP-seq,0,18,0.0,3,599,0.005008347245409015,0.0,1.0,1.0,2.203570040008674
neg,all,TCF7,TF ChIP-seq,0,18,0.0,16,599,0.02671118530884808,0.0,1.0,1.0,-0.06525863928005515
neg,all,FIP1L1,TF ChIP-seq,0,18,0.0,15,599,0.025041736227045076,0.0,1.0,1.0,0.027409538515831368
neg,all,TCF15,TF ChIP-seq,0,18,0.0,20,599,0.0333889816360601,0.0,1.0,1.0,-0.3883405192405617
neg,all,FOS,TF ChIP-seq,1,18,0.05555555555555555,33,599,0.05509181969949917,1.0089126559714796,1.0,1.0,0.5355224391389328
neg,all,TBX18,TF ChIP-seq,1,18,0.05555555555555555,25,599,0.041736227045075125,1.3505882352941176,0.5443720959084736,1.0,0.9494172244508075
neg,all,TBPL1,TF ChIP-seq,0,18,0.0,15,599,0.025041736227045076,0.0,1.0,1.0,0.027409538515831368
neg,all,FOSL1,TF ChIP-seq,4,18,0.2222222222222222,157,599,0.2621035058430718,0.8043676069153776,1.0,1.0,-0.1977303671021787
neg,all,TBL1XR1,TF ChIP-seq,1,18,0.05555555555555555,28,599,0.04674457429048414,1.199579831932773,0.5848143969982813,1.0,0.7813991578259263
neg,all,FOXA1,TF ChIP-seq,0,18,0.0,5,599,0.008347245409015025,0.0,1.0,1.0,1.5466480154794087
neg,all,FOXA3,TF ChIP-seq,1,18,0.05555555555555555,28,599,0.04674457429048414,1.199579831932773,0.5848143969982813,1.0,0.7813991578259263
neg,all,FOXK1,TF ChIP-seq,0,18,0.0,19,599,0.03171953255425709,0.0,1.0,1.0,-0.31370332762563163
neg,all,TAF7,TF ChIP-seq,1,18,0.05555555555555555,22,599,0.03672787979966611,1.5427807486631016,0.5002291306753796,1.0,1.1375035237499351
neg,all,FOXO4,TF ChIP-seq,0,18,0.0,15,599,0.025041736227045076,0.0,1.0,1.0,0.027409538515831368
neg,all,EZH2,TF ChIP-seq,0,18,0.0,1,599,0.001669449081803005,0.0,1.0,1.0,3.4307915705933962
neg,all,GTF2B,TF ChIP-seq,0,18,0.0,1,599,0.001669449081803005,0.0,1.0,1.0,3.4307915705933962
neg,all,GTF2F1,TF ChIP-seq,0,18,0.0,9,599,0.015025041736227046,0.0,1.0,1.0,0.748412370324622
neg,all,RFX7,TF ChIP-seq,0,18,0.0,6,599,0.01001669449081803,0.0,1.0,1.0,1.3032111358718648
neg,all,H3K9ac,Histone ChIP-seq,4,18,0.2222222222222222,178,599,0.29716193656093487,0.6757624398073836,0.6066649238412213,1.0,-0.44844743677227716
neg,all,RFX1,TF ChIP-seq,1,18,0.05555555555555555,33,599,0.05509181969949917,1.0089126559714796,1.0,1.0,0.5355224391389328
neg,all,REST,TF ChIP-seq,0,18,0.0,16,599,0.02671118530884808,0.0,1.0,1.0,-0.06525863928005515
neg,all,RERE,TF ChIP-seq,0,18,0.0,9,599,0.015025041736227046,0.0,1.0,1.0,0.748412370324622
neg,all,H3K9me3,Histone ChIP-seq,0,18,0.0,1,599,0.001669449081803005,0.0,1.0,1.0,3.4307915705933962
neg,all,H4K20me1,Histone ChIP-seq,2,18,0.1111111111111111,74,599,0.12353923205342238,0.8868243243243243,1.0,1.0,0.09591240902892567
neg,all,RBPJ,TF ChIP-seq,0,18,0.0,7,599,0.011686143572621035,0.0,1.0,1.0,1.0943273825481532
neg,all,RBM39,TF ChIP-seq,0,18,0.0,6,599,0.01001669449081803,0.0,1.0,1.0,1.3032111358718648
neg,all,RBM34,TF ChIP-seq,0,18,0.0,2,599,0.00333889816360601,0.0,1.0,1.0,2.691413442351799
neg,all,RBM25,TF ChIP-seq,0,18,0.0,27,599,0.045075125208681135,0.0,1.0,1.0,-0.829681196169303
neg,all,RBM22,TF ChIP-seq,1,18,0.05555555555555555,26,599,0.04340567612687813,1.2963800904977376,0.558249087911261,1.0,0.8914087052288154
neg,all,RBM14,TF ChIP-seq,0,18,0.0,6,599,0.01001669449081803,0.0,1.0,1.0,1.3032111358718648
neg,all,RBFOX2,TF ChIP-seq,3,18,0.16666666666666666,117,599,0.19532554257095158,0.8239316239316239,1.0,1.0,-0.10897320273882811
neg,all,RBBP5,TF ChIP-seq,1,18,0.05555555555555555,55,599,0.09181969949916527,0.5818181818181818,1.0,1.0,-0.24994814385700934
neg,all,RHOXF2B,TF ChIP-seq,0,18,0.0,11,599,0.018363939899833055,0.0,1.0,1.0,0.46788328335248147
neg,all,SMARCB1,TF ChIP-seq,0,18,0.0,15,599,0.025041736227045076,0.0,1.0,1.0,0.027409538515831368
neg,all,H3K79me2,Histone ChIP-seq,2,18,0.1111111111111111,113,599,0.18864774624373956,0.5376106194690266,0.5487046971470666,1.0,-0.6227185169808946
neg,all,H3K4me3,Histone ChIP-seq,3,18,0.16666666666666666,95,599,0.15859766277128548,1.0610526315789475,1.0,1.0,0.2544402427413376
neg,all,GTF2I,TF ChIP-seq,0,18,0.0,28,599,0.04674457429048414,0.0,1.0,1.0,-0.8837336915792133
neg,all,GTF3C2,TF ChIP-seq,0,18,0.0,2,599,0.00333889816360601,0.0,1.0,1.0,2.691413442351799
neg,all,H2AFZ,Histone ChIP-seq,8,18,0.4444444444444444,236,599,0.39398998330550916,1.230508474576271,0.8074636848864585,1.0,0.31526059905177833
neg,all,SMAD3,TF ChIP-seq,1,18,0.05555555555555555,40,599,0.0667779632721202,0.8220588235294117,1.0,1.0,0.24382380186795896
neg,all,SMAD1,TF ChIP-seq,1,18,0.05555555555555555,33,599,0.05509181969949917,1.0089126559714796,1.0,1.0,0.5355224391389328
neg,all,H3K27ac,Histone ChIP-seq,8,18,0.4444444444444444,210,599,0.35058430717863104,1.4819047619047618,0.45636913658599054,1.0,0.5829485134668523
neg,all,SIX5,TF ChIP-seq,0,18,0.0,6,599,0.01001669449081803,0.0,1.0,1.0,1.3032111358718648
neg,all,SIRT6,TF ChIP-seq,0,18,0.0,2,599,0.00333889816360601,0.0,1.0,1.0,2.691413442351799
neg,all,SIN3B,TF ChIP-seq,1,18,0.05555555555555555,19,599,0.03171953255425709,1.7956656346749227,0.4520684856700267,1.0,1.3514295217795078
neg,all,H3K27me3,Histone ChIP-seq,0,18,0.0,12,599,0.02003338898163606,0.0,1.0,1.0,0.3451354860486875
neg,all,SFPQ,TF ChIP-seq,0,18,0.0,2,599,0.00333889816360601,0.0,1.0,1.0,2.691413442351799
neg,all,SETDB1,TF ChIP-seq,0,18,0.0,2,599,0.00333889816360601,0.0,1.0,1.0,2.691413442351799
neg,all,SAP30,TF ChIP-seq,0,18,0.0,23,599,0.038397328881469114,0.0,1.0,1.0,-0.5928654196548153
neg,all,SAFB,TF ChIP-seq,0,18,0.0,11,599,0.018363939899833055,0.0,1.0,1.0,0.46788328335248147
neg,all,RUNX1,TF ChIP-seq,1,18,0.05555555555555555,19,599,0.03171953255425709,1.7956656346749227,0.4520684856700267,1.0,1.3514295217795078
neg,all,RNF219,TF ChIP-seq,0,18,0.0,3,599,0.005008347245409015,0.0,1.0,1.0,2.203570040008674
neg,all,ZZZ3,TF ChIP-seq,0,18,0.0,2,599,0.00333889816360601,0.0,1.0,1.0,2.691413442351799
pos,powered,H3K79me2,Histone ChIP-seq,14,29,0.4827586206896552,77,373,0.2064343163538874,3.587878787878788,0.001847045486328387,0.9179816067052082,1.839548574012463
pos,powered,ZBTB11,TF ChIP-seq,2,29,0.06896551724137931,4,373,0.010723860589812333,6.833333333333333,0.06292108395042346,0.9288596390155412,2.9000739340665413
pos,powered,ZBTB1,TF ChIP-seq,3,29,0.10344827586206896,11,373,0.029490616621983913,3.797202797202797,0.0716545525069999,0.9288596390155412,2.057709696339689
pos,powered,HBP1,TF ChIP-seq,4,29,0.13793103448275862,18,373,0.04825737265415549,3.1555555555555554,0.06426021711564875,0.9288596390155412,1.7617520434612823
pos,powered,CBX1,TF ChIP-seq,4,29,0.13793103448275862,17,373,0.045576407506702415,3.3505882352941176,0.055334064292501546,0.9288596390155412,1.8459749089697384
pos,powered,ILF3,TF ChIP-seq,3,29,0.10344827586206896,8,373,0.021447721179624665,5.264423076923077,0.037659362616995776,0.9288596390155412,2.505699222196503
pos,powered,CDC5L,TF ChIP-seq,3,29,0.10344827586206896,6,373,0.0160857908847185,7.0576923076923075,0.021169793040562594,0.9288596390155412,2.9005951890770394
pos,powered,ZBTB26,TF ChIP-seq,4,29,0.13793103448275862,12,373,0.032171581769437,4.8133333333333335,0.021741063175704817,0.9288596390155412,2.3514953066472097
pos,powered,NKRF,TF ChIP-seq,6,29,0.20689655172413793,33,373,0.08847184986595175,2.6877470355731226,0.049611681422040865,0.9288596390155412,1.4912726640177534
pos,powered,ZNF436,TF ChIP-seq,2,29,0.06896551724137931,3,373,0.00804289544235925,9.135802469135802,0.043898191725694834,0.9288596390155412,3.2665431916109324
pos,powered,JUN,TF ChIP-seq,9,29,0.3103448275862069,59,373,0.1581769436997319,2.3949152542372882,0.06657290044017342,0.9288596390155412,1.2924739523968476
pos,powered,H3K27ac,Histone ChIP-seq,16,29,0.5517241379310345,140,373,0.3753351206434316,2.048351648351648,0.07475731501131117,0.9288596390155412,1.0223590366837207
pos,powered,RBM39,TF ChIP-seq,2,29,0.06896551724137931,3,373,0.00804289544235925,9.135802469135802,0.043898191725694834,0.9288596390155412,3.2665431916109324
pos,powered,NFIC,TF ChIP-seq,11,29,0.3793103448275862,74,373,0.19839142091152814,2.469219219219219,0.03160899825296948,0.9288596390155412,1.3213522627546872
pos,powered,NCOA1,TF ChIP-seq,6,29,0.20689655172413793,34,373,0.09115281501340483,2.601023017902813,0.0553842927702667,0.9288596390155412,1.4445941739300174
pos,powered,DDIT3,TF ChIP-seq,3,29,0.10344827586206896,7,373,0.01876675603217158,6.032967032967033,0.028778870467239235,0.9288596390155412,2.690213260019698
pos,powered,E2F1,TF ChIP-seq,3,29,0.10344827586206896,10,373,0.02680965147453083,4.188461538461539,0.059139605038222756,0.9288596390155412,2.192928598635239
pos,powered,KLF10,TF ChIP-seq,2,29,0.06896551724137931,1,373,0.002680965147453083,27.555555555555557,0.014431458666765925,0.9288596390155412,4.49670249599107
pos,powered,ZNF253,TF ChIP-seq,2,29,0.06896551724137931,3,373,0.00804289544235925,9.135802469135802,0.043898191725694834,0.9288596390155412,3.2665431916109324
pos,powered,E2F8,TF ChIP-seq,6,29,0.20689655172413793,24,373,0.064343163538874,3.7934782608695654,0.01445934036134736,0.9288596390155412,1.980289667723683
pos,powered,FOXA3,TF ChIP-seq,4,29,0.13793103448275862,15,373,0.040214477211796246,3.8186666666666667,0.039698355114867453,0.9288596390155412,2.0291326577858464
pos,powered,SREBF2,TF ChIP-seq,2,29,0.06896551724137931,3,373,0.00804289544235925,9.135802469135802,0.043898191725694834,0.9288596390155412,3.2665431916109324
pos,powered,ZNF174,TF ChIP-seq,1,29,0.034482758620689655,0,373,0.0,inf,0.07213930348258706,0.9288596390155412,5.2970369193456515
pos,powered,SRSF1,TF ChIP-seq,1,29,0.034482758620689655,0,373,0.0,inf,0.07213930348258706,0.9288596390155412,5.2970369193456515
pos,powered,ETS1,TF ChIP-seq,5,29,0.1724137931034483,19,373,0.05093833780160858,3.8815789473684212,0.02205847448357532,0.9288596390155412,2.028961372899357
pos,powered,TEAD4,TF ChIP-seq,12,29,0.41379310344827586,88,373,0.2359249329758713,2.286096256684492,0.04358216616312753,0.9288596390155412,1.2043145581096035
pos,powered,OTX1,TF ChIP-seq,4,29,0.13793103448275862,17,373,0.045576407506702415,3.3505882352941176,0.055334064292501546,0.9288596390155412,1.8459749089697384
pos,powered,EWSR1,TF ChIP-seq,2,29,0.06896551724137931,1,373,0.002680965147453083,27.555555555555557,0.014431458666765925,0.9288596390155412,4.49670249599107
pos,powered,THAP12,TF ChIP-seq,5,29,0.1724137931034483,13,373,0.03485254691689008,5.769230769230769,0.006076209677040017,0.9288596390155412,2.583689721599443
pos,powered,HNRNPUL1,TF ChIP-seq,2,29,0.06896551724137931,2,373,0.005361930294906166,13.74074074074074,0.02756935234576559,0.9288596390155412,3.7558586870139368
pos,powered,ATF2,TF ChIP-seq,6,29,0.20689655172413793,31,373,0.08310991957104558,2.8779803646563815,0.03925799747913118,0.9288596390155412,1.5885311208114274
pos,powered,ZNF717,TF ChIP-seq,2,29,0.06896551724137931,2,373,0.005361930294906166,13.74074074074074,0.02756935234576559,0.9288596390155412,3.7558586870139368
pos,powered,ZBED1,TF ChIP-seq,3,29,0.10344827586206896,10,373,0.02680965147453083,4.188461538461539,0.059139605038222756,0.9288596390155412,2.192928598635239
pos,powered,POLR2B,TF ChIP-seq,6,29,0.20689655172413793,26,373,0.06970509383378017,3.4816053511705687,0.01987877942608213,0.9288596390155412,1.8587995795111254
pos,powered,THRB,TF ChIP-seq,4,29,0.13793103448275862,19,373,0.05093833780160858,2.9810526315789474,0.0739157923994132,0.9288596390155412,1.6817392578480845
pos,powered,PTBP1,TF ChIP-seq,3,29,0.10344827586206896,11,373,0.029490616621983913,3.797202797202797,0.0716545525069999,0.9288596390155412,2.057709696339689
pos,powered,BACH1,TF ChIP-seq,3,29,0.10344827586206896,11,373,0.029490616621983913,3.797202797202797,0.0716545525069999,0.9288596390155412,2.057709696339689
pos,powered,ZNF7,TF ChIP-seq,7,29,0.2413793103448276,28,373,0.07506702412868632,3.9204545454545454,0.007902780287460642,0.9288596390155412,2.014689385502361
pos,powered,ZNF84,TF ChIP-seq,3,29,0.10344827586206896,10,373,0.02680965147453083,4.188461538461539,0.059139605038222756,0.9288596390155412,2.192928598635239
pos,powered,HMG20A,TF ChIP-seq,1,29,0.034482758620689655,0,373,0.0,inf,0.07213930348258706,0.9288596390155412,5.2970369193456515
pos,powered,ZNF57,TF ChIP-seq,2,29,0.06896551724137931,5,373,0.013404825737265416,5.451851851851852,0.08419213616534735,0.930905916074281,2.606657571820475
pos,powered,CGGBP1,TF ChIP-seq,2,29,0.06896551724137931,5,373,0.013404825737265416,5.451851851851852,0.08419213616534735,0.930905916074281,2.606657571820475
pos,powered,ZNF561,TF ChIP-seq,2,29,0.06896551724137931,5,373,0.013404825737265416,5.451851851851852,0.08419213616534735,0.930905916074281,2.606657571820475
pos,powered,H2AFZ,Histone ChIP-seq,7,29,0.2413793103448276,153,373,0.4101876675603217,0.45751633986928103,0.07938331855204252,0.930905916074281,-1.062422500533815
pos,powered,SAP30,TF ChIP-seq,4,29,0.13793103448275862,20,373,0.05361930294906166,2.824,0.08428725598258077,0.930905916074281,1.6055140596621318
pos,powered,ATF3,TF ChIP-seq,9,29,0.3103448275862069,67,373,0.17962466487935658,2.055223880597015,0.08895752692187625,0.9611280626124457,1.0733031754654525
pos,powered,AGO1,TF ChIP-seq,3,29,0.10344827586206896,15,373,0.040214477211796246,2.753846153846154,0.13208270060510688,0.9746901403208398,1.6110674658094346
pos,powered,TRIM25,TF ChIP-seq,2,29,0.06896551724137931,7,373,0.01876675603217158,3.873015873015873,0.13192414225107812,0.9746901403208398,2.151347173887996
pos,powered,ETV5,TF ChIP-seq,6,29,0.20689655172413793,41,373,0.10991957104557641,2.112407211028632,0.13087459215965155,0.9746901403208398,1.148021965505082
pos,powered,KDM4B,TF ChIP-seq,1,29,0.034482758620689655,1,373,0.002680965147453083,13.285714285714286,0.13924144861726281,0.9746901403208398,3.708206601184782
pos,powered,ZFP30,TF ChIP-seq,1,29,0.034482758620689655,1,373,0.002680965147453083,13.285714285714286,0.13924144861726281,0.9746901403208398,3.708206601184782
pos,powered,MTA3,TF ChIP-seq,2,29,0.06896551724137931,72,373,0.19302949061662197,0.3096707818930041,0.13356749905128934,0.9746901403208398,-1.403326516752147
pos,powered,FIP1L1,TF ChIP-seq,3,29,0.10344827586206896,13,373,0.03485254691689008,3.195266272189349,0.09993904364048738,0.9746901403208398,1.8184024145717588
pos,powered,PML,TF ChIP-seq,6,29,0.20689655172413793,35,373,0.0938337801608579,2.519254658385093,0.10070964521094024,0.9746901403208398,1.3991157705337696
pos,powered,POLR2A,TF ChIP-seq,8,29,0.27586206896551724,60,373,0.16085790884718498,1.9873015873015873,0.12327754952416514,0.9746901403208398,1.0346564820756858
pos,powered,U2AF1,TF ChIP-seq,2,29,0.06896551724137931,7,373,0.01876675603217158,3.873015873015873,0.13192414225107812,0.9746901403208398,2.151347173887996
pos,powered,POLR2AphosphoS5,TF ChIP-seq,8,29,0.27586206896551724,55,373,0.14745308310991956,2.2025974025974024,0.10532796709045208,0.9746901403208398,1.1819317824544358
pos,powered,TBL1XR1,TF ChIP-seq,4,29,0.13793103448275862,23,373,0.06166219839142091,2.4347826086956523,0.11949451934898624,0.9746901403208398,1.3961814418038025
pos,powered,SRF,TF ChIP-seq,2,29,0.06896551724137931,6,373,0.0160857908847185,4.530864197530864,0.10731206464874136,0.9746901403208398,2.3617291029453376
pos,powered,ZNF274,TF ChIP-seq,2,29,0.06896551724137931,7,373,0.01876675603217158,3.873015873015873,0.13192414225107812,0.9746901403208398,2.151347173887996
pos,powered,TRIM24,TF ChIP-seq,8,29,0.27586206896551724,54,373,0.1447721179624665,2.250440917107584,0.10315959262336802,0.9746901403208398,1.2126858827183093
pos,powered,CHD7,TF ChIP-seq,1,29,0.034482758620689655,1,373,0.002680965147453083,13.285714285714286,0.13924144861726281,0.9746901403208398,3.708206601184782
pos,powered,SUPT5H,TF ChIP-seq,6,29,0.20689655172413793,36,373,0.09651474530831099,2.4420289855072466,0.10415274122007434,0.9746901403208398,1.354769999521631
pos,powered,ZBTB5,TF ChIP-seq,2,29,0.06896551724137931,7,373,0.01876675603217158,3.873015873015873,0.13192414225107812,0.9746901403208398,2.151347173887996
pos,powered,ZNF700,TF ChIP-seq,2,29,0.06896551724137931,6,373,0.0160857908847185,4.530864197530864,0.10731206464874136,0.9746901403208398,2.3617291029453376
pos,powered,TFDP1,TF ChIP-seq,6,29,0.20689655172413793,41,373,0.10991957104557641,2.112407211028632,0.13087459215965155,0.9746901403208398,1.148021965505082
pos,powered,SFPQ,TF ChIP-seq,1,29,0.034482758620689655,1,373,0.002680965147453083,13.285714285714286,0.13924144861726281,0.9746901403208398,3.708206601184782
pos,powered,H3K9me3,Histone ChIP-seq,1,29,0.034482758620689655,1,373,0.002680965147453083,13.285714285714286,0.13924144861726281,0.9746901403208398,3.708206601184782
pos,powered,CEBPZ,TF ChIP-seq,1,29,0.034482758620689655,1,373,0.002680965147453083,13.285714285714286,0.13924144861726281,0.9746901403208398,3.708206601184782
pos,powered,H4K20me1,Histone ChIP-seq,8,29,0.27586206896551724,57,373,0.15281501340482573,2.1119465329991645,0.111110533840178,0.9746901403208398,1.1217697250322074
pos,powered,XRCC3,TF ChIP-seq,1,29,0.034482758620689655,1,373,0.002680965147453083,13.285714285714286,0.13924144861726281,0.9746901403208398,3.708206601184782
pos,powered,TAF9B,TF ChIP-seq,3,29,0.10344827586206896,25,373,0.06702412868632708,1.606153846153846,0.44195744571500317,1.0,0.8520239713913325
pos,powered,TGIF2,TF ChIP-seq,1,29,0.034482758620689655,5,373,0.013404825737265416,2.6285714285714286,0.3637545367043465,1.0,1.8181616770141868
pos,powered,THAP1,TF ChIP-seq,2,29,0.06896551724137931,8,373,0.021447721179624665,3.3796296296296298,0.1577104601970379,1.0,1.9668331360648008
pos,powered,TEAD2,TF ChIP-seq,0,29,0.0,21,373,0.05630026809651475,0.0,0.38513550602460944,1.0,-1.8474283567777834
pos,powered,TAF15,TF ChIP-seq,0,29,0.0,2,373,0.005361930294906166,0.0,1.0,1.0,1.3326472562893927
pos,powered,THRAP3,TF ChIP-seq,0,29,0.0,5,373,0.013404825737265416,0.0,1.0,1.0,0.18344614109593127
pos,powered,TAF1,TF ChIP-seq,5,29,0.1724137931034483,30,373,0.08042895442359249,2.3819444444444446,0.1594105234107121,1.0,1.3381507257773029
pos,powered,THRA,TF ChIP-seq,0,29,0.0,6,373,0.0160857908847185,0.0,1.0,1.0,-0.06148232777920661
pos,powered,THAP7,TF ChIP-seq,0,29,0.0,4,373,0.010723860589812333,0.0,1.0,1.0,0.4768625033419974
pos,powered,TAF7,TF ChIP-seq,1,29,0.034482758620689655,14,373,0.03753351206434316,0.9158163265306123,1.0,1.0,0.3839394518681402
pos,powered,TAL1,TF ChIP-seq,4,29,0.13793103448275862,63,373,0.16890080428954424,0.7873015873015873,0.8004234607967975,1.0,-0.21273556908086766
pos,powered,TBP,TF ChIP-seq,4,29,0.13793103448275862,33,373,0.08847184986595175,1.6484848484848484,0.3261458704477868,1.0,0.8429214570251156
pos,powered,TEAD1,TF ChIP-seq,2,29,0.06896551724137931,44,373,0.11796246648793565,0.5538720538720538,0.5571454238156949,1.0,-0.5710303945956434
pos,powered,TBPL1,TF ChIP-seq,1,29,0.034482758620689655,11,373,0.029490616621983913,1.1753246753246753,0.5980820396236408,1.0,0.7303477154016985
pos,powered,TFE3,TF ChIP-seq,3,29,0.10344827586206896,24,373,0.064343163538874,1.6778846153846154,0.43053496774806876,1.0,0.9138732687546332
pos,powered,TBX18,TF ChIP-seq,1,29,0.034482758620689655,18,373,0.04825737265415549,0.7043650793650794,1.0,1.0,0.016324870546880078
pos,powered,TRIM28,TF ChIP-seq,3,29,0.10344827586206896,23,373,0.06166219839142091,1.7558528428093645,0.41998897948852115,1.0,0.9781162498273908
pos,powered,TCF12,TF ChIP-seq,3,29,0.10344827586206896,33,373,0.08847184986595175,1.1888111888111887,0.7352918959210065,1.0,0.42485626504870355
pos,powered,TOE1,TF ChIP-seq,4,29,0.13793103448275862,38,373,0.10187667560321716,1.4105263157894736,0.5269337527180857,1.0,0.620882074976099
pos,powered,TFCP2,TF ChIP-seq,2,29,0.06896551724137931,20,373,0.05361930294906166,1.3074074074074074,0.666768126437791,1.0,0.6485827815540179
pos,powered,TCF15,TF ChIP-seq,0,29,0.0,12,373,0.032171581769437,0.0,1.0,1.0,-1.0286474021854481
pos,powered,TCF3,TF ChIP-seq,6,29,0.20689655172413793,84,373,0.225201072386059,0.8975155279503105,1.0,1.0,-0.0776090318294929
pos,powered,TFAP4,TF ChIP-seq,9,29,0.3103448275862069,125,373,0.3351206434316354,0.8928,0.8411566388716986,1.0,-0.12406600356298401
pos,powered,TCF7,TF ChIP-seq,2,29,0.06896551724137931,11,373,0.029490616621983913,2.4377104377104377,0.239447551903197,1.0,1.5188436102079865
pos,powered,TARDBP,TF ChIP-seq,3,29,0.10344827586206896,35,373,0.0938337801608579,1.1142857142857143,0.7466479272751123,1.0,0.3326993715647195
pos,powered,TCFL5,TF ChIP-seq,1,29,0.034482758620689655,3,373,0.00804289544235925,4.404761904761905,0.2596721406747598,1.0,2.478047296804644
pos,powered,SMC3,TF ChIP-seq,9,29,0.3103448275862069,101,373,0.2707774798927614,1.2118811881188118,0.6672333814126874,1.0,0.31515201130461434
pos,powered,STAT6,TF ChIP-seq,1,29,0.034482758620689655,11,373,0.029490616621983913,1.1753246753246753,0.5980820396236408,1.0,0.7303477154016985
pos,powered,RNF219,TF ChIP-seq,0,29,0.0,1,373,0.002680965147453083,0.0,1.0,1.0,2.0734910652665266
pos,powered,RLF,TF ChIP-seq,1,29,0.034482758620689655,23,373,0.06166219839142091,0.5434782608695652,1.0,1.0,-0.34924573111059964
pos,powered,RHOXF2B,TF ChIP-seq,1,29,0.034482758620689655,9,373,0.024128686327077747,1.4444444444444444,0.5312027637793909,1.0,1.013919977439766
pos,powered,RFX7,TF ChIP-seq,1,29,0.034482758620689655,3,373,0.00804289544235925,4.404761904761905,0.2596721406747598,1.0,2.478047296804644
pos,powered,RFX5,TF ChIP-seq,1,29,0.034482758620689655,5,373,0.013404825737265416,2.6285714285714286,0.3637545367043465,1.0,1.8181616770141868
pos,powered,RFX1,TF ChIP-seq,0,29,0.0,20,373,0.05361930294906166,0.0,0.3827977962842032,1.0,-1.774628649170526
pos,powered,REST,TF ChIP-seq,1,29,0.034482758620689655,8,373,0.021447721179624665,1.6294642857142858,0.4938535334211557,1.0,1.1783372412585125
pos,powered,RERE,TF ChIP-seq,0,29,0.0,8,373,0.021447721179624665,0.0,1.0,1.0,-0.45637829465974344
pos,powered,RELA,TF ChIP-seq,2,29,0.06896551724137931,25,373,0.06702412868632708,1.031111111111111,1.0,1.0,0.3131578852596303
pos,powered,RCOR1,TF ChIP-seq,9,29,0.3103448275862069,118,373,0.3163538873994638,0.972457627118644,1.0,1.0,-0.0011882591351359887
pos,powered,RBPJ,TF ChIP-seq,1,29,0.034482758620689655,5,373,0.013404825737265416,2.6285714285714286,0.3637545367043465,1.0,1.8181616770141868
pos,powered,RREB1,TF ChIP-seq,2,29,0.06896551724137931,29,373,0.0777479892761394,0.8786717752234994,1.0,1.0,0.08628550470515269
pos,powered,RBM34,TF ChIP-seq,0,29,0.0,2,373,0.005361930294906166,0.0,1.0,1.0,1.3326472562893927
pos,powered,RBM22,TF ChIP-seq,2,29,0.06896551724137931,22,373,0.058981233243967826,1.1818181818181819,0.6881382804734846,1.0,0.5060961641055634
pos,powered,RBM14,TF ChIP-seq,1,29,0.034482758620689655,5,373,0.013404825737265416,2.6285714285714286,0.3637545367043465,1.0,1.8181616770141868
pos,powered,RBFOX2,TF ChIP-seq,10,29,0.3448275862068966,90,373,0.24128686327077747,1.654970760233918,0.26317711633948765,1.0,0.7542742417755355
pos,powered,RBBP5,TF ChIP-seq,4,29,0.13793103448275862,36,373,0.09651474530831099,1.4977777777777779,0.5139115236554198,1.0,0.7064187925289929
pos,powered,RB1,TF ChIP-seq,7,29,0.2413793103448276,64,373,0.17158176943699732,1.5362215909090908,0.319851351557629,1.0,0.6776058430698544
pos,powered,RAD51,TF ChIP-seq,5,29,0.1724137931034483,47,373,0.1260053619302949,1.4450354609929077,0.5623615698495408,1.0,0.625805347737572
pos,powered,RAD21,TF ChIP-seq,11,29,0.3793103448275862,148,373,0.3967828418230563,0.9290540540540541,1.0,1.0,-0.0832269071173217
pos,powered,PYGO2,TF ChIP-seq,0,29,0.0,11,373,0.029490616621983913,0.0,1.0,1.0,-0.9043678205165572
pos,powered,PTTG1,TF ChIP-seq,0,29,0.0,9,373,0.024128686327077747,0.0,1.0,1.0,-0.6207955584784897
pos,powered,PTRF,TF ChIP-seq,0,29,0.0,12,373,0.032171581769437,0.0,1.0,1.0,-1.0286474021854481
pos,powered,PRPF4,TF ChIP-seq,1,29,0.034482758620689655,14,373,0.03753351206434316,0.9158163265306123,1.0,1.0,0.3839394518681402
pos,powered,RBM25,TF ChIP-seq,3,29,0.10344827586206896,21,373,0.05630026809651475,1.934065934065934,0.4020429138423226,1.0,1.114649160078463
pos,powered,SUZ12,TF ChIP-seq,0,29,0.0,2,373,0.005361930294906166,0.0,1.0,1.0,1.3326472562893927
pos,powered,RUNX1,TF ChIP-seq,1,29,0.034482758620689655,13,373,0.03485254691689008,0.989010989010989,1.0,1.0,0.4910404336337684
pos,powered,SETDB1,TF ChIP-seq,0,29,0.0,2,373,0.005361930294906166,0.0,1.0,1.0,1.3326472562893927
pos,powered,STAT5A,TF ChIP-seq,4,29,0.13793103448275862,34,373,0.09115281501340483,1.5952941176470588,0.3389641511141591,1.0,0.7962429669373795
pos,powered,STAG1,TF ChIP-seq,5,29,0.1724137931034483,38,373,0.10187667560321716,1.8366228070175439,0.2191535715320044,1.0,0.9681041900273712
pos,powered,SRSF3,TF ChIP-seq,0,29,0.0,2,373,0.005361930294906166,0.0,1.0,1.0,1.3326472562893927
pos,powered,SREBF1,TF ChIP-seq,1,29,0.034482758620689655,8,373,0.021447721179624665,1.6294642857142858,0.4938535334211557,1.0,1.1783372412585125
pos,powered,SPI1,TF ChIP-seq,3,29,0.10344827586206896,45,373,0.12064343163538874,0.841025641025641,1.0,1.0,-0.06861061238196176
pos,powered,SP2,TF ChIP-seq,1,29,0.034482758620689655,3,373,0.00804289544235925,4.404761904761905,0.2596721406747598,1.0,2.478047296804644
pos,powered,SP1,TF ChIP-seq,3,29,0.10344827586206896,22,373,0.058981233243967826,1.8409090909090908,0.410446595030893,1.0,1.0449622502372655
pos,powered,SOX6,TF ChIP-seq,5,29,0.1724137931034483,86,373,0.23056300268096513,0.6952519379844961,0.6454230903454934,1.0,-0.422488307282898
pos,powered,SNRNP70,TF ChIP-seq,0,29,0.0,3,373,0.00804289544235925,0.0,1.0,1.0,0.8433317608863885
pos,powered,SNIP1,TF ChIP-seq,1,29,0.034482758620689655,4,373,0.010723860589812333,3.294642857142857,0.313615627912026,1.0,2.111578039260253
pos,powered,SMARCE1,TF ChIP-seq,9,29,0.3103448275862069,73,373,0.19571045576407506,1.8493150684931507,0.15235802356037967,1.0,0.9219243447003229
pos,powered,SAFB,TF ChIP-seq,1,29,0.034482758620689655,10,373,0.02680965147453083,1.2964285714285715,0.5658841919691807,1.0,0.8655666176972485
pos,powered,SMARCC2,TF ChIP-seq,5,29,0.1724137931034483,39,373,0.10455764075067024,1.7841880341880343,0.22974709663515758,1.0,0.926803426986447
pos,powered,SMARCA5,TF ChIP-seq,3,29,0.10344827586206896,29,373,0.0777479892761394,1.3687002652519893,0.49414260310927294,1.0,0.6251515908368551
pos,powered,SMARCA4,TF ChIP-seq,8,29,0.27586206896551724,84,373,0.225201072386059,1.310657596371882,0.49877865303207647,1.0,0.4377381882552937
pos,powered,SMAD5,TF ChIP-seq,4,29,0.13793103448275862,30,373,0.08042895442359249,1.8293333333333333,0.29152653086681735,1.0,0.9909286107260306
pos,powered,SMAD4,TF ChIP-seq,7,29,0.2413793103448276,97,373,0.26005361930294907,0.9053420805998126,1.0,1.0,-0.08115714423605988
pos,powered,SMAD3,TF ChIP-seq,2,29,0.06896551724137931,24,373,0.064343163538874,1.0771604938271604,1.0,1.0,0.37500718262293103
pos,powered,SMAD1,TF ChIP-seq,3,29,0.10344827586206896,20,373,0.05361930294906166,2.0365384615384614,0.22509981924635578,1.0,1.18744886768572
pos,powered,SKIL,TF ChIP-seq,3,29,0.10344827586206896,65,373,0.1742627345844504,0.5467455621301776,0.4442389134054108,1.0,-0.6848618548936276
pos,powered,SIX5,TF ChIP-seq,0,29,0.0,6,373,0.0160857908847185,0.0,1.0,1.0,-0.06148232777920661
pos,powered,SIRT6,TF ChIP-seq,0,29,0.0,1,373,0.002680965147453083,0.0,1.0,1.0,2.0734910652665266
pos,powered,SIN3B,TF ChIP-seq,2,29,0.06896551724137931,15,373,0.040214477211796246,1.7679012345679013,0.35106781584122987,1.0,1.072201379677732
pos,powered,SIN3A,TF ChIP-seq,1,29,0.034482758620689655,23,373,0.06166219839142091,0.5434782608695652,1.0,1.0,-0.34924573111059964
pos,powered,SMARCB1,TF ChIP-seq,2,29,0.06896551724137931,11,373,0.029490616621983913,2.4377104377104377,0.239447551903197,1.0,1.5188436102079865
pos,powered,TRIP13,TF ChIP-seq,0,29,0.0,4,373,0.010723860589812333,0.0,1.0,1.0,0.4768625033419974
pos,powered,ADNP,TF ChIP-seq,3,29,0.10344827586206896,28,373,0.07506702412868632,1.4217032967032968,0.4803300227501382,1.0,0.6790863537179218
pos,powered,TSHZ1,TF ChIP-seq,0,29,0.0,7,373,0.01876675603217158,0.0,1.0,1.0,-0.2718642568365479
pos,powered,ZNF449,TF ChIP-seq,1,29,0.034482758620689655,13,373,0.03485254691689008,0.989010989010989,1.0,1.0,0.4910404336337684
pos,powered,ZNF445,TF ChIP-seq,2,29,0.06896551724137931,11,373,0.029490616621983913,2.4377104377104377,0.239447551903197,1.0,1.5188436102079865
pos,powered,ZNF444,TF ChIP-seq,1,29,0.034482758620689655,8,373,0.021447721179624665,1.6294642857142858,0.4938535334211557,1.0,1.1783372412585125
pos,powered,ZNF431,TF ChIP-seq,0,29,0.0,14,373,0.03753351206434316,0.0,0.6117097898588,1.0,-1.2507760840501154
pos,powered,ZNF41,TF ChIP-seq,1,29,0.034482758620689655,18,373,0.04825737265415549,0.7043650793650794,1.0,1.0,0.016324870546880078
pos,powered,ZNF407,TF ChIP-seq,0,29,0.0,3,373,0.00804289544235925,0.0,1.0,1.0,0.8433317608863885
pos,powered,ZNF398,TF ChIP-seq,0,29,0.0,4,373,0.010723860589812333,0.0,1.0,1.0,0.4768625033419974
pos,powered,ZNF397,TF ChIP-seq,1,29,0.034482758620689655,11,373,0.029490616621983913,1.1753246753246753,0.5980820396236408,1.0,0.7303477154016985
pos,powered,ZNF395,TF ChIP-seq,6,29,0.20689655172413793,58,373,0.1554959785522788,1.416791604197901,0.43502407861076975,1.0,0.5769823418625993
pos,powered,ZNF384,TF ChIP-seq,4,29,0.13793103448275862,45,373,0.12064343163538874,1.1662222222222223,0.7680375516014819,1.0,0.34945457959445
pos,powered,ZNF354C,TF ChIP-seq,0,29,0.0,4,373,0.010723860589812333,0.0,1.0,1.0,0.4768625033419974
pos,powered,ZNF511,TF ChIP-seq,2,29,0.06896551724137931,20,373,0.05361930294906166,1.3074074074074074,0.666768126437791,1.0,0.6485827815540179
pos,powered,ZNF354B,TF ChIP-seq,0,29,0.0,3,373,0.00804289544235925,0.0,1.0,1.0,0.8433317608863885
pos,powered,ZNF324,TF ChIP-seq,1,29,0.034482758620689655,8,373,0.021447721179624665,1.6294642857142858,0.4938535334211557,1.0,1.1783372412585125
pos,powered,ZNF319,TF ChIP-seq,2,29,0.06896551724137931,10,373,0.02680965147453083,2.688888888888889,0.21170786777012415,1.0,1.6540625125035369
pos,powered,ZNF318,TF ChIP-seq,4,29,0.13793103448275862,27,373,0.07238605898123325,2.0503703703703704,0.26420504017888924,1.0,1.152851488083371
pos,powered,ZNF317,TF ChIP-seq,2,29,0.06896551724137931,19,373,0.05093833780160858,1.3801169590643274,0.6566844939001761,1.0,0.7248079797399706
pos,powered,ZNF316,TF ChIP-seq,6,29,0.20689655172413793,58,373,0.1554959785522788,1.416791604197901,0.43502407861076975,1.0,0.5769823418625993
pos,powered,ZNF311,TF ChIP-seq,1,29,0.034482758620689655,21,373,0.05630026809651475,0.5986394557823129,1.0,1.0,-0.21271282085952756
pos,powered,ZNF3,TF ChIP-seq,0,29,0.0,3,373,0.00804289544235925,0.0,1.0,1.0,0.8433317608863885
pos,powered,ZNF282,TF ChIP-seq,3,29,0.10344827586206896,37,373,0.09919571045576407,1.0478170478170479,1.0,1.0,0.24507847160884103
pos,powered,ZNF281,TF ChIP-seq,5,29,0.1724137931034483,99,373,0.26541554959785524,0.5765993265993266,0.3786462681578575,1.0,-0.6912405070163612
pos,powered,ZNF280A,TF ChIP-seq,0,29,0.0,2,373,0.005361930294906166,0.0,1.0,1.0,1.3326472562893927
pos,powered,ZNF263,TF ChIP-seq,3,29,0.10344827586206896,55,373,0.14745308310991956,0.6671328671328671,0.7831124161965132,1.0,-0.39983183659940075
pos,powered,ZNF347,TF ChIP-seq,0,29,0.0,1,373,0.002680965147453083,0.0,1.0,1.0,2.0734910652665266
pos,powered,ZNF512,TF ChIP-seq,1,29,0.034482758620689655,15,373,0.040214477211796246,0.8523809523809524,1.0,1.0,0.2837054848714441
pos,powered,ZNF518B,TF ChIP-seq,1,29,0.034482758620689655,2,373,0.005361930294906166,6.625,0.20164644359251122,1.0,2.9673627922076484
pos,powered,ZNF551,TF ChIP-seq,0,29,0.0,3,373,0.00804289544235925,0.0,1.0,1.0,0.8433317608863885
pos,powered,ZSCAN29,TF ChIP-seq,0,29,0.0,15,373,0.040214477211796246,0.0,0.6139972137771575,1.0,-1.3510100510468117
pos,powered,ZNF830,TF ChIP-seq,1,29,0.034482758620689655,15,373,0.040214477211796246,0.8523809523809524,1.0,1.0,0.2837054848714441
pos,powered,ZNF83,TF ChIP-seq,2,29,0.06896551724137931,32,373,0.08579088471849866,0.7893518518518519,1.0,1.0,-0.06605766337566125
pos,powered,ZNF79,TF ChIP-seq,0,29,0.0,10,373,0.02680965147453083,0.0,1.0,1.0,-0.7691489182210072
pos,powered,ZNF785,TF ChIP-seq,0,29,0.0,2,373,0.005361930294906166,0.0,1.0,1.0,1.3326472562893927
pos,powered,ZNF780A,TF ChIP-seq,0,29,0.0,4,373,0.010723860589812333,0.0,1.0,1.0,0.4768625033419974
pos,powered,ZNF77,TF ChIP-seq,0,29,0.0,2,373,0.005361930294906166,0.0,1.0,1.0,1.3326472562893927
pos,powered,ZNF766,TF ChIP-seq,3,29,0.10344827586206896,52,373,0.13941018766756033,0.7122781065088757,0.7816613736563428,1.0,-0.30613612284377034
pos,powered,ZNF764,TF ChIP-seq,0,29,0.0,4,373,0.010723860589812333,0.0,1.0,1.0,0.4768625033419974
pos,powered,ZNF76,TF ChIP-seq,1,29,0.034482758620689655,23,373,0.06166219839142091,0.5434782608695652,1.0,1.0,-0.34924573111059964
pos,powered,ZNF75A,TF ChIP-seq,1,29,0.034482758620689655,8,373,0.021447721179624665,1.6294642857142858,0.4938535334211557,1.0,1.1783372412585125
pos,powered,ZNF740,TF ChIP-seq,0,29,0.0,19,373,0.05093833780160858,0.0,0.3823935421856215,1.0,-1.6984034509845733
pos,powered,ZNF707,TF ChIP-seq,0,29,0.0,9,373,0.024128686327077747,0.0,1.0,1.0,-0.6207955584784897
pos,powered,ZNF699,TF ChIP-seq,0,29,0.0,4,373,0.010723860589812333,0.0,1.0,1.0,0.4768625033419974
pos,powered,ZNF696,TF ChIP-seq,0,29,0.0,1,373,0.002680965147453083,0.0,1.0,1.0,2.0734910652665266
pos,powered,ZNF695,TF ChIP-seq,0,29,0.0,9,373,0.024128686327077747,0.0,1.0,1.0,-0.6207955584784897
pos,powered,ZNF668,TF ChIP-seq,0,29,0.0,13,373,0.03485254691689008,0.0,0.6114793049695191,1.0,-1.1436751022844873
pos,powered,ZNF644,TF ChIP-seq,2,29,0.06896551724137931,31,373,0.08310991957104558,0.8172043010752689,1.0,1.0,-0.01675136428932463
pos,powered,ZNF639,TF ChIP-seq,1,29,0.034482758620689655,12,373,0.032171581769437,1.0744047619047619,1.0,1.0,0.6060681337328075
pos,powered,ZNF609,TF ChIP-seq,1,29,0.034482758620689655,9,373,0.024128686327077747,1.4444444444444444,0.5312027637793909,1.0,1.013919977439766
pos,powered,ZNF592,TF ChIP-seq,5,29,0.1724137931034483,86,373,0.23056300268096513,0.6952519379844961,0.6454230903454934,1.0,-0.422488307282898
pos,powered,ZNF589,TF ChIP-seq,3,29,0.10344827586206896,50,373,0.13404825737265416,0.7453846153846154,0.7824438106972098,1.0,-0.24115511326488234
pos,powered,ZNF586,TF ChIP-seq,1,29,0.034482758620689655,2,373,0.005361930294906166,6.625,0.20164644359251122,1.0,2.9673627922076484
pos,powered,ZNF584,TF ChIP-seq,2,29,0.06896551724137931,31,373,0.08310991957104558,0.8172043010752689,1.0,1.0,-0.01675136428932463
pos,powered,ZNF583,TF ChIP-seq,0,29,0.0,26,373,0.06970509383378017,0.0,0.24075810619742044,1.0,-2.1696943363141705
pos,powered,ZNF257,TF ChIP-seq,2,29,0.06896551724137931,8,373,0.021447721179624665,3.3796296296296298,0.1577104601970379,1.0,1.9668331360648008
pos,powered,TSC22D4,TF ChIP-seq,0,29,0.0,4,373,0.010723860589812333,0.0,1.0,1.0,0.4768625033419974
pos,powered,ZNF24,TF ChIP-seq,2,29,0.06896551724137931,35,373,0.0938337801608579,0.7153439153439154,1.0,1.0,-0.20616671456698252
pos,powered,ZNF232,TF ChIP-seq,1,29,0.034482758620689655,8,373,0.021447721179624665,1.6294642857142858,0.4938535334211557,1.0,1.1783372412585125
pos,powered,ZC3H8,TF ChIP-seq,1,29,0.034482758620689655,7,373,0.01876675603217158,1.8673469387755102,0.45363915662448034,1.0,1.3628512790817078
pos,powered,ZC3H4,TF ChIP-seq,1,29,0.034482758620689655,8,373,0.021447721179624665,1.6294642857142858,0.4938535334211557,1.0,1.1783372412585125
pos,powered,ZC3H11A,TF ChIP-seq,1,29,0.034482758620689655,8,373,0.021447721179624665,1.6294642857142858,0.4938535334211557,1.0,1.1783372412585125
pos,powered,ZBTB9,TF ChIP-seq,3,29,0.10344827586206896,38,373,0.10187667560321716,1.0172064777327936,1.0,1.0,0.20281688299968706
pos,powered,ZBTB7A,TF ChIP-seq,8,29,0.27586206896551724,78,373,0.20911528150134048,1.4407814407814408,0.4793612339160376,1.0,0.5735916578341469
pos,powered,ZBTB49,TF ChIP-seq,0,29,0.0,2,373,0.005361930294906166,0.0,1.0,1.0,1.3326472562893927
pos,powered,ZBTB43,TF ChIP-seq,1,29,0.034482758620689655,11,373,0.029490616621983913,1.1753246753246753,0.5980820396236408,1.0,0.7303477154016985
pos,powered,ZBTB40,TF ChIP-seq,4,29,0.13793103448275862,40,373,0.10723860589812333,1.332,0.5423825497918405,1.0,0.5391926077707772
pos,powered,ZBTB34,TF ChIP-seq,0,29,0.0,5,373,0.013404825737265416,0.0,1.0,1.0,0.18344614109593127
pos,powered,ZBTB33,TF ChIP-seq,4,29,0.13793103448275862,36,373,0.09651474530831099,1.4977777777777779,0.5139115236554198,1.0,0.7064187925289929
pos,powered,ZBTB2,TF ChIP-seq,5,29,0.1724137931034483,44,373,0.11796246648793565,1.5577651515151516,0.3772654897355216,1.0,0.7331229985637431
pos,powered,ZEB2,TF ChIP-seq,5,29,0.1724137931034483,46,373,0.12332439678284182,1.4809782608695652,0.3940078041932509,1.0,0.6609140598388703
pos,powered,ZBTB17,TF ChIP-seq,5,29,0.1724137931034483,34,373,0.09115281501340483,2.077205882352941,0.18317391603050098,1.0,1.1434650819886518
pos,powered,PREB,TF ChIP-seq,1,29,0.034482758620689655,12,373,0.032171581769437,1.0744047619047619,1.0,1.0,0.6060681337328075
pos,powered,YY1,TF ChIP-seq,6,29,0.20689655172413793,53,373,0.14209115281501342,1.5750615258408531,0.40976632529461393,1.0,0.7285644266810489
pos,powered,YBX3,TF ChIP-seq,0,29,0.0,2,373,0.005361930294906166,0.0,1.0,1.0,1.3326472562893927
pos,powered,YBX1,TF ChIP-seq,0,29,0.0,2,373,0.005361930294906166,0.0,1.0,1.0,1.3326472562893927
pos,powered,XRCC5,TF ChIP-seq,3,29,0.10344827586206896,43,373,0.11528150134048257,0.8855098389982111,1.0,1.0,0.0049974331533682945
pos,powered,XRCC4,TF ChIP-seq,0,29,0.0,1,373,0.002680965147453083,0.0,1.0,1.0,2.0734910652665266
pos,powered,WHSC1,TF ChIP-seq,0,29,0.0,4,373,0.010723860589812333,0.0,1.0,1.0,0.4768625033419974
pos,powered,VEZF1,TF ChIP-seq,9,29,0.3103448275862069,95,373,0.2546916890080429,1.3168421052631578,0.5127181158677898,1.0,0.4344801981297848
pos,powered,USF2,TF ChIP-seq,1,29,0.034482758620689655,10,373,0.02680965147453083,1.2964285714285715,0.5658841919691807,1.0,0.8655666176972485
pos,powered,USF1,TF ChIP-seq,4,29,0.13793103448275862,50,373,0.13404825737265416,1.0336,1.0,1.0,0.17691007871152958
pos,powered,UBTF,TF ChIP-seq,3,29,0.10344827586206896,46,373,0.12332439678284182,0.8202341137123745,1.0,1.0,-0.10437324718881387
pos,powered,ZBTB12,TF ChIP-seq,1,29,0.034482758620689655,28,373,0.07506702412868632,0.44005102040816324,0.7100566065543833,1.0,-0.6482756272200686
pos,powered,ZFP1,TF ChIP-seq,1,29,0.034482758620689655,6,373,0.0160857908847185,2.1845238095238093,0.410348270127513,1.0,1.573233208139049
pos,powered,ZFP36,TF ChIP-seq,3,29,0.10344827586206896,34,373,0.09115281501340483,1.1504524886877827,0.7408092311114116,1.0,0.37817777496096777
pos,powered,ZFP91,TF ChIP-seq,3,29,0.10344827586206896,19,373,0.05093833780160858,2.1497975708502026,0.20538016357066766,1.0,1.2636740658716727
pos,powered,ZNF23,TF ChIP-seq,0,29,0.0,7,373,0.01876675603217158,0.0,1.0,1.0,-0.2718642568365479
pos,powered,ZNF224,TF ChIP-seq,0,29,0.0,3,373,0.00804289544235925,0.0,1.0,1.0,0.8433317608863885
pos,powered,ZNF215,TF ChIP-seq,0,29,0.0,14,373,0.03753351206434316,0.0,0.6117097898588,1.0,-1.2507760840501154
pos,powered,ZNF212,TF ChIP-seq,0,29,0.0,7,373,0.01876675603217158,0.0,1.0,1.0,-0.2718642568365479
pos,powered,ZNF197,TF ChIP-seq,2,29,0.06896551724137931,31,373,0.08310991957104558,0.8172043010752689,1.0,1.0,-0.01675136428932463
pos,powered,ZNF184,TF ChIP-seq,2,29,0.06896551724137931,11,373,0.029490616621983913,2.4377104377104377,0.239447551903197,1.0,1.5188436102079865
pos,powered,ZNF175,TF ChIP-seq,1,29,0.034482758620689655,47,373,0.1260053619302949,0.24772036474164133,0.23052951467072957,1.0,-1.4668439402281026
pos,powered,ZNF165,TF ChIP-seq,2,29,0.06896551724137931,11,373,0.029490616621983913,2.4377104377104377,0.239447551903197,1.0,1.5188436102079865
pos,powered,ZNF148,TF ChIP-seq,4,29,0.13793103448275862,56,373,0.15013404825737264,0.9057142857142857,1.0,1.0,-0.012066521284842735
pos,powered,ZNF146,TF ChIP-seq,0,29,0.0,1,373,0.002680965147453083,0.0,1.0,1.0,2.0734910652665266
pos,powered,ZNF143,TF ChIP-seq,0,29,0.0,14,373,0.03753351206434316,0.0,0.6117097898588,1.0,-1.2507760840501154
pos,powered,ZNF140,TF ChIP-seq,0,29,0.0,1,373,0.002680965147453083,0.0,1.0,1.0,2.0734910652665266
pos,powered,ZNF134,TF ChIP-seq,1,29,0.034482758620689655,15,373,0.040214477211796246,0.8523809523809524,1.0,1.0,0.2837054848714441
pos,powered,ZNF133,TF ChIP-seq,0,29,0.0,5,373,0.013404825737265416,0.0,1.0,1.0,0.18344614109593127
pos,powered,ZNF124,TF ChIP-seq,0,29,0.0,2,373,0.005361930294906166,0.0,1.0,1.0,1.3326472562893927
pos,powered,ZNF121,TF ChIP-seq,0,29,0.0,13,373,0.03485254691689008,0.0,0.6114793049695191,1.0,-1.1436751022844873
pos,powered,ZNF12,TF ChIP-seq,2,29,0.06896551724137931,10,373,0.02680965147453083,2.688888888888889,0.21170786777012415,1.0,1.6540625125035369
pos,powered,ZMYM3,TF ChIP-seq,2,29,0.06896551724137931,22,373,0.058981233243967826,1.1818181818181819,0.6881382804734846,1.0,0.5060961641055634
pos,powered,ZMIZ1,TF ChIP-seq,3,29,0.10344827586206896,27,373,0.07238605898123325,1.4786324786324787,0.4669626866633562,1.0,0.7347862961069591
pos,powered,ZKSCAN8,TF ChIP-seq,1,29,0.034482758620689655,31,373,0.08310991957104558,0.39400921658986177,0.7174490215565308,1.0,-0.8052472590956128
pos,powered,ZKSCAN3,TF ChIP-seq,1,29,0.034482758620689655,5,373,0.013404825737265416,2.6285714285714286,0.3637545367043465,1.0,1.8181616770141868
pos,powered,ZKSCAN1,TF ChIP-seq,2,29,0.06896551724137931,19,373,0.05093833780160858,1.3801169590643274,0.6566844939001761,1.0,0.7248079797399706
pos,powered,ZHX1,TF ChIP-seq,1,29,0.034482758620689655,5,373,0.013404825737265416,2.6285714285714286,0.3637545367043465,1.0,1.8181616770141868
pos,powered,ZFX,TF ChIP-seq,2,29,0.06896551724137931,54,373,0.1447721179624665,0.4375857338820302,0.4023161529988517,1.0,-0.9079438224672292
pos,powered,ZFPM2,TF ChIP-seq,1,29,0.034482758620689655,5,373,0.013404825737265416,2.6285714285714286,0.3637545367043465,1.0,1.8181616770141868
pos,powered,ZNF239,TF ChIP-seq,2,29,0.06896551724137931,20,373,0.05361930294906166,1.3074074074074074,0.666768126437791,1.0,0.6485827815540179
pos,powered,PRDM10,TF ChIP-seq,5,29,0.1724137931034483,75,373,0.20107238605898123,0.8277777777777777,0.8138279696629472,1.0,-0.1720958435381849
pos,powered,PBX2,TF ChIP-seq,3,29,0.10344827586206896,58,373,0.1554959785522788,0.626657824933687,0.5962822528645908,1.0,-0.48943405710645066
pos,powered,POU5F1,TF ChIP-seq,0,29,0.0,3,373,0.00804289544235925,0.0,1.0,1.0,0.8433317608863885
pos,powered,EZH2,TF ChIP-seq,0,29,0.0,1,373,0.002680965147453083,0.0,1.0,1.0,2.0734910652665266
pos,powered,ETV6,TF ChIP-seq,0,29,0.0,4,373,0.010723860589812333,0.0,1.0,1.0,0.4768625033419974
pos,powered,ETV1,TF ChIP-seq,3,29,0.10344827586206896,56,373,0.15013404825737264,0.6531593406593407,0.7842472930885078,1.0,-0.43013171326125466
pos,powered,ETS2,TF ChIP-seq,0,29,0.0,3,373,0.00804289544235925,0.0,1.0,1.0,0.8433317608863885
pos,powered,ESRRB,TF ChIP-seq,0,29,0.0,7,373,0.01876675603217158,0.0,1.0,1.0,-0.2718642568365479
pos,powered,ESRRA,TF ChIP-seq,6,29,0.20689655172413793,74,373,0.19839142091152814,1.054054054054054,1.0,1.0,0.15309453879007898
pos,powered,ERF,TF ChIP-seq,2,29,0.06896551724137931,22,373,0.058981233243967826,1.1818181818181819,0.6881382804734846,1.0,0.5060961641055634
pos,powered,EP400,TF ChIP-seq,7,29,0.2413793103448276,71,373,0.1903485254691689,1.3533930857874519,0.4713327937294245,1.0,0.49595749466241135
pos,powered,EP300,TF ChIP-seq,8,29,0.27586206896551724,71,373,0.1903485254691689,1.620389000670691,0.3290893021771585,1.0,0.7421180819318088
pos,powered,ELK3,TF ChIP-seq,1,29,0.034482758620689655,2,373,0.005361930294906166,6.625,0.20164644359251122,1.0,2.9673627922076484
pos,powered,ELK1,TF ChIP-seq,0,29,0.0,5,373,0.013404825737265416,0.0,1.0,1.0,0.18344614109593127
pos,powered,FOS,TF ChIP-seq,1,29,0.034482758620689655,24,373,0.064343163538874,0.5193452380952381,1.0,1.0,-0.4134887121833573
pos,powered,ELF4,TF ChIP-seq,4,29,0.13793103448275862,29,373,0.0777479892761394,1.8979310344827587,0.28150651790145736,1.0,1.0432167828132668
pos,powered,ELF1,TF ChIP-seq,3,29,0.10344827586206896,37,373,0.09919571045576407,1.0478170478170479,1.0,1.0,0.24507847160884103
pos,powered,EHMT2,TF ChIP-seq,2,29,0.06896551724137931,31,373,0.08310991957104558,0.8172043010752689,1.0,1.0,-0.01675136428932463
pos,powered,EGR1,TF ChIP-seq,8,29,0.27586206896551724,66,373,0.1769436997319035,1.772005772005772,0.21163593479667622,1.0,0.8703582512736541
pos,powered,E4F1,TF ChIP-seq,1,29,0.034482758620689655,5,373,0.013404825737265416,2.6285714285714286,0.3637545367043465,1.0,1.8181616770141868
pos,powered,E2F7,TF ChIP-seq,1,29,0.034482758620689655,6,373,0.0160857908847185,2.1845238095238093,0.410348270127513,1.0,1.573233208139049
pos,powered,E2F6,TF ChIP-seq,4,29,0.13793103448275862,68,373,0.18230563002680966,0.7176470588235294,0.801083033722197,1.0,-0.3455038536709804
pos,powered,E2F5,TF ChIP-seq,4,29,0.13793103448275862,50,373,0.13404825737265416,1.0336,1.0,1.0,0.17691007871152958
pos,powered,E2F4,TF ChIP-seq,0,29,0.0,8,373,0.021447721179624665,0.0,1.0,1.0,-0.45637829465974344
pos,powered,E2F3,TF ChIP-seq,2,29,0.06896551724137931,22,373,0.058981233243967826,1.1818181818181819,0.6881382804734846,1.0,0.5060961641055634
pos,powered,DPF2,TF ChIP-seq,10,29,0.3448275862068966,100,373,0.2680965147453083,1.436842105263158,0.38987082628423303,1.0,0.5512605355301398
pos,powered,DNMT1,TF ChIP-seq,1,29,0.034482758620689655,4,373,0.010723860589812333,3.294642857142857,0.313615627912026,1.0,2.111578039260253
pos,powered,ELF2,TF ChIP-seq,1,29,0.034482758620689655,20,373,0.05361930294906166,0.6303571428571428,1.0,1.0,-0.13991311325227035
pos,powered,FOSL1,TF ChIP-seq,7,29,0.2413793103448276,94,373,0.2520107238605898,0.9443907156673114,1.0,1.0,-0.020500452099038734
pos,powered,FOXA1,TF ChIP-seq,1,29,0.034482758620689655,2,373,0.005361930294906166,6.625,0.20164644359251122,1.0,2.9673627922076484
pos,powered,FOXJ2,TF ChIP-seq,3,29,0.10344827586206896,30,373,0.08042895442359249,1.3192307692307692,0.7211687423712618,1.0,0.5728634187496188
pos,powered,H3K4me3,Histone ChIP-seq,8,29,0.27586206896551724,68,373,0.18230563002680966,1.7086834733893557,0.2209854487949551,1.0,0.8181945734064443
pos,powered,H3K4me2,Histone ChIP-seq,18,29,0.6206896551724138,188,373,0.5040214477211796,1.6102514506769825,0.2516276266839429,1.0,0.662746072924076
pos,powered,H3K4me1,Histone ChIP-seq,17,29,0.5862068965517241,211,373,0.5656836461126006,1.0876777251184835,1.0,1.0,0.10520888196610903
pos,powered,H3K36me3,Histone ChIP-seq,4,29,0.13793103448275862,27,373,0.07238605898123325,2.0503703703703704,0.26420504017888924,1.0,1.152851488083371
pos,powered,H3K27me3,Histone ChIP-seq,0,29,0.0,9,373,0.024128686327077747,0.0,1.0,1.0,-0.6207955584784897
pos,powered,GTF3C2,TF ChIP-seq,0,29,0.0,2,373,0.005361930294906166,0.0,1.0,1.0,1.3326472562893927
pos,powered,GTF2I,TF ChIP-seq,3,29,0.10344827586206896,22,373,0.058981233243967826,1.8409090909090908,0.410446595030893,1.0,1.0449622502372655
pos,powered,GTF2F1,TF ChIP-seq,0,29,0.0,6,373,0.0160857908847185,0.0,1.0,1.0,-0.06148232777920661
pos,powered,GTF2E2,TF ChIP-seq,2,29,0.06896551724137931,24,373,0.064343163538874,1.0771604938271604,1.0,1.0,0.37500718262293103
pos,powered,GTF2A2,TF ChIP-seq,0,29,0.0,14,373,0.03753351206434316,0.0,0.6117097898588,1.0,-1.2507760840501154
pos,powered,GMEB1,TF ChIP-seq,1,29,0.034482758620689655,21,373,0.05630026809651475,0.5986394557823129,1.0,1.0,-0.21271282085952756
pos,powered,GATAD2B,TF ChIP-seq,3,29,0.10344827586206896,31,373,0.08310991957104558,1.2729528535980148,0.7254192188595046,1.0,0.5221147218423776
pos,powered,GATAD2A,TF ChIP-seq,5,29,0.1724137931034483,42,373,0.1126005361930295,1.6418650793650793,0.36307645948266365,1.0,0.8081958984969749
pos,powered,GATA2,TF ChIP-seq,1,29,0.034482758620689655,38,373,0.10187667560321716,0.3148496240601504,0.33932446197128197,1.0,-1.1245450979383034
pos,powered,GATA1,TF ChIP-seq,4,29,0.13793103448275862,34,373,0.09115281501340483,1.5952941176470588,0.3389641511141591,1.0,0.7962429669373795
pos,powered,GABPB2,TF ChIP-seq,0,29,0.0,2,373,0.005361930294906166,0.0,1.0,1.0,1.3326472562893927
pos,powered,GABPB1,TF ChIP-seq,4,29,0.13793103448275862,65,373,0.1742627345844504,0.7581538461538462,0.7998858601950929,1.0,-0.26679666291721565
pos,powered,GABPA,TF ChIP-seq,3,29,0.10344827586206896,61,373,0.16353887399463807,0.5901639344262295,0.5975104744401929,1.0,-0.5753676582953855
pos,powered,FUS,TF ChIP-seq,1,29,0.034482758620689655,6,373,0.0160857908847185,2.1845238095238093,0.410348270127513,1.0,1.573233208139049
pos,powered,FOXP4,TF ChIP-seq,2,29,0.06896551724137931,10,373,0.02680965147453083,2.688888888888889,0.21170786777012415,1.0,1.6540625125035369
pos,powered,FOXP1,TF ChIP-seq,2,29,0.06896551724137931,21,373,0.05630026809651475,1.2416225749559082,0.6772912382344923,1.0,0.5757830739467608
pos,powered,FOXO4,TF ChIP-seq,2,29,0.06896551724137931,10,373,0.02680965147453083,2.688888888888889,0.21170786777012415,1.0,1.6540625125035369
pos,powered,FOXM1,TF ChIP-seq,4,29,0.13793103448275862,28,373,0.07506702412868632,1.9714285714285715,0.2723729397960848,1.0,1.0971515456943335
pos,powered,FOXK2,TF ChIP-seq,6,29,0.20689655172413793,50,373,0.13404825737265416,1.6852173913043478,0.2684498809598126,1.0,0.8252612857041677
pos,powered,FOXK1,TF ChIP-seq,0,29,0.0,12,373,0.032171581769437,0.0,1.0,1.0,-1.0286474021854481
pos,powered,DMTF1,TF ChIP-seq,1,29,0.034482758620689655,5,373,0.013404825737265416,2.6285714285714286,0.3637545367043465,1.0,1.8181616770141868
pos,powered,DMBX1,TF ChIP-seq,3,29,0.10344827586206896,49,373,0.13136729222520108,0.7629513343799058,1.0,1.0,-0.2078474845860662
pos,powered,DIDO1,TF ChIP-seq,0,29,0.0,13,373,0.03485254691689008,0.0,0.6114793049695191,1.0,-1.1436751022844873
pos,powered,DEAF1,TF ChIP-seq,6,29,0.20689655172413793,63,373,0.16890080428954424,1.2836438923395446,0.6096234934267352,1.0,0.43561563791177044
pos,powered,CBFA2T3,TF ChIP-seq,8,29,0.27586206896551724,109,373,0.29222520107238603,0.9226736566186108,1.0,1.0,-0.06646506093890614
pos,powered,CBFA2T2,TF ChIP-seq,3,29,0.10344827586206896,86,373,0.23056300268096513,0.38506261180679785,0.1614862931683239,1.0,-1.1877756143105822
pos,powered,CAMTA2,TF ChIP-seq,0,29,0.0,10,373,0.02680965147453083,0.0,1.0,1.0,-0.7691489182210072
pos,powered,C11orf30,TF ChIP-seq,5,29,0.1724137931034483,55,373,0.14745308310991956,1.2045454545454546,0.7856850454044534,1.0,0.3654554704282834
pos,powered,BRD9,TF ChIP-seq,4,29,0.13793103448275862,39,373,0.10455764075067024,1.3702564102564103,0.5343837065174473,1.0,0.5795813119351747
pos,powered,BRD4,TF ChIP-seq,1,29,0.034482758620689655,19,373,0.05093833780160858,0.6654135338345865,1.0,1.0,-0.06368791506631766
pos,powered,BMI1,TF ChIP-seq,0,29,0.0,7,373,0.01876675603217158,0.0,1.0,1.0,-0.2718642568365479
pos,powered,BHLHE40,TF ChIP-seq,8,29,0.27586206896551724,77,373,0.2064343163538874,1.4644403215831787,0.35371356935283504,1.0,0.5969619758200075
pos,powered,BCOR,TF ChIP-seq,6,29,0.20689655172413793,54,373,0.1447721179624665,1.541062801932367,0.4136120630951426,1.0,0.6973386626335228
pos,powered,BCLAF1,TF ChIP-seq,1,29,0.034482758620689655,2,373,0.005361930294906166,6.625,0.20164644359251122,1.0,2.9673627922076484
pos,powered,BCL6,TF ChIP-seq,1,29,0.034482758620689655,10,373,0.02680965147453083,1.2964285714285715,0.5658841919691807,1.0,0.8655666176972485
pos,powered,ATF7,TF ChIP-seq,9,29,0.3103448275862069,100,373,0.2680965147453083,1.2285,0.6654125938755671,1.0,0.3347208404391298
pos,powered,ATF6,TF ChIP-seq,1,29,0.034482758620689655,13,373,0.03485254691689008,0.989010989010989,1.0,1.0,0.4910404336337684
pos,powered,ATF4,TF ChIP-seq,3,29,0.10344827586206896,31,373,0.08310991957104558,1.2729528535980148,0.7254192188595046,1.0,0.5221147218423776
pos,powered,ATF1,TF ChIP-seq,7,29,0.2413793103448276,96,373,0.257372654155496,0.9180871212121212,1.0,1.0,-0.06107557675176834
pos,powered,ASH1L,TF ChIP-seq,0,29,0.0,5,373,0.013404825737265416,0.0,1.0,1.0,0.18344614109593127
pos,powered,ARNT,TF ChIP-seq,3,29,0.10344827586206896,40,373,0.10723860589812333,0.9605769230769231,1.0,1.0,0.12112741579436533
pos,powered,ARID4B,TF ChIP-seq,0,29,0.0,11,373,0.029490616621983913,0.0,1.0,1.0,-0.9043678205165572
pos,powered,ARID3B,TF ChIP-seq,0,29,0.0,5,373,0.013404825737265416,0.0,1.0,1.0,0.18344614109593127
pos,powered,ARID3A,TF ChIP-seq,3,29,0.10344827586206896,22,373,0.058981233243967826,1.8409090909090908,0.410446595030893,1.0,1.0449622502372655
pos,powered,ARID2,TF ChIP-seq,4,29,0.13793103448275862,37,373,0.09919571045576407,1.452972972972973,0.520090105772591,1.0,0.6631436635852529
pos,powered,ARID1B,TF ChIP-seq,7,29,0.2413793103448276,107,373,0.2868632707774799,0.7909940526762956,0.6746397994143872,1.0,-0.27516362755144064
pos,powered,ARHGAP35,TF ChIP-seq,1,29,0.034482758620689655,5,373,0.013404825737265416,2.6285714285714286,0.3637545367043465,1.0,1.8181616770141868
pos,powered,AFF4,TF ChIP-seq,5,29,0.1724137931034483,30,373,0.08042895442359249,2.3819444444444446,0.1594105234107121,1.0,1.3381507257773029
pos,powered,AFF1,TF ChIP-seq,4,29,0.13793103448275862,34,373,0.09115281501340483,1.5952941176470588,0.3389641511141591,1.0,0.7962429669373795
pos,powered,CBFB,TF ChIP-seq,3,29,0.10344827586206896,24,373,0.064343163538874,1.6778846153846154,0.43053496774806876,1.0,0.9138732687546332
pos,powered,H3K9ac,Histone ChIP-seq,13,29,0.4482758620689655,118,373,0.3163538873994638,1.7558262711864407,0.15376821974088628,1.0,0.8189296148443774
pos,powered,CBX2,TF ChIP-seq,0,29,0.0,1,373,0.002680965147453083,0.0,1.0,1.0,2.0734910652665266
pos,powered,CBX8,TF ChIP-seq,0,29,0.0,1,373,0.002680965147453083,0.0,1.0,1.0,2.0734910652665266
pos,powered,DDX20,TF ChIP-seq,2,29,0.06896551724137931,23,373,0.06166219839142091,1.1272141706924315,0.699207446444333,1.0,0.4392501636956885
pos,powered,DACH1,TF ChIP-seq,2,29,0.06896551724137931,42,373,0.1126005361930295,0.5837742504409171,0.7563670476356557,1.0,-0.49595749466241124
pos,powered,CXXC5,TF ChIP-seq,8,29,0.27586206896551724,100,373,0.2680965147453083,1.04,1.0,1.0,0.10554341816186937
pos,powered,CUX1,TF ChIP-seq,2,29,0.06896551724137931,12,373,0.032171581769437,2.228395061728395,0.26741305180256325,1.0,1.3945640285390957
pos,powered,CTCFL,TF ChIP-seq,3,29,0.10344827586206896,44,373,0.11796246648793565,0.8627622377622378,1.0,1.0,-0.03216430846394106
pos,powered,CTCF,TF ChIP-seq,11,29,0.3793103448275862,131,373,0.3512064343163539,1.1289228159457168,0.8406306681232751,1.0,0.19703053821025066
pos,powered,CTBP1,TF ChIP-seq,11,29,0.3793103448275862,138,373,0.3699731903485255,1.040660225442834,1.0,1.0,0.07994967399165798
pos,powered,CSDE1,TF ChIP-seq,0,29,0.0,1,373,0.002680965147453083,0.0,1.0,1.0,2.0734910652665266
pos,powered,CREM,TF ChIP-seq,7,29,0.2413793103448276,103,373,0.2761394101876676,0.8340688437775816,0.8299392968608817,1.0,-0.1989646743936662
pos,powered,CREBBP,TF ChIP-seq,0,29,0.0,1,373,0.002680965147453083,0.0,1.0,1.0,2.0734910652665266
pos,powered,CREB5,TF ChIP-seq,1,29,0.034482758620689655,5,373,0.013404825737265416,2.6285714285714286,0.3637545367043465,1.0,1.8181616770141868
pos,powered,CREB3L1,TF ChIP-seq,5,29,0.1724137931034483,45,373,0.12064343163538874,1.5185185185185186,0.385340834021249,1.0,0.6966766946457223
pos,powered,CREB3,TF ChIP-seq,3,29,0.10344827586206896,28,373,0.07506702412868632,1.4217032967032968,0.4803300227501382,1.0,0.6790863537179218
pos,powered,CREB1,TF ChIP-seq,4,29,0.13793103448275862,37,373,0.09919571045576407,1.452972972972973,0.520090105772591,1.0,0.6631436635852529
pos,powered,CLOCK,TF ChIP-seq,1,29,0.034482758620689655,7,373,0.01876675603217158,1.8673469387755102,0.45363915662448034,1.0,1.3628512790817078
pos,powered,CHD4,TF ChIP-seq,1,29,0.034482758620689655,9,373,0.024128686327077747,1.4444444444444444,0.5312027637793909,1.0,1.013919977439766
pos,powered,CHD2,TF ChIP-seq,3,29,0.10344827586206896,20,373,0.05361930294906166,2.0365384615384614,0.22509981924635578,1.0,1.18744886768572
pos,powered,CHD1,TF ChIP-seq,3,29,0.10344827586206896,20,373,0.05361930294906166,2.0365384615384614,0.22509981924635578,1.0,1.18744886768572
pos,powered,CHCHD3,TF ChIP-seq,1,29,0.034482758620689655,2,373,0.005361930294906166,6.625,0.20164644359251122,1.0,2.9673627922076484
pos,powered,CHAMP1,TF ChIP-seq,1,29,0.034482758620689655,7,373,0.01876675603217158,1.8673469387755102,0.45363915662448034,1.0,1.3628512790817078
pos,powered,CEBPG,TF ChIP-seq,4,29,0.13793103448275862,35,373,0.0938337801608579,1.5451428571428572,0.508457851180479,1.0,0.7507645635411314
pos,powered,CEBPB,TF ChIP-seq,5,29,0.1724137931034483,59,373,0.1581769436997319,1.1087570621468927,0.7941665944205548,1.0,0.24682021809343482
pos,powered,CCNT2,TF ChIP-seq,5,29,0.1724137931034483,47,373,0.1260053619302949,1.4450354609929077,0.5623615698495408,1.0,0.625805347737572
pos,powered,CCAR2,TF ChIP-seq,0,29,0.0,1,373,0.002680965147453083,0.0,1.0,1.0,2.0734910652665266
pos,powered,CC2D1A,TF ChIP-seq,5,29,0.1724137931034483,64,373,0.17158176943699732,1.005859375,1.0,1.0,0.10729011831309955
pos,powered,CBX5,TF ChIP-seq,0,29,0.0,12,373,0.032171581769437,0.0,1.0,1.0,-1.0286474021854481
pos,powered,PPARD,TF ChIP-seq,0,29,0.0,2,373,0.005361930294906166,0.0,1.0,1.0,1.3326472562893927
pos,powered,H3K9me1,Histone ChIP-seq,0,29,0.0,6,373,0.0160857908847185,0.0,1.0,1.0,-0.06148232777920661
pos,powered,HDAC1,TF ChIP-seq,4,29,0.13793103448275862,30,373,0.08042895442359249,1.8293333333333333,0.29152653086681735,1.0,0.9909286107260306
pos,powered,NFIX,TF ChIP-seq,0,29,0.0,4,373,0.010723860589812333,0.0,1.0,1.0,0.4768625033419974
pos,powered,NFE2L1,TF ChIP-seq,0,29,0.0,12,373,0.032171581769437,0.0,1.0,1.0,-1.0286474021854481
pos,powered,NFE2,TF ChIP-seq,4,29,0.13793103448275862,54,373,0.1447721179624665,0.9451851851851852,1.0,1.0,0.04898745564088488
pos,powered,NFATC3,TF ChIP-seq,1,29,0.034482758620689655,17,373,0.045576407506702415,0.7478991596638656,1.0,1.0,0.10054773605533601
pos,powered,NEUROD1,TF ChIP-seq,2,29,0.06896551724137931,39,373,0.10455764075067024,0.6343779677113011,0.7544484360439934,1.0,-0.37734996617293926
pos,powered,NCOA6,TF ChIP-seq,1,29,0.034482758620689655,11,373,0.029490616621983913,1.1753246753246753,0.5980820396236408,1.0,0.7303477154016985
pos,powered,NCOA4,TF ChIP-seq,0,29,0.0,6,373,0.0160857908847185,0.0,1.0,1.0,-0.06148232777920661
pos,powered,NCOA2,TF ChIP-seq,0,29,0.0,9,373,0.024128686327077747,0.0,1.0,1.0,-0.6207955584784897
pos,powered,NBN,TF ChIP-seq,4,29,0.13793103448275862,46,373,0.12332439678284182,1.137391304347826,0.7714070260191807,1.0,0.31369194478759804
pos,powered,MYC,TF ChIP-seq,2,29,0.06896551724137931,28,373,0.07506702412868632,0.9126984126984127,1.0,1.0,0.1402202675862196
pos,powered,MYBL2,TF ChIP-seq,0,29,0.0,4,373,0.010723860589812333,0.0,1.0,1.0,0.4768625033419974
pos,powered,NFRKB,TF ChIP-seq,3,29,0.10344827586206896,36,373,0.09651474530831099,1.080128205128205,0.7527616355937636,1.0,0.28835360055258097
pos,powered,MXI1,TF ChIP-seq,3,29,0.10344827586206896,19,373,0.05093833780160858,2.1497975708502026,0.20538016357066766,1.0,1.2636740658716727
pos,powered,MTF1,TF ChIP-seq,0,29,0.0,5,373,0.013404825737265416,0.0,1.0,1.0,0.18344614109593127
pos,powered,MTA2,TF ChIP-seq,3,29,0.10344827586206896,34,373,0.09115281501340483,1.1504524886877827,0.7408092311114116,1.0,0.37817777496096777
pos,powered,MTA1,TF ChIP-seq,2,29,0.06896551724137931,40,373,0.10723860589812333,0.6166666666666667,0.754605404868171,1.0,-0.4177386703373369
pos,powered,MNT,TF ChIP-seq,8,29,0.27586206896551724,86,373,0.23056300268096513,1.2713178294573644,0.6485129240675465,1.0,0.39398800474325446
pos,powered,MLX,TF ChIP-seq,1,29,0.034482758620689655,4,373,0.010723860589812333,3.294642857142857,0.313615627912026,1.0,2.111578039260253
pos,powered,MLLT1,TF ChIP-seq,5,29,0.1724137931034483,48,373,0.128686327077748,1.4105902777777777,0.5655570250538134,1.0,0.5913226655005969
pos,powered,MITF,TF ChIP-seq,7,29,0.2413793103448276,55,373,0.14745308310991956,1.8396694214876033,0.1835888788781841,1.0,0.9357711951850383
pos,powered,MIER1,TF ChIP-seq,2,29,0.06896551724137931,12,373,0.032171581769437,2.228395061728395,0.26741305180256325,1.0,1.3945640285390957
pos,powered,MGA,TF ChIP-seq,5,29,0.1724137931034483,67,373,0.17962466487935658,0.9514925373134329,1.0,1.0,0.027649441162039795
pos,powered,MEIS2,TF ChIP-seq,7,29,0.2413793103448276,94,373,0.2520107238605898,0.9443907156673114,1.0,1.0,-0.020500452099038734
pos,powered,MEF2D,TF ChIP-seq,2,29,0.06896551724137931,38,373,0.10187667560321716,0.6530214424951267,0.7548049278615834,1.0,-0.33604920313201503
pos,powered,MXD1,TF ChIP-seq,0,29,0.0,5,373,0.013404825737265416,0.0,1.0,1.0,0.18344614109593127
pos,powered,NFXL1,TF ChIP-seq,2,29,0.06896551724137931,9,373,0.024128686327077747,2.9958847736625516,0.18438848188149168,1.0,1.8024158722460544
pos,powered,NFYA,TF ChIP-seq,1,29,0.034482758620689655,8,373,0.021447721179624665,1.6294642857142858,0.4938535334211557,1.0,1.1783372412585125
pos,powered,NFYB,TF ChIP-seq,1,29,0.034482758620689655,13,373,0.03485254691689008,0.989010989010989,1.0,1.0,0.4910404336337684
pos,powered,POLR2H,TF ChIP-seq,3,29,0.10344827586206896,17,373,0.045576407506702415,2.416289592760181,0.16745046733488844,1.0,1.4279097169933266
pos,powered,POLR2G,TF ChIP-seq,9,29,0.3103448275862069,75,373,0.20107238605898123,1.788,0.16155164927144583,1.0,0.8735578907652279
pos,powered,POLR2AphosphoS2,TF ChIP-seq,3,29,0.10344827586206896,22,373,0.058981233243967826,1.8409090909090908,0.410446595030893,1.0,1.0449622502372655
pos,powered,PKNOX1,TF ChIP-seq,9,29,0.3103448275862069,98,373,0.26273458445040215,1.2627551020408163,0.6626528225395815,1.0,0.3742321979402831
pos,powered,PHTF2,TF ChIP-seq,1,29,0.034482758620689655,5,373,0.013404825737265416,2.6285714285714286,0.3637545367043465,1.0,1.8181616770141868
pos,powered,PHF8,TF ChIP-seq,4,29,0.13793103448275862,47,373,0.1260053619302949,1.1097872340425532,0.7750599677198684,1.0,0.27858323268629975
pos,powered,PHF21A,TF ChIP-seq,3,29,0.10344827586206896,31,373,0.08310991957104558,1.2729528535980148,0.7254192188595046,1.0,0.5221147218423776
pos,powered,PHF20,TF ChIP-seq,2,29,0.06896551724137931,22,373,0.058981233243967826,1.1818181818181819,0.6881382804734846,1.0,0.5060961641055634
pos,powered,PHB2,TF ChIP-seq,1,29,0.034482758620689655,10,373,0.02680965147453083,1.2964285714285715,0.5658841919691807,1.0,0.8655666176972485
pos,powered,PHB,TF ChIP-seq,2,29,0.06896551724137931,8,373,0.021447721179624665,3.3796296296296298,0.1577104601970379,1.0,1.9668331360648008
pos,powered,PCBP2,TF ChIP-seq,1,29,0.034482758620689655,3,373,0.00804289544235925,4.404761904761905,0.2596721406747598,1.0,2.478047296804644
pos,powered,PCBP1,TF ChIP-seq,3,29,0.10344827586206896,22,373,0.058981233243967826,1.8409090909090908,0.410446595030893,1.0,1.0449622502372655
pos,powered,ZSCAN32,TF ChIP-seq,1,29,0.034482758620689655,9,373,0.024128686327077747,1.4444444444444444,0.5312027637793909,1.0,1.013919977439766
pos,powered,PATZ1,TF ChIP-seq,2,29,0.06896551724137931,12,373,0.032171581769437,2.228395061728395,0.26741305180256325,1.0,1.3945640285390957
pos,powered,NUFIP1,TF ChIP-seq,1,29,0.034482758620689655,9,373,0.024128686327077747,1.4444444444444444,0.5312027637793909,1.0,1.013919977439766
pos,powered,NRF1,TF ChIP-seq,4,29,0.13793103448275862,73,373,0.19571045576407506,0.6575342465753424,0.624693959395431,1.0,-0.47095150465436225
pos,powered,NR4A1,TF ChIP-seq,0,29,0.0,19,373,0.05093833780160858,0.0,0.3823935421856215,1.0,-1.6984034509845733
pos,powered,NR3C1,TF ChIP-seq,0,29,0.0,8,373,0.021447721179624665,0.0,1.0,1.0,-0.45637829465974344
pos,powered,NR2F6,TF ChIP-seq,0,29,0.0,6,373,0.0160857908847185,0.0,1.0,1.0,-0.06148232777920661
pos,powered,NR2F2,TF ChIP-seq,4,29,0.13793103448275862,51,373,0.13672922252010725,1.0101960784313726,1.0,1.0,0.14415448259821492
pos,powered,NR2F1,TF ChIP-seq,9,29,0.3103448275862069,84,373,0.225201072386059,1.5482142857142858,0.35889960638836116,1.0,0.666915610532554
pos,powered,NR2C2,TF ChIP-seq,8,29,0.27586206896551724,75,373,0.20107238605898123,1.5136507936507937,0.3434688703577274,1.0,0.6443804684879676
pos,powered,NR2C1,TF ChIP-seq,3,29,0.10344827586206896,30,373,0.08042895442359249,1.3192307692307692,0.7211687423712618,1.0,0.5728634187496188
pos,powered,NR1H2,TF ChIP-seq,1,29,0.034482758620689655,11,373,0.029490616621983913,1.1753246753246753,0.5980820396236408,1.0,0.7303477154016985
pos,powered,NONO,TF ChIP-seq,3,29,0.10344827586206896,37,373,0.09919571045576407,1.0478170478170479,1.0,1.0,0.24507847160884103
pos,powered,MEF2A,TF ChIP-seq,0,29,0.0,5,373,0.013404825737265416,0.0,1.0,1.0,0.18344614109593127
pos,powered,MED1,TF ChIP-seq,0,29,0.0,2,373,0.005361930294906166,0.0,1.0,1.0,1.3326472562893927
pos,powered,MECOM,TF ChIP-seq,2,29,0.06896551724137931,20,373,0.05361930294906166,1.3074074074074074,0.666768126437791,1.0,0.6485827815540179
pos,powered,MCM7,TF ChIP-seq,0,29,0.0,2,373,0.005361930294906166,0.0,1.0,1.0,1.3326472562893927
pos,powered,ILK,TF ChIP-seq,0,29,0.0,3,373,0.00804289544235925,0.0,1.0,1.0,0.8433317608863885
pos,powered,IKZF1,TF ChIP-seq,11,29,0.3793103448275862,105,373,0.28150134048257375,1.5597883597883597,0.28897343212411225,1.0,0.6617876797062906
pos,powered,IFI16,TF ChIP-seq,0,29,0.0,4,373,0.010723860589812333,0.0,1.0,1.0,0.4768625033419974
pos,powered,ID3,TF ChIP-seq,1,29,0.034482758620689655,4,373,0.010723860589812333,3.294642857142857,0.313615627912026,1.0,2.111578039260253
pos,powered,HSF4,TF ChIP-seq,0,29,0.0,5,373,0.013404825737265416,0.0,1.0,1.0,0.18344614109593127
pos,powered,HOXB6,TF ChIP-seq,0,29,0.0,3,373,0.00804289544235925,0.0,1.0,1.0,0.8433317608863885
pos,powered,HOMEZ,TF ChIP-seq,0,29,0.0,9,373,0.024128686327077747,0.0,1.0,1.0,-0.6207955584784897
pos,powered,HNRNPLL,TF ChIP-seq,3,29,0.10344827586206896,28,373,0.07506702412868632,1.4217032967032968,0.4803300227501382,1.0,0.6790863537179218
pos,powered,HNRNPL,TF ChIP-seq,2,29,0.06896551724137931,18,373,0.04825737265415549,1.4609053497942386,0.6471710429643994,1.0,0.8048207653531683
pos,powered,HNRNPK,TF ChIP-seq,1,29,0.034482758620689655,10,373,0.02680965147453083,1.2964285714285715,0.5658841919691807,1.0,0.8655666176972485
pos,powered,HNRNPH1,TF ChIP-seq,1,29,0.034482758620689655,2,373,0.005361930294906166,6.625,0.20164644359251122,1.0,2.9673627922076484
pos,powered,HMGXB4,TF ChIP-seq,0,29,0.0,22,373,0.058981233243967826,0.0,0.38923223174292065,1.0,-1.9171152666189808
pos,powered,HMGN3,TF ChIP-seq,3,29,0.10344827586206896,38,373,0.10187667560321716,1.0172064777327936,1.0,1.0,0.20281688299968706
pos,powered,HMG20B,TF ChIP-seq,0,29,0.0,2,373,0.005361930294906166,0.0,1.0,1.0,1.3326472562893927
pos,powered,HMBOX1,TF ChIP-seq,4,29,0.13793103448275862,57,373,0.15281501340482573,0.8870175438596491,1.0,1.0,-0.04192870204521714
pos,powered,HLTF,TF ChIP-seq,4,29,0.13793103448275862,26,373,0.06970509383378017,2.1353846153846154,0.257084090871623,1.0,1.2104483725184874
pos,powered,HIVEP1,TF ChIP-seq,0,29,0.0,14,373,0.03753351206434316,0.0,0.6117097898588,1.0,-1.2507760840501154
pos,powered,HINFP,TF ChIP-seq,1,29,0.034482758620689655,20,373,0.05361930294906166,0.6303571428571428,1.0,1.0,-0.13991311325227035
pos,powered,HEY1,TF ChIP-seq,0,29,0.0,8,373,0.021447721179624665,0.0,1.0,1.0,-0.45637829465974344
pos,powered,HES1,TF ChIP-seq,1,29,0.034482758620689655,36,373,0.09651474530831099,0.3343253968253968,0.4999682511706887,1.0,-1.0390083803854095
pos,powered,HDGF,TF ChIP-seq,2,29,0.06896551724137931,29,373,0.0777479892761394,0.8786717752234994,1.0,1.0,0.08628550470515269
pos,powered,HDAC8,TF ChIP-seq,2,29,0.06896551724137931,32,373,0.08579088471849866,0.7893518518518519,1.0,1.0,-0.06605766337566125
pos,powered,HDAC6,TF ChIP-seq,0,29,0.0,1,373,0.002680965147453083,0.0,1.0,1.0,2.0734910652665266
pos,powered,HDAC3,TF ChIP-seq,1,29,0.034482758620689655,24,373,0.064343163538874,0.5193452380952381,1.0,1.0,-0.4134887121833573
pos,powered,HDAC2,TF ChIP-seq,2,29,0.06896551724137931,13,373,0.03485254691689008,2.051282051282051,0.2954339948024437,1.0,1.2795363284400567
pos,powered,IRF1,TF ChIP-seq,0,29,0.0,24,373,0.064343163538874,0.0,0.2411142701122939,1.0,-2.048204248101613
pos,powered,HCFC1,TF ChIP-seq,3,29,0.10344827586206896,29,373,0.0777479892761394,1.3687002652519893,0.49414260310927294,1.0,0.6251515908368551
pos,powered,IRF2,TF ChIP-seq,1,29,0.034482758620689655,17,373,0.045576407506702415,0.7478991596638656,1.0,1.0,0.10054773605533601
pos,powered,JUNB,TF ChIP-seq,0,29,0.0,10,373,0.02680965147453083,0.0,1.0,1.0,-0.7691489182210072
pos,powered,MCM3,TF ChIP-seq,1,29,0.034482758620689655,2,373,0.005361930294906166,6.625,0.20164644359251122,1.0,2.9673627922076484
pos,powered,MCM2,TF ChIP-seq,0,29,0.0,1,373,0.002680965147453083,0.0,1.0,1.0,2.0734910652665266
pos,powered,MBD2,TF ChIP-seq,2,29,0.06896551724137931,36,373,0.09651474530831099,0.6934156378600823,1.0,1.0,-0.2505124855791212
pos,powered,MBD1,TF ChIP-seq,2,29,0.06896551724137931,9,373,0.024128686327077747,2.9958847736625516,0.18438848188149168,1.0,1.8024158722460544
pos,powered,MAZ,TF ChIP-seq,6,29,0.20689655172413793,76,373,0.2037533512064343,1.0194508009153318,1.0,1.0,0.10520888196610903
pos,powered,MAX,TF ChIP-seq,9,29,0.3103448275862069,111,373,0.2975871313672922,1.0621621621621622,0.8366553705390187,1.0,0.12564922145868207
pos,powered,MAFK,TF ChIP-seq,3,29,0.10344827586206896,50,373,0.13404825737265416,0.7453846153846154,0.7824438106972098,1.0,-0.24115511326488234
pos,powered,MAFG,TF ChIP-seq,2,29,0.06896551724137931,55,373,0.14745308310991956,0.42828282828282827,0.4040905900921501,1.0,-0.9386979227311028
pos,powered,MAFF,TF ChIP-seq,2,29,0.06896551724137931,32,373,0.08579088471849866,0.7893518518518519,1.0,1.0,-0.06605766337566125
pos,powered,LEF1,TF ChIP-seq,3,29,0.10344827586206896,52,373,0.13941018766756033,0.7122781065088757,0.7816613736563428,1.0,-0.30613612284377034
pos,powered,LCOR,TF ChIP-seq,3,29,0.10344827586206896,33,373,0.08847184986595175,1.1888111888111887,0.7352918959210065,1.0,0.42485626504870355
pos,powered,LARP7,TF ChIP-seq,2,29,0.06896551724137931,12,373,0.032171581769437,2.228395061728395,0.26741305180256325,1.0,1.3945640285390957
pos,powered,L3MBTL2,TF ChIP-seq,8,29,0.27586206896551724,120,373,0.32171581769436997,0.8031746031746032,0.6836533306274641,1.0,-0.2658493126783796
pos,powered,KLF6,TF ChIP-seq,1,29,0.034482758620689655,23,373,0.06166219839142091,0.5434782608695652,1.0,1.0,-0.34924573111059964
pos,powered,KLF16,TF ChIP-seq,4,29,0.13793103448275862,63,373,0.16890080428954424,0.7873015873015873,0.8004234607967975,1.0,-0.21273556908086766
pos,powered,KLF13,TF ChIP-seq,3,29,0.10344827586206896,32,373,0.08579088471849866,1.2295673076923077,0.7301447938972485,1.0,0.47280842275604096
pos,powered,KLF1,TF ChIP-seq,1,29,0.034482758620689655,32,373,0.08579088471849866,0.38058035714285715,0.494364308323396,1.0,-0.8545535581819494
pos,powered,KHSRP,TF ChIP-seq,1,29,0.034482758620689655,6,373,0.0160857908847185,2.1845238095238093,0.410348270127513,1.0,1.573233208139049
pos,powered,KDM5B,TF ChIP-seq,5,29,0.1724137931034483,36,373,0.09651474530831099,1.9502314814814814,0.19980246980972613,1.0,1.0536409075802649
pos,powered,KDM2B,TF ChIP-seq,0,29,0.0,10,373,0.02680965147453083,0.0,1.0,1.0,-0.7691489182210072
pos,powered,KDM1A,TF ChIP-seq,7,29,0.2413793103448276,57,373,0.15281501340482573,1.7639553429027113,0.19683545649044443,1.0,0.87560913776281
pos,powered,KAT8,TF ChIP-seq,0,29,0.0,6,373,0.0160857908847185,0.0,1.0,1.0,-0.06148232777920661
pos,powered,KAT7,TF ChIP-seq,4,29,0.13793103448275862,31,373,0.08310991957104558,1.7651612903225806,0.3023558957435787,1.0,0.9401799138187894
pos,powered,KAT2B,TF ChIP-seq,0,29,0.0,1,373,0.002680965147453083,0.0,1.0,1.0,2.0734910652665266
pos,powered,JUND,TF ChIP-seq,11,29,0.3793103448275862,117,373,0.3136729222520107,1.3371320037986705,0.5352197332987251,1.0,0.44040665947011737
pos,powered,IRF9,TF ChIP-seq,2,29,0.06896551724137931,21,373,0.05630026809651475,1.2416225749559082,0.6772912382344923,1.0,0.5757830739467608
pos,powered,ZZZ3,TF ChIP-seq,0,29,0.0,1,373,0.002680965147453083,0.0,1.0,1.0,2.0734910652665266
pos,all,H3K79me2,Histone ChIP-seq,14,29,0.4827586206896552,113,599,0.18864774624373956,4.014159292035398,0.000478559815865666,0.24406550609148966,2.0035321922308933
pos,all,THAP12,TF ChIP-seq,5,29,0.1724137931034483,15,599,0.025041736227045076,8.11111111111111,0.0014069453857298987,0.3587710733611242,3.08158467866687
pos,all,ZNF7,TF ChIP-seq,7,29,0.2413793103448276,38,599,0.06343906510851419,4.697368421052632,0.0028394088418615487,0.48269950311646326,2.281393170984544
pos,all,ZBTB26,TF ChIP-seq,4,29,0.13793103448275862,20,599,0.0333889816360601,4.632,0.020513792820442522,0.606075499407231,2.3186125058592046
pos,all,CBX1,TF ChIP-seq,4,29,0.13793103448275862,19,599,0.03171953255425709,4.88421052631579,0.01765859973600292,0.606075499407231,2.393249697474135
pos,all,POLR2AphosphoS5,TF ChIP-seq,8,29,0.27586206896551724,85,599,0.1419031719532554,2.303641456582633,0.059232807567943344,0.606075499407231,1.2503728385563122
pos,all,POLR2A,TF ChIP-seq,8,29,0.27586206896551724,74,599,0.12353923205342238,2.7027027027027026,0.041130806558202296,0.606075499407231,1.4795765200482582
pos,all,PML,TF ChIP-seq,6,29,0.20689655172413793,56,599,0.09348914858096828,2.529503105590062,0.056109321405389614,0.606075499407231,1.4118081290755764
pos,all,SUPT5H,TF ChIP-seq,6,29,0.20689655172413793,46,599,0.07679465776293823,3.1361058601134215,0.025871977663396054,0.606075499407231,1.7191315621369756
pos,all,TAF1,TF ChIP-seq,5,29,0.1724137931034483,41,599,0.06844741235392321,2.8353658536585367,0.05292100809987498,0.606075499407231,1.5950958136584792
pos,all,CDC5L,TF ChIP-seq,3,29,0.10344827586206896,12,599,0.02003338898163606,5.644230769230769,0.027722409923809355,0.606075499407231,2.634023319172042
pos,all,FIP1L1,TF ChIP-seq,3,29,0.10344827586206896,15,599,0.025041736227045076,4.492307692307692,0.04526667656030235,0.606075499407231,2.316297371639186
pos,all,EWSR1,TF ChIP-seq,2,29,0.06896551724137931,4,599,0.00667779632721202,11.018518518518519,0.02753806328205918,0.606075499407231,3.5886010777845043
pos,all,ZNF253,TF ChIP-seq,2,29,0.06896551724137931,5,599,0.008347245409015025,8.8,0.03745615879822387,0.606075499407231,3.2966697624710615
pos,all,ETV5,TF ChIP-seq,6,29,0.20689655172413793,56,599,0.09348914858096828,2.529503105590062,0.056109321405389614,0.606075499407231,1.4118081290755764
pos,all,KLF10,TF ChIP-seq,2,29,0.06896551724137931,5,599,0.008347245409015025,8.8,0.03745615879822387,0.606075499407231,3.2966697624710615
pos,all,JUN,TF ChIP-seq,9,29,0.3103448275862069,92,599,0.15358931552587646,2.479891304347826,0.03576425724285623,0.606075499407231,1.3462580603817282
pos,all,ZBTB11,TF ChIP-seq,2,29,0.06896551724137931,4,599,0.00667779632721202,11.018518518518519,0.02753806328205918,0.606075499407231,3.5886010777845043
pos,all,OTX1,TF ChIP-seq,4,29,0.13793103448275862,29,599,0.048414023372287146,3.1448275862068966,0.059030108874070474,0.606075499407231,1.7709396863976572
pos,all,TBL1XR1,TF ChIP-seq,4,29,0.13793103448275862,28,599,0.04674457429048414,3.262857142857143,0.053578248414751686,0.606075499407231,1.8232193335205533
pos,all,ZBTB1,TF ChIP-seq,3,29,0.10344827586206896,15,599,0.025041736227045076,4.492307692307692,0.04526667656030235,0.606075499407231,2.316297371639186
pos,all,NKRF,TF ChIP-seq,6,29,0.20689655172413793,47,599,0.07846410684474124,3.0638297872340425,0.028226263300880673,0.606075499407231,1.6858259124113009
pos,all,NFIC,TF ChIP-seq,11,29,0.3793103448275862,124,599,0.20701168614357263,2.3409498207885306,0.03632087125945338,0.606075499407231,1.2474081892205455
pos,all,E2F8,TF ChIP-seq,6,29,0.20689655172413793,32,599,0.05342237061769616,4.622282608695652,0.005564889349358469,0.606075499407231,2.2719596356132774
pos,all,ZNF436,TF ChIP-seq,2,29,0.06896551724137931,5,599,0.008347245409015025,8.8,0.03745615879822387,0.606075499407231,3.2966697624710615
pos,all,DDIT3,TF ChIP-seq,3,29,0.10344827586206896,16,599,0.02671118530884808,4.204326923076923,0.05210385479033173,0.606075499407231,2.2236291938432995
pos,all,E2F1,TF ChIP-seq,3,29,0.10344827586206896,15,599,0.025041736227045076,4.492307692307692,0.04526667656030235,0.606075499407231,2.316297371639186
pos,all,NCOA1,TF ChIP-seq,6,29,0.20689655172413793,52,599,0.08681135225375626,2.7441471571906355,0.04217724313372084,0.606075499407231,1.5283205032858678
pos,all,ETS1,TF ChIP-seq,5,29,0.1724137931034483,24,599,0.04006677796327212,4.991319444444445,0.008019446555331699,0.606075499407231,2.398684048539111
pos,all,POLR2B,TF ChIP-seq,6,29,0.20689655172413793,35,599,0.05843071786310518,4.203726708074534,0.008212490186926954,0.606075499407231,2.1369335177317734
pos,all,THRB,TF ChIP-seq,4,29,0.13793103448275862,28,599,0.04674457429048414,3.262857142857143,0.053578248414751686,0.606075499407231,1.8232193335205533
pos,all,POLR2G,TF ChIP-seq,9,29,0.3103448275862069,95,599,0.15859766277128548,2.3873684210526314,0.040760418286549235,0.606075499407231,1.2916571398961103
pos,all,H3K27ac,Histone ChIP-seq,16,29,0.5517241379310345,210,599,0.35058430717863104,2.2798534798534797,0.045526598163357926,0.606075499407231,1.1773097121902578
pos,all,AFF4,TF ChIP-seq,5,29,0.1724137931034483,41,599,0.06844741235392321,2.8353658536585367,0.05292100809987498,0.606075499407231,1.5950958136584792
pos,all,AGO1,TF ChIP-seq,3,29,0.10344827586206896,16,599,0.02671118530884808,4.204326923076923,0.05210385479033173,0.606075499407231,2.2236291938432995
pos,all,ZNF84,TF ChIP-seq,3,29,0.10344827586206896,14,599,0.02337228714524207,4.821428571428571,0.038918611536987474,0.606075499407231,2.414978832868048
pos,all,SAP30,TF ChIP-seq,4,29,0.13793103448275862,23,599,0.038397328881469114,4.006956521739131,0.030740664233449125,0.606075499407231,2.1140876054449516
pos,all,RBM39,TF ChIP-seq,2,29,0.06896551724137931,6,599,0.01001669449081803,7.320987654320987,0.04852417843220473,0.606075499407231,3.0532328828635174
pos,all,RBFOX2,TF ChIP-seq,10,29,0.3448275862068966,117,599,0.19532554257095158,2.1682411156095367,0.05906277801947532,0.606075499407231,1.144783389506955
pos,all,FOXA3,TF ChIP-seq,4,29,0.13793103448275862,28,599,0.04674457429048414,3.262857142857143,0.053578248414751686,0.606075499407231,1.8232193335205533
pos,all,H4K20me1,Histone ChIP-seq,8,29,0.27586206896551724,74,599,0.12353923205342238,2.7027027027027026,0.041130806558202296,0.606075499407231,1.4795765200482582
pos,all,HBP1,TF ChIP-seq,4,29,0.13793103448275862,27,599,0.045075125208681135,3.3896296296296295,0.048421179884822446,0.606075499407231,1.8772718289304635
pos,all,ATF2,TF ChIP-seq,6,29,0.20689655172413793,51,599,0.08514190317195326,2.8030690537084397,0.03908685315943499,0.606075499407231,1.5586981496834293
pos,all,ILF3,TF ChIP-seq,3,29,0.10344827586206896,17,599,0.028380634390651086,3.9502262443438916,0.059419166608552065,0.606075499407231,2.136265690091081
pos,all,SRSF1,TF ChIP-seq,1,29,0.034482758620689655,0,599,0.0,inf,0.04617834394904459,0.606075499407231,5.979688429970638
pos,all,PTBP1,TF ChIP-seq,3,29,0.10344827586206896,14,599,0.02337228714524207,4.821428571428571,0.038918611536987474,0.606075499407231,2.414978832868048
pos,all,SREBF2,TF ChIP-seq,2,29,0.06896551724137931,5,599,0.008347245409015025,8.8,0.03745615879822387,0.606075499407231,3.2966697624710615
pos,all,BACH1,TF ChIP-seq,3,29,0.10344827586206896,17,599,0.028380634390651086,3.9502262443438916,0.059419166608552065,0.606075499407231,2.136265690091081
pos,all,ZNF717,TF ChIP-seq,2,29,0.06896551724137931,6,599,0.01001669449081803,7.320987654320987,0.04852417843220473,0.606075499407231,3.0532328828635174
pos,all,HNRNPUL1,TF ChIP-seq,2,29,0.06896551724137931,5,599,0.008347245409015025,8.8,0.03745615879822387,0.606075499407231,3.2966697624710615
pos,all,ZNF561,TF ChIP-seq,2,29,0.06896551724137931,8,599,0.01335559265442404,5.472222222222222,0.07363941945925627,0.7086057344192584,2.6613398984521517
pos,all,ZNF274,TF ChIP-seq,2,29,0.06896551724137931,8,599,0.01335559265442404,5.472222222222222,0.07363941945925627,0.7086057344192584,2.6613398984521517
pos,all,KDM5B,TF ChIP-seq,5,29,0.1724137931034483,45,599,0.07512520868113523,2.564814814814815,0.07171771874138738,0.7086057344192584,1.4519707844851029
pos,all,ZBTB7A,TF ChIP-seq,8,29,0.27586206896551724,90,599,0.15025041736227046,2.1544973544973547,0.10934348821571438,0.739393061998486,1.15429053563085
pos,all,MITF,TF ChIP-seq,7,29,0.2413793103448276,77,599,0.1285475792988314,2.15702479338843,0.09246655732885134,0.739393061998486,1.1682003209728513
pos,all,ZNF174,TF ChIP-seq,1,29,0.034482758620689655,1,599,0.001669449081803005,21.357142857142858,0.09029449709972676,0.739393061998486,4.392317422778761
pos,all,U2AF1,TF ChIP-seq,2,29,0.06896551724137931,9,599,0.015025041736227046,4.8559670781893,0.08747078146644742,0.739393061998486,2.4984341173162745
pos,all,ZBTB5,TF ChIP-seq,2,29,0.06896551724137931,10,599,0.01669449081803005,4.362962962962963,0.10201949126007309,0.739393061998486,2.351598961563705
pos,all,TRIM25,TF ChIP-seq,2,29,0.06896551724137931,9,599,0.015025041736227046,4.8559670781893,0.08747078146644742,0.739393061998486,2.4984341173162745
pos,all,MCM3,TF ChIP-seq,1,29,0.034482758620689655,2,599,0.00333889816360601,10.660714285714286,0.13243740378360522,0.739393061998486,3.652939294537163
pos,all,H3K9ac,Histone ChIP-seq,13,29,0.4482758620689655,178,599,0.29716193656093487,1.9216994382022472,0.09843522855185984,0.739393061998486,0.9501019397179976
pos,all,H3K4me3,Histone ChIP-seq,8,29,0.27586206896551724,95,599,0.15859766277128548,2.0210526315789474,0.11902634698635974,0.739393061998486,1.06247971761885
pos,all,MBD1,TF ChIP-seq,2,29,0.06896551724137931,12,599,0.02003338898163606,3.623456790123457,0.13291368300048786,0.739393061998486,2.09515723304034
pos,all,EGR1,TF ChIP-seq,8,29,0.27586206896551724,91,599,0.15191986644407346,2.126635269492412,0.11089279601571364,0.739393061998486,1.135602212121699
pos,all,ZBED1,TF ChIP-seq,3,29,0.10344827586206896,21,599,0.035058430717863104,3.1758241758241756,0.09318002560683933,0.739393061998486,1.829342861899797
pos,all,H3K9me3,Histone ChIP-seq,1,29,0.034482758620689655,1,599,0.001669449081803005,21.357142857142858,0.09029449709972676,0.739393061998486,4.392317422778761
pos,all,HLTF,TF ChIP-seq,4,29,0.13793103448275862,36,599,0.06010016694490818,2.502222222222222,0.1052128907881967,0.739393061998486,1.4459469007630206
pos,all,KDM4B,TF ChIP-seq,1,29,0.034482758620689655,2,599,0.00333889816360601,10.660714285714286,0.13243740378360522,0.739393061998486,3.652939294537163
pos,all,HDAC1,TF ChIP-seq,4,29,0.13793103448275862,36,599,0.06010016694490818,2.502222222222222,0.1052128907881967,0.739393061998486,1.4459469007630206
pos,all,H2AFZ,Histone ChIP-seq,7,29,0.2413793103448276,236,599,0.39398998330550916,0.4894067796610169,0.11927143167846631,0.739393061998486,-0.9648473201409571
pos,all,THAP1,TF ChIP-seq,2,29,0.06896551724137931,10,599,0.01669449081803005,4.362962962962963,0.10201949126007309,0.739393061998486,2.351598961563705
pos,all,ZNF12,TF ChIP-seq,2,29,0.06896551724137931,12,599,0.02003338898163606,3.623456790123457,0.13291368300048786,0.739393061998486,2.09515723304034
pos,all,POLR2AphosphoS2,TF ChIP-seq,3,29,0.10344827586206896,25,599,0.041736227045075125,2.649230769230769,0.13331146161248564,0.739393061998486,1.5731722081690227
pos,all,CBFB,TF ChIP-seq,3,29,0.10344827586206896,25,599,0.041736227045075125,2.649230769230769,0.13331146161248564,0.739393061998486,1.5731722081690227
pos,all,CEBPZ,TF ChIP-seq,1,29,0.034482758620689655,1,599,0.001669449081803005,21.357142857142858,0.09029449709972676,0.739393061998486,4.392317422778761
pos,all,CGGBP1,TF ChIP-seq,2,29,0.06896551724137931,10,599,0.01669449081803005,4.362962962962963,0.10201949126007309,0.739393061998486,2.351598961563705
pos,all,STAG1,TF ChIP-seq,5,29,0.1724137931034483,47,599,0.07846410684474124,2.4468085106382977,0.082374832963027,0.739393061998486,1.384696820469935
pos,all,PCBP1,TF ChIP-seq,3,29,0.10344827586206896,23,599,0.038397328881469114,2.8896321070234112,0.11252514081693299,0.739393061998486,1.6960224134685393
pos,all,ZNF700,TF ChIP-seq,2,29,0.06896551724137931,11,599,0.018363939899833055,3.95959595959596,0.11719515253831203,0.739393061998486,2.2179050303441343
pos,all,SRF,TF ChIP-seq,2,29,0.06896551724137931,10,599,0.01669449081803005,4.362962962962963,0.10201949126007309,0.739393061998486,2.351598961563705
pos,all,CHD2,TF ChIP-seq,3,29,0.10344827586206896,25,599,0.041736227045075125,2.649230769230769,0.13331146161248564,0.739393061998486,1.5731722081690227
pos,all,BHLHE40,TF ChIP-seq,8,29,0.27586206896551724,100,599,0.1669449081803005,1.900952380952381,0.1333807092232563,0.739393061998486,0.9744872631617312
pos,all,ZNF57,TF ChIP-seq,2,29,0.06896551724137931,9,599,0.015025041736227046,4.8559670781893,0.08747078146644742,0.739393061998486,2.4984341173162745
pos,all,CHD7,TF ChIP-seq,1,29,0.034482758620689655,2,599,0.00333889816360601,10.660714285714286,0.13243740378360522,0.739393061998486,3.652939294537163
pos,all,PHB,TF ChIP-seq,2,29,0.06896551724137931,11,599,0.018363939899833055,3.95959595959596,0.11719515253831203,0.739393061998486,2.2179050303441343
pos,all,TRIM24,TF ChIP-seq,8,29,0.27586206896551724,99,599,0.1652754590984975,1.924001924001924,0.13015009503743774,0.739393061998486,0.9917997248405861
pos,all,SFPQ,TF ChIP-seq,1,29,0.034482758620689655,2,599,0.00333889816360601,10.660714285714286,0.13243740378360522,0.739393061998486,3.652939294537163
pos,all,RB1,TF ChIP-seq,7,29,0.2413793103448276,76,599,0.12687813021702837,2.1895933014354068,0.08915054764792434,0.739393061998486,1.1896953835170003
pos,all,H3K4me2,Histone ChIP-seq,18,29,0.6206896551724138,278,599,0.46410684474123537,1.8894702419882277,0.12702386415434758,0.739393061998486,0.8930328195598525
pos,all,NFXL1,TF ChIP-seq,2,29,0.06896551724137931,10,599,0.01669449081803005,4.362962962962963,0.10201949126007309,0.739393061998486,2.351598961563705
pos,all,TEAD4,TF ChIP-seq,12,29,0.41379310344827586,156,599,0.2604340567612688,2.004524886877828,0.08458757547629706,0.739393061998486,1.0173446201982037
pos,all,TFDP1,TF ChIP-seq,6,29,0.20689655172413793,67,599,0.11185308848080133,2.071382219338092,0.13330439488380103,0.739393061998486,1.1256729845258244
pos,all,SP2,TF ChIP-seq,1,29,0.034482758620689655,3,599,0.005008347245409015,7.095238095238095,0.1726923082480459,0.7725708526886264,3.1650958921940386
pos,all,CBFA2T2,TF ChIP-seq,3,29,0.10344827586206896,137,599,0.2287145242070117,0.38910724312184164,0.1677434010796305,0.7725708526886264,-1.1705437855139424
pos,all,SMAD5,TF ChIP-seq,4,29,0.13793103448275862,42,599,0.07011686143572621,2.1219047619047617,0.15498263493744235,0.7725708526886264,1.2109367181407822
pos,all,GTF2I,TF ChIP-seq,3,29,0.10344827586206896,28,599,0.04674457429048414,2.353021978021978,0.16683540728358176,0.7725708526886264,1.4051541415441415
pos,all,SMARCE1,TF ChIP-seq,9,29,0.3103448275862069,123,599,0.20534223706176963,1.7414634146341463,0.1690067436844805,0.7725708526886264,0.8383406811507661
pos,all,RBM25,TF ChIP-seq,3,29,0.10344827586206896,27,599,0.045075125208681135,2.4444444444444446,0.1553759659224116,0.7725708526886264,1.4592066369540515
pos,all,ATF3,TF ChIP-seq,9,29,0.3103448275862069,121,599,0.2020033388981636,1.7776859504132232,0.162750360519987,0.7725708526886264,0.8679381197057464
pos,all,FOXP4,TF ChIP-seq,2,29,0.06896551724137931,13,599,0.021702838063439065,3.339031339031339,0.14909695578151533,0.7725708526886264,1.9816681772277427
pos,all,HDAC2,TF ChIP-seq,2,29,0.06896551724137931,14,599,0.02337228714524207,3.0952380952380953,0.16567245889794877,0.7725708526886264,1.8761127467363459
pos,all,ZFP91,TF ChIP-seq,3,29,0.10344827586206896,28,599,0.04674457429048414,2.353021978021978,0.16683540728358176,0.7725708526886264,1.4051541415441415
pos,all,HNRNPH1,TF ChIP-seq,1,29,0.034482758620689655,3,599,0.005008347245409015,7.095238095238095,0.1726923082480459,0.7725708526886264,3.1650958921940386
pos,all,ZFP30,TF ChIP-seq,1,29,0.034482758620689655,3,599,0.005008347245409015,7.095238095238095,0.1726923082480459,0.7725708526886264,3.1650958921940386
pos,all,KDM1A,TF ChIP-seq,7,29,0.2413793103448276,84,599,0.14023372287145242,1.9507575757575757,0.1699704590786864,0.7725708526886264,1.023986680364768
pos,all,MXI1,TF ChIP-seq,3,29,0.10344827586206896,27,599,0.045075125208681135,2.4444444444444446,0.1553759659224116,0.7725708526886264,1.4592066369540515
pos,all,ZNF445,TF ChIP-seq,2,29,0.06896551724137931,14,599,0.02337228714524207,3.0952380952380953,0.16567245889794877,0.7725708526886264,1.8761127467363459
pos,all,XRCC3,TF ChIP-seq,1,29,0.034482758620689655,3,599,0.005008347245409015,7.095238095238095,0.1726923082480459,0.7725708526886264,3.1650958921940386
pos,all,KAT7,TF ChIP-seq,4,29,0.13793103448275862,42,599,0.07011686143572621,2.1219047619047617,0.15498263493744235,0.7725708526886264,1.2109367181407822
pos,all,NR2F1,TF ChIP-seq,9,29,0.3103448275862069,121,599,0.2020033388981636,1.7776859504132232,0.162750360519987,0.7725708526886264,0.8679381197057464
pos,all,ELK3,TF ChIP-seq,1,29,0.034482758620689655,3,599,0.005008347245409015,7.095238095238095,0.1726923082480459,0.7725708526886264,3.1650958921940386
pos,all,ZBTB17,TF ChIP-seq,5,29,0.1724137931034483,52,599,0.08681135225375626,2.19150641025641,0.1718593653679647,0.7725708526886264,1.2271914113445022
pos,all,YY1,TF ChIP-seq,6,29,0.20689655172413793,69,599,0.11519198664440734,2.003780718336484,0.14224008055525436,0.7725708526886264,1.078118734654712
pos,all,CHD1,TF ChIP-seq,3,29,0.10344827586206896,27,599,0.045075125208681135,2.4444444444444446,0.1553759659224116,0.7725708526886264,1.4592066369540515
pos,all,CREB3L1,TF ChIP-seq,5,29,0.1724137931034483,54,599,0.09015025041736227,2.1026234567901234,0.17947044671945078,0.7890511019562061,1.16797283606877
pos,all,SP1,TF ChIP-seq,3,29,0.10344827586206896,29,599,0.048414023372287146,2.2679045092838197,0.17855166509759873,0.7890511019562061,1.3528744944212452
pos,all,SMARCB1,TF ChIP-seq,2,29,0.06896551724137931,15,599,0.025041736227045076,2.8839506172839506,0.1825729718794102,0.7890865733771119,1.7774312855074839
pos,all,FOXO4,TF ChIP-seq,2,29,0.06896551724137931,15,599,0.025041736227045076,2.8839506172839506,0.1825729718794102,0.7890865733771119,1.7774312855074839
pos,all,TCF7,TF ChIP-seq,2,29,0.06896551724137931,16,599,0.02671118530884808,2.699074074074074,0.19973625879429868,0.8349630490581338,1.6847631077115974
pos,all,RAD51,TF ChIP-seq,5,29,0.1724137931034483,58,599,0.09682804674457429,1.9432471264367817,0.19855017149231877,0.8349630490581338,1.0551745825470118
pos,all,ZBTB2,TF ChIP-seq,5,29,0.1724137931034483,58,599,0.09682804674457429,1.9432471264367817,0.19855017149231877,0.8349630490581338,1.0551745825470118
pos,all,PATZ1,TF ChIP-seq,2,29,0.06896551724137931,16,599,0.02671118530884808,2.699074074074074,0.19973625879429868,0.8349630490581338,1.6847631077115974
pos,all,IKZF1,TF ChIP-seq,11,29,0.3793103448275862,160,599,0.2671118530884808,1.6767361111111112,0.20144129193504418,0.8352443811940856,0.7673984584491641
pos,all,HMG20A,TF ChIP-seq,1,29,0.034482758620689655,4,599,0.00667779632721202,5.3125,0.21114090289677462,0.8614548838188405,2.800105182978216
pos,all,GATAD2A,TF ChIP-seq,5,29,0.1724137931034483,60,599,0.1001669449081803,1.8715277777777777,0.20984614791447018,0.8614548838188405,1.0013376867355115
pos,all,MNT,TF ChIP-seq,8,29,0.27586206896551724,106,599,0.17696160267111852,1.7717879604672058,0.21349639699797174,0.8641520830870284,0.8733947407788009
pos,all,LARP7,TF ChIP-seq,2,29,0.06896551724137931,17,599,0.028380634390651086,2.5359477124183005,0.21710477691241253,0.8650268455103937,1.5973996039593787
pos,all,ZNF319,TF ChIP-seq,2,29,0.06896551724137931,17,599,0.028380634390651086,2.5359477124183005,0.21710477691241253,0.8650268455103937,1.5973996039593787
pos,all,TRIM28,TF ChIP-seq,3,29,0.10344827586206896,33,599,0.05509181969949917,1.979020979020979,0.22756922514547948,0.8927715755707273,1.159277422857148
pos,all,SMAD1,TF ChIP-seq,3,29,0.10344827586206896,33,599,0.05509181969949917,1.979020979020979,0.22756922514547948,0.8927715755707273,1.159277422857148
pos,all,IRF1,TF ChIP-seq,0,29,0.0,43,599,0.07178631051752922,0.0,0.25075387308394487,0.8996298624479456,-2.20534866786861
pos,all,TGIF2,TF ChIP-seq,1,29,0.034482758620689655,5,599,0.008347245409015025,4.242857142857143,0.24786147081971763,0.8996298624479456,2.508173867664773
pos,all,PCBP2,TF ChIP-seq,1,29,0.034482758620689655,5,599,0.008347245409015025,4.242857142857143,0.24786147081971763,0.8996298624479456,2.508173867664773
pos,all,SIN3B,TF ChIP-seq,2,29,0.06896551724137931,19,599,0.03171953255425709,2.2612085769980506,0.25224915750991417,0.8996298624479456,1.4363184193660208
pos,all,FOXA1,TF ChIP-seq,1,29,0.034482758620689655,5,599,0.008347245409015025,4.242857142857143,0.24786147081971763,0.8996298624479456,2.508173867664773
pos,all,BCLAF1,TF ChIP-seq,1,29,0.034482758620689655,5,599,0.008347245409015025,4.242857142857143,0.24786147081971763,0.8996298624479456,2.508173867664773
pos,all,ZNF175,TF ChIP-seq,1,29,0.034482758620689655,75,599,0.12520868113522537,0.24952380952380954,0.23810223260768676,0.8996298624479456,-1.4515332901913967
pos,all,GATA2,TF ChIP-seq,1,29,0.034482758620689655,70,599,0.11686143572621036,0.2698979591836735,0.2354941840994058,0.8996298624479456,-1.3389919918500426
pos,all,ZNF184,TF ChIP-seq,2,29,0.06896551724137931,18,599,0.03005008347245409,2.3909465020576133,0.23462540027950807,0.8996298624479456,1.5147503972069714
pos,all,ZNF165,TF ChIP-seq,2,29,0.06896551724137931,18,599,0.03005008347245409,2.3909465020576133,0.23462540027950807,0.8996298624479456,1.5147503972069714
pos,all,BCOR,TF ChIP-seq,6,29,0.20689655172413793,76,599,0.12687813021702837,1.7951945080091534,0.25198336916635056,0.8996298624479456,0.9205087507016115
pos,all,ZNF586,TF ChIP-seq,1,29,0.034482758620689655,5,599,0.008347245409015025,4.242857142857143,0.24786147081971763,0.8996298624479456,2.508173867664773
pos,all,ZNF583,TF ChIP-seq,0,29,0.0,42,599,0.07011686143572621,0.0,0.24890441783509673,0.8996298624479456,-2.169205990691876
pos,all,SMC3,TF ChIP-seq,9,29,0.3103448275862069,131,599,0.21869782971619364,1.6076335877862595,0.2554619587058421,0.9047611037498574,0.7233617571923863
pos,all,FOXK2,TF ChIP-seq,6,29,0.20689655172413793,79,599,0.1318864774624374,1.717116125481563,0.26284423685825853,0.9198872854986422,0.8567222644785165
pos,all,H3K36me3,Histone ChIP-seq,4,29,0.13793103448275862,43,599,0.07178631051752922,2.0688372093023255,0.26334028173098384,0.9198872854986422,1.1747940409640478
pos,all,ZNF395,TF ChIP-seq,6,29,0.20689655172413793,83,599,0.13856427378964942,1.6217915138816135,0.2809057300033838,0.9279991693525016,0.7747711128544621
pos,all,TBP,TF ChIP-seq,4,29,0.13793103448275862,48,599,0.08013355592654424,1.8366666666666667,0.28911065951034093,0.9279991693525016,1.0048038928750718
pos,all,MTA3,TF ChIP-seq,2,29,0.06896551724137931,95,599,0.15859766277128548,0.3929824561403509,0.2908858213176727,0.9279991693525016,-1.0581499875666887
pos,all,ID3,TF ChIP-seq,1,29,0.034482758620689655,6,599,0.01001669449081803,3.5297619047619047,0.28292902282329996,0.9279991693525016,2.264736988057229
pos,all,MIER1,TF ChIP-seq,2,29,0.06896551724137931,20,599,0.0333889816360601,2.1444444444444444,0.2699309831331716,0.9279991693525016,1.3616812277510908
pos,all,MAFG,TF ChIP-seq,2,29,0.06896551724137931,90,599,0.15025041736227046,0.4189300411522634,0.2911369943066672,0.9279991693525016,-0.9663391695546888
pos,all,ZKSCAN3,TF ChIP-seq,1,29,0.034482758620689655,6,599,0.01001669449081803,3.5297619047619047,0.28292902282329996,0.9279991693525016,2.264736988057229
pos,all,RFX7,TF ChIP-seq,1,29,0.034482758620689655,6,599,0.01001669449081803,3.5297619047619047,0.28292902282329996,0.9279991693525016,2.264736988057229
pos,all,CHCHD3,TF ChIP-seq,1,29,0.034482758620689655,6,599,0.01001669449081803,3.5297619047619047,0.28292902282329996,0.9279991693525016,2.264736988057229
pos,all,ZNF318,TF ChIP-seq,4,29,0.13793103448275862,47,599,0.07846410684474124,1.8791489361702127,0.28317713648372267,0.9279991693525016,1.037474705418663
pos,all,ZNF281,TF ChIP-seq,5,29,0.1724137931034483,161,599,0.2687813021702838,0.5667701863354038,0.2891594382819403,0.9279991693525016,-0.714235547727103
pos,all,ELF4,TF ChIP-seq,4,29,0.13793103448275862,48,599,0.08013355592654424,1.8366666666666667,0.28911065951034093,0.9279991693525016,1.0048038928750718
pos,all,ZNF518B,TF ChIP-seq,1,29,0.034482758620689655,6,599,0.01001669449081803,3.5297619047619047,0.28292902282329996,0.9279991693525016,2.264736988057229
pos,all,RBM14,TF ChIP-seq,1,29,0.034482758620689655,6,599,0.01001669449081803,3.5297619047619047,0.28292902282329996,0.9279991693525016,2.264736988057229
pos,all,JUND,TF ChIP-seq,11,29,0.3793103448275862,173,599,0.2888146911519199,1.5048169556840076,0.3009070451004576,0.953183807461077,0.6117186691680925
pos,all,HNRNPL,TF ChIP-seq,2,29,0.06896551724137931,22,599,0.03672787979966611,1.9427609427609427,0.3053067051550077,0.9552541081537052,1.222392421336448
pos,all,CUX1,TF ChIP-seq,2,29,0.06896551724137931,22,599,0.03672787979966611,1.9427609427609427,0.3053067051550077,0.9552541081537052,1.222392421336448
pos,all,DNMT1,TF ChIP-seq,1,29,0.034482758620689655,7,599,0.011686143572621035,3.020408163265306,0.31641542916488496,0.966298616012523,2.0558532347335174
pos,all,SNIP1,TF ChIP-seq,1,29,0.034482758620689655,7,599,0.011686143572621035,3.020408163265306,0.31641542916488496,0.966298616012523,2.0558532347335174
pos,all,RBPJ,TF ChIP-seq,1,29,0.034482758620689655,7,599,0.011686143572621035,3.020408163265306,0.31641542916488496,0.966298616012523,2.0558532347335174
pos,all,ARID2,TF ChIP-seq,4,29,0.13793103448275862,52,599,0.08681135225375626,1.6830769230769231,0.3161409861006246,0.966298616012523,0.8799692962932298
pos,all,FOXM1,TF ChIP-seq,4,29,0.13793103448275862,53,599,0.08848080133555926,1.6483018867924528,0.32362715363817307,0.9708814609145192,0.8501103587415745
pos,all,ZNF257,TF ChIP-seq,2,29,0.06896551724137931,23,599,0.038397328881469114,1.855072463768116,0.3229279395488018,0.9708814609145192,1.1571563273368373
pos,all,CREB1,TF ChIP-seq,4,29,0.13793103448275862,53,599,0.08848080133555926,1.6483018867924528,0.32362715363817307,0.9708814609145192,0.8501103587415745
pos,all,PBX2,TF ChIP-seq,3,29,0.10344827586206896,111,599,0.18530884808013356,0.5072765072765073,0.3315387758896853,0.9830510215333691,-0.7892506804575145
pos,all,TOE1,TF ChIP-seq,4,29,0.13793103448275862,54,599,0.09015025041736227,1.614814814814815,0.3313679615945857,0.9830510215333691,0.8207507210174977
pos,all,RBBP5,TF ChIP-seq,4,29,0.13793103448275862,55,599,0.09181969949916527,1.5825454545454545,0.3393457355563936,0.9922021035199617,0.7918720318376177
pos,all,ZNF511,TF ChIP-seq,2,29,0.06896551724137931,24,599,0.04006677796327212,1.7746913580246915,0.3404615061097908,0.9922021035199617,1.094530655379725
pos,all,NR2C2,TF ChIP-seq,8,29,0.27586206896551724,117,599,0.19532554257095158,1.5693935693935694,0.3382234579395662,0.9922021035199617,0.6990662721386844
pos,all,MLX,TF ChIP-seq,1,29,0.034482758620689655,8,599,0.01335559265442404,2.638392857142857,0.3483895461878178,0.9981947671673432,1.8728440036458636
pos,all,E4F1,TF ChIP-seq,1,29,0.034482758620689655,8,599,0.01335559265442404,2.638392857142857,0.3483895461878178,0.9981947671673432,1.8728440036458636
pos,all,ZHX1,TF ChIP-seq,1,29,0.034482758620689655,8,599,0.01335559265442404,2.638392857142857,0.3483895461878178,0.9981947671673432,1.8728440036458636
pos,all,TCF7L2,TF ChIP-seq,0,29,0.0,3,599,0.005008347245409015,0.0,1.0,1.0,1.5303803562757827
pos,all,ZNF507,TF ChIP-seq,0,29,0.0,1,599,0.001669449081803005,0.0,1.0,1.0,2.7576018868605043
pos,all,TAF15,TF ChIP-seq,0,29,0.0,2,599,0.00333889816360601,0.0,1.0,1.0,2.018223758618907
pos,all,ZNF589,TF ChIP-seq,3,29,0.10344827586206896,81,599,0.1352253756260434,0.7378917378917379,0.7850100892717918,1.0,-0.251093507923447
pos,all,TAF7,TF ChIP-seq,1,29,0.034482758620689655,22,599,0.03672787979966611,0.9366883116883117,1.0,1.0,0.43389652653015964
pos,all,ZNF584,TF ChIP-seq,2,29,0.06896551724137931,52,599,0.08681135225375626,0.7792022792022792,1.0,1.0,-0.07696198181488416
pos,all,SUZ12,TF ChIP-seq,0,29,0.0,2,599,0.00333889816360601,0.0,1.0,1.0,2.018223758618907
pos,all,TAF9B,TF ChIP-seq,3,29,0.10344827586206896,42,599,0.07011686143572621,1.5302197802197801,0.45505711991834175,1.0,0.7928715261643703
pos,all,TCF3,TF ChIP-seq,6,29,0.20689655172413793,141,599,0.2353923205342237,0.84736355226642,0.8256926778627209,1.0,-0.15802945277337319
pos,all,TBPL1,TF ChIP-seq,1,29,0.034482758620689655,15,599,0.025041736227045076,1.3904761904761904,0.5350693854927503,1.0,0.9889353907011956
pos,all,TCF12,TF ChIP-seq,3,29,0.10344827586206896,66,599,0.11018363939899833,0.9318181818181818,1.0,1.0,0.0834964928176403
pos,all,TAL1,TF ChIP-seq,4,29,0.13793103448275862,119,599,0.1986644407345576,0.6453781512605042,0.6309504478607106,1.0,-0.49497452773618145
pos,all,TARDBP,TF ChIP-seq,3,29,0.10344827586206896,43,599,0.07178631051752922,1.4919499105545617,0.4628528496164014,1.0,0.7567288489876361
pos,all,TBX18,TF ChIP-seq,1,29,0.034482758620689655,25,599,0.041736227045075125,0.82,1.0,1.0,0.2458102272310321
pos,all,ZNF551,TF ChIP-seq,0,29,0.0,8,599,0.01335559265442404,0.0,1.0,1.0,0.23812846772760765
pos,all,ZNF512,TF ChIP-seq,1,29,0.034482758620689655,22,599,0.03672787979966611,0.9366883116883117,1.0,1.0,0.43389652653015964
pos,all,TCF15,TF ChIP-seq,0,29,0.0,20,599,0.0333889816360601,0.0,1.0,1.0,-1.0615302029734532
pos,all,SRSF3,TF ChIP-seq,0,29,0.0,4,599,0.00667779632721202,0.0,1.0,1.0,1.1653896470599605
pos,all,STAT6,TF ChIP-seq,1,29,0.034482758620689655,15,599,0.025041736227045076,1.3904761904761904,0.5350693854927503,1.0,0.9889353907011956
pos,all,ZNF77,TF ChIP-seq,0,29,0.0,4,599,0.00667779632721202,0.0,1.0,1.0,1.1653896470599605
pos,all,ZNF780A,TF ChIP-seq,0,29,0.0,6,599,0.01001669449081803,0.0,1.0,1.0,0.6300214521389733
pos,all,SNAPC5,TF ChIP-seq,0,29,0.0,2,599,0.00333889816360601,0.0,1.0,1.0,2.018223758618907
pos,all,ZNF785,TF ChIP-seq,0,29,0.0,2,599,0.00333889816360601,0.0,1.0,1.0,2.018223758618907
pos,all,SMARCC2,TF ChIP-seq,5,29,0.1724137931034483,74,599,0.12353923205342238,1.4780405405405406,0.3947588410855159,1.0,0.6631002080221059
pos,all,ZNF79,TF ChIP-seq,0,29,0.0,16,599,0.02671118530884808,0.0,1.0,1.0,-0.7384483230129466
pos,all,SMARCA5,TF ChIP-seq,3,29,0.10344827586206896,40,599,0.0667779632721202,1.6125,0.4403155387935417,1.0,0.8675787855861742
pos,all,SMARCA4,TF ChIP-seq,8,29,0.27586206896551724,150,599,0.25041736227045075,1.1403174603174604,0.826592585493818,1.0,0.23975571530298662
pos,all,ZNF83,TF ChIP-seq,2,29,0.06896551724137931,50,599,0.08347245409015025,0.8133333333333334,1.0,1.0,-0.01566743043986094
pos,all,SMAD4,TF ChIP-seq,7,29,0.2413793103448276,144,599,0.24040066777963273,1.0053661616161615,1.0,1.0,0.07141906058021569
pos,all,SMAD3,TF ChIP-seq,2,29,0.06896551724137931,40,599,0.0667779632721202,1.0351851851851852,1.0,1.0,0.3287126994544719
pos,all,SKIL,TF ChIP-seq,3,29,0.10344827586206896,88,599,0.14691151919866444,0.6700174825174825,0.7861627286170993,1.0,-0.3895806528432638
pos,all,ZNF830,TF ChIP-seq,1,29,0.034482758620689655,18,599,0.03005008347245409,1.1527777777777777,0.5981783351467417,1.0,0.7262545024006831
pos,all,SIX5,TF ChIP-seq,0,29,0.0,6,599,0.01001669449081803,0.0,1.0,1.0,0.6300214521389733
pos,all,ZSCAN29,TF ChIP-seq,0,29,0.0,17,599,0.028380634390651086,0.0,1.0,1.0,-0.8258118267651651
pos,all,SNRNP70,TF ChIP-seq,0,29,0.0,5,599,0.008347245409015025,0.0,1.0,1.0,0.8734583317465173
pos,all,ZNF766,TF ChIP-seq,3,29,0.10344827586206896,87,599,0.14524207011686144,0.6790450928381963,0.7855993118619617,1.0,-0.3703684499451154
pos,all,ZNF764,TF ChIP-seq,0,29,0.0,6,599,0.01001669449081803,0.0,1.0,1.0,0.6300214521389733
pos,all,ZNF76,TF ChIP-seq,1,29,0.034482758620689655,28,599,0.04674457429048414,0.7283163265306123,1.0,1.0,0.07779216060615093
pos,all,ZNF609,TF ChIP-seq,1,29,0.034482758620689655,13,599,0.021702838063439065,1.60989010989011,0.4877897361273043,1.0,1.1931722824214546
pos,all,ZNF639,TF ChIP-seq,1,29,0.034482758620689655,14,599,0.02337228714524207,1.4923469387755102,0.5119820775805751,1.0,1.0876168519300575
pos,all,ZNF644,TF ChIP-seq,2,29,0.06896551724137931,52,599,0.08681135225375626,0.7792022792022792,1.0,1.0,-0.07696198181488416
pos,all,ZNF655,TF ChIP-seq,0,29,0.0,4,599,0.00667779632721202,0.0,1.0,1.0,1.1653896470599605
pos,all,ZNF668,TF ChIP-seq,0,29,0.0,24,599,0.04006677796327212,0.0,0.619884800933872,1.0,-1.3286807753448189
pos,all,ZNF695,TF ChIP-seq,0,29,0.0,12,599,0.02003338898163606,0.0,1.0,1.0,-0.3280541976842039
pos,all,STAT5A,TF ChIP-seq,4,29,0.13793103448275862,59,599,0.09849749582637729,1.464406779661017,0.52051759940565,1.0,0.6808327038975236
pos,all,ZNF592,TF ChIP-seq,5,29,0.1724137931034483,132,599,0.22036727879799667,0.7370580808080808,0.6504489972585101,1.0,-0.3363042201534734
pos,all,ZNF696,TF ChIP-seq,0,29,0.0,5,599,0.008347245409015025,0.0,1.0,1.0,0.8734583317465173
pos,all,ZNF699,TF ChIP-seq,0,29,0.0,5,599,0.008347245409015025,0.0,1.0,1.0,0.8734583317465173
pos,all,ZNF707,TF ChIP-seq,0,29,0.0,11,599,0.018363939899833055,0.0,1.0,1.0,-0.20530640038040987
pos,all,SREBF1,TF ChIP-seq,1,29,0.034482758620689655,9,599,0.015025041736227046,2.3412698412698414,0.37891733804654676,1.0,1.7099382225099864
pos,all,SPI1,TF ChIP-seq,3,29,0.10344827586206896,64,599,0.10684474123539232,0.9645432692307693,1.0,1.0,0.13294997682140655
pos,all,ZNF740,TF ChIP-seq,0,29,0.0,35,599,0.05843071786310518,0.0,0.3972755895567344,1.0,-1.8915603980935225
pos,all,ZNF75A,TF ChIP-seq,1,29,0.034482758620689655,12,599,0.02003338898163606,1.7470238095238095,0.46244144661824593,1.0,1.306661338234052
pos,all,SOX6,TF ChIP-seq,5,29,0.1724137931034483,151,599,0.25208681135225375,0.6181015452538632,0.38751344026190493,1.0,-0.5894880340316005
pos,all,TCFL5,TF ChIP-seq,1,29,0.034482758620689655,9,599,0.015025041736227046,2.3412698412698414,0.37891733804654676,1.0,1.7099382225099864
pos,all,TEAD1,TF ChIP-seq,2,29,0.06896551724137931,63,599,0.10517529215358931,0.630217519106408,0.7578238251498322,1.0,-0.38068194465294114
pos,all,ZNF121,TF ChIP-seq,0,29,0.0,19,599,0.03171953255425709,0.0,1.0,1.0,-0.9868930113585233
pos,all,TEAD2,TF ChIP-seq,0,29,0.0,26,599,0.04340567612687813,0.0,0.6255331141617335,1.0,-1.4469138279092153
pos,all,ZC3H4,TF ChIP-seq,1,29,0.034482758620689655,12,599,0.02003338898163606,1.7470238095238095,0.46244144661824593,1.0,1.306661338234052
pos,all,ZC3H11A,TF ChIP-seq,1,29,0.034482758620689655,10,599,0.01669449081803005,2.1035714285714286,0.4080619937045567,1.0,1.5631030667574168
pos,all,ZNF212,TF ChIP-seq,0,29,0.0,10,599,0.01669449081803005,0.0,1.0,1.0,-0.07161246916083883
pos,all,ZBTB9,TF ChIP-seq,3,29,0.10344827586206896,55,599,0.09181969949916527,1.1412587412587412,0.7435166409917053,1.0,0.37380683986120583
pos,all,ZBTB8A,TF ChIP-seq,0,29,0.0,1,599,0.001669449081803005,0.0,1.0,1.0,2.7576018868605043
pos,all,ZNF215,TF ChIP-seq,0,29,0.0,24,599,0.04006677796327212,0.0,0.619884800933872,1.0,-1.3286807753448189
pos,all,ZNF224,TF ChIP-seq,0,29,0.0,3,599,0.005008347245409015,0.0,1.0,1.0,1.5303803562757827
pos,all,ZBTB49,TF ChIP-seq,0,29,0.0,3,599,0.005008347245409015,0.0,1.0,1.0,1.5303803562757827
pos,all,ZNF23,TF ChIP-seq,0,29,0.0,13,599,0.021702838063439065,0.0,1.0,1.0,-0.4415432534968013
pos,all,ZBTB43,TF ChIP-seq,1,29,0.034482758620689655,14,599,0.02337228714524207,1.4923469387755102,0.5119820775805751,1.0,1.0876168519300575
pos,all,ZBTB40,TF ChIP-seq,4,29,0.13793103448275862,62,599,0.10350584307178631,1.3858064516129032,0.5328213406713094,1.0,0.6018363192855523
pos,all,ZBTB34,TF ChIP-seq,0,29,0.0,8,599,0.01335559265442404,0.0,1.0,1.0,0.23812846772760765
pos,all,ZBTB33,TF ChIP-seq,4,29,0.13793103448275862,56,599,0.09348914858096828,1.5514285714285714,0.5107690306246941,1.0,0.7634569220829381
pos,all,ZNF232,TF ChIP-seq,1,29,0.034482758620689655,12,599,0.02003338898163606,1.7470238095238095,0.46244144661824593,1.0,1.306661338234052
pos,all,ZNF239,TF ChIP-seq,2,29,0.06896551724137931,30,599,0.05008347245409015,1.4049382716049383,0.6540994347777114,1.0,0.7633830755079283
pos,all,ZNF197,TF ChIP-seq,2,29,0.06896551724137931,45,599,0.07512520868113523,0.9119341563786009,1.0,1.0,0.14781739132571628
pos,all,ZNF24,TF ChIP-seq,2,29,0.06896551724137931,48,599,0.08013355592654424,0.8503086419753086,1.0,1.0,0.0478726147669576
pos,all,ZC3H8,TF ChIP-seq,1,29,0.034482758620689655,10,599,0.01669449081803005,2.1035714285714286,0.4080619937045567,1.0,1.5631030667574168
pos,all,ZFP1,TF ChIP-seq,1,29,0.034482758620689655,12,599,0.02003338898163606,1.7470238095238095,0.46244144661824593,1.0,1.306661338234052
pos,all,ZNF124,TF ChIP-seq,0,29,0.0,2,599,0.00333889816360601,0.0,1.0,1.0,2.018223758618907
pos,all,ZNF133,TF ChIP-seq,0,29,0.0,5,599,0.008347245409015025,0.0,1.0,1.0,0.8734583317465173
pos,all,ZNF134,TF ChIP-seq,1,29,0.034482758620689655,26,599,0.04340567612687813,0.7870879120879121,1.0,1.0,0.1878017080090404
pos,all,ZMYM3,TF ChIP-seq,2,29,0.06896551724137931,29,599,0.048414023372287146,1.4559386973180077,0.6484192794063656,1.0,0.8140084082895432
pos,all,ZNF140,TF ChIP-seq,0,29,0.0,2,599,0.00333889816360601,0.0,1.0,1.0,2.018223758618907
pos,all,ZNF143,TF ChIP-seq,0,29,0.0,18,599,0.03005008347245409,0.0,1.0,1.0,-0.9084610335175726
pos,all,ZNF146,TF ChIP-seq,0,29,0.0,1,599,0.001669449081803005,0.0,1.0,1.0,2.7576018868605043
pos,all,ZMIZ1,TF ChIP-seq,3,29,0.10344827586206896,42,599,0.07011686143572621,1.5302197802197801,0.45505711991834175,1.0,0.7928715261643703
pos,all,ZNF148,TF ChIP-seq,4,29,0.13793103448275862,79,599,0.1318864774624374,1.0531645569620254,1.0,1.0,0.20837105748587853
pos,all,ZKSCAN8,TF ChIP-seq,1,29,0.034482758620689655,49,599,0.08180300500834725,0.4008746355685131,0.7206346772828437,1.0,-0.7726853799588262
pos,all,ZKSCAN1,TF ChIP-seq,2,29,0.06896551724137931,25,599,0.041736227045075125,1.7007407407407407,0.35787857056738476,1.0,1.0343061220373206
pos,all,ZFX,TF ChIP-seq,2,29,0.06896551724137931,66,599,0.11018363939899833,0.5982042648709316,0.7589481483528673,1.0,-0.4553695933140619
pos,all,ZFPM2,TF ChIP-seq,1,29,0.034482758620689655,10,599,0.01669449081803005,2.1035714285714286,0.4080619937045567,1.0,1.5631030667574168
pos,all,ZFP36,TF ChIP-seq,3,29,0.10344827586206896,41,599,0.06844741235392321,1.5703564727954973,0.44753518824488947,1.0,0.829808506630795
pos,all,SIRT6,TF ChIP-seq,0,29,0.0,2,599,0.00333889816360601,0.0,1.0,1.0,2.018223758618907
pos,all,ZEB2,TF ChIP-seq,5,29,0.1724137931034483,81,599,0.1352253756260434,1.3323045267489713,0.5782908484924082,1.0,0.5141937991042371
pos,all,ZNF449,TF ChIP-seq,1,29,0.034482758620689655,19,599,0.03171953255425709,1.0902255639097744,1.0,1.0,0.6478225245597327
pos,all,ZNF263,TF ChIP-seq,3,29,0.10344827586206896,65,599,0.10851419031719532,0.9479289940828403,1.0,1.0,0.10805760367744534
pos,all,ZNF280B,TF ChIP-seq,0,29,0.0,2,599,0.00333889816360601,0.0,1.0,1.0,2.018223758618907
pos,all,ZNF347,TF ChIP-seq,0,29,0.0,2,599,0.00333889816360601,0.0,1.0,1.0,2.018223758618907
pos,all,ZNF354B,TF ChIP-seq,0,29,0.0,9,599,0.015025041736227046,0.0,1.0,1.0,0.07522268659173062
pos,all,ZNF354C,TF ChIP-seq,0,29,0.0,5,599,0.008347245409015025,0.0,1.0,1.0,0.8734583317465173
pos,all,ZNF384,TF ChIP-seq,4,29,0.13793103448275862,63,599,0.10517529215358931,1.3612698412698412,0.537420745748804,1.0,0.5762493334551727
pos,all,THRAP3,TF ChIP-seq,0,29,0.0,9,599,0.015025041736227046,0.0,1.0,1.0,0.07522268659173062
pos,all,THRA,TF ChIP-seq,0,29,0.0,9,599,0.015025041736227046,0.0,1.0,1.0,0.07522268659173062
pos,all,THAP7,TF ChIP-seq,0,29,0.0,7,599,0.011686143572621035,0.0,1.0,1.0,0.42113769881526164
pos,all,ZNF398,TF ChIP-seq,0,29,0.0,10,599,0.01669449081803005,0.0,1.0,1.0,-0.07161246916083883
pos,all,ZNF407,TF ChIP-seq,0,29,0.0,8,599,0.01335559265442404,0.0,1.0,1.0,0.23812846772760765
pos,all,ZNF41,TF ChIP-seq,1,29,0.034482758620689655,27,599,0.045075125208681135,0.7566137566137566,1.0,1.0,0.13184465601606127
pos,all,ZNF431,TF ChIP-seq,0,29,0.0,19,599,0.03171953255425709,0.0,1.0,1.0,-0.9868930113585233
pos,all,TFE3,TF ChIP-seq,3,29,0.10344827586206896,36,599,0.06010016694490818,1.8044871794871795,0.41507331909467965,1.0,1.0278817087866088
pos,all,TFCP2,TF ChIP-seq,2,29,0.06896551724137931,27,599,0.045075125208681135,1.5692729766803841,0.6380251486372212,1.0,0.9203405508223493
pos,all,TFAP4,TF ChIP-seq,9,29,0.3103448275862069,158,599,0.2637729549248748,1.2560126582278481,0.6668213861351742,1.0,0.36830610633456057
pos,all,ZNF444,TF ChIP-seq,1,29,0.034482758620689655,13,599,0.021702838063439065,1.60989010989011,0.4877897361273043,1.0,1.1931722824214546
pos,all,TRIP13,TF ChIP-seq,0,29,0.0,6,599,0.01001669449081803,0.0,1.0,1.0,0.6300214521389733
pos,all,ZNF280A,TF ChIP-seq,0,29,0.0,3,599,0.005008347245409015,0.0,1.0,1.0,1.5303803562757827
pos,all,TSC22D4,TF ChIP-seq,0,29,0.0,4,599,0.00667779632721202,0.0,1.0,1.0,1.1653896470599605
pos,all,ZNF324,TF ChIP-seq,1,29,0.034482758620689655,12,599,0.02003338898163606,1.7470238095238095,0.46244144661824593,1.0,1.306661338234052
pos,all,ZBTB12,TF ChIP-seq,1,29,0.034482758620689655,38,599,0.06343906510851419,0.5272556390977443,1.0,1.0,-0.3815718417378857
pos,all,ZNF282,TF ChIP-seq,3,29,0.10344827586206896,49,599,0.08180300500834725,1.2951334379905808,0.7252165519855414,1.0,0.5546766009791643
pos,all,ZNF3,TF ChIP-seq,0,29,0.0,7,599,0.011686143572621035,0.0,1.0,1.0,0.42113769881526164
pos,all,ZNF311,TF ChIP-seq,1,29,0.034482758620689655,31,599,0.05175292153589316,0.6543778801843319,1.0,1.0,-0.07419089805125408
pos,all,ZNF316,TF ChIP-seq,6,29,0.20689655172413793,94,599,0.15692821368948248,1.4014801110083257,0.4400596414400718,1.0,0.5651757241453967
pos,all,YBX3,TF ChIP-seq,0,29,0.0,4,599,0.00667779632721202,0.0,1.0,1.0,1.1653896470599605
pos,all,YBX1,TF ChIP-seq,0,29,0.0,2,599,0.00333889816360601,0.0,1.0,1.0,2.018223758618907
pos,all,XRCC5,TF ChIP-seq,3,29,0.10344827586206896,50,599,0.08347245409015025,1.2669230769230768,0.7278263212528358,1.0,0.5231986556918413
pos,all,XRCC4,TF ChIP-seq,0,29,0.0,1,599,0.001669449081803005,0.0,1.0,1.0,2.7576018868605043
pos,all,ZNF317,TF ChIP-seq,2,29,0.06896551724137931,25,599,0.041736227045075125,1.7007407407407407,0.35787857056738476,1.0,1.0343061220373206
pos,all,WHSC1,TF ChIP-seq,0,29,0.0,4,599,0.00667779632721202,0.0,1.0,1.0,1.1653896470599605
pos,all,VEZF1,TF ChIP-seq,9,29,0.3103448275862069,138,599,0.2303839732888147,1.5032608695652174,0.367859737684476,1.0,0.6268201804220878
pos,all,USF2,TF ChIP-seq,1,29,0.034482758620689655,13,599,0.021702838063439065,1.60989010989011,0.4877897361273043,1.0,1.1931722824214546
pos,all,USF1,TF ChIP-seq,4,29,0.13793103448275862,60,599,0.1001669449081803,1.4373333333333334,0.5243550045226635,1.0,0.6541155716842391
pos,all,UBTF,TF ChIP-seq,3,29,0.10344827586206896,63,599,0.10517529215358931,0.9816849816849816,1.0,1.0,0.15818414147876098
pos,all,TSHZ1,TF ChIP-seq,0,29,0.0,10,599,0.01669449081803005,0.0,1.0,1.0,-0.07161246916083883
pos,all,ZNF397,TF ChIP-seq,1,29,0.034482758620689655,17,599,0.028380634390651086,1.2226890756302522,0.5781218320817773,1.0,0.8089037091530906
pos,all,ADNP,TF ChIP-seq,3,29,0.10344827586206896,51,599,0.08514190317195326,1.239819004524887,0.7306299832278897,1.0,0.49228175071437946
pos,all,SETDB1,TF ChIP-seq,0,29,0.0,2,599,0.00333889816360601,0.0,1.0,1.0,2.018223758618907
pos,all,FOXJ3,TF ChIP-seq,0,29,0.0,2,599,0.00333889816360601,0.0,1.0,1.0,2.018223758618907
pos,all,FOXJ2,TF ChIP-seq,3,29,0.10344827586206896,51,599,0.08514190317195326,1.239819004524887,0.7306299832278897,1.0,0.49228175071437946
pos,all,FOSL1,TF ChIP-seq,7,29,0.2413793103448276,157,599,0.2621035058430718,0.8957730167921251,1.0,1.0,-0.0946368741380752
pos,all,FOS,TF ChIP-seq,1,29,0.034482758620689655,33,599,0.05509181969949917,0.6125541125541125,1.0,1.0,-0.16808455808084236
pos,all,EZH2,TF ChIP-seq,0,29,0.0,1,599,0.001669449081803005,0.0,1.0,1.0,2.7576018868605043
pos,all,ETV6,TF ChIP-seq,0,29,0.0,8,599,0.01335559265442404,0.0,1.0,1.0,0.23812846772760765
pos,all,ETV1,TF ChIP-seq,3,29,0.10344827586206896,79,599,0.1318864774624374,0.759493670886076,1.0,1.0,-0.20969413449053326
pos,all,ETS2,TF ChIP-seq,0,29,0.0,4,599,0.00667779632721202,0.0,1.0,1.0,1.1653896470599605
pos,all,ESRRB,TF ChIP-seq,0,29,0.0,11,599,0.018363939899833055,0.0,1.0,1.0,-0.20530640038040987
pos,all,ESRRA,TF ChIP-seq,6,29,0.20689655172413793,107,599,0.17863105175292154,1.1995123933360423,0.6273143459252118,1.0,0.3416379312177331
pos,all,ERF,TF ChIP-seq,2,29,0.06896551724137931,29,599,0.048414023372287146,1.4559386973180077,0.6484192794063656,1.0,0.8140084082895432
pos,all,EP400,TF ChIP-seq,7,29,0.2413793103448276,106,599,0.17696160267111852,1.4798456260720412,0.4551678977439483,1.0,0.6272341535094034
pos,all,EP300,TF ChIP-seq,8,29,0.27586206896551724,129,599,0.21535893155258765,1.3879660391288298,0.4888909310331571,1.0,0.5224407115902244
pos,all,ELK1,TF ChIP-seq,0,29,0.0,7,599,0.011686143572621035,0.0,1.0,1.0,0.42113769881526164
pos,all,ELF2,TF ChIP-seq,1,29,0.034482758620689655,35,599,0.05843071786310518,0.5755102040816327,1.0,1.0,-0.2568448621752668
pos,all,ELF1,TF ChIP-seq,3,29,0.10344827586206896,50,599,0.08347245409015025,1.2669230769230768,0.7278263212528358,1.0,0.5231986556918413
pos,all,EHMT2,TF ChIP-seq,2,29,0.06896551724137931,66,599,0.11018363939899833,0.5982042648709316,0.7589481483528673,1.0,-0.4553695933140619
pos,all,E2F7,TF ChIP-seq,1,29,0.034482758620689655,9,599,0.015025041736227046,2.3412698412698414,0.37891733804654676,1.0,1.7099382225099864
pos,all,E2F6,TF ChIP-seq,4,29,0.13793103448275862,84,599,0.14023372287145242,0.9809523809523809,1.0,1.0,0.10644884055674096
pos,all,E2F5,TF ChIP-seq,4,29,0.13793103448275862,75,599,0.12520868113522537,1.1178666666666666,0.7756236868455411,1.0,0.2938938827230056
pos,all,E2F4,TF ChIP-seq,0,29,0.0,11,599,0.018363939899833055,0.0,1.0,1.0,-0.20530640038040987
pos,all,FOXK1,TF ChIP-seq,0,29,0.0,19,599,0.03171953255425709,0.0,1.0,1.0,-0.9868930113585233
pos,all,E2F3,TF ChIP-seq,2,29,0.06896551724137931,29,599,0.048414023372287146,1.4559386973180077,0.6484192794063656,1.0,0.8140084082895432
pos,all,FOXP1,TF ChIP-seq,2,29,0.06896551724137931,27,599,0.045075125208681135,1.5692729766803841,0.6380251486372212,1.0,0.9203405508223493
pos,all,GABPA,TF ChIP-seq,3,29,0.10344827586206896,83,599,0.13856427378964942,0.7173308619091752,0.7846549103281157,1.0,-0.2916452861145877
pos,all,HINFP,TF ChIP-seq,1,29,0.034482758620689655,30,599,0.05008347245409015,0.6773809523809524,1.0,1.0,-0.025112819298359915
pos,all,HEY1,TF ChIP-seq,0,29,0.0,12,599,0.02003338898163606,0.0,1.0,1.0,-0.3280541976842039
pos,all,HES1,TF ChIP-seq,1,29,0.034482758620689655,56,599,0.09348914858096828,0.34630102040816324,0.5039867570787351,1.0,-0.9819702508314639
pos,all,HDGF,TF ChIP-seq,2,29,0.06896551724137931,40,599,0.0667779632721202,1.0351851851851852,1.0,1.0,0.3287126994544719
pos,all,HDAC8,TF ChIP-seq,2,29,0.06896551724137931,43,599,0.07178631051752922,0.9577950043066322,1.0,1.0,0.21786276285593387
pos,all,HDAC6,TF ChIP-seq,0,29,0.0,1,599,0.001669449081803005,0.0,1.0,1.0,2.7576018868605043
pos,all,HDAC3,TF ChIP-seq,1,29,0.034482758620689655,44,599,0.07345575959933222,0.450487012987013,0.7135795101277294,1.0,-0.6060178430208912
pos,all,HCFC1,TF ChIP-seq,3,29,0.10344827586206896,35,599,0.05843071786310518,1.8593406593406594,0.4098364129792428,1.0,1.0705171187627236
pos,all,H3K9me1,Histone ChIP-seq,0,29,0.0,8,599,0.01335559265442404,0.0,1.0,1.0,0.23812846772760765
pos,all,H3K4me1,Histone ChIP-seq,17,29,0.5862068965517241,337,599,0.5626043405676127,1.1013847675568744,0.8501128559568238,1.0,0.12285674778553338
pos,all,H3K27me3,Histone ChIP-seq,0,29,0.0,12,599,0.02003338898163606,0.0,1.0,1.0,-0.3280541976842039
pos,all,GTF3C2,TF ChIP-seq,0,29,0.0,2,599,0.00333889816360601,0.0,1.0,1.0,2.018223758618907
pos,all,GTF2F1,TF ChIP-seq,0,29,0.0,9,599,0.015025041736227046,0.0,1.0,1.0,0.07522268659173062
pos,all,GTF2E2,TF ChIP-seq,2,29,0.06896551724137931,39,599,0.0651085141903172,1.063627730294397,1.0,1.0,0.36735819599102665
pos,all,GTF2B,TF ChIP-seq,0,29,0.0,1,599,0.001669449081803005,0.0,1.0,1.0,2.7576018868605043
pos,all,GTF2A2,TF ChIP-seq,0,29,0.0,22,599,0.03672787979966611,0.0,0.6169539204267791,1.0,-1.2008190093880962
pos,all,GMEB1,TF ChIP-seq,1,29,0.034482758620689655,28,599,0.04674457429048414,0.7283163265306123,1.0,1.0,0.07779216060615093
pos,all,GATAD2B,TF ChIP-seq,3,29,0.10344827586206896,46,599,0.07679465776293823,1.387123745819398,0.48761623512329766,1.0,0.6527151631679258
pos,all,GATA1,TF ChIP-seq,4,29,0.13793103448275862,66,599,0.11018363939899833,1.2921212121212122,0.5525112743541933,1.0,0.5015616847940522
pos,all,GABPB2,TF ChIP-seq,0,29,0.0,5,599,0.008347245409015025,0.0,1.0,1.0,0.8734583317465173
pos,all,GABPB1,TF ChIP-seq,4,29,0.13793103448275862,83,599,0.13856427378964942,0.9946987951807229,1.0,1.0,0.1264199058618241
pos,all,FUS,TF ChIP-seq,1,29,0.034482758620689655,9,599,0.015025041736227046,2.3412698412698414,0.37891733804654676,1.0,1.7099382225099864
pos,all,HIVEP1,TF ChIP-seq,0,29,0.0,18,599,0.03005008347245409,0.0,1.0,1.0,-0.9084610335175726
pos,all,DPF2,TF ChIP-seq,10,29,0.3448275862068966,166,599,0.27712854757929883,1.37285986049461,0.4056410142286791,1.0,0.4874250200670849
pos,all,DMBX1,TF ChIP-seq,3,29,0.10344827586206896,78,599,0.1302170283806344,0.7707100591715976,1.0,1.0,-0.18866283887745636
pos,all,CBFA2T3,TF ChIP-seq,8,29,0.27586206896551724,188,599,0.31385642737896496,0.8328267477203647,0.8378112897651473,1.0,-0.21247400629879717
pos,all,CAMTA2,TF ChIP-seq,0,29,0.0,12,599,0.02003338898163606,0.0,1.0,1.0,-0.3280541976842039
pos,all,C11orf30,TF ChIP-seq,5,29,0.1724137931034483,97,599,0.16193656093489148,1.0781786941580755,0.7997674712156794,1.0,0.2103712468387692
pos,all,BRF2,TF ChIP-seq,0,29,0.0,1,599,0.001669449081803005,0.0,1.0,1.0,2.7576018868605043
pos,all,BRD9,TF ChIP-seq,4,29,0.13793103448275862,67,599,0.11185308848080133,1.27044776119403,0.5579257245208129,1.0,0.4773217775331864
pos,all,BRD4,TF ChIP-seq,1,29,0.034482758620689655,30,599,0.05008347245409015,0.6773809523809524,1.0,1.0,-0.025112819298359915
pos,all,BMI1,TF ChIP-seq,0,29,0.0,9,599,0.015025041736227046,0.0,1.0,1.0,0.07522268659173062
pos,all,BDP1,TF ChIP-seq,0,29,0.0,1,599,0.001669449081803005,0.0,1.0,1.0,2.7576018868605043
pos,all,BCL6,TF ChIP-seq,1,29,0.034482758620689655,13,599,0.021702838063439065,1.60989010989011,0.4877897361273043,1.0,1.1931722824214546
pos,all,ATF7,TF ChIP-seq,9,29,0.3103448275862069,142,599,0.2370617696160267,1.4482394366197182,0.37597572877543256,1.0,0.5731853329448026
pos,all,ATF6,TF ChIP-seq,1,29,0.034482758620689655,17,599,0.028380634390651086,1.2226890756302522,0.5781218320817773,1.0,0.8089037091530906
pos,all,ATF4,TF ChIP-seq,3,29,0.10344827586206896,54,599,0.09015025041736227,1.1645299145299146,0.7400699832768367,1.0,0.4026855290410859
pos,all,ATF1,TF ChIP-seq,7,29,0.2413793103448276,134,599,0.22370617696160267,1.1041383989145184,0.8207377011114192,1.0,0.20621249428101335
pos,all,ASH1L,TF ChIP-seq,0,29,0.0,9,599,0.015025041736227046,0.0,1.0,1.0,0.07522268659173062
pos,all,ARNT,TF ChIP-seq,3,29,0.10344827586206896,73,599,0.12186978297161936,0.8314014752370916,1.0,1.0,-0.07994815631624266
pos,all,ARID4B,TF ChIP-seq,0,29,0.0,17,599,0.028380634390651086,0.0,1.0,1.0,-0.8258118267651651
pos,all,ARID3B,TF ChIP-seq,0,29,0.0,6,599,0.01001669449081803,0.0,1.0,1.0,0.6300214521389733
pos,all,ARID3A,TF ChIP-seq,3,29,0.10344827586206896,50,599,0.08347245409015025,1.2669230769230768,0.7278263212528358,1.0,0.5231986556918413
pos,all,ARID1B,TF ChIP-seq,7,29,0.2413793103448276,188,599,0.31385642737896496,0.6955996131528046,0.5384298794201061,1.0,-0.45863459356819486
pos,all,ARHGAP35,TF ChIP-seq,1,29,0.034482758620689655,10,599,0.01669449081803005,2.1035714285714286,0.4080619937045567,1.0,1.5631030667574168
pos,all,AFF1,TF ChIP-seq,4,29,0.13793103448275862,62,599,0.10350584307178631,1.3858064516129032,0.5328213406713094,1.0,0.6018363192855523
pos,all,CBX2,TF ChIP-seq,0,29,0.0,1,599,0.001669449081803005,0.0,1.0,1.0,2.7576018868605043
pos,all,DMTF1,TF ChIP-seq,1,29,0.034482758620689655,10,599,0.01669449081803005,2.1035714285714286,0.4080619937045567,1.0,1.5631030667574168
pos,all,CBX5,TF ChIP-seq,0,29,0.0,17,599,0.028380634390651086,0.0,1.0,1.0,-0.8258118267651651
pos,all,CC2D1A,TF ChIP-seq,5,29,0.1724137931034483,99,599,0.1652754590984975,1.0521885521885521,1.0,1.0,0.17532341281443378
pos,all,DLX4,TF ChIP-seq,0,29,0.0,2,599,0.00333889816360601,0.0,1.0,1.0,2.018223758618907
pos,all,DIDO1,TF ChIP-seq,0,29,0.0,22,599,0.03672787979966611,0.0,0.6169539204267791,1.0,-1.2008190093880962
pos,all,DEAF1,TF ChIP-seq,6,29,0.20689655172413793,94,599,0.15692821368948248,1.4014801110083257,0.4400596414400718,1.0,0.5651757241453967
pos,all,DDX20,TF ChIP-seq,2,29,0.06896551724137931,32,599,0.05342237061769616,1.3125,0.6662291693635263,1.0,0.6666771505125256
pos,all,DACH1,TF ChIP-seq,2,29,0.06896551724137931,64,599,0.10684474123539232,0.6192129629629629,0.7580081764628364,1.0,-0.4059161093102955
pos,all,CXXC5,TF ChIP-seq,8,29,0.27586206896551724,154,599,0.2570951585976628,1.1008039579468152,0.829004297679059,1.0,0.18901668016578882
pos,all,CTCFL,TF ChIP-seq,3,29,0.10344827586206896,50,599,0.08347245409015025,1.2669230769230768,0.7278263212528358,1.0,0.5231986556918413
pos,all,CTCF,TF ChIP-seq,11,29,0.3793103448275862,185,599,0.3088480801335559,1.3675675675675676,0.41815242710436984,1.0,0.4740615053030102
pos,all,CTBP1,TF ChIP-seq,11,29,0.3793103448275862,188,599,0.31385642737896496,1.3359929078014185,0.5400192091131276,1.0,0.4404364975810245
pos,all,CSDE1,TF ChIP-seq,0,29,0.0,2,599,0.00333889816360601,0.0,1.0,1.0,2.018223758618907
pos,all,CREM,TF ChIP-seq,7,29,0.2413793103448276,142,599,0.2370617696160267,1.0240076824583866,1.0,1.0,0.0978473233981446
pos,all,CREBBP,TF ChIP-seq,0,29,0.0,1,599,0.001669449081803005,0.0,1.0,1.0,2.7576018868605043
pos,all,CREB5,TF ChIP-seq,1,29,0.034482758620689655,14,599,0.02337228714524207,1.4923469387755102,0.5119820775805751,1.0,1.0876168519300575
pos,all,CREB3,TF ChIP-seq,3,29,0.10344827586206896,49,599,0.08180300500834725,1.2951334379905808,0.7252165519855414,1.0,0.5546766009791643
pos,all,CLOCK,TF ChIP-seq,1,29,0.034482758620689655,9,599,0.015025041736227046,2.3412698412698414,0.37891733804654676,1.0,1.7099382225099864
pos,all,CHD4,TF ChIP-seq,1,29,0.034482758620689655,12,599,0.02003338898163606,1.7470238095238095,0.46244144661824593,1.0,1.306661338234052
pos,all,CHAMP1,TF ChIP-seq,1,29,0.034482758620689655,13,599,0.021702838063439065,1.60989010989011,0.4877897361273043,1.0,1.1931722824214546
pos,all,CEBPG,TF ChIP-seq,4,29,0.13793103448275862,64,599,0.10684474123539232,1.3375,0.542244968589283,1.0,0.5510151687978184
pos,all,CEBPB,TF ChIP-seq,5,29,0.1724137931034483,100,599,0.1669449081803005,1.0395833333333333,1.0,1.0,0.15801095113557884
pos,all,CCNT2,TF ChIP-seq,5,29,0.1724137931034483,69,599,0.11519198664440734,1.6002415458937198,0.3708972814480144,1.0,0.7769896427133465
pos,all,CCAR2,TF ChIP-seq,0,29,0.0,1,599,0.001669449081803005,0.0,1.0,1.0,2.7576018868605043
pos,all,CBX8,TF ChIP-seq,0,29,0.0,1,599,0.001669449081803005,0.0,1.0,1.0,2.7576018868605043
pos,all,SIN3A,TF ChIP-seq,1,29,0.034482758620689655,29,599,0.048414023372287146,0.7019704433497537,1.0,1.0,0.025512513483255055
pos,all,HMBOX1,TF ChIP-seq,4,29,0.13793103448275862,108,599,0.18030050083472454,0.7274074074074074,0.8034788334921861,1.0,-0.32300396663308195
pos,all,HMGN3,TF ChIP-seq,3,29,0.10344827586206896,48,599,0.08013355592654424,1.3245192307692308,0.7228145987686319,1.0,0.5867387008986598
pos,all,PKNOX1,TF ChIP-seq,9,29,0.3103448275862069,157,599,0.2621035058430718,1.2668789808917198,0.5259884577097734,1.0,0.38070113540858275
pos,all,PHTF2,TF ChIP-seq,1,29,0.034482758620689655,10,599,0.01669449081803005,2.1035714285714286,0.4080619937045567,1.0,1.5631030667574168
pos,all,PHF8,TF ChIP-seq,4,29,0.13793103448275862,59,599,0.09849749582637729,1.464406779661017,0.52051759940565,1.0,0.6808327038975236
pos,all,PHF21A,TF ChIP-seq,3,29,0.10344827586206896,40,599,0.0667779632721202,1.6125,0.4403155387935417,1.0,0.8675787855861742
pos,all,PHF20,TF ChIP-seq,2,29,0.06896551724137931,25,599,0.041736227045075125,1.7007407407407407,0.35787857056738476,1.0,1.0343061220373206
pos,all,PHB2,TF ChIP-seq,1,29,0.034482758620689655,21,599,0.035058430717863104,0.9829931972789115,1.0,1.0,0.5019808809618065
pos,all,ZSCAN32,TF ChIP-seq,1,29,0.034482758620689655,20,599,0.0333889816360601,1.0339285714285715,1.0,1.0,0.5731853329448026
pos,all,NUFIP1,TF ChIP-seq,1,29,0.034482758620689655,12,599,0.02003338898163606,1.7470238095238095,0.46244144661824593,1.0,1.306661338234052
pos,all,NRF1,TF ChIP-seq,4,29,0.13793103448275862,101,599,0.1686143572621035,0.788910891089109,0.8030932062078058,1.0,-0.20638656331616348
pos,all,NR4A1,TF ChIP-seq,0,29,0.0,23,599,0.038397328881469114,0.0,0.6180457109326134,1.0,-1.2660551033877068
pos,all,NR3C1,TF ChIP-seq,0,29,0.0,8,599,0.01335559265442404,0.0,1.0,1.0,0.23812846772760765
pos,all,NR2F6,TF ChIP-seq,0,29,0.0,9,599,0.015025041736227046,0.0,1.0,1.0,0.07522268659173062
pos,all,NR2F2,TF ChIP-seq,4,29,0.13793103448275862,79,599,0.1318864774624374,1.0531645569620254,1.0,1.0,0.20837105748587853
pos,all,NR2C1,TF ChIP-seq,3,29,0.10344827586206896,47,599,0.07846410684474124,1.3551554828150574,0.4962464953336408,1.0,0.6194095134422509
pos,all,NR1H2,TF ChIP-seq,1,29,0.034482758620689655,12,599,0.02003338898163606,1.7470238095238095,0.46244144661824593,1.0,1.306661338234052
pos,all,NONO,TF ChIP-seq,3,29,0.10344827586206896,45,599,0.07512520868113523,1.4205128205128206,0.4791578710701663,1.0,0.6866834774574185
pos,all,NFYB,TF ChIP-seq,1,29,0.034482758620689655,15,599,0.025041736227045076,1.3904761904761904,0.5350693854927503,1.0,0.9889353907011956
pos,all,NFYA,TF ChIP-seq,1,29,0.034482758620689655,9,599,0.015025041736227046,2.3412698412698414,0.37891733804654676,1.0,1.7099382225099864
pos,all,NFRKB,TF ChIP-seq,3,29,0.10344827586206896,57,599,0.09515859766277128,1.097165991902834,0.7507864798858871,1.0,0.31742374388187133
pos,all,NFIX,TF ChIP-seq,0,29,0.0,8,599,0.01335559265442404,0.0,1.0,1.0,0.23812846772760765
pos,all,NFE2L1,TF ChIP-seq,0,29,0.0,19,599,0.03171953255425709,0.0,1.0,1.0,-0.9868930113585233
pos,all,POLR2H,TF ChIP-seq,3,29,0.10344827586206896,43,599,0.07178631051752922,1.4919499105545617,0.4628528496164014,1.0,0.7567288489876361
pos,all,NFE2,TF ChIP-seq,4,29,0.13793103448275862,95,599,0.15859766277128548,0.8488421052631578,1.0,1.0,-0.10121870945857465
pos,all,POLR3A,TF ChIP-seq,0,29,0.0,3,599,0.005008347245409015,0.0,1.0,1.0,1.5303803562757827
pos,all,PPARD,TF ChIP-seq,0,29,0.0,2,599,0.00333889816360601,0.0,1.0,1.0,2.018223758618907
pos,all,SAFB,TF ChIP-seq,1,29,0.034482758620689655,11,599,0.018363939899833055,1.9090909090909092,0.435884039381328,1.0,1.4294091355378458
pos,all,RUNX1,TF ChIP-seq,1,29,0.034482758620689655,19,599,0.03171953255425709,1.0902255639097744,1.0,1.0,0.6478225245597327
pos,all,RREB1,TF ChIP-seq,2,29,0.06896551724137931,39,599,0.0651085141903172,1.063627730294397,1.0,1.0,0.36735819599102665
pos,all,RNF219,TF ChIP-seq,0,29,0.0,3,599,0.005008347245409015,0.0,1.0,1.0,1.5303803562757827
pos,all,RLF,TF ChIP-seq,1,29,0.034482758620689655,31,599,0.05175292153589316,0.6543778801843319,1.0,1.0,-0.07419089805125408
pos,all,RHOXF2B,TF ChIP-seq,1,29,0.034482758620689655,11,599,0.018363939899833055,1.9090909090909092,0.435884039381328,1.0,1.4294091355378458
pos,all,RFX5,TF ChIP-seq,1,29,0.034482758620689655,9,599,0.015025041736227046,2.3412698412698414,0.37891733804654676,1.0,1.7099382225099864
pos,all,RFX1,TF ChIP-seq,0,29,0.0,33,599,0.05509181969949917,0.0,0.3919172530005822,1.0,-1.802800093999098
pos,all,REST,TF ChIP-seq,1,29,0.034482758620689655,16,599,0.02671118530884808,1.3013392857142858,0.5571004113435836,1.0,0.8962672129053092
pos,all,RERE,TF ChIP-seq,0,29,0.0,9,599,0.015025041736227046,0.0,1.0,1.0,0.07522268659173062
pos,all,RELA,TF ChIP-seq,2,29,0.06896551724137931,38,599,0.06343906510851419,1.0935672514619883,0.7064626453190423,1.0,0.4069240530684026
pos,all,RCOR1,TF ChIP-seq,9,29,0.3103448275862069,175,599,0.2921535893155259,1.0902857142857143,0.8359805956826902,1.0,0.16466903207397948
pos,all,RBM34,TF ChIP-seq,0,29,0.0,2,599,0.00333889816360601,0.0,1.0,1.0,2.018223758618907
pos,all,RBM22,TF ChIP-seq,2,29,0.06896551724137931,26,599,0.04340567612687813,1.6324786324786325,0.3751529635639154,1.0,0.9762976028153285
pos,all,RAD21,TF ChIP-seq,11,29,0.3793103448275862,212,599,0.35392320534223703,1.115566037735849,0.8431349880877076,1.0,0.18084205956459898
pos,all,PYGO2,TF ChIP-seq,0,29,0.0,29,599,0.048414023372287146,0.0,0.3899584672837084,1.0,-1.609203022435001
pos,all,PTTG1,TF ChIP-seq,0,29,0.0,16,599,0.02671118530884808,0.0,1.0,1.0,-0.7384483230129466
pos,all,PTRF,TF ChIP-seq,0,29,0.0,20,599,0.0333889816360601,0.0,1.0,1.0,-1.0615302029734532
pos,all,PRPF4,TF ChIP-seq,1,29,0.034482758620689655,18,599,0.03005008347245409,1.1527777777777777,0.5981783351467417,1.0,0.7262545024006831
pos,all,PREB,TF ChIP-seq,1,29,0.034482758620689655,16,599,0.02671118530884808,1.3013392857142858,0.5571004113435836,1.0,0.8962672129053092
pos,all,PRDM10,TF ChIP-seq,5,29,0.1724137931034483,98,599,0.1636060100166945,1.0650510204081634,0.8015785385632507,1.0,0.19277584567789333
pos,all,POU5F1,TF ChIP-seq,0,29,0.0,3,599,0.005008347245409015,0.0,1.0,1.0,1.5303803562757827
pos,all,HMG20B,TF ChIP-seq,0,29,0.0,4,599,0.00667779632721202,0.0,1.0,1.0,1.1653896470599605
pos,all,NFATC3,TF ChIP-seq,1,29,0.034482758620689655,26,599,0.04340567612687813,0.7870879120879121,1.0,1.0,0.1878017080090404
pos,all,NELFE,TF ChIP-seq,0,29,0.0,1,599,0.001669449081803005,0.0,1.0,1.0,2.7576018868605043
pos,all,LCOR,TF ChIP-seq,3,29,0.10344827586206896,44,599,0.07345575959933222,1.4554195804195804,0.4708951182553001,1.0,0.7213441379170992
pos,all,L3MBTL2,TF ChIP-seq,8,29,0.27586206896551724,153,599,0.25542570951585974,1.1104886399004046,0.8283045649535126,1.0,0.20161960629928505
pos,all,KLF6,TF ChIP-seq,1,29,0.034482758620689655,38,599,0.06343906510851419,0.5272556390977443,1.0,1.0,-0.3815718417378857
pos,all,KLF16,TF ChIP-seq,4,29,0.13793103448275862,91,599,0.15191986644407346,0.8931868131868131,1.0,1.0,-0.028096214955725656
pos,all,KLF13,TF ChIP-seq,3,29,0.10344827586206896,46,599,0.07679465776293823,1.387123745819398,0.48761623512329766,1.0,0.6527151631679258
pos,all,KLF1,TF ChIP-seq,1,29,0.034482758620689655,42,599,0.07011686143572621,0.4736394557823129,0.7128320565537545,1.0,-0.5344904547736202
pos,all,KHSRP,TF ChIP-seq,1,29,0.034482758620689655,16,599,0.02671118530884808,1.3013392857142858,0.5571004113435836,1.0,0.8962672129053092
pos,all,KDM2B,TF ChIP-seq,0,29,0.0,10,599,0.01669449081803005,0.0,1.0,1.0,-0.07161246916083883
pos,all,KAT8,TF ChIP-seq,0,29,0.0,10,599,0.01669449081803005,0.0,1.0,1.0,-0.07161246916083883
pos,all,KAT2B,TF ChIP-seq,0,29,0.0,1,599,0.001669449081803005,0.0,1.0,1.0,2.7576018868605043
pos,all,JUNB,TF ChIP-seq,0,29,0.0,16,599,0.02671118530884808,0.0,1.0,1.0,-0.7384483230129466
pos,all,IRF9,TF ChIP-seq,2,29,0.06896551724137931,37,599,0.06176961602671119,1.125125125125125,0.6995166410705758,1.0,0.44745897697122117
pos,all,IRF2,TF ChIP-seq,1,29,0.034482758620689655,28,599,0.04674457429048414,0.7283163265306123,1.0,1.0,0.07779216060615093
pos,all,ILK,TF ChIP-seq,0,29,0.0,6,599,0.01001669449081803,0.0,1.0,1.0,0.6300214521389733
pos,all,IFI16,TF ChIP-seq,0,29,0.0,5,599,0.008347245409015025,0.0,1.0,1.0,0.8734583317465173
pos,all,HSF4,TF ChIP-seq,0,29,0.0,11,599,0.018363939899833055,0.0,1.0,1.0,-0.20530640038040987
pos,all,HOXB6,TF ChIP-seq,0,29,0.0,8,599,0.01335559265442404,0.0,1.0,1.0,0.23812846772760765
pos,all,HOMEZ,TF ChIP-seq,0,29,0.0,11,599,0.018363939899833055,0.0,1.0,1.0,-0.20530640038040987
pos,all,HNRNPLL,TF ChIP-seq,3,29,0.10344827586206896,35,599,0.05843071786310518,1.8593406593406594,0.4098364129792428,1.0,1.0705171187627236
pos,all,HNRNPK,TF ChIP-seq,1,29,0.034482758620689655,12,599,0.02003338898163606,1.7470238095238095,0.46244144661824593,1.0,1.306661338234052
pos,all,HMGXB4,TF ChIP-seq,0,29,0.0,26,599,0.04340567612687813,0.0,0.6255331141617335,1.0,-1.4469138279092153
pos,all,LEF1,TF ChIP-seq,3,29,0.10344827586206896,88,599,0.14691151919866444,0.6700174825174825,0.7861627286170993,1.0,-0.3895806528432638
pos,all,NEUROD1,TF ChIP-seq,2,29,0.06896551724137931,55,599,0.09181969949916527,0.7326599326599327,1.0,1.0,-0.16505924627049634
pos,all,MAFF,TF ChIP-seq,2,29,0.06896551724137931,53,599,0.08848080133555926,0.7631027253668763,1.0,1.0,-0.10682091936653956
pos,all,MAX,TF ChIP-seq,9,29,0.3103448275862069,144,599,0.24040066777963273,1.421875,0.38114211839475187,1.0,0.5467570701268737
pos,all,NCOA6,TF ChIP-seq,1,29,0.034482758620689655,16,599,0.02671118530884808,1.3013392857142858,0.5571004113435836,1.0,0.8962672129053092
pos,all,NCOA4,TF ChIP-seq,0,29,0.0,8,599,0.01335559265442404,0.0,1.0,1.0,0.23812846772760765
pos,all,NCOA2,TF ChIP-seq,0,29,0.0,18,599,0.03005008347245409,0.0,1.0,1.0,-0.9084610335175726
pos,all,NBN,TF ChIP-seq,4,29,0.13793103448275862,77,599,0.1285475792988314,1.0846753246753247,0.7803222991593324,1.0,0.25066248116482426
pos,all,MYC,TF ChIP-seq,2,29,0.06896551724137931,37,599,0.06176961602671119,1.125125125125125,0.6995166410705758,1.0,0.44745897697122117
pos,all,MYBL2,TF ChIP-seq,0,29,0.0,13,599,0.021702838063439065,0.0,1.0,1.0,-0.4415432534968013
pos,all,MXD1,TF ChIP-seq,0,29,0.0,7,599,0.011686143572621035,0.0,1.0,1.0,0.42113769881526164
pos,all,MTF1,TF ChIP-seq,0,29,0.0,8,599,0.01335559265442404,0.0,1.0,1.0,0.23812846772760765
pos,all,MTA2,TF ChIP-seq,3,29,0.10344827586206896,52,599,0.08681135225375626,1.2137573964497042,0.7336139322007454,1.0,0.46190410431681794
pos,all,MTA1,TF ChIP-seq,2,29,0.06896551724137931,70,599,0.11686143572621036,0.5597883597883598,0.5627125476338899,1.0,-0.5504960970437542
pos,all,MLLT1,TF ChIP-seq,5,29,0.1724137931034483,76,599,0.12687813021702837,1.4336622807017543,0.4059837833298894,1.0,0.6193796587602456
pos,all,MGA,TF ChIP-seq,5,29,0.1724137931034483,92,599,0.15358931552587646,1.1480978260869565,0.7920309130581096,1.0,0.30060432607831544
pos,all,MEIS2,TF ChIP-seq,7,29,0.2413793103448276,166,599,0.27712854757929883,0.8299561883899234,0.8322289793087454,1.0,-0.20445268457058335
pos,all,MEF2D,TF ChIP-seq,2,29,0.06896551724137931,60,599,0.1001669449081803,0.6654320987654321,1.0,1.0,-0.30281570642387484
pos,all,MEF2A,TF ChIP-seq,0,29,0.0,7,599,0.011686143572621035,0.0,1.0,1.0,0.42113769881526164
pos,all,MED1,TF ChIP-seq,0,29,0.0,4,599,0.00667779632721202,0.0,1.0,1.0,1.1653896470599605
pos,all,MECOM,TF ChIP-seq,2,29,0.06896551724137931,35,599,0.05843071786310518,1.1936507936507936,0.6858389610647332,1.0,0.5316510326310214
pos,all,MCM7,TF ChIP-seq,0,29,0.0,4,599,0.00667779632721202,0.0,1.0,1.0,1.1653896470599605
pos,all,MCM2,TF ChIP-seq,0,29,0.0,1,599,0.001669449081803005,0.0,1.0,1.0,2.7576018868605043
pos,all,MBD2,TF ChIP-seq,2,29,0.06896551724137931,51,599,0.08514190317195326,0.7959331880900509,1.0,1.0,-0.04658433541732269
pos,all,MAZ,TF ChIP-seq,6,29,0.20689655172413793,100,599,0.1669449081803005,1.3017391304347825,0.6102964114914637,1.0,0.45914004307694456
pos,all,MAFK,TF ChIP-seq,3,29,0.10344827586206896,73,599,0.12186978297161936,0.8314014752370916,1.0,1.0,-0.07994815631624266
pos,all,ZZZ3,TF ChIP-seq,0,29,0.0,2,599,0.00333889816360601,0.0,1.0,1.0,2.018223758618907
