cell,target,assay,effect_sign,background,pos_overlap,pos_total,pos_frac,bg_overlap,bg_total,bg_frac,odds_ratio,log2_OR,p_value,FDR
K562,ZNF184,TF ChIP-seq,neg,all,6,18,0.3333333333333333,18,599,0.03005008347245409,16.13888888888889,4.030765544210636,2.4545604433591885e-05,0.009030960779548652
K562,E2F8,TF ChIP-seq,neg,all,7,18,0.3888888888888889,32,599,0.05342237061769616,11.275568181818182,3.5094374087013285,4.4644863095296345e-05,0.009030960779548652
K562,TRIM28,TF ChIP-seq,neg,all,7,18,0.3888888888888889,33,599,0.05509181969949917,10.914600550964188,3.463171594914249,5.322766667710404e-05,0.009030960779548652
K562,MTA2,TF ChIP-seq,neg,all,8,18,0.4444444444444444,52,599,0.08681135225375626,8.415384615384616,3.0776150552939923,0.00010201482501432583,0.012981386483072963
K562,LARP7,TF ChIP-seq,neg,all,5,18,0.2777777777777778,17,599,0.028380634390651086,13.167420814479637,3.7613753390705047,0.0002266818101766645,0.019230173563320373
K562,SMAD4,TF ChIP-seq,neg,all,12,18,0.6666666666666666,144,599,0.24040066777963273,6.319444444444445,2.5997980329350043,0.00020658680066882516,0.019230173563320373
K562,TRIM25,TF ChIP-seq,neg,all,4,18,0.2222222222222222,9,599,0.015025041736227046,18.73015873015873,4.269809742268312,0.00030980563740534646,0.022527295634188763
K562,NCOA1,TF ChIP-seq,neg,all,7,18,0.3888888888888889,52,599,0.08681135225375626,6.694055944055944,2.7657982763739186,0.0007087163723879662,0.04509207919318436
K562,SMARCA5,TF ChIP-seq,neg,all,6,18,0.3333333333333333,40,599,0.0667779632721202,6.9875,2.8447278464581367,0.0011622870882421672,0.05916041279152631
K562,HDGF,TF ChIP-seq,neg,all,6,18,0.3333333333333333,40,599,0.0667779632721202,6.9875,2.8447278464581367,0.0011622870882421672,0.05916041279152631
K562,TRIM24,TF ChIP-seq,neg,all,9,18,0.5,99,599,0.1652754590984975,5.05050505050505,2.330601638292345,0.0013598617950525758,0.06292451397106918
K562,LCOR,TF ChIP-seq,neg,all,6,18,0.3333333333333333,44,599,0.07345575959933222,6.306818181818182,2.6984931987890617,0.0018367384948422137,0.07790832448955723
K562,NKRF,TF ChIP-seq,neg,all,6,18,0.3333333333333333,47,599,0.07846410684474124,5.872340425531915,2.5965585743142134,0.0025155496000547344,0.0847934215541516
K562,ZNF319,TF ChIP-seq,neg,all,4,18,0.2222222222222222,17,599,0.028380634390651086,9.781512605042018,3.3687752289114163,0.002235304599372837,0.0847934215541516
K562,RLF,TF ChIP-seq,neg,all,5,18,0.2777777777777778,31,599,0.05175292153589316,7.0471464019851116,2.8782807318661603,0.0025143599201313304,0.0847934215541516
K562,TCF12,TF ChIP-seq,neg,all,7,18,0.3888888888888889,66,599,0.11018363939899833,5.139118457300276,2.387390664874741,0.0026654120724291263,0.0847934215541516
K562,EGR1,TF ChIP-seq,neg,all,8,18,0.4444444444444444,91,599,0.15191986644407346,4.465934065934066,2.1695495440450365,0.0036353798567638033,0.10382601566319091
K562,MTA1,TF ChIP-seq,neg,all,7,18,0.3888888888888889,70,599,0.11686143572621036,4.8090909090909095,2.2922641611450487,0.0036716469193269867,0.10382601566319091
K562,TCF3,TF ChIP-seq,neg,all,10,18,0.5555555555555556,141,599,0.2353923205342237,4.060283687943262,2.0009742622915927,0.004041890475579677,0.10828011853000291
K562,CREB1,TF ChIP-seq,neg,all,6,18,0.3333333333333333,53,599,0.08848080133555926,5.150943396226415,2.4091942276371254,0.004434779649182685,0.11286514207169933
K562,TOE1,TF ChIP-seq,neg,all,6,18,0.3333333333333333,54,599,0.09015025041736227,5.046296296296297,2.3798345899130484,0.004839883302932168,0.1151968309991935
K562,ZC3H8,TF ChIP-seq,neg,all,3,18,0.16666666666666666,10,599,0.01669449081803005,11.78,3.6641891918717313,0.004979037882086949,0.1151968309991935
K562,BCOR,TF ChIP-seq,neg,all,7,18,0.3888888888888889,76,599,0.12687813021702837,4.3791866028708135,2.157986523789662,0.00571225602679264,0.12159047347922812
K562,ZBTB33,TF ChIP-seq,neg,all,6,18,0.3333333333333333,56,599,0.09348914858096828,4.848214285714286,2.322540790978489,0.005733146097252406,0.12159047347922812
K562,NBN,TF ChIP-seq,neg,all,7,18,0.3888888888888889,77,599,0.1285475792988314,4.31404958677686,2.1364914612455133,0.006123900780063429,0.12468261988209141
K562,ZKSCAN1,TF ChIP-seq,neg,all,4,18,0.2222222222222222,25,599,0.041736227045075125,6.56,2.805681746989358,0.007641663905630585,0.14549536511232286
K562,GATAD2A,TF ChIP-seq,neg,all,6,18,0.3333333333333333,60,599,0.1001669449081803,4.491666666666666,2.21319944057979,0.007883989914391664,0.14549536511232286
K562,ZEB2,TF ChIP-seq,neg,all,7,18,0.3888888888888889,81,599,0.1352253756260434,4.069584736251403,2.052800664133654,0.008003674308732889,0.14549536511232286
K562,ZMIZ1,TF ChIP-seq,neg,all,5,18,0.2777777777777778,42,599,0.07011686143572621,5.1007326007326,2.417981175143794,0.008355374313032625,0.14665122501150366
K562,AFF1,TF ChIP-seq,neg,all,6,18,0.3333333333333333,62,599,0.10350584307178631,4.330645161290323,2.160920188181103,0.00916014773300375,0.15541717320329695
K562,RAD21,TF ChIP-seq,neg,all,12,18,0.6666666666666666,212,599,0.35392320534223703,3.650943396226415,1.8101499407701682,0.010811654852470208,0.1748766759535516
K562,ZNF639,TF ChIP-seq,neg,all,3,18,0.16666666666666666,14,599,0.02337228714524207,8.357142857142858,3.188702977044372,0.01099421145484018,0.1748766759535516
K562,E2F1,TF ChIP-seq,neg,all,3,18,0.16666666666666666,15,599,0.025041736227045076,7.786666666666667,3.09002151581551,0.012951370372756045,0.18396148958475095
K562,NR2C1,TF ChIP-seq,neg,all,5,18,0.2777777777777778,47,599,0.07846410684474124,4.517184942716858,2.2445191624216747,0.012904498765000124,0.18396148958475095
K562,BRD9,TF ChIP-seq,neg,all,6,18,0.3333333333333333,67,599,0.11185308848080133,3.970149253731343,2.036405646428737,0.013011028732909694,0.18396148958475095
K562,STAT6,TF ChIP-seq,neg,all,3,18,0.16666666666666666,15,599,0.025041736227045076,7.786666666666667,3.09002151581551,0.012951370372756045,0.18396148958475095
K562,TBP,TF ChIP-seq,neg,all,5,18,0.2777777777777778,48,599,0.08013355592654424,4.415064102564102,2.2118483498780837,0.013986680969681945,0.19241136793427324
K562,DDX20,TF ChIP-seq,neg,all,4,18,0.2222222222222222,32,599,0.05342237061769616,5.0625,2.438052775464563,0.016626382927502868,0.2227060239499726
K562,ADNP,TF ChIP-seq,neg,all,5,18,0.2777777777777778,51,599,0.08514190317195326,4.132730015082957,2.117391399693803,0.01760777399753273,0.224058924118604
K562,MBD2,TF ChIP-seq,neg,all,5,18,0.2777777777777778,51,599,0.08514190317195326,4.132730015082957,2.117391399693803,0.01760777399753273,0.224058924118604
K562,ARID2,TF ChIP-seq,neg,all,5,18,0.2777777777777778,52,599,0.08681135225375626,4.045857988165681,2.0870137532962416,0.018944867091195083,0.23519359388825115
K562,TRIP13,TF ChIP-seq,neg,all,2,18,0.1111111111111111,6,599,0.01001669449081803,12.354166666666666,3.7901984770297235,0.020302024439807206,0.24604120094909207
K562,ATF7,TF ChIP-seq,neg,all,9,18,0.5,142,599,0.2370617696160267,3.2183098591549295,1.6828098241193008,0.021344533685323408,0.25265971269371196
K562,CEBPB,TF ChIP-seq,neg,all,7,18,0.3888888888888889,100,599,0.1669449081803005,3.1754545454545453,1.6966178161649954,0.023480648930199563,0.25917949377945904
K562,HLTF,TF ChIP-seq,neg,all,4,18,0.2222222222222222,36,599,0.06010016694490818,4.468253968253968,2.260391247606944,0.0239320947104805,0.25917949377945904
K562,BHLHE40,TF ChIP-seq,neg,all,7,18,0.3888888888888889,100,599,0.1669449081803005,3.1754545454545453,1.6966178161649954,0.023480648930199563,0.25917949377945904
K562,MLLT1,TF ChIP-seq,neg,all,6,18,0.3333333333333333,76,599,0.12687813021702837,3.4407894736842106,1.8312414126045242,0.022706240931399373,0.25917949377945904
K562,HES1,TF ChIP-seq,neg,all,5,18,0.2777777777777778,56,599,0.09348914858096828,3.7293956043956045,1.97050137908595,0.024982600368839723,0.2595131344436616
K562,ETV5,TF ChIP-seq,neg,all,5,18,0.2777777777777778,56,599,0.09348914858096828,3.7293956043956045,1.97050137908595,0.024982600368839723,0.2595131344436616
K562,SMARCA4,TF ChIP-seq,neg,all,9,18,0.5,150,599,0.25041736227045075,2.993333333333333,1.5785576287547451,0.026101452196845364,0.26271746793628714
K562,NR2F2,TF ChIP-seq,neg,all,6,18,0.3333333333333333,79,599,0.1318864774624374,3.2911392405063293,1.7674549263814292,0.02683950556520026,0.26271746793628714
K562,NFRKB,TF ChIP-seq,neg,all,5,18,0.2777777777777778,57,599,0.09515859766277128,3.657219973009447,1.9425333928612953,0.02667114898915439,0.26271746793628714
K562,PHB2,TF ChIP-seq,neg,all,3,18,0.16666666666666666,21,599,0.035058430717863104,5.504761904761905,2.6030670060761207,0.028752625991898612,0.2660924841795708
K562,H3K4me1,Histone ChIP-seq,neg,all,15,18,0.8333333333333334,337,599,0.5626043405676127,3.887240356083086,1.784271308944563,0.027796126095549073,0.2660924841795708
K562,ZNF7,TF ChIP-seq,neg,all,4,18,0.2222222222222222,38,599,0.06343906510851419,4.2180451127819545,2.17829967802044,0.02823115458892924,0.2660924841795708
K562,NR3C1,TF ChIP-seq,neg,all,2,18,0.1111111111111111,8,599,0.01335559265442404,9.234375,3.398305492618358,0.03151379923803685,0.27187328495187724
K562,STAT5A,TF ChIP-seq,neg,all,5,18,0.2777777777777778,59,599,0.09849749582637729,3.5202086049543677,1.8878771609005354,0.03027192963094421,0.27187328495187724
K562,H3K9me1,Histone ChIP-seq,neg,all,2,18,0.1111111111111111,8,599,0.01335559265442404,9.234375,3.398305492618358,0.03151379923803685,0.27187328495187724
K562,ZHX1,TF ChIP-seq,neg,all,2,18,0.1111111111111111,8,599,0.01335559265442404,9.234375,3.398305492618358,0.03151379923803685,0.27187328495187724
K562,MEF2D,TF ChIP-seq,neg,all,5,18,0.2777777777777778,60,599,0.1001669449081803,3.4551282051282053,1.861160028687251,0.03218643663691433,0.2730482708031566
K562,TFAP4,TF ChIP-seq,neg,all,9,18,0.5,158,599,0.2637729549248748,2.7911392405063293,1.4779305975090586,0.03311484008621707,0.27631891153909
K562,KDM1A,TF ChIP-seq,neg,all,6,18,0.3333333333333333,84,599,0.14023372287145242,3.0654761904761907,1.6655327094522916,0.03484351649015892,0.28605403054017564
K562,TAF1,TF ChIP-seq,neg,all,4,18,0.2222222222222222,41,599,0.06844741235392321,3.8885017421602788,2.0623180454511303,0.03552079792757693,0.2869854943672485
K562,ZBTB40,TF ChIP-seq,neg,all,5,18,0.2777777777777778,62,599,0.10350584307178631,3.3312655086848637,1.8088807762885641,0.03624893025017588,0.28829227339593005
K562,SMAD5,TF ChIP-seq,neg,all,4,18,0.2222222222222222,42,599,0.07011686143572621,3.7891156462585034,2.0253810649847055,0.03817937310692473,0.29897386017576444
K562,ARID1B,TF ChIP-seq,neg,all,10,18,0.5555555555555556,188,599,0.31385642737896496,2.7327127659574466,1.4311824886813822,0.03974352331883473,0.30193213984010264
K562,CBFA2T3,TF ChIP-seq,neg,all,10,18,0.5555555555555556,188,599,0.31385642737896496,2.7327127659574466,1.4311824886813822,0.03974352331883473,0.30193213984010264
K562,CEBPG,TF ChIP-seq,neg,all,5,18,0.2777777777777778,64,599,0.10684474123539232,3.215144230769231,1.7580596258008305,0.04062901572238468,0.30210771848184226
K562,TARDBP,TF ChIP-seq,neg,all,4,18,0.2222222222222222,43,599,0.07178631051752922,3.6943521594684388,1.9892383878079714,0.040953698576124,0.30210771848184226
K562,LEF1,TF ChIP-seq,neg,all,6,18,0.3333333333333333,88,599,0.14691151919866444,2.903409090909091,1.5875684080286987,0.042313559260819415,0.3076800237679583
K562,ZNF317,TF ChIP-seq,neg,all,3,18,0.16666666666666666,25,599,0.041736227045075125,4.592,2.3468963523453463,0.04322452200441323,0.309877207045723
K562,NFXL1,TF ChIP-seq,neg,all,2,18,0.1111111111111111,10,599,0.01669449081803005,7.3625,3.0885645557299113,0.04464506372993496,0.31561579775745685
K562,VEZF1,TF ChIP-seq,neg,all,8,18,0.4444444444444444,138,599,0.2303839732888147,2.672463768115942,1.431590090068165,0.04719038292602035,0.32121453770422875
K562,NFATC3,TF ChIP-seq,neg,all,3,18,0.16666666666666666,26,599,0.04340567612687813,4.407692307692308,2.2888878331233546,0.047330236400426634,0.32121453770422875
K562,NONO,TF ChIP-seq,neg,all,4,18,0.2222222222222222,45,599,0.07512520868113523,3.5174603174603174,1.919193016277754,0.046851939112562385,0.32121453770422875
K562,KLF16,TF ChIP-seq,neg,all,6,18,0.3333333333333333,91,599,0.15191986644407346,2.791208791208791,1.5309876539398253,0.04857065622543594,0.325295579194038
K562,MCM2,TF ChIP-seq,neg,all,1,18,0.05555555555555555,1,599,0.001669449081803005,35.1764705882353,5.095924419998536,0.0575417289355701,0.36390558629874875
K562,THRB,TF ChIP-seq,neg,all,3,18,0.16666666666666666,28,599,0.04674457429048414,4.078571428571428,2.178878285720465,0.056114223819407935,0.36390558629874875
K562,ZNF282,TF ChIP-seq,neg,all,4,18,0.2222222222222222,49,599,0.08180300500834725,3.206997084548105,1.7871861397994997,0.06005514587248506,0.36390558629874875
K562,HMBOX1,TF ChIP-seq,neg,all,7,18,0.3888888888888889,108,599,0.18030050083472454,2.893097643097643,1.562825013447607,0.057197008366656726,0.36390558629874875
K562,NUFIP1,TF ChIP-seq,neg,all,2,18,0.1111111111111111,12,599,0.02003338898163606,6.114583333333333,2.8321228272065464,0.059463106498501915,0.36390558629874875
K562,GATA2,TF ChIP-seq,neg,all,5,18,0.2777777777777778,70,599,0.11686143572621036,2.9065934065934065,1.6134796380673717,0.05573633099099911,0.36390558629874875
K562,CDC5L,TF ChIP-seq,neg,all,2,18,0.1111111111111111,12,599,0.02003338898163606,6.114583333333333,2.8321228272065464,0.059463106498501915,0.36390558629874875
K562,DPF2,TF ChIP-seq,neg,all,9,18,0.5,166,599,0.27712854757929883,2.608433734939759,1.3805098161505729,0.059119080810539695,0.36390558629874875
K562,ELF1,TF ChIP-seq,neg,all,4,18,0.2222222222222222,50,599,0.08347245409015025,3.137142857142857,1.7557081945121766,0.06364913958830656,0.37671409360986097
K562,XRCC5,TF ChIP-seq,neg,all,4,18,0.2222222222222222,50,599,0.08347245409015025,3.137142857142857,1.7557081945121766,0.06364913958830656,0.37671409360986097
K562,ARNT,TF ChIP-seq,neg,all,5,18,0.2777777777777778,73,599,0.12186978297161936,2.7713382507903055,1.5451614926631811,0.06442404127324959,0.3769176667595867
K562,FOXP4,TF ChIP-seq,neg,all,2,18,0.1111111111111111,13,599,0.021702838063439065,5.634615384615385,2.718633771393949,0.06743688132318601,0.3813930288166853
K562,FOXJ2,TF ChIP-seq,neg,all,4,18,0.2222222222222222,51,599,0.08514190317195326,3.070028011204482,1.7247912895347148,0.06735991650814241,0.3813930288166853
K562,CHAMP1,TF ChIP-seq,neg,all,2,18,0.1111111111111111,13,599,0.021702838063439065,5.634615384615385,2.718633771393949,0.06743688132318601,0.3813930288166853
K562,RCOR1,TF ChIP-seq,neg,all,9,18,0.5,175,599,0.2921535893155259,2.422857142857143,1.2742935232484778,0.06855976186121578,0.3831535095076951
K562,TAL1,TF ChIP-seq,neg,all,7,18,0.3888888888888889,119,599,0.1986644407345576,2.5668449197860963,1.3908544523445077,0.06925367951809028,0.3831535095076951
K562,NR2F1,TF ChIP-seq,neg,all,7,18,0.3888888888888889,121,599,0.2020033388981636,2.513899323816679,1.3608912504317503,0.07242244010893899,0.38803181068894677
K562,ZNF644,TF ChIP-seq,neg,all,4,18,0.2222222222222222,52,599,0.08681135225375626,3.0054945054945055,1.6944136431371535,0.07118700439357391,0.38803181068894677
K562,ATF3,TF ChIP-seq,neg,all,7,18,0.3888888888888889,121,599,0.2020033388981636,2.513899323816679,1.3608912504317503,0.07242244010893899,0.38803181068894677
K562,SMARCE1,TF ChIP-seq,neg,all,7,18,0.3888888888888889,123,599,0.20534223706176963,2.4626755358462677,1.3312938118767699,0.07588822541684985,0.4023656951789226
K562,CREB3L1,TF ChIP-seq,neg,all,4,18,0.2222222222222222,54,599,0.09015025041736227,2.8835978835978837,1.635195067861421,0.0791876084395671,0.4155308525333985
K562,KDM4B,TF ChIP-seq,neg,all,1,18,0.05555555555555555,2,599,0.00333889816360601,17.558823529411764,4.356546291756938,0.085125873454529,0.4290006889936165
K562,NEUROD1,TF ChIP-seq,neg,all,4,18,0.2222222222222222,55,599,0.09181969949916527,2.825974025974026,1.606316378681541,0.08335957451219805,0.4290006889936165
K562,FOXJ3,TF ChIP-seq,neg,all,1,18,0.05555555555555555,2,599,0.00333889816360601,17.558823529411764,4.356546291756938,0.085125873454529,0.4290006889936165
K562,ETV1,TF ChIP-seq,neg,all,5,18,0.2777777777777778,79,599,0.1318864774624374,2.5316455696202533,1.4154155144888905,0.08410475930325675,0.4290006889936165
K562,NCOA6,TF ChIP-seq,neg,all,2,18,0.1111111111111111,16,599,0.02671118530884808,4.5546875,2.4217287018778038,0.09331720843967639,0.4611500883086921
K562,HCFC1,TF ChIP-seq,neg,all,3,18,0.16666666666666666,35,599,0.05843071786310518,3.222857142857143,1.8442412629390477,0.09256652330725236,0.4611500883086921
K562,ZBTB2,TF ChIP-seq,neg,all,4,18,0.2222222222222222,58,599,0.09682804674457429,2.665024630541872,1.522396814339663,0.09655044435498486,0.4636243035536537
K562,SOX6,TF ChIP-seq,neg,all,8,18,0.4444444444444444,151,599,0.25208681135225375,2.3735099337748347,1.2609356099178894,0.09598023047848642,0.4636243035536537
K562,MTA3,TF ChIP-seq,neg,all,6,18,0.3333333333333333,95,599,0.15859766277128548,2.6526315789473682,1.457865159436976,0.09592850798672581,0.4636243035536537
K562,CXXC5,TF ChIP-seq,neg,all,8,18,0.4444444444444444,154,599,0.2570951585976628,2.311688311688312,1.2229640120891265,0.09961468367438303,0.4694803147246386
K562,H3K4me2,Histone ChIP-seq,neg,all,12,18,0.6666666666666666,278,599,0.46410684474123537,2.3093525179856114,1.1505578816215483,0.09886618480109649,0.4694803147246386
K562,CC2D1A,TF ChIP-seq,neg,all,6,18,0.3333333333333333,99,599,0.1652754590984975,2.525252525252525,1.387185166658712,0.10118151566495259,0.4701117758268484
K562,BACH1,TF ChIP-seq,neg,all,2,18,0.1111111111111111,17,599,0.028380634390651086,4.279411764705882,2.334365198125585,0.10251946388365456,0.4701117758268484
K562,CBX5,TF ChIP-seq,neg,all,2,18,0.1111111111111111,17,599,0.028380634390651086,4.279411764705882,2.334365198125585,0.10251946388365456,0.4701117758268484
K562,PKNOX1,TF ChIP-seq,neg,all,8,18,0.4444444444444444,157,599,0.2621035058430718,2.2522292993630573,1.18547104505466,0.10395702508950377,0.47244755152283413
K562,ZNF280A,TF ChIP-seq,neg,all,1,18,0.05555555555555555,3,599,0.005008347245409015,11.686274509803921,3.8687028894138136,0.11194628758778385,0.4998303542296665
K562,POLR3A,TF ChIP-seq,neg,all,1,18,0.05555555555555555,3,599,0.005008347245409015,11.686274509803921,3.8687028894138136,0.11194628758778385,0.4998303542296665
K562,EP400,TF ChIP-seq,neg,all,6,18,0.3333333333333333,106,599,0.17696160267111852,2.3254716981132075,1.268780182596927,0.11449170101115864,0.5023816880575841
K562,MNT,TF ChIP-seq,neg,all,6,18,0.3333333333333333,106,599,0.17696160267111852,2.3254716981132075,1.268780182596927,0.11449170101115864,0.5023816880575841
K562,ESRRA,TF ChIP-seq,neg,all,6,18,0.3333333333333333,107,599,0.17863105175292154,2.2990654205607477,1.252370593120646,0.11680504567736218,0.5081518653827124
K562,CTCF,TF ChIP-seq,neg,all,9,18,0.5,185,599,0.3088480801335559,2.2378378378378376,1.159952914874947,0.11907798116382573,0.5136499356981974
K562,CTBP1,TF ChIP-seq,neg,all,9,18,0.5,188,599,0.31385642737896496,2.1861702127659575,1.1263279071529613,0.12217674662858413,0.5139501159830522
K562,CBX1,TF ChIP-seq,neg,all,2,18,0.1111111111111111,19,599,0.03171953255425709,3.8157894736842106,2.173284013532227,0.12165752225496741,0.5139501159830522
K562,ZNF384,TF ChIP-seq,neg,all,4,18,0.2222222222222222,63,599,0.10517529215358931,2.430839002267574,1.3906936802990961,0.12070941995791212,0.5139501159830522
K562,SPI1,TF ChIP-seq,neg,all,4,18,0.2222222222222222,64,599,0.10684474123539232,2.388392857142857,1.365459515641742,0.12585383160374705,0.5208097584252622
K562,DACH1,TF ChIP-seq,neg,all,4,18,0.2222222222222222,64,599,0.10684474123539232,2.388392857142857,1.365459515641742,0.12585383160374705,0.5208097584252622
K562,ZFP36,TF ChIP-seq,neg,all,3,18,0.16666666666666666,41,599,0.06844741235392321,2.7219512195121953,1.603532650807119,0.13014244253298696,0.5342137358813739
K562,MIER1,TF ChIP-seq,neg,all,2,18,0.1111111111111111,20,599,0.0333889816360601,3.61875,2.098646821917297,0.13155321973308626,0.5356847107531273
K562,TAF9B,TF ChIP-seq,neg,all,3,18,0.16666666666666666,42,599,0.07011686143572621,2.6523809523809523,1.5665956703406942,0.13690113143337337,0.5530371103141829
K562,MCM7,TF ChIP-seq,neg,all,1,18,0.05555555555555555,4,599,0.00667779632721202,8.75,3.5037121801979914,0.13802290557052432,0.5531784168141487
K562,H3K36me3,Histone ChIP-seq,neg,all,3,18,0.16666666666666666,43,599,0.07178631051752922,2.5860465116279068,1.53045299316396,0.14378869596777677,0.5717847363093623
K562,ZNF592,TF ChIP-seq,neg,all,7,18,0.3888888888888889,132,599,0.22036727879799667,2.2513774104683195,1.202302644875943,0.14606865587614368,0.5763484173717607
K562,HNRNPL,TF ChIP-seq,neg,all,2,18,0.1111111111111111,22,599,0.03672787979966611,3.278409090909091,1.959358015502654,0.15190397932791672,0.5829989594848575
K562,CUX1,TF ChIP-seq,neg,all,2,18,0.1111111111111111,22,599,0.03672787979966611,3.278409090909091,1.959358015502654,0.15190397932791672,0.5829989594848575
K562,DIDO1,TF ChIP-seq,neg,all,2,18,0.1111111111111111,22,599,0.03672787979966611,3.278409090909091,1.959358015502654,0.15190397932791672,0.5829989594848575
K562,CBFA2T2,TF ChIP-seq,neg,all,7,18,0.3888888888888889,137,599,0.2287145242070117,2.145985401459854,1.1333503865431582,0.1523356809655914,0.5829989594848575
K562,GABPB1,TF ChIP-seq,neg,all,5,18,0.2777777777777778,83,599,0.13856427378964942,2.391102873030584,1.333464362864836,0.1590162840411436,0.6040245416189708
K562,CREM,TF ChIP-seq,neg,all,7,18,0.3888888888888889,142,599,0.2370617696160267,2.048015364916773,1.0661384636708062,0.1611861599956611,0.6077315217614185
K562,MAX,TF ChIP-seq,neg,all,7,18,0.3888888888888889,144,599,0.24040066777963273,2.010732323232323,1.0397102008528776,0.1654216576374667,0.6101422009961633
K562,KLF13,TF ChIP-seq,neg,all,3,18,0.16666666666666666,46,599,0.07679465776293823,2.4043478260869566,1.4264393073442498,0.16517481601837403,0.6101422009961633
K562,IFI16,TF ChIP-seq,neg,all,1,18,0.05555555555555555,5,599,0.008347245409015025,6.988235294117647,3.211780864884548,0.1633751730537442,0.6101422009961633
K562,ZNF766,TF ChIP-seq,neg,all,5,18,0.2777777777777778,87,599,0.14524207011686144,2.2634836427939877,1.2547411990343083,0.16739023949287227,0.6129613805890071
K562,SKIL,TF ChIP-seq,neg,all,5,18,0.2777777777777778,88,599,0.14691151919866444,2.2333916083916083,1.23552899613616,0.1698438778442661,0.6175038130195103
K562,ZNF511,TF ChIP-seq,neg,all,2,18,0.1111111111111111,24,599,0.04006677796327212,2.9947916666666665,1.831496249545931,0.17288453647496418,0.6197058384912449
K562,ZNF318,TF ChIP-seq,neg,all,3,18,0.16666666666666666,47,599,0.07846410684474124,2.348936170212766,1.3931336576185749,0.17252788961691848,0.6197058384912449
K562,ZBTB7A,TF ChIP-seq,neg,all,5,18,0.2777777777777778,90,599,0.15025041736227046,2.175213675213675,1.1976365655564374,0.1751654063079947,0.6234908518235616
K562,PHF20,TF ChIP-seq,neg,all,2,18,0.1111111111111111,25,599,0.041736227045075125,2.87,1.7712717162035265,0.18357030383599568,0.6399814017296014
K562,CBFB,TF ChIP-seq,neg,all,2,18,0.1111111111111111,25,599,0.041736227045075125,2.87,1.7712717162035265,0.18357030383599568,0.6399814017296014
K562,CHD2,TF ChIP-seq,neg,all,2,18,0.1111111111111111,25,599,0.041736227045075125,2.87,1.7712717162035265,0.18357030383599568,0.6399814017296014
K562,DEAF1,TF ChIP-seq,neg,all,5,18,0.2777777777777778,94,599,0.15692821368948248,2.0662847790507364,1.1238689741557708,0.18739353588328775,0.6488660528203637
K562,ARID3A,TF ChIP-seq,neg,all,3,18,0.16666666666666666,50,599,0.08347245409015025,2.196,1.2969227998681654,0.19518930958737427,0.6712929633781993
K562,ATF2,TF ChIP-seq,neg,all,3,18,0.16666666666666666,51,599,0.08514190317195326,2.149019607843137,1.2660058948907034,0.20292696664614296,0.6873431558534536
K562,FOXP1,TF ChIP-seq,neg,all,2,18,0.1111111111111111,27,599,0.045075125208681135,2.6481481481481484,1.6573061449885556,0.20525768111930248,0.6873431558534536
K562,PRDM10,TF ChIP-seq,neg,all,5,18,0.2777777777777778,98,599,0.1636060100166945,1.9662480376766092,1.052598187629633,0.20159761135661575,0.6873431558534536
K562,MXI1,TF ChIP-seq,neg,all,2,18,0.1111111111111111,27,599,0.045075125208681135,2.6481481481481484,1.6573061449885556,0.20525768111930248,0.6873431558534536
K562,MAZ,TF ChIP-seq,neg,all,5,18,0.2777777777777778,100,599,0.1669449081803005,1.9192307692307693,1.0178332930873184,0.20938889777823252,0.6961217428155523
K562,THAP7,TF ChIP-seq,neg,all,1,18,0.05555555555555555,7,599,0.011686143572621035,4.974789915966387,2.759460231953293,0.2119820631363666,0.6961217428155523
K562,ELK1,TF ChIP-seq,neg,all,1,18,0.05555555555555555,7,599,0.011686143572621035,4.974789915966387,2.759460231953293,0.2119820631363666,0.6961217428155523
K562,NRF1,TF ChIP-seq,neg,all,5,18,0.2777777777777778,101,599,0.1686143572621035,1.8964204112718963,1.0006578936868484,0.21344777840275575,0.6964417897884787
K562,MAFF,TF ChIP-seq,neg,all,3,18,0.16666666666666666,53,599,0.08848080133555926,2.060377358490566,1.2057693109414864,0.21864782968481664,0.7043781348707068
K562,FOXM1,TF ChIP-seq,neg,all,3,18,0.16666666666666666,53,599,0.08848080133555926,2.060377358490566,1.2057693109414864,0.21864782968481664,0.7043781348707068
K562,NR2C2,TF ChIP-seq,neg,all,6,18,0.3333333333333333,117,599,0.19532554257095158,2.0598290598290596,1.0944517139568104,0.22491470224057658,0.7140887113676668
K562,ATF4,TF ChIP-seq,neg,all,3,18,0.16666666666666666,54,599,0.09015025041736227,2.0185185185185186,1.1764096732174099,0.22662105315570386,0.7140887113676668
K562,SP1,TF ChIP-seq,neg,all,2,18,0.1111111111111111,29,599,0.048414023372287146,2.456896551724138,1.5509740024557492,0.22727381383411008,0.7140887113676668
K562,SIN3A,TF ChIP-seq,neg,all,2,18,0.1111111111111111,29,599,0.048414023372287146,2.456896551724138,1.5509740024557492,0.22727381383411008,0.7140887113676668
K562,ZBTB34,TF ChIP-seq,neg,all,1,18,0.05555555555555555,8,599,0.01335559265442404,4.345588235294118,2.5764510008656387,0.23527323368406025,0.7290170518221925
K562,NCOA4,TF ChIP-seq,neg,all,1,18,0.05555555555555555,8,599,0.01335559265442404,4.345588235294118,2.5764510008656387,0.23527323368406025,0.7290170518221925
K562,NFIC,TF ChIP-seq,neg,all,6,18,0.3333333333333333,124,599,0.20701168614357263,1.9153225806451613,0.98988312715885,0.2363218340877441,0.7290170518221925
K562,PML,TF ChIP-seq,neg,all,3,18,0.16666666666666666,56,599,0.09348914858096828,1.9392857142857143,1.1191158742828504,0.24276841149691636,0.7443922979031953
K562,THRA,TF ChIP-seq,neg,all,1,18,0.05555555555555555,9,599,0.015025041736227046,3.8562091503267975,2.4135452197297615,0.25791317084472953,0.7501588797712418
K562,ASH1L,TF ChIP-seq,neg,all,1,18,0.05555555555555555,9,599,0.015025041736227046,3.8562091503267975,2.4135452197297615,0.25791317084472953,0.7501588797712418
K562,THRAP3,TF ChIP-seq,neg,all,1,18,0.05555555555555555,9,599,0.015025041736227046,3.8562091503267975,2.4135452197297615,0.25791317084472953,0.7501588797712418
K562,RFX5,TF ChIP-seq,neg,all,1,18,0.05555555555555555,9,599,0.015025041736227046,3.8562091503267975,2.4135452197297615,0.25791317084472953,0.7501588797712418
K562,CLOCK,TF ChIP-seq,neg,all,1,18,0.05555555555555555,9,599,0.015025041736227046,3.8562091503267975,2.4135452197297615,0.25791317084472953,0.7501588797712418
K562,EP300,TF ChIP-seq,neg,all,6,18,0.3333333333333333,129,599,0.21535893155258765,1.821705426356589,0.9178261534083504,0.248182260257132,0.7501588797712418
K562,YY1,TF ChIP-seq,neg,all,4,18,0.2222222222222222,69,599,0.11519198664440734,2.1946169772256727,1.2442118745059978,0.2532469873283951,0.7501588797712418
K562,ZNF311,TF ChIP-seq,neg,all,2,18,0.1111111111111111,31,599,0.05175292153589316,2.2903225806451615,1.4512705909212402,0.24951666379391707,0.7501588797712418
K562,SMC3,TF ChIP-seq,neg,all,6,18,0.3333333333333333,131,599,0.21869782971619364,1.786259541984733,0.889569776733252,0.25372926595869605,0.7501588797712418
K562,ATF1,TF ChIP-seq,neg,all,6,18,0.3333333333333333,134,599,0.22370617696160267,1.7350746268656716,0.847758523368537,0.26285959332022724,0.7602018920454299
K562,SMARCC2,TF ChIP-seq,neg,all,4,18,0.2222222222222222,74,599,0.12353923205342238,2.027027027027027,1.1303224398147569,0.2671129825148661,0.7681384638421855
K562,TEAD4,TF ChIP-seq,neg,all,7,18,0.3888888888888889,156,599,0.2604340567612688,1.807109557109557,0.8861000869199512,0.2756525987614513,0.7882425436493187
K562,ARHGAP35,TF ChIP-seq,neg,all,1,18,0.05555555555555555,10,599,0.01669449081803005,3.4647058823529413,2.266710063977192,0.27991904057256295,0.7915488425079696
K562,DMTF1,TF ChIP-seq,neg,all,1,18,0.05555555555555555,10,599,0.01669449081803005,3.4647058823529413,2.266710063977192,0.27991904057256295,0.7915488425079696
K562,FOXK2,TF ChIP-seq,neg,all,4,18,0.2222222222222222,79,599,0.1318864774624374,1.8806509945750451,1.022815404329802,0.28524775781401446,0.7977533446556777
K562,ZNF281,TF ChIP-seq,neg,all,7,18,0.3888888888888889,161,599,0.2687813021702838,1.7312252964426877,0.8243713173023139,0.2844146271296778,0.7977533446556777
K562,MECOM,TF ChIP-seq,neg,all,2,18,0.1111111111111111,35,599,0.05843071786310518,2.0142857142857142,1.2686166267972276,0.2943209251680919,0.8054266177987031
K562,ZNF740,TF ChIP-seq,neg,all,2,18,0.1111111111111111,35,599,0.05843071786310518,2.0142857142857142,1.2686166267972276,0.2943209251680919,0.8054266177987031
K562,POLR2B,TF ChIP-seq,neg,all,2,18,0.1111111111111111,35,599,0.05843071786310518,2.0142857142857142,1.2686166267972276,0.2943209251680919,0.8054266177987031
K562,ZNF589,TF ChIP-seq,neg,all,4,18,0.2222222222222222,81,599,0.1352253756260434,1.8271604938271604,0.9814160308968883,0.29355373959528885,0.8054266177987031
K562,HSF4,TF ChIP-seq,neg,all,1,18,0.05555555555555555,11,599,0.018363939899833055,3.144385026737968,2.133016132757621,0.30130758392189266,0.8157742564693796
K562,ZNF700,TF ChIP-seq,neg,all,1,18,0.05555555555555555,11,599,0.018363939899833055,3.144385026737968,2.133016132757621,0.30130758392189266,0.8157742564693796
K562,E2F6,TF ChIP-seq,neg,all,4,18,0.2222222222222222,84,599,0.14023372287145242,1.751700680272109,0.9208931874006643,0.3070162319083266,0.8268320742927949
K562,POLR2AphosphoS5,TF ChIP-seq,neg,all,4,18,0.2222222222222222,85,599,0.1419031719532554,1.7277310924369749,0.901118758322811,0.31175207553586426,0.8351674023566048
K562,HEY1,TF ChIP-seq,neg,all,1,18,0.05555555555555555,12,599,0.02003338898163606,2.877450980392157,2.010268335453827,0.3220951268795885,0.8364613243964824
K562,IRF9,TF ChIP-seq,neg,all,2,18,0.1111111111111111,37,599,0.06176961602671119,1.8986486486486487,1.1844245711374275,0.3167229080433907,0.8364613243964824
K562,ZNF75A,TF ChIP-seq,neg,all,1,18,0.05555555555555555,12,599,0.02003338898163606,2.877450980392157,2.010268335453827,0.3220951268795885,0.8364613243964824
K562,NR1H2,TF ChIP-seq,neg,all,1,18,0.05555555555555555,12,599,0.02003338898163606,2.877450980392157,2.010268335453827,0.3220951268795885,0.8364613243964824
K562,ZNF12,TF ChIP-seq,neg,all,1,18,0.05555555555555555,12,599,0.02003338898163606,2.877450980392157,2.010268335453827,0.3220951268795885,0.8364613243964824
K562,MBD1,TF ChIP-seq,neg,all,1,18,0.05555555555555555,12,599,0.02003338898163606,2.877450980392157,2.010268335453827,0.3220951268795885,0.8364613243964824
K562,RELA,TF ChIP-seq,neg,all,2,18,0.1111111111111111,38,599,0.06343906510851419,1.8453947368421053,1.1438896472346087,0.3278928702844029,0.847195284135843
K562,ZNF609,TF ChIP-seq,neg,all,1,18,0.05555555555555555,13,599,0.021702838063439065,2.6515837104072397,1.8967792796412297,0.3422975899858261,0.8625221450632945
K562,GTF2E2,TF ChIP-seq,neg,all,2,18,0.1111111111111111,39,599,0.0651085141903172,1.794871794871795,1.1043237901572327,0.33903156080070335,0.8625221450632945
K562,USF2,TF ChIP-seq,neg,all,1,18,0.05555555555555555,13,599,0.021702838063439065,2.6515837104072397,1.8967792796412297,0.3422975899858261,0.8625221450632945
K562,RREB1,TF ChIP-seq,neg,all,2,18,0.1111111111111111,39,599,0.0651085141903172,1.794871794871795,1.1043237901572327,0.33903156080070335,0.8625221450632945
K562,BCL6,TF ChIP-seq,neg,all,1,18,0.05555555555555555,13,599,0.021702838063439065,2.6515837104072397,1.8967792796412297,0.3422975899858261,0.8625221450632945
K562,PBX2,TF ChIP-seq,neg,all,5,18,0.2777777777777778,111,599,0.18530884808013356,1.6909216909216909,0.8358589685219092,0.35520173839569535,0.8906289893763987
K562,AFF4,TF ChIP-seq,neg,all,2,18,0.1111111111111111,41,599,0.06844741235392321,1.701219512195122,1.0279080146652988,0.36118591849420834,0.8986469431875539
K562,PTBP1,TF ChIP-seq,neg,all,1,18,0.05555555555555555,14,599,0.02337228714524207,2.457983193277311,1.7912238491498327,0.3619304977474431,0.8986469431875539
K562,KLF1,TF ChIP-seq,neg,all,2,18,0.1111111111111111,42,599,0.07011686143572621,1.6577380952380953,0.9909710341988742,0.37218798877807613,0.9196295450875764
K562,THAP12,TF ChIP-seq,neg,all,1,18,0.05555555555555555,15,599,0.025041736227045076,2.2901960784313724,1.692542387920971,0.3810089878480179,0.93687717301759
K562,HDAC8,TF ChIP-seq,neg,all,2,18,0.1111111111111111,43,599,0.07178631051752922,1.6162790697674418,0.9548283570221402,0.3831315635382947,0.9375671434663077
K562,ZNF24,TF ChIP-seq,neg,all,0,18,0.0,48,599,0.08013355592654424,0.0,-1.7021491322246949,0.3857652543628993,0.9394952845488792
K562,AGO1,TF ChIP-seq,neg,all,1,18,0.05555555555555555,16,599,0.02671118530884808,2.1433823529411766,1.5998742101250845,0.39954782015872614,0.9547879833839982
K562,JUNB,TF ChIP-seq,neg,all,1,18,0.05555555555555555,16,599,0.02671118530884808,2.1433823529411766,1.5998742101250845,0.39954782015872614,0.9547879833839982
K562,KHSRP,TF ChIP-seq,neg,all,1,18,0.05555555555555555,16,599,0.02671118530884808,2.1433823529411766,1.5998742101250845,0.39954782015872614,0.9547879833839982
K562,ZNF79,TF ChIP-seq,neg,all,1,18,0.05555555555555555,16,599,0.02671118530884808,2.1433823529411766,1.5998742101250845,0.39954782015872614,0.9547879833839982
K562,ATF6,TF ChIP-seq,neg,all,1,18,0.05555555555555555,17,599,0.028380634390651086,2.013840830449827,1.5125107063728658,0.41756138555396444,0.9931717067615323
K562,ZFPM2,TF ChIP-seq,neg,all,0,18,0.0,10,599,0.01669449081803005,0.0,0.6015772145720526,1.0,1.0
K562,ZFP91,TF ChIP-seq,neg,all,0,18,0.0,28,599,0.04674457429048414,0.0,-0.8837336915792133,1.0,1.0
K562,CREBBP,TF ChIP-seq,neg,all,0,18,0.0,1,599,0.001669449081803005,0.0,3.4307915705933962,1.0,1.0
K562,ZFP30,TF ChIP-seq,neg,all,0,18,0.0,3,599,0.005008347245409015,0.0,2.203570040008674,1.0,1.0
K562,ZFP1,TF ChIP-seq,neg,all,0,18,0.0,12,599,0.02003338898163606,0.0,0.3451354860486875,1.0,1.0
K562,ZBTB9,TF ChIP-seq,neg,all,2,18,0.1111111111111111,55,599,0.09181969949916527,1.2363636363636363,0.5719063478957097,0.6783270297102472,1.0
K562,CSDE1,TF ChIP-seq,neg,all,0,18,0.0,2,599,0.00333889816360601,0.0,2.691413442351799,1.0,1.0
K562,ZBTB49,TF ChIP-seq,neg,all,0,18,0.0,3,599,0.005008347245409015,0.0,2.203570040008674,1.0,1.0
K562,ZBTB5,TF ChIP-seq,neg,all,0,18,0.0,10,599,0.01669449081803005,0.0,0.6015772145720526,1.0,1.0
K562,ZC3H4,TF ChIP-seq,neg,all,0,18,0.0,12,599,0.02003338898163606,0.0,0.3451354860486875,1.0,1.0
K562,DDIT3,TF ChIP-seq,neg,all,0,18,0.0,16,599,0.02671118530884808,0.0,-0.06525863928005515,1.0,1.0
K562,ZC3H11A,TF ChIP-seq,neg,all,0,18,0.0,10,599,0.01669449081803005,0.0,0.6015772145720526,1.0,1.0
K562,ZBTB8A,TF ChIP-seq,neg,all,0,18,0.0,1,599,0.001669449081803005,0.0,3.4307915705933962,1.0,1.0
K562,CTCFL,TF ChIP-seq,neg,all,2,18,0.1111111111111111,50,599,0.08347245409015025,1.3725,0.7212981637263451,0.6579242788086531,1.0
K562,MCM3,TF ChIP-seq,neg,all,0,18,0.0,2,599,0.00333889816360601,0.0,2.691413442351799,1.0,1.0
K562,ZKSCAN8,TF ChIP-seq,neg,all,2,18,0.1111111111111111,49,599,0.08180300500834725,1.403061224489796,0.7527761090136681,0.6541138514813849,1.0
K562,CREB5,TF ChIP-seq,neg,all,0,18,0.0,14,599,0.02337228714524207,0.0,0.1260909997446933,1.0,1.0
K562,ZNF148,TF ChIP-seq,neg,all,3,18,0.16666666666666666,79,599,0.1318864774624374,1.3164556962025316,0.5640300096857906,0.7208240227668739,1.0
K562,ZNF146,TF ChIP-seq,neg,all,0,18,0.0,1,599,0.001669449081803005,0.0,3.4307915705933962,1.0,1.0
K562,ZNF143,TF ChIP-seq,neg,all,0,18,0.0,18,599,0.03005008347245409,0.0,-0.23527134978468114,1.0,1.0
K562,ZNF140,TF ChIP-seq,neg,all,0,18,0.0,2,599,0.00333889816360601,0.0,2.691413442351799,1.0,1.0
K562,ZNF134,TF ChIP-seq,neg,all,0,18,0.0,26,599,0.04340567612687813,0.0,-0.7737241441763241,1.0,1.0
K562,ZNF133,TF ChIP-seq,neg,all,0,18,0.0,5,599,0.008347245409015025,0.0,1.5466480154794087,1.0,1.0
K562,ZFX,TF ChIP-seq,neg,all,1,18,0.05555555555555555,66,599,0.11018363939899833,0.4750445632798574,-0.5402584909005749,0.7088955525409804,1.0
K562,ZNF124,TF ChIP-seq,neg,all,0,18,0.0,2,599,0.00333889816360601,0.0,2.691413442351799,1.0,1.0
K562,CHD4,TF ChIP-seq,neg,all,0,18,0.0,12,599,0.02003338898163606,0.0,0.3451354860486875,1.0,1.0
K562,ZMYM3,TF ChIP-seq,neg,all,0,18,0.0,29,599,0.048414023372287146,0.0,-0.9360133387021092,1.0,1.0
K562,CHD7,TF ChIP-seq,neg,all,0,18,0.0,2,599,0.00333889816360601,0.0,2.691413442351799,1.0,1.0
K562,ZBTB43,TF ChIP-seq,neg,all,0,18,0.0,14,599,0.02337228714524207,0.0,0.1260909997446933,1.0,1.0
K562,ZKSCAN3,TF ChIP-seq,neg,all,0,18,0.0,6,599,0.01001669449081803,0.0,1.3032111358718648,1.0,1.0
K562,CREB3,TF ChIP-seq,neg,all,2,18,0.1111111111111111,49,599,0.08180300500834725,1.403061224489796,0.7527761090136681,0.6541138514813849,1.0
K562,ZNF121,TF ChIP-seq,neg,all,0,18,0.0,19,599,0.03171953255425709,0.0,-0.31370332762563163,1.0,1.0
K562,DLX4,TF ChIP-seq,neg,all,0,18,0.0,2,599,0.00333889816360601,0.0,2.691413442351799,1.0,1.0
K562,ZBTB17,TF ChIP-seq,neg,all,1,18,0.05555555555555555,52,599,0.08681135225375626,0.6187782805429864,-0.16185087940139722,1.0,1.0
K562,DNMT1,TF ChIP-seq,neg,all,0,18,0.0,7,599,0.011686143572621035,0.0,1.0943273825481532,1.0,1.0
K562,TSHZ1,TF ChIP-seq,neg,all,0,18,0.0,10,599,0.01669449081803005,0.0,0.6015772145720526,1.0,1.0
K562,TSC22D4,TF ChIP-seq,neg,all,0,18,0.0,4,599,0.00667779632721202,0.0,1.8385793307928517,1.0,1.0
K562,EHMT2,TF ChIP-seq,neg,all,2,18,0.1111111111111111,66,599,0.11018363939899833,1.009469696969697,0.28159600085214437,1.0,1.0
K562,ELF2,TF ChIP-seq,neg,all,1,18,0.05555555555555555,35,599,0.05843071786310518,0.9478991596638655,0.4467621350445085,1.0,1.0
K562,ELF4,TF ChIP-seq,neg,all,2,18,0.1111111111111111,48,599,0.08013355592654424,1.4348958333333333,0.7848382089331638,0.6504145343849291,1.0
K562,ELK3,TF ChIP-seq,neg,all,0,18,0.0,3,599,0.005008347245409015,0.0,2.203570040008674,1.0,1.0
K562,ERF,TF ChIP-seq,neg,all,1,18,0.05555555555555555,29,599,0.048414023372287146,1.156186612576065,0.7291195107030302,0.5975241603554768,1.0
K562,ESRRB,TF ChIP-seq,neg,all,0,18,0.0,11,599,0.018363939899833055,0.0,0.46788328335248147,1.0,1.0
K562,ETS1,TF ChIP-seq,neg,all,1,18,0.05555555555555555,24,599,0.04006677796327212,1.4093137254901962,1.009641757793212,0.5300841128533385,1.0
K562,ETS2,TF ChIP-seq,neg,all,0,18,0.0,4,599,0.00667779632721202,0.0,1.8385793307928517,1.0,1.0
K562,ETV6,TF ChIP-seq,neg,all,0,18,0.0,8,599,0.01335559265442404,0.0,0.9113181514604993,1.0,1.0
K562,THAP1,TF ChIP-seq,neg,all,0,18,0.0,10,599,0.01669449081803005,0.0,0.6015772145720526,1.0,1.0
K562,TGIF2,TF ChIP-seq,neg,all,0,18,0.0,5,599,0.008347245409015025,0.0,1.5466480154794087,1.0,1.0
K562,TFE3,TF ChIP-seq,neg,all,1,18,0.05555555555555555,36,599,0.06010016694490818,0.9199346405228758,0.4041267250683936,1.0,1.0
K562,TFDP1,TF ChIP-seq,neg,all,2,18,0.1111111111111111,67,599,0.11185308848080133,0.9925373134328358,0.2573560935912786,1.0,1.0
K562,U2AF1,TF ChIP-seq,neg,all,0,18,0.0,9,599,0.015025041736227046,0.0,0.748412370324622,1.0,1.0
K562,DMBX1,TF ChIP-seq,neg,all,2,18,0.1111111111111111,78,599,0.1302170283806344,0.8349358974358975,0.009436669157047465,1.0,1.0
K562,UBTF,TF ChIP-seq,neg,all,1,18,0.05555555555555555,63,599,0.10517529215358931,0.5004668534080299,-0.4655708422394542,1.0,1.0
K562,E4F1,TF ChIP-seq,neg,all,0,18,0.0,8,599,0.01335559265442404,0.0,0.9113181514604993,1.0,1.0
K562,ZBTB26,TF ChIP-seq,neg,all,1,18,0.05555555555555555,20,599,0.0333889816360601,1.7029411764705882,1.2767923301645778,0.4685890338407798,1.0
K562,E2F3,TF ChIP-seq,neg,all,1,18,0.05555555555555555,29,599,0.048414023372287146,1.156186612576065,0.7291195107030302,0.5975241603554768,1.0
K562,ZNF165,TF ChIP-seq,neg,all,0,18,0.0,18,599,0.03005008347245409,0.0,-0.23527134978468114,1.0,1.0
K562,ZBTB12,TF ChIP-seq,neg,all,1,18,0.05555555555555555,38,599,0.06343906510851419,0.868421052631579,0.3220351554818896,1.0,1.0
K562,ZBTB11,TF ChIP-seq,neg,all,0,18,0.0,4,599,0.00667779632721202,0.0,1.8385793307928517,1.0,1.0
K562,ZBTB1,TF ChIP-seq,neg,all,0,18,0.0,15,599,0.025041736227045076,0.0,0.027409538515831368,1.0,1.0
K562,ZBED1,TF ChIP-seq,neg,all,1,18,0.05555555555555555,21,599,0.035058430717863104,1.619047619047619,1.2055878781815816,0.48463835832209856,1.0
K562,E2F4,TF ChIP-seq,neg,all,0,18,0.0,11,599,0.018363939899833055,0.0,0.46788328335248147,1.0,1.0
K562,YBX3,TF ChIP-seq,neg,all,0,18,0.0,4,599,0.00667779632721202,0.0,1.8385793307928517,1.0,1.0
K562,YBX1,TF ChIP-seq,neg,all,0,18,0.0,2,599,0.00333889816360601,0.0,2.691413442351799,1.0,1.0
K562,E2F5,TF ChIP-seq,neg,all,2,18,0.1111111111111111,75,599,0.12520868113522537,0.8733333333333333,0.07392819878109749,1.0,1.0
K562,XRCC4,TF ChIP-seq,neg,all,0,18,0.0,1,599,0.001669449081803005,0.0,3.4307915705933962,1.0,1.0
K562,XRCC3,TF ChIP-seq,neg,all,0,18,0.0,3,599,0.005008347245409015,0.0,2.203570040008674,1.0,1.0
K562,WHSC1,TF ChIP-seq,neg,all,0,18,0.0,4,599,0.00667779632721202,0.0,1.8385793307928517,1.0,1.0
K562,E2F7,TF ChIP-seq,neg,all,0,18,0.0,9,599,0.015025041736227046,0.0,0.748412370324622,1.0,1.0
K562,USF1,TF ChIP-seq,neg,all,1,18,0.05555555555555555,60,599,0.1001669449081803,0.5284313725490196,-0.3877046040103878,1.0,1.0
K562,ZNF174,TF ChIP-seq,neg,all,0,18,0.0,1,599,0.001669449081803005,0.0,3.4307915705933962,1.0,1.0
K562,ZNF215,TF ChIP-seq,neg,all,1,18,0.05555555555555555,24,599,0.04006677796327212,1.4093137254901962,1.009641757793212,0.5300841128533385,1.0
K562,CHD1,TF ChIP-seq,neg,all,0,18,0.0,27,599,0.045075125208681135,0.0,-0.829681196169303,1.0,1.0
K562,BCLAF1,TF ChIP-seq,neg,all,0,18,0.0,5,599,0.008347245409015025,0.0,1.5466480154794087,1.0,1.0
K562,BDP1,TF ChIP-seq,neg,all,0,18,0.0,1,599,0.001669449081803005,0.0,3.4307915705933962,1.0,1.0
K562,BMI1,TF ChIP-seq,neg,all,0,18,0.0,9,599,0.015025041736227046,0.0,0.748412370324622,1.0,1.0
K562,BRD4,TF ChIP-seq,neg,all,0,18,0.0,30,599,0.05008347245409015,0.0,-0.9866386714837242,1.0,1.0
K562,BRF2,TF ChIP-seq,neg,all,0,18,0.0,1,599,0.001669449081803005,0.0,3.4307915705933962,1.0,1.0
K562,ZNF586,TF ChIP-seq,neg,all,0,18,0.0,5,599,0.008347245409015025,0.0,1.5466480154794087,1.0,1.0
K562,ZNF655,TF ChIP-seq,neg,all,0,18,0.0,4,599,0.00667779632721202,0.0,1.8385793307928517,1.0,1.0
K562,ZNF584,TF ChIP-seq,neg,all,1,18,0.05555555555555555,52,599,0.08681135225375626,0.6187782805429864,-0.16185087940139722,1.0,1.0
K562,ZNF57,TF ChIP-seq,neg,all,0,18,0.0,9,599,0.015025041736227046,0.0,0.748412370324622,1.0,1.0
K562,ZNF561,TF ChIP-seq,neg,all,0,18,0.0,8,599,0.01335559265442404,0.0,0.9113181514604993,1.0,1.0
K562,ZNF551,TF ChIP-seq,neg,all,0,18,0.0,8,599,0.01335559265442404,0.0,0.9113181514604993,1.0,1.0
K562,ZNF518B,TF ChIP-seq,neg,all,0,18,0.0,6,599,0.01001669449081803,0.0,1.3032111358718648,1.0,1.0
K562,ZNF512,TF ChIP-seq,neg,all,0,18,0.0,22,599,0.03672787979966611,0.0,-0.5276293256552046,1.0,1.0
K562,C11orf30,TF ChIP-seq,neg,all,4,18,0.2222222222222222,97,599,0.16193656093489148,1.4786450662739323,0.6775934786314205,0.5152097378744459,1.0
K562,ZNF583,TF ChIP-seq,neg,all,1,18,0.05555555555555555,42,599,0.07011686143572621,0.7801120448179272,0.16911654244615507,1.0,1.0
K562,ZNF507,TF ChIP-seq,neg,all,0,18,0.0,1,599,0.001669449081803005,0.0,3.4307915705933962,1.0,1.0
K562,ZNF668,TF ChIP-seq,neg,all,1,18,0.05555555555555555,24,599,0.04006677796327212,1.4093137254901962,1.009641757793212,0.5300841128533385,1.0
K562,ZNF696,TF ChIP-seq,neg,all,0,18,0.0,5,599,0.008347245409015025,0.0,1.5466480154794087,1.0,1.0
K562,ZSCAN29,TF ChIP-seq,neg,all,0,18,0.0,17,599,0.028380634390651086,0.0,-0.1526221430322737,1.0,1.0
K562,ZNF84,TF ChIP-seq,neg,all,0,18,0.0,14,599,0.02337228714524207,0.0,0.1260909997446933,1.0,1.0
K562,ZNF830,TF ChIP-seq,neg,all,1,18,0.05555555555555555,18,599,0.03005008347245409,1.8986928104575163,1.4298614996204584,0.4350637145356484,1.0
K562,ZNF83,TF ChIP-seq,neg,all,2,18,0.1111111111111111,50,599,0.08347245409015025,1.3725,0.7212981637263451,0.6579242788086531,1.0
K562,ZNF785,TF ChIP-seq,neg,all,0,18,0.0,2,599,0.00333889816360601,0.0,2.691413442351799,1.0,1.0
K562,ZNF780A,TF ChIP-seq,neg,all,0,18,0.0,6,599,0.01001669449081803,0.0,1.3032111358718648,1.0,1.0
K562,ZNF695,TF ChIP-seq,neg,all,0,18,0.0,12,599,0.02003338898163606,0.0,0.3451354860486875,1.0,1.0
K562,ZNF77,TF ChIP-seq,neg,all,0,18,0.0,4,599,0.00667779632721202,0.0,1.8385793307928517,1.0,1.0
K562,ZNF76,TF ChIP-seq,neg,all,1,18,0.05555555555555555,28,599,0.04674457429048414,1.199579831932773,0.7813991578259263,0.5848143969982813,1.0
K562,ARID3B,TF ChIP-seq,neg,all,0,18,0.0,6,599,0.01001669449081803,0.0,1.3032111358718648,1.0,1.0
K562,ZNF717,TF ChIP-seq,neg,all,0,18,0.0,6,599,0.01001669449081803,0.0,1.3032111358718648,1.0,1.0
K562,ZNF707,TF ChIP-seq,neg,all,0,18,0.0,11,599,0.018363939899833055,0.0,0.46788328335248147,1.0,1.0
K562,ARID4B,TF ChIP-seq,neg,all,0,18,0.0,17,599,0.028380634390651086,0.0,-0.1526221430322737,1.0,1.0
K562,ZNF699,TF ChIP-seq,neg,all,0,18,0.0,5,599,0.008347245409015025,0.0,1.5466480154794087,1.0,1.0
K562,ZNF764,TF ChIP-seq,neg,all,0,18,0.0,6,599,0.01001669449081803,0.0,1.3032111358718648,1.0,1.0
K562,ZNF449,TF ChIP-seq,neg,all,1,18,0.05555555555555555,19,599,0.03171953255425709,1.7956656346749227,1.3514295217795078,0.4520684856700267,1.0
K562,ZNF445,TF ChIP-seq,neg,all,0,18,0.0,14,599,0.02337228714524207,0.0,0.1260909997446933,1.0,1.0
K562,ZNF444,TF ChIP-seq,neg,all,0,18,0.0,13,599,0.021702838063439065,0.0,0.23164643023609022,1.0,1.0
K562,CGGBP1,TF ChIP-seq,neg,all,0,18,0.0,10,599,0.01669449081803005,0.0,0.6015772145720526,1.0,1.0
K562,ZNF280B,TF ChIP-seq,neg,all,0,18,0.0,2,599,0.00333889816360601,0.0,2.691413442351799,1.0,1.0
K562,CHCHD3,TF ChIP-seq,neg,all,0,18,0.0,6,599,0.01001669449081803,0.0,1.3032111358718648,1.0,1.0
K562,ZNF274,TF ChIP-seq,neg,all,0,18,0.0,8,599,0.01335559265442404,0.0,0.9113181514604993,1.0,1.0
K562,ZNF263,TF ChIP-seq,neg,all,3,18,0.16666666666666666,65,599,0.10851419031719532,1.643076923076923,0.8817817478537693,0.43626207187274835,1.0
K562,ZNF257,TF ChIP-seq,neg,all,1,18,0.05555555555555555,23,599,0.038397328881469114,1.473145780051151,1.0722674297503243,0.5153737024730953,1.0
K562,CEBPZ,TF ChIP-seq,neg,all,0,18,0.0,1,599,0.001669449081803005,0.0,3.4307915705933962,1.0,1.0
K562,ZNF253,TF ChIP-seq,neg,all,0,18,0.0,5,599,0.008347245409015025,0.0,1.5466480154794087,1.0,1.0
K562,ZNF232,TF ChIP-seq,neg,all,0,18,0.0,12,599,0.02003338898163606,0.0,0.3451354860486875,1.0,1.0
K562,ZNF23,TF ChIP-seq,neg,all,0,18,0.0,13,599,0.021702838063439065,0.0,0.23164643023609022,1.0,1.0
K562,ZNF224,TF ChIP-seq,neg,all,0,18,0.0,3,599,0.005008347245409015,0.0,2.203570040008674,1.0,1.0
K562,TFCP2,TF ChIP-seq,neg,all,1,18,0.05555555555555555,27,599,0.045075125208681135,1.2461873638344227,0.8354516532358365,0.5717262343817652,1.0
K562,ZNF212,TF ChIP-seq,neg,all,0,18,0.0,10,599,0.01669449081803005,0.0,0.6015772145720526,1.0,1.0
K562,ZNF197,TF ChIP-seq,neg,all,2,18,0.1111111111111111,45,599,0.07512520868113523,1.538888888888889,0.8847829854919226,0.6400842336916466,1.0
K562,ZNF239,TF ChIP-seq,neg,all,0,18,0.0,30,599,0.05008347245409015,0.0,-0.9866386714837242,1.0,1.0
K562,ZNF3,TF ChIP-seq,neg,all,0,18,0.0,7,599,0.011686143572621035,0.0,1.0943273825481532,1.0,1.0
K562,CCNT2,TF ChIP-seq,neg,all,3,18,0.16666666666666666,69,599,0.11519198664440734,1.536231884057971,0.7854264798619862,0.45545119251325145,1.0
K562,ZNF316,TF ChIP-seq,neg,all,4,18,0.2222222222222222,94,599,0.15692821368948248,1.534954407294833,0.7312688639966823,0.5079671724649665,1.0
K562,ZNF436,TF ChIP-seq,neg,all,0,18,0.0,5,599,0.008347245409015025,0.0,1.5466480154794087,1.0,1.0
K562,ZNF431,TF ChIP-seq,neg,all,0,18,0.0,19,599,0.03171953255425709,0.0,-0.31370332762563163,1.0,1.0
K562,ZNF41,TF ChIP-seq,neg,all,0,18,0.0,27,599,0.045075125208681135,0.0,-0.829681196169303,1.0,1.0
K562,ZNF407,TF ChIP-seq,neg,all,0,18,0.0,8,599,0.01335559265442404,0.0,0.9113181514604993,1.0,1.0
K562,ZNF398,TF ChIP-seq,neg,all,0,18,0.0,10,599,0.01669449081803005,0.0,0.6015772145720526,1.0,1.0
K562,ZNF397,TF ChIP-seq,neg,all,0,18,0.0,17,599,0.028380634390651086,0.0,-0.1526221430322737,1.0,1.0
K562,ZNF395,TF ChIP-seq,neg,all,2,18,0.1111111111111111,83,599,0.13856427378964942,0.7771084337349398,-0.09354577808008385,1.0,1.0
K562,CAMTA2,TF ChIP-seq,neg,all,0,18,0.0,12,599,0.02003338898163606,0.0,0.3451354860486875,1.0,1.0
K562,ZNF354C,TF ChIP-seq,neg,all,0,18,0.0,5,599,0.008347245409015025,0.0,1.5466480154794087,1.0,1.0
K562,ZNF354B,TF ChIP-seq,neg,all,0,18,0.0,9,599,0.015025041736227046,0.0,0.748412370324622,1.0,1.0
K562,ZNF347,TF ChIP-seq,neg,all,0,18,0.0,2,599,0.00333889816360601,0.0,2.691413442351799,1.0,1.0
K562,ZNF324,TF ChIP-seq,neg,all,0,18,0.0,12,599,0.02003338898163606,0.0,0.3451354860486875,1.0,1.0
K562,CBX2,TF ChIP-seq,neg,all,0,18,0.0,1,599,0.001669449081803005,0.0,3.4307915705933962,1.0,1.0
K562,CBX8,TF ChIP-seq,neg,all,0,18,0.0,1,599,0.001669449081803005,0.0,3.4307915705933962,1.0,1.0
K562,CCAR2,TF ChIP-seq,neg,all,0,18,0.0,1,599,0.001669449081803005,0.0,3.4307915705933962,1.0,1.0
K562,ZNF175,TF ChIP-seq,neg,all,2,18,0.1111111111111111,75,599,0.12520868113522537,0.8733333333333333,0.07392819878109749,1.0,1.0
K562,EWSR1,TF ChIP-seq,neg,all,0,18,0.0,4,599,0.00667779632721202,0.0,1.8385793307928517,1.0,1.0
K562,TEAD1,TF ChIP-seq,neg,all,2,18,0.1111111111111111,63,599,0.10517529215358931,1.0634920634920635,0.3562836495132649,1.0,1.0
K562,TEAD2,TF ChIP-seq,neg,all,0,18,0.0,26,599,0.04340567612687813,0.0,-0.7737241441763241,1.0,1.0
K562,HMG20A,TF ChIP-seq,neg,all,0,18,0.0,4,599,0.00667779632721202,0.0,1.8385793307928517,1.0,1.0
K562,PHB,TF ChIP-seq,neg,all,0,18,0.0,11,599,0.018363939899833055,0.0,0.46788328335248147,1.0,1.0
K562,PCBP2,TF ChIP-seq,neg,all,0,18,0.0,5,599,0.008347245409015025,0.0,1.5466480154794087,1.0,1.0
K562,PCBP1,TF ChIP-seq,neg,all,0,18,0.0,23,599,0.038397328881469114,0.0,-0.5928654196548153,1.0,1.0
K562,ZSCAN32,TF ChIP-seq,neg,all,0,18,0.0,20,599,0.0333889816360601,0.0,-0.3883405192405617,1.0,1.0
K562,PATZ1,TF ChIP-seq,neg,all,0,18,0.0,16,599,0.02671118530884808,0.0,-0.06525863928005515,1.0,1.0
K562,HIVEP1,TF ChIP-seq,neg,all,1,18,0.05555555555555555,18,599,0.03005008347245409,1.8986928104575163,1.4298614996204584,0.4350637145356484,1.0
K562,OTX1,TF ChIP-seq,neg,all,0,18,0.0,29,599,0.048414023372287146,0.0,-0.9360133387021092,1.0,1.0
K562,HMGN3,TF ChIP-seq,neg,all,1,18,0.05555555555555555,48,599,0.08013355592654424,0.6752450980392157,-0.03701628281955539,1.0,1.0
K562,NR4A1,TF ChIP-seq,neg,all,1,18,0.05555555555555555,23,599,0.038397328881469114,1.473145780051151,1.0722674297503243,0.5153737024730953,1.0
K562,HMGXB4,TF ChIP-seq,neg,all,0,18,0.0,26,599,0.04340567612687813,0.0,-0.7737241441763241,1.0,1.0
K562,NR2F6,TF ChIP-seq,neg,all,0,18,0.0,9,599,0.015025041736227046,0.0,0.748412370324622,1.0,1.0
K562,HNRNPH1,TF ChIP-seq,neg,all,0,18,0.0,3,599,0.005008347245409015,0.0,2.203570040008674,1.0,1.0
K562,HNRNPK,TF ChIP-seq,neg,all,0,18,0.0,12,599,0.02003338898163606,0.0,0.3451354860486875,1.0,1.0
K562,HMG20B,TF ChIP-seq,neg,all,0,18,0.0,4,599,0.00667779632721202,0.0,1.8385793307928517,1.0,1.0
K562,PHF21A,TF ChIP-seq,neg,all,0,18,0.0,40,599,0.0667779632721202,0.0,-1.4213090475371806,0.6219397395349766,1.0
K562,PHF8,TF ChIP-seq,neg,all,1,18,0.05555555555555555,59,599,0.09849749582637729,0.5383848454636092,-0.3609874717971036,1.0,1.0
K562,PHTF2,TF ChIP-seq,neg,all,0,18,0.0,10,599,0.01669449081803005,0.0,0.6015772145720526,1.0,1.0
K562,PTTG1,TF ChIP-seq,neg,all,0,18,0.0,16,599,0.02671118530884808,0.0,-0.06525863928005515,1.0,1.0
K562,PTRF,TF ChIP-seq,neg,all,1,18,0.05555555555555555,20,599,0.0333889816360601,1.7029411764705882,1.2767923301645778,0.4685890338407798,1.0
K562,PRPF4,TF ChIP-seq,neg,all,0,18,0.0,18,599,0.03005008347245409,0.0,-0.23527134978468114,1.0,1.0
K562,PREB,TF ChIP-seq,neg,all,0,18,0.0,16,599,0.02671118530884808,0.0,-0.06525863928005515,1.0,1.0
K562,HDAC1,TF ChIP-seq,neg,all,0,18,0.0,36,599,0.06010016694490818,0.0,-1.261006124336746,0.616710086148983,1.0
K562,PPARD,TF ChIP-seq,neg,all,0,18,0.0,2,599,0.00333889816360601,0.0,2.691413442351799,1.0,1.0
K562,POU5F1,TF ChIP-seq,neg,all,0,18,0.0,3,599,0.005008347245409015,0.0,2.203570040008674,1.0,1.0
K562,HDAC2,TF ChIP-seq,neg,all,0,18,0.0,14,599,0.02337228714524207,0.0,0.1260909997446933,1.0,1.0
K562,POLR2H,TF ChIP-seq,neg,all,1,18,0.05555555555555555,43,599,0.07178631051752922,0.7606019151846786,0.13297386526942084,1.0,1.0
K562,POLR2G,TF ChIP-seq,neg,all,3,18,0.16666666666666666,95,599,0.15859766277128548,1.0610526315789475,0.2544402427413376,1.0,1.0
K562,HDAC3,TF ChIP-seq,neg,all,2,18,0.1111111111111111,44,599,0.07345575959933222,1.5767045454545454,0.9194436459516031,0.6369326554322448,1.0
K562,HDAC6,TF ChIP-seq,neg,all,0,18,0.0,1,599,0.001669449081803005,0.0,3.4307915705933962,1.0,1.0
K562,POLR2AphosphoS2,TF ChIP-seq,neg,all,1,18,0.05555555555555555,25,599,0.041736227045075125,1.3505882352941176,0.9494172244508075,0.5443720959084736,1.0
K562,POLR2A,TF ChIP-seq,neg,all,3,18,0.16666666666666666,74,599,0.12353923205342238,1.4189189189189189,0.6715370451707457,0.48192078950545425,1.0
K562,HINFP,TF ChIP-seq,neg,all,1,18,0.05555555555555555,30,599,0.05008347245409015,1.115686274509804,0.6784941779214152,0.6098658385728563,1.0
K562,HNRNPLL,TF ChIP-seq,neg,all,0,18,0.0,35,599,0.05843071786310518,0.0,-1.218370714360631,0.6161447617922708,1.0
K562,HNRNPUL1,TF ChIP-seq,neg,all,0,18,0.0,5,599,0.008347245409015025,0.0,1.5466480154794087,1.0,1.0
K562,HOMEZ,TF ChIP-seq,neg,all,0,18,0.0,11,599,0.018363939899833055,0.0,0.46788328335248147,1.0,1.0
K562,HOXB6,TF ChIP-seq,neg,all,0,18,0.0,8,599,0.01335559265442404,0.0,0.9113181514604993,1.0,1.0
K562,MXD1,TF ChIP-seq,neg,all,0,18,0.0,7,599,0.011686143572621035,0.0,1.0943273825481532,1.0,1.0
K562,MTF1,TF ChIP-seq,neg,all,0,18,0.0,8,599,0.01335559265442404,0.0,0.9113181514604993,1.0,1.0
K562,KAT8,TF ChIP-seq,neg,all,0,18,0.0,10,599,0.01669449081803005,0.0,0.6015772145720526,1.0,1.0
K562,KDM2B,TF ChIP-seq,neg,all,0,18,0.0,10,599,0.01669449081803005,0.0,0.6015772145720526,1.0,1.0
K562,KDM5B,TF ChIP-seq,neg,all,0,18,0.0,45,599,0.07512520868113523,0.0,-1.6022043556659362,0.6339462025392079,1.0
K562,MLX,TF ChIP-seq,neg,all,0,18,0.0,8,599,0.01335559265442404,0.0,0.9113181514604993,1.0,1.0
K562,MITF,TF ChIP-seq,neg,all,3,18,0.16666666666666666,77,599,0.1285475792988314,1.3558441558441559,0.6063214333647364,0.7177757935971727,1.0
K562,KLF10,TF ChIP-seq,neg,all,0,18,0.0,5,599,0.008347245409015025,0.0,1.5466480154794087,1.0,1.0
K562,MGA,TF ChIP-seq,neg,all,2,18,0.1111111111111111,92,599,0.15358931552587646,0.688858695652174,-0.26658347291486456,1.0,1.0
K562,MEIS2,TF ChIP-seq,neg,all,5,18,0.2777777777777778,166,599,0.27712854757929883,1.0032437442075997,0.08505393262440152,1.0,1.0
K562,KLF6,TF ChIP-seq,neg,all,0,18,0.0,38,599,0.06343906510851419,0.0,-1.34309769392325,0.6187657946113057,1.0
K562,MEF2A,TF ChIP-seq,neg,all,0,18,0.0,7,599,0.011686143572621035,0.0,1.0943273825481532,1.0,1.0
K562,MED1,TF ChIP-seq,neg,all,0,18,0.0,4,599,0.00667779632721202,0.0,1.8385793307928517,1.0,1.0
K562,L3MBTL2,TF ChIP-seq,neg,all,6,18,0.3333333333333333,153,599,0.25542570951585974,1.457516339869281,0.597005048117411,0.4242965609889109,1.0
K562,MAFG,TF ChIP-seq,neg,all,3,18,0.16666666666666666,90,599,0.15025041736227046,1.1311111111111112,0.34625106075333745,0.7433127387355062,1.0
K562,KAT7,TF ChIP-seq,neg,all,1,18,0.05555555555555555,42,599,0.07011686143572621,0.7801120448179272,0.16911654244615507,1.0,1.0
K562,PYGO2,TF ChIP-seq,neg,all,1,18,0.05555555555555555,29,599,0.048414023372287146,1.156186612576065,0.7291195107030302,0.5975241603554768,1.0
K562,MYBL2,TF ChIP-seq,neg,all,0,18,0.0,13,599,0.021702838063439065,0.0,0.23164643023609022,1.0,1.0
K562,KAT2B,TF ChIP-seq,neg,all,0,18,0.0,1,599,0.001669449081803005,0.0,3.4307915705933962,1.0,1.0
K562,ID3,TF ChIP-seq,neg,all,0,18,0.0,6,599,0.01001669449081803,0.0,1.3032111358718648,1.0,1.0
K562,NFYB,TF ChIP-seq,neg,all,0,18,0.0,15,599,0.025041736227045076,0.0,0.027409538515831368,1.0,1.0
K562,NFYA,TF ChIP-seq,neg,all,0,18,0.0,9,599,0.015025041736227046,0.0,0.748412370324622,1.0,1.0
K562,IKZF1,TF ChIP-seq,neg,all,6,18,0.3333333333333333,160,599,0.2671118530884808,1.371875,0.5098733963874683,0.5901837310272193,1.0
K562,ILF3,TF ChIP-seq,neg,all,0,18,0.0,17,599,0.028380634390651086,0.0,-0.1526221430322737,1.0,1.0
K562,NFIX,TF ChIP-seq,neg,all,0,18,0.0,8,599,0.01335559265442404,0.0,0.9113181514604993,1.0,1.0
K562,ILK,TF ChIP-seq,neg,all,0,18,0.0,6,599,0.01001669449081803,0.0,1.3032111358718648,1.0,1.0
K562,NFE2L1,TF ChIP-seq,neg,all,1,18,0.05555555555555555,19,599,0.03171953255425709,1.7956656346749227,1.3514295217795078,0.4520684856700267,1.0
K562,NFE2,TF ChIP-seq,neg,all,4,18,0.2222222222222222,95,599,0.15859766277128548,1.5157894736842106,0.7132256373853487,0.5102560440901136,1.0
K562,IRF1,TF ChIP-seq,neg,all,0,18,0.0,43,599,0.07178631051752922,0.0,-1.5321589841357186,0.6285183327682324,1.0
K562,IRF2,TF ChIP-seq,neg,all,0,18,0.0,28,599,0.04674457429048414,0.0,-0.8837336915792133,1.0,1.0
K562,NELFE,TF ChIP-seq,neg,all,0,18,0.0,1,599,0.001669449081803005,0.0,3.4307915705933962,1.0,1.0
K562,JUN,TF ChIP-seq,neg,all,3,18,0.16666666666666666,92,599,0.15358931552587646,1.1021739130434782,0.3090411632269553,0.7482185704476819,1.0
K562,NCOA2,TF ChIP-seq,neg,all,1,18,0.05555555555555555,18,599,0.03005008347245409,1.8986928104575163,1.4298614996204584,0.4350637145356484,1.0
K562,JUND,TF ChIP-seq,neg,all,7,18,0.3888888888888889,173,599,0.2888146911519199,1.5669994745139253,0.680938718291535,0.42953236996283317,1.0
K562,MYC,TF ChIP-seq,neg,all,0,18,0.0,37,599,0.06176961602671119,0.0,-1.3025627700204312,0.6175896958193241,1.0
K562,HBP1,TF ChIP-seq,neg,all,0,18,0.0,27,599,0.045075125208681135,0.0,-0.829681196169303,1.0,1.0
K562,RAD51,TF ChIP-seq,neg,all,1,18,0.05555555555555555,58,599,0.09682804674457429,0.5486815415821501,-0.3338677081988877,1.0,1.0
K562,RB1,TF ChIP-seq,neg,all,3,18,0.16666666666666666,76,599,0.12687813021702837,1.3763157894736842,0.6278164959088854,0.4931079605927583,1.0
K562,FUS,TF ChIP-seq,neg,all,0,18,0.0,9,599,0.015025041736227046,0.0,0.748412370324622,1.0,1.0
K562,GABPA,TF ChIP-seq,neg,all,3,18,0.16666666666666666,83,599,0.13856427378964942,1.2433734939759036,0.48207885806173606,0.7279805033420759,1.0
K562,STAG1,TF ChIP-seq,neg,all,2,18,0.1111111111111111,47,599,0.07846410684474124,1.4680851063829787,0.8175090214767549,0.6468362003993229,1.0
K562,SRSF3,TF ChIP-seq,neg,all,0,18,0.0,4,599,0.00667779632721202,0.0,1.8385793307928517,1.0,1.0
K562,SRF,TF ChIP-seq,neg,all,0,18,0.0,10,599,0.01669449081803005,0.0,0.6015772145720526,1.0,1.0
K562,SREBF2,TF ChIP-seq,neg,all,0,18,0.0,5,599,0.008347245409015025,0.0,1.5466480154794087,1.0,1.0
K562,SREBF1,TF ChIP-seq,neg,all,0,18,0.0,9,599,0.015025041736227046,0.0,0.748412370324622,1.0,1.0
K562,GABPB2,TF ChIP-seq,neg,all,0,18,0.0,5,599,0.008347245409015025,0.0,1.5466480154794087,1.0,1.0
K562,SP2,TF ChIP-seq,neg,all,0,18,0.0,3,599,0.005008347245409015,0.0,2.203570040008674,1.0,1.0
K562,GATA1,TF ChIP-seq,neg,all,3,18,0.16666666666666666,66,599,0.11018363939899833,1.6151515151515152,0.8572206369939643,0.44086500030888187,1.0
K562,GATAD2B,TF ChIP-seq,neg,all,1,18,0.05555555555555555,46,599,0.07679465776293823,0.7071611253196931,0.02896017944971051,1.0,1.0
K562,SNRNP70,TF ChIP-seq,neg,all,0,18,0.0,5,599,0.008347245409015025,0.0,1.5466480154794087,1.0,1.0
K562,SNIP1,TF ChIP-seq,neg,all,0,18,0.0,7,599,0.011686143572621035,0.0,1.0943273825481532,1.0,1.0
K562,SNAPC5,TF ChIP-seq,neg,all,0,18,0.0,2,599,0.00333889816360601,0.0,2.691413442351799,1.0,1.0
K562,GMEB1,TF ChIP-seq,neg,all,1,18,0.05555555555555555,28,599,0.04674457429048414,1.199579831932773,0.7813991578259263,0.5848143969982813,1.0
K562,SUPT5H,TF ChIP-seq,neg,all,2,18,0.1111111111111111,46,599,0.07679465776293823,1.502717391304348,0.8508146712024297,0.6433891712994051,1.0
K562,GTF2A2,TF ChIP-seq,neg,all,0,18,0.0,22,599,0.03672787979966611,0.0,-0.5276293256552046,1.0,1.0
K562,SUZ12,TF ChIP-seq,neg,all,0,18,0.0,2,599,0.00333889816360601,0.0,2.691413442351799,1.0,1.0
K562,TAF15,TF ChIP-seq,neg,all,0,18,0.0,2,599,0.00333889816360601,0.0,2.691413442351799,1.0,1.0
K562,MAFK,TF ChIP-seq,neg,all,3,18,0.16666666666666666,73,599,0.12186978297161936,1.441095890410959,0.6937759878600814,0.47644285129195735,1.0
K562,TCFL5,TF ChIP-seq,neg,all,0,18,0.0,9,599,0.015025041736227046,0.0,0.748412370324622,1.0,1.0
K562,TCF7L2,TF ChIP-seq,neg,all,0,18,0.0,3,599,0.005008347245409015,0.0,2.203570040008674,1.0,1.0
K562,TCF7,TF ChIP-seq,neg,all,0,18,0.0,16,599,0.02671118530884808,0.0,-0.06525863928005515,1.0,1.0
K562,FIP1L1,TF ChIP-seq,neg,all,0,18,0.0,15,599,0.025041736227045076,0.0,0.027409538515831368,1.0,1.0
K562,TCF15,TF ChIP-seq,neg,all,0,18,0.0,20,599,0.0333889816360601,0.0,-0.3883405192405617,1.0,1.0
K562,FOS,TF ChIP-seq,neg,all,1,18,0.05555555555555555,33,599,0.05509181969949917,1.0089126559714796,0.5355224391389328,1.0,1.0
K562,TBX18,TF ChIP-seq,neg,all,1,18,0.05555555555555555,25,599,0.041736227045075125,1.3505882352941176,0.9494172244508075,0.5443720959084736,1.0
K562,TBPL1,TF ChIP-seq,neg,all,0,18,0.0,15,599,0.025041736227045076,0.0,0.027409538515831368,1.0,1.0
K562,FOSL1,TF ChIP-seq,neg,all,4,18,0.2222222222222222,157,599,0.2621035058430718,0.8043676069153776,-0.1977303671021787,1.0,1.0
K562,TBL1XR1,TF ChIP-seq,neg,all,1,18,0.05555555555555555,28,599,0.04674457429048414,1.199579831932773,0.7813991578259263,0.5848143969982813,1.0
K562,FOXA1,TF ChIP-seq,neg,all,0,18,0.0,5,599,0.008347245409015025,0.0,1.5466480154794087,1.0,1.0
K562,FOXA3,TF ChIP-seq,neg,all,1,18,0.05555555555555555,28,599,0.04674457429048414,1.199579831932773,0.7813991578259263,0.5848143969982813,1.0
K562,FOXK1,TF ChIP-seq,neg,all,0,18,0.0,19,599,0.03171953255425709,0.0,-0.31370332762563163,1.0,1.0
K562,TAF7,TF ChIP-seq,neg,all,1,18,0.05555555555555555,22,599,0.03672787979966611,1.5427807486631016,1.1375035237499351,0.5002291306753796,1.0
K562,FOXO4,TF ChIP-seq,neg,all,0,18,0.0,15,599,0.025041736227045076,0.0,0.027409538515831368,1.0,1.0
K562,EZH2,TF ChIP-seq,neg,all,0,18,0.0,1,599,0.001669449081803005,0.0,3.4307915705933962,1.0,1.0
K562,GTF2B,TF ChIP-seq,neg,all,0,18,0.0,1,599,0.001669449081803005,0.0,3.4307915705933962,1.0,1.0
K562,GTF2F1,TF ChIP-seq,neg,all,0,18,0.0,9,599,0.015025041736227046,0.0,0.748412370324622,1.0,1.0
K562,RFX7,TF ChIP-seq,neg,all,0,18,0.0,6,599,0.01001669449081803,0.0,1.3032111358718648,1.0,1.0
K562,H3K9ac,Histone ChIP-seq,neg,all,4,18,0.2222222222222222,178,599,0.29716193656093487,0.6757624398073836,-0.44844743677227716,0.6066649238412213,1.0
K562,RFX1,TF ChIP-seq,neg,all,1,18,0.05555555555555555,33,599,0.05509181969949917,1.0089126559714796,0.5355224391389328,1.0,1.0
K562,REST,TF ChIP-seq,neg,all,0,18,0.0,16,599,0.02671118530884808,0.0,-0.06525863928005515,1.0,1.0
K562,RERE,TF ChIP-seq,neg,all,0,18,0.0,9,599,0.015025041736227046,0.0,0.748412370324622,1.0,1.0
K562,H3K9me3,Histone ChIP-seq,neg,all,0,18,0.0,1,599,0.001669449081803005,0.0,3.4307915705933962,1.0,1.0
K562,H4K20me1,Histone ChIP-seq,neg,all,2,18,0.1111111111111111,74,599,0.12353923205342238,0.8868243243243243,0.09591240902892567,1.0,1.0
K562,RBPJ,TF ChIP-seq,neg,all,0,18,0.0,7,599,0.011686143572621035,0.0,1.0943273825481532,1.0,1.0
K562,RBM39,TF ChIP-seq,neg,all,0,18,0.0,6,599,0.01001669449081803,0.0,1.3032111358718648,1.0,1.0
K562,RBM34,TF ChIP-seq,neg,all,0,18,0.0,2,599,0.00333889816360601,0.0,2.691413442351799,1.0,1.0
K562,RBM25,TF ChIP-seq,neg,all,0,18,0.0,27,599,0.045075125208681135,0.0,-0.829681196169303,1.0,1.0
K562,RBM22,TF ChIP-seq,neg,all,1,18,0.05555555555555555,26,599,0.04340567612687813,1.2963800904977376,0.8914087052288154,0.558249087911261,1.0
K562,RBM14,TF ChIP-seq,neg,all,0,18,0.0,6,599,0.01001669449081803,0.0,1.3032111358718648,1.0,1.0
K562,RBFOX2,TF ChIP-seq,neg,all,3,18,0.16666666666666666,117,599,0.19532554257095158,0.8239316239316239,-0.10897320273882811,1.0,1.0
K562,RBBP5,TF ChIP-seq,neg,all,1,18,0.05555555555555555,55,599,0.09181969949916527,0.5818181818181818,-0.24994814385700934,1.0,1.0
K562,RHOXF2B,TF ChIP-seq,neg,all,0,18,0.0,11,599,0.018363939899833055,0.0,0.46788328335248147,1.0,1.0
K562,SMARCB1,TF ChIP-seq,neg,all,0,18,0.0,15,599,0.025041736227045076,0.0,0.027409538515831368,1.0,1.0
K562,H3K79me2,Histone ChIP-seq,neg,all,2,18,0.1111111111111111,113,599,0.18864774624373956,0.5376106194690266,-0.6227185169808946,0.5487046971470666,1.0
K562,H3K4me3,Histone ChIP-seq,neg,all,3,18,0.16666666666666666,95,599,0.15859766277128548,1.0610526315789475,0.2544402427413376,1.0,1.0
K562,GTF2I,TF ChIP-seq,neg,all,0,18,0.0,28,599,0.04674457429048414,0.0,-0.8837336915792133,1.0,1.0
K562,GTF3C2,TF ChIP-seq,neg,all,0,18,0.0,2,599,0.00333889816360601,0.0,2.691413442351799,1.0,1.0
K562,H2AFZ,Histone ChIP-seq,neg,all,8,18,0.4444444444444444,236,599,0.39398998330550916,1.230508474576271,0.31526059905177833,0.8074636848864585,1.0
K562,SMAD3,TF ChIP-seq,neg,all,1,18,0.05555555555555555,40,599,0.0667779632721202,0.8220588235294117,0.24382380186795896,1.0,1.0
K562,SMAD1,TF ChIP-seq,neg,all,1,18,0.05555555555555555,33,599,0.05509181969949917,1.0089126559714796,0.5355224391389328,1.0,1.0
K562,H3K27ac,Histone ChIP-seq,neg,all,8,18,0.4444444444444444,210,599,0.35058430717863104,1.4819047619047618,0.5829485134668523,0.45636913658599054,1.0
K562,SIX5,TF ChIP-seq,neg,all,0,18,0.0,6,599,0.01001669449081803,0.0,1.3032111358718648,1.0,1.0
K562,SIRT6,TF ChIP-seq,neg,all,0,18,0.0,2,599,0.00333889816360601,0.0,2.691413442351799,1.0,1.0
K562,SIN3B,TF ChIP-seq,neg,all,1,18,0.05555555555555555,19,599,0.03171953255425709,1.7956656346749227,1.3514295217795078,0.4520684856700267,1.0
K562,H3K27me3,Histone ChIP-seq,neg,all,0,18,0.0,12,599,0.02003338898163606,0.0,0.3451354860486875,1.0,1.0
K562,SFPQ,TF ChIP-seq,neg,all,0,18,0.0,2,599,0.00333889816360601,0.0,2.691413442351799,1.0,1.0
K562,SETDB1,TF ChIP-seq,neg,all,0,18,0.0,2,599,0.00333889816360601,0.0,2.691413442351799,1.0,1.0
K562,SAP30,TF ChIP-seq,neg,all,0,18,0.0,23,599,0.038397328881469114,0.0,-0.5928654196548153,1.0,1.0
K562,SAFB,TF ChIP-seq,neg,all,0,18,0.0,11,599,0.018363939899833055,0.0,0.46788328335248147,1.0,1.0
K562,RUNX1,TF ChIP-seq,neg,all,1,18,0.05555555555555555,19,599,0.03171953255425709,1.7956656346749227,1.3514295217795078,0.4520684856700267,1.0
K562,RNF219,TF ChIP-seq,neg,all,0,18,0.0,3,599,0.005008347245409015,0.0,2.203570040008674,1.0,1.0
K562,ZZZ3,TF ChIP-seq,neg,all,0,18,0.0,2,599,0.00333889816360601,0.0,2.691413442351799,1.0,1.0
K562,ZNF184,TF ChIP-seq,neg,powered,6,18,0.3333333333333333,11,373,0.029490616621983913,16.454545454545453,4.034858757211651,3.5627483593714874e-05,0.017671231862482577
K562,TRIM28,TF ChIP-seq,neg,powered,7,18,0.3888888888888889,23,373,0.06166219839142091,9.683794466403162,3.2820104218844914,0.00013587055975703688,0.022226964123074483
K562,E2F8,TF ChIP-seq,neg,powered,7,18,0.3888888888888889,24,373,0.064343163538874,9.253787878787879,3.217767440811734,0.0001709040048257562,0.022226964123074483
K562,MTA2,TF ChIP-seq,neg,powered,8,18,0.4444444444444444,34,373,0.09115281501340483,7.976470588235294,2.9938887259381417,0.0001792497106699555,0.022226964123074483
K562,SMAD4,TF ChIP-seq,neg,powered,12,18,0.6666666666666666,97,373,0.26005361930294907,5.690721649484536,2.447221828118729,0.0005126390188577008,0.0423781588922366
K562,LARP7,TF ChIP-seq,neg,powered,5,18,0.2777777777777778,12,373,0.032171581769437,11.570512820512821,3.558539763650222,0.0005062731841531054,0.0423781588922366
K562,TRIM24,TF ChIP-seq,neg,powered,9,18,0.5,54,373,0.1447721179624665,5.907407407407407,2.551487796170068,0.0006277429025516808,0.04448006852366195
K562,TRIM25,TF ChIP-seq,neg,powered,4,18,0.2222222222222222,7,373,0.01876675603217158,14.938775510204081,3.9227227988400335,0.0008568512630308144,0.05247148668121317
K562,TCF12,TF ChIP-seq,neg,powered,7,18,0.3888888888888889,33,373,0.08847184986595175,6.556473829201102,2.7287504371058042,0.0009521035889736261,0.05247148668121317
K562,NCOA1,TF ChIP-seq,neg,powered,7,18,0.3888888888888889,34,373,0.09115281501340483,6.3449197860962565,2.6820719470180685,0.0011174885135822378,0.055427430273678996
K562,HDGF,TF ChIP-seq,neg,powered,6,18,0.3333333333333333,29,373,0.0777479892761394,5.931034482758621,2.6023006517088176,0.00282348529102206,0.10003205031049583
K562,ZNF319,TF ChIP-seq,neg,powered,4,18,0.2222222222222222,10,373,0.02680965147453083,10.371428571428572,3.4254381374555742,0.002378468633221838,0.10003205031049583
K562,SMARCA5,TF ChIP-seq,neg,powered,6,18,0.3333333333333333,29,373,0.0777479892761394,5.931034482758621,2.6023006517088176,0.00282348529102206,0.10003205031049583
K562,MTA1,TF ChIP-seq,neg,powered,7,18,0.3888888888888889,40,373,0.10723860589812333,5.297727272727273,2.425021587851466,0.0026549367548472395,0.10003205031049583
K562,TCF3,TF ChIP-seq,neg,powered,10,18,0.5555555555555556,84,373,0.225201072386059,4.300595238095238,2.0813946832354735,0.003223489419909305,0.10659005015166768
K562,RLF,TF ChIP-seq,neg,powered,5,18,0.2777777777777778,23,373,0.06166219839142091,5.852842809364549,2.6032258988068144,0.005836558585281302,0.1378539551571203
K562,LCOR,TF ChIP-seq,neg,powered,6,18,0.3333333333333333,33,373,0.08847184986595175,5.151515151515151,2.402005325920666,0.005063986277055228,0.1378539551571203
K562,NBN,TF ChIP-seq,neg,powered,7,18,0.3888888888888889,46,373,0.12332439678284182,4.523715415019763,2.199520924868287,0.0055160747933000985,0.1378539551571203
K562,NKRF,TF ChIP-seq,neg,powered,6,18,0.3333333333333333,33,373,0.08847184986595175,5.151515151515151,2.402005325920666,0.005063986277055228,0.1378539551571203
K562,ZEB2,TF ChIP-seq,neg,powered,7,18,0.3888888888888889,46,373,0.12332439678284182,4.523715415019763,2.199520924868287,0.0055160747933000985,0.1378539551571203
K562,AFF1,TF ChIP-seq,neg,powered,6,18,0.3333333333333333,34,373,0.09115281501340483,4.985294117647059,2.3553268358329302,0.005789612633775511,0.1378539551571203
K562,ZBTB33,TF ChIP-seq,neg,powered,6,18,0.3333333333333333,36,373,0.09651474530831099,4.680555555555555,2.2655026614245437,0.007471450184415968,0.1684472405213782
K562,ZC3H8,TF ChIP-seq,neg,powered,3,18,0.16666666666666666,7,373,0.01876675603217158,10.457142857142857,3.4639374041960225,0.008060812504432715,0.17383317400863593
K562,CREB1,TF ChIP-seq,neg,powered,6,18,0.3333333333333333,37,373,0.09919571045576407,4.54054054054054,2.2222275324808036,0.008437010993409082,0.1743648938637877
K562,TOE1,TF ChIP-seq,neg,powered,6,18,0.3333333333333333,38,373,0.10187667560321716,4.407894736842105,2.1799659438716494,0.00949194312955038,0.18832015169027955
K562,ZMIZ1,TF ChIP-seq,neg,powered,5,18,0.2777777777777778,27,373,0.07238605898123325,4.928774928774929,2.359895945086383,0.010632282969953851,0.18849707689464984
K562,BRD9,TF ChIP-seq,neg,powered,6,18,0.3333333333333333,39,373,0.10455764075067024,4.282051282051282,2.1386651808307255,0.010640964018246362,0.18849707689464984
K562,EGR1,TF ChIP-seq,neg,powered,8,18,0.4444444444444444,66,373,0.1769436997319035,3.721212121212121,1.9043055831969917,0.009937309733012526,0.18849707689464984
K562,ADNP,TF ChIP-seq,neg,powered,5,18,0.2777777777777778,28,373,0.07506702412868632,4.739010989010989,2.3041960026973456,0.012166791538968453,0.20648397936030569
K562,BCOR,TF ChIP-seq,neg,powered,7,18,0.3888888888888889,54,373,0.1447721179624665,3.759259259259259,1.9348164357215738,0.012488950364534618,0.20648397936030569
K562,GATAD2A,TF ChIP-seq,neg,powered,6,18,0.3333333333333333,42,373,0.1126005361930295,3.9404761904761907,2.0200576523412535,0.0146994877770623,0.2351918044329968
K562,HMBOX1,TF ChIP-seq,neg,powered,7,18,0.3888888888888889,57,373,0.15281501340482573,3.5279106858054226,1.8439002780354716,0.01634142267475781,0.2383925190199963
K562,ZKSCAN1,TF ChIP-seq,neg,powered,4,18,0.2222222222222222,19,373,0.05093833780160858,5.323308270676692,2.4961836046920083,0.01610441726842889,0.2383925190199963
K562,NR2C1,TF ChIP-seq,neg,powered,5,18,0.2777777777777778,30,373,0.08042895442359249,4.397435897435898,2.1979730677290426,0.015687225396828187,0.2383925190199963
K562,E2F1,TF ChIP-seq,neg,powered,3,18,0.16666666666666666,10,373,0.02680965147453083,7.26,2.966652742811563,0.017588931191227963,0.24233638530136303
K562,PHB2,TF ChIP-seq,neg,powered,3,18,0.16666666666666666,10,373,0.02680965147453083,7.26,2.966652742811563,0.017588931191227963,0.24233638530136303
K562,SMARCA4,TF ChIP-seq,neg,powered,9,18,0.5,84,373,0.225201072386059,3.4404761904761907,1.7765401017070523,0.018661617011419756,0.25016654155849183
K562,CEBPB,TF ChIP-seq,neg,powered,7,18,0.3888888888888889,59,373,0.1581769436997319,3.3867488443759632,1.7854270831228514,0.019358554453988402,0.25268007918890123
K562,TBP,TF ChIP-seq,neg,powered,5,18,0.2777777777777778,33,373,0.08847184986595175,3.9627039627039626,2.0499659140281277,0.02219277569959634,0.2751904186749946
K562,STAT6,TF ChIP-seq,neg,powered,3,18,0.16666666666666666,11,373,0.029490616621983913,6.581818181818182,2.831433840516013,0.02173723916159327,0.2751904186749946
K562,STAT5A,TF ChIP-seq,neg,powered,5,18,0.2777777777777778,34,373,0.09115281501340483,3.834841628959276,2.0032874239403915,0.024711715320558273,0.28674377205248885
K562,CEBPG,TF ChIP-seq,neg,powered,5,18,0.2777777777777778,35,373,0.0938337801608579,3.7142857142857144,1.9578090205441434,0.027414872847241516,0.28674377205248885
K562,H3K4me1,Histone ChIP-seq,neg,powered,15,18,0.8333333333333334,211,373,0.5656836461126006,3.838862559241706,1.7666234431251382,0.027614444439183802,0.28674377205248885
K562,ZNF639,TF ChIP-seq,neg,powered,3,18,0.16666666666666666,12,373,0.032171581769437,6.016666666666667,2.707154258847122,0.026384371078881357,0.28674377205248885
K562,TRIP13,TF ChIP-seq,neg,powered,2,18,0.1111111111111111,4,373,0.010723860589812333,11.53125,3.6370395282327475,0.02693967953936305,0.28674377205248885
K562,DDX20,TF ChIP-seq,neg,powered,4,18,0.2222222222222222,23,373,0.06166219839142091,4.3478260869565215,2.210625788647726,0.028327509739056355,0.28674377205248885
K562,TAL1,TF ChIP-seq,neg,powered,7,18,0.3888888888888889,63,373,0.16890080428954424,3.1313131313131315,1.6730934109998212,0.02659088604387042,0.28674377205248885
K562,RAD21,TF ChIP-seq,neg,powered,12,18,0.6666666666666666,148,373,0.3967828418230563,3.0405405405405403,1.5460809740882477,0.027758392172847975,0.28674377205248885
K562,MLLT1,TF ChIP-seq,neg,powered,6,18,0.3333333333333333,48,373,0.128686327077748,3.3854166666666665,1.8031844193448752,0.025977524979239042,0.28674377205248885
K562,HES1,TF ChIP-seq,neg,powered,5,18,0.2777777777777778,36,373,0.09651474530831099,3.6004273504273505,1.9134632495320048,0.030307140159742122,0.2890834907544633
K562,MBD2,TF ChIP-seq,neg,powered,5,18,0.2777777777777778,36,373,0.09651474530831099,3.6004273504273505,1.9134632495320048,0.030307140159742122,0.2890834907544633
K562,NFRKB,TF ChIP-seq,neg,powered,5,18,0.2777777777777778,36,373,0.09651474530831099,3.6004273504273505,1.9134632495320048,0.030307140159742122,0.2890834907544633
K562,ARID1B,TF ChIP-seq,neg,powered,10,18,0.5555555555555556,107,373,0.2868632707774799,3.107476635514019,1.6146534546981364,0.03100717694843752,0.2901803729514153
K562,CBFA2T3,TF ChIP-seq,neg,powered,10,18,0.5555555555555556,109,373,0.29222520107238603,3.0275229357798166,1.5771914340412732,0.032063025086672095,0.2945048230183215
K562,NR2F2,TF ChIP-seq,neg,powered,6,18,0.3333333333333333,51,373,0.13672922252010725,3.156862745098039,1.7032383514937657,0.03342646662929555,0.29606299014518916
K562,ARID2,TF ChIP-seq,neg,powered,5,18,0.2777777777777778,37,373,0.09919571045576407,3.492723492723493,1.870188120588265,0.03339304421046188,0.29606299014518916
K562,MEF2D,TF ChIP-seq,neg,powered,5,18,0.2777777777777778,38,373,0.10187667560321716,3.3906882591093117,1.827926531979111,0.036676732791653024,0.30329024270541904
K562,ZHX1,TF ChIP-seq,neg,powered,2,18,0.1111111111111111,5,373,0.013404825737265416,9.2,3.3436231659866813,0.0366883358111394,0.30329024270541904
K562,LEF1,TF ChIP-seq,neg,powered,6,18,0.3333333333333333,52,373,0.13941018766756033,3.0865384615384617,1.6710129380281922,0.036203092867257376,0.30329024270541904
K562,GATA2,TF ChIP-seq,neg,powered,5,18,0.2777777777777778,38,373,0.10187667560321716,3.3906882591093117,1.827926531979111,0.036676732791653024,0.30329024270541904
K562,HLTF,TF ChIP-seq,neg,powered,4,18,0.2222222222222222,26,373,0.06970509383378017,3.8131868131868134,2.024892719362411,0.04044040878165672,0.3288269304213399
K562,ARNT,TF ChIP-seq,neg,powered,5,18,0.2777777777777778,40,373,0.10723860589812333,3.201923076923077,1.746237064773789,0.043852087012670585,0.3452481771156287
K562,ZBTB40,TF ChIP-seq,neg,powered,5,18,0.2777777777777778,40,373,0.10723860589812333,3.201923076923077,1.746237064773789,0.043852087012670585,0.3452481771156287
K562,FOXJ3,TF ChIP-seq,neg,powered,1,18,0.05555555555555555,0,373,0.0,inf,6.000643916565426,0.04603580562659847,0.34829449101552157
K562,H3K9me1,Histone ChIP-seq,neg,powered,2,18,0.1111111111111111,6,373,0.0160857908847185,7.645833333333333,3.0986946971115437,0.04758787511500043,0.34829449101552157
K562,ETV5,TF ChIP-seq,neg,powered,5,18,0.2777777777777778,41,373,0.10991957104557641,3.1144465290806753,1.706715215515456,0.047750051187611824,0.34829449101552157
K562,POLR3A,TF ChIP-seq,neg,powered,1,18,0.05555555555555555,0,373,0.0,inf,6.000643916565426,0.04603580562659847,0.34829449101552157
K562,CDC5L,TF ChIP-seq,neg,powered,2,18,0.1111111111111111,6,373,0.0160857908847185,7.645833333333333,3.0986946971115437,0.04758787511500043,0.34829449101552157
K562,SOX6,TF ChIP-seq,neg,powered,8,18,0.4444444444444444,86,373,0.23056300268096513,2.6697674418604653,1.4279353366665921,0.04853814421208667,0.34891187723471
K562,ZNF7,TF ChIP-seq,neg,powered,4,18,0.2222222222222222,28,373,0.07506702412868632,3.520408163265306,1.911595892538257,0.049981466989685565,0.35415439466977194
K562,KDM1A,TF ChIP-seq,neg,powered,6,18,0.3333333333333333,57,373,0.15281501340482573,2.7719298245614037,1.5171551668503334,0.05243163747581064,0.3662829885634095
K562,ATF7,TF ChIP-seq,neg,powered,9,18,0.5,100,373,0.2680965147453083,2.73,1.4443453316136279,0.05493801923748848,0.37327750057252446
K562,DPF2,TF ChIP-seq,neg,powered,9,18,0.5,100,373,0.2680965147453083,2.73,1.4443453316136279,0.05493801923748848,0.37327750057252446
K562,NFATC3,TF ChIP-seq,neg,powered,3,18,0.16666666666666666,17,373,0.045576407506702415,4.188235294117647,2.2016338611696504,0.05707643131177872,0.3774654657418966
K562,ATF3,TF ChIP-seq,neg,powered,7,18,0.3888888888888889,67,373,0.17962466487935658,2.9063772048846674,1.5662563061914563,0.05642913519687155,0.3774654657418966
K562,FOXJ2,TF ChIP-seq,neg,powered,4,18,0.2222222222222222,30,373,0.08042895442359249,3.2666666666666666,1.8053729575699542,0.06071031576714962,0.3811685648165343
K562,TAF1,TF ChIP-seq,neg,powered,4,18,0.2222222222222222,30,373,0.08042895442359249,3.2666666666666666,1.8053729575699542,0.06071031576714962,0.3811685648165343
K562,SMAD5,TF ChIP-seq,neg,powered,4,18,0.2222222222222222,30,373,0.08042895442359249,3.2666666666666666,1.8053729575699542,0.06071031576714962,0.3811685648165343
K562,CHAMP1,TF ChIP-seq,neg,powered,2,18,0.1111111111111111,7,373,0.01876675603217158,6.535714285714286,2.8883127680542025,0.05952411062269754,0.3811685648165343
K562,ZNF644,TF ChIP-seq,neg,powered,4,18,0.2222222222222222,31,373,0.08310991957104558,3.152073732718894,1.754624260662713,0.06651974678267498,0.41242243005258494
K562,SMARCE1,TF ChIP-seq,neg,powered,7,18,0.3888888888888889,73,373,0.19571045576407506,2.61519302615193,1.4148774754263267,0.0674470060676194,0.41300882727826205
K562,ZNF317,TF ChIP-seq,neg,powered,3,18,0.16666666666666666,19,373,0.05093833780160858,3.7263157894736842,2.0373982100479964,0.07270968515898286,0.4293333790339941
K562,NR3C1,TF ChIP-seq,neg,powered,2,18,0.1111111111111111,8,373,0.021447721179624665,5.703125,2.703798730231007,0.07238993515226373,0.4293333790339941
K562,THRB,TF ChIP-seq,neg,powered,3,18,0.16666666666666666,19,373,0.05093833780160858,3.7263157894736842,2.0373982100479964,0.07270968515898286,0.4293333790339941
K562,BHLHE40,TF ChIP-seq,neg,powered,7,18,0.3888888888888889,77,373,0.2064343163538874,2.446280991735537,1.3190925288232715,0.07852089331399166,0.4581925068675278
K562,NFXL1,TF ChIP-seq,neg,powered,2,18,0.1111111111111111,9,373,0.024128686327077747,5.055555555555555,2.5393814664122605,0.08608496563722044,0.4907832523685211
K562,NUFIP1,TF ChIP-seq,neg,powered,2,18,0.1111111111111111,9,373,0.024128686327077747,5.055555555555555,2.5393814664122605,0.08608496563722044,0.4907832523685211
K562,KDM4B,TF ChIP-seq,neg,powered,1,18,0.05555555555555555,1,373,0.002680965147453083,21.88235294117647,4.4118135984045574,0.09006492228998624,0.5019348478183502
K562,MCM2,TF ChIP-seq,neg,powered,1,18,0.05555555555555555,1,373,0.002680965147453083,21.88235294117647,4.4118135984045574,0.09006492228998624,0.5019348478183502
K562,TARDBP,TF ChIP-seq,neg,powered,4,18,0.2222222222222222,35,373,0.0938337801608579,2.759183673469388,1.5652089103850548,0.09267681884859433,0.5107522460989198
K562,VEZF1,TF ChIP-seq,neg,powered,8,18,0.4444444444444444,95,373,0.2546916890080429,2.3410526315789473,1.239250107775862,0.09760912969959182,0.5320233882527202
K562,ARID3A,TF ChIP-seq,neg,powered,3,18,0.16666666666666666,22,373,0.058981233243967826,3.190909090909091,1.8186863944135894,0.09945444859771085,0.536081082783445
K562,FOXP4,TF ChIP-seq,neg,powered,2,18,0.1111111111111111,10,373,0.02680965147453083,4.5375,2.3910281066697427,0.10051520302189594,0.536081082783445
K562,NONO,TF ChIP-seq,neg,powered,4,18,0.2222222222222222,37,373,0.09919571045576407,2.5945945945945947,1.4775880104291765,0.10745474142773594,0.5431906228101532
K562,CC2D1A,TF ChIP-seq,neg,powered,6,18,0.3333333333333333,64,373,0.17158176943699732,2.4140625,1.3191518721573778,0.10841909608509105,0.5431906228101532
K562,KLF16,TF ChIP-seq,neg,powered,6,18,0.3333333333333333,63,373,0.16890080428954424,2.4603174603174605,1.346348299814683,0.10521344156429326,0.5431906228101532
K562,ELF1,TF ChIP-seq,neg,powered,4,18,0.2222222222222222,37,373,0.09919571045576407,2.5945945945945947,1.4775880104291765,0.10745474142773594,0.5431906228101532
K562,PKNOX1,TF ChIP-seq,neg,powered,8,18,0.4444444444444444,98,373,0.26273458445040215,2.2448979591836733,1.1790021075863606,0.10498948841982836,0.5431906228101532
K562,ZNF282,TF ChIP-seq,neg,powered,4,18,0.2222222222222222,37,373,0.09919571045576407,2.5945945945945947,1.4775880104291765,0.10745474142773594,0.5431906228101532
K562,CXXC5,TF ChIP-seq,neg,powered,8,18,0.4444444444444444,100,373,0.2680965147453083,2.184,1.139490750085207,0.1108708116192223,0.5499192256313427
K562,BACH1,TF ChIP-seq,neg,powered,2,18,0.1111111111111111,11,373,0.029490616621983913,4.113636363636363,2.255809204374193,0.1155927069911083,0.5620978692900952
K562,NCOA6,TF ChIP-seq,neg,powered,2,18,0.1111111111111111,11,373,0.029490616621983913,4.113636363636363,2.255809204374193,0.1155927069911083,0.5620978692900952
K562,NEUROD1,TF ChIP-seq,neg,powered,4,18,0.2222222222222222,39,373,0.10455764075067024,2.446886446886447,1.3940256587790982,0.12330957896758453,0.5833867210732975
K562,SMARCC2,TF ChIP-seq,neg,powered,4,18,0.2222222222222222,39,373,0.10455764075067024,2.446886446886447,1.3940256587790982,0.12330957896758453,0.5833867210732975
K562,RCOR1,TF ChIP-seq,neg,powered,9,18,0.5,118,373,0.3163538873994638,2.1610169491525424,1.1084362320393624,0.12349920506591983,0.5833867210732975
K562,TAF9B,TF ChIP-seq,neg,powered,3,18,0.16666666666666666,25,373,0.06702412868632708,2.784,1.6257481155676563,0.1297567014534365,0.5905969739946294
K562,CUX1,TF ChIP-seq,neg,powered,2,18,0.1111111111111111,12,373,0.032171581769437,3.7604166666666665,2.131529622705302,0.1312352849626942,0.5905969739946294
K562,CBX5,TF ChIP-seq,neg,powered,2,18,0.1111111111111111,12,373,0.032171581769437,3.7604166666666665,2.131529622705302,0.1312352849626942,0.5905969739946294
K562,MIER1,TF ChIP-seq,neg,powered,2,18,0.1111111111111111,12,373,0.032171581769437,3.7604166666666665,2.131529622705302,0.1312352849626942,0.5905969739946294
K562,MCM7,TF ChIP-seq,neg,powered,1,18,0.05555555555555555,2,373,0.005361930294906166,10.911764705882353,3.6709697894274234,0.13216988732541102,0.5905969739946294
K562,ZNF280A,TF ChIP-seq,neg,powered,1,18,0.05555555555555555,2,373,0.005361930294906166,10.911764705882353,3.6709697894274234,0.13216988732541102,0.5905969739946294
K562,EP300,TF ChIP-seq,neg,powered,6,18,0.3333333333333333,71,373,0.1903485254691689,2.1267605633802815,1.1375035237499351,0.13783187289622628,0.604996539438303
K562,EP400,TF ChIP-seq,neg,powered,6,18,0.3333333333333333,71,373,0.1903485254691689,2.1267605633802815,1.1375035237499351,0.13783187289622628,0.604996539438303
K562,DIDO1,TF ChIP-seq,neg,powered,2,18,0.1111111111111111,13,373,0.03485254691689008,3.4615384615384617,2.016501922606263,0.14736619479097302,0.6400770199504386
K562,NR2F1,TF ChIP-seq,neg,powered,7,18,0.3888888888888889,84,373,0.225201072386059,2.1893939393939394,1.159868741258558,0.14840495422237993,0.6400770199504386
K562,CBFA2T2,TF ChIP-seq,neg,powered,7,18,0.3888888888888889,86,373,0.23056300268096513,2.123678646934461,1.1161185577465185,0.15361994019390557,0.6402982381191358
K562,ZNF592,TF ChIP-seq,neg,powered,7,18,0.3888888888888889,86,373,0.23056300268096513,2.123678646934461,1.1161185577465185,0.15361994019390557,0.6402982381191358
K562,H3K36me3,Histone ChIP-seq,neg,powered,3,18,0.16666666666666666,27,373,0.07238605898123325,2.562962962962963,1.508510440283283,0.15168641439552435,0.6402982381191358
K562,ZNF318,TF ChIP-seq,neg,powered,3,18,0.16666666666666666,27,373,0.07238605898123325,2.562962962962963,1.508510440283283,0.15168641439552435,0.6402982381191358
K562,TEAD4,TF ChIP-seq,neg,powered,7,18,0.3888888888888889,88,373,0.2359249329758713,2.0609504132231407,1.073070024831351,0.15984510407404168,0.6552328233117741
K562,ZNF766,TF ChIP-seq,neg,powered,5,18,0.2777777777777778,52,373,0.13941018766756033,2.3742603550295858,1.3189735261356534,0.15950101953450646,0.6552328233117741
K562,FOXM1,TF ChIP-seq,neg,powered,3,18,0.16666666666666666,28,373,0.07506702412868632,2.4642857142857144,1.4528104978942458,0.16311037104641413,0.663137246221487
K562,HCFC1,TF ChIP-seq,neg,powered,3,18,0.16666666666666666,29,373,0.0777479892761394,2.372413793103448,1.398875735013179,0.17481336112124815,0.702737739825462
K562,ETV1,TF ChIP-seq,neg,powered,5,18,0.2777777777777778,56,373,0.15013404825737264,2.177197802197802,1.1949779357181693,0.1756844349563655,0.702737739825462
K562,PBX2,TF ChIP-seq,neg,powered,5,18,0.2777777777777778,58,373,0.1554959785522788,2.0888594164456236,1.1356755918729733,0.1857859361000454,0.7371985944449801
K562,ATF2,TF ChIP-seq,neg,powered,3,18,0.16666666666666666,31,373,0.08310991957104558,2.206451612903226,1.2958388660187017,0.19897477393665292,0.7770983297053531
K562,ATF4,TF ChIP-seq,neg,powered,3,18,0.16666666666666666,31,373,0.08310991957104558,2.206451612903226,1.2958388660187017,0.19897477393665292,0.7770983297053531
K562,TFAP4,TF ChIP-seq,neg,powered,9,18,0.5,125,373,0.3351206434316354,1.984,0.9855584876115142,0.20210743994040312,0.7831663297690621
K562,IFI16,TF ChIP-seq,neg,powered,1,18,0.05555555555555555,4,373,0.010723860589812333,5.426470588235294,2.8151850364800284,0.21092167290376918,0.7943230805699987
K562,MAFF,TF ChIP-seq,neg,powered,3,18,0.16666666666666666,32,373,0.08579088471849866,2.13125,1.246532566932365,0.21139243273233835,0.7943230805699987
K562,THAP7,TF ChIP-seq,neg,powered,1,18,0.05555555555555555,4,373,0.010723860589812333,5.426470588235294,2.8151850364800284,0.21092167290376918,0.7943230805699987
K562,KLF13,TF ChIP-seq,neg,powered,3,18,0.16666666666666666,32,373,0.08579088471849866,2.13125,1.246532566932365,0.21139243273233835,0.7943230805699987
K562,CTCF,TF ChIP-seq,neg,powered,9,18,0.5,131,373,0.3512064343163539,1.8473282442748091,0.8829219477821878,0.21473024358683113,0.7945154070321826
K562,CBX1,TF ChIP-seq,neg,powered,2,18,0.1111111111111111,17,373,0.045576407506702415,2.6176470588235294,1.6260092250278306,0.21541351502276318,0.7945154070321826
K562,DEAF1,TF ChIP-seq,neg,powered,5,18,0.2777777777777778,63,373,0.16890080428954424,1.8925518925518925,0.9943088879221443,0.2162491531236787,0.7945154070321826
K562,MTA3,TF ChIP-seq,neg,powered,6,18,0.3333333333333333,72,373,0.19302949061662197,2.0902777777777777,1.1126886302515178,0.2211190806324895,0.8064342940714324
K562,ZNF740,TF ChIP-seq,neg,powered,2,18,0.1111111111111111,19,373,0.05093833780160858,2.3289473684210527,1.4617735739061768,0.2507268202579694,0.8075357327789143
K562,RFX5,TF ChIP-seq,neg,powered,1,18,0.05555555555555555,5,373,0.013404825737265416,4.329411764705882,2.5217686742339622,0.24771807157665046,0.8075357327789143
K562,DACH1,TF ChIP-seq,neg,powered,4,18,0.2222222222222222,42,373,0.1126005361930295,2.251700680272109,1.2754181302896264,0.24856717360839525,0.8075357327789143
K562,HNRNPL,TF ChIP-seq,neg,powered,2,18,0.1111111111111111,18,373,0.04825737265415549,2.4652777777777777,1.5417863595193744,0.23300652432398364,0.8075357327789143
K562,ZBTB34,TF ChIP-seq,neg,powered,1,18,0.05555555555555555,5,373,0.013404825737265416,4.329411764705882,2.5217686742339622,0.24771807157665046,0.8075357327789143
K562,ZFP36,TF ChIP-seq,neg,powered,3,18,0.16666666666666666,34,373,0.09115281501340483,1.9941176470588236,1.1519019191372917,0.23680074958685868,0.8075357327789143
K562,DMTF1,TF ChIP-seq,neg,powered,1,18,0.05555555555555555,5,373,0.013404825737265416,4.329411764705882,2.5217686742339622,0.24771807157665046,0.8075357327789143
K562,THRAP3,TF ChIP-seq,neg,powered,1,18,0.05555555555555555,5,373,0.013404825737265416,4.329411764705882,2.5217686742339622,0.24771807157665046,0.8075357327789143
K562,ELK1,TF ChIP-seq,neg,powered,1,18,0.05555555555555555,5,373,0.013404825737265416,4.329411764705882,2.5217686742339622,0.24771807157665046,0.8075357327789143
K562,H3K4me2,Histone ChIP-seq,neg,powered,12,18,0.6666666666666666,188,373,0.5040214477211796,1.9680851063829787,0.9202711349857715,0.22914526803320814,0.8075357327789143
K562,ESRRA,TF ChIP-seq,neg,powered,6,18,0.3333333333333333,74,373,0.19839142091152814,2.02027027027027,1.0638272006929916,0.22560432745524855,0.8075357327789143
K562,NFIC,TF ChIP-seq,neg,powered,6,18,0.3333333333333333,74,373,0.19839142091152814,2.02027027027027,1.0638272006929916,0.22560432745524855,0.8075357327789143
K562,NR2C2,TF ChIP-seq,neg,powered,6,18,0.3333333333333333,75,373,0.20107238605898123,1.9866666666666666,1.0397659103060937,0.22834003947020726,0.8075357327789143
K562,ASH1L,TF ChIP-seq,neg,powered,1,18,0.05555555555555555,5,373,0.013404825737265416,4.329411764705882,2.5217686742339622,0.24771807157665046,0.8075357327789143
K562,GATA1,TF ChIP-seq,neg,powered,3,18,0.16666666666666666,34,373,0.09115281501340483,1.9941176470588236,1.1519019191372917,0.23680074958685868,0.8075357327789143
K562,ARHGAP35,TF ChIP-seq,neg,powered,1,18,0.05555555555555555,5,373,0.013404825737265416,4.329411764705882,2.5217686742339622,0.24771807157665046,0.8075357327789143
K562,HSF4,TF ChIP-seq,neg,powered,1,18,0.05555555555555555,5,373,0.013404825737265416,4.329411764705882,2.5217686742339622,0.24771807157665046,0.8075357327789143
K562,MXI1,TF ChIP-seq,neg,powered,2,18,0.1111111111111111,19,373,0.05093833780160858,2.3289473684210527,1.4617735739061768,0.2507268202579694,0.8075357327789143
K562,XRCC5,TF ChIP-seq,neg,powered,4,18,0.2222222222222222,43,373,0.11528150134048257,2.1926910299003324,1.2375069719737035,0.25240749503644494,0.8077039841166238
K562,CREB3L1,TF ChIP-seq,neg,powered,4,18,0.2222222222222222,45,373,0.12064343163538874,2.0825396825396827,1.1638989264383734,0.2615070685112146,0.8157704778714618
K562,SPI1,TF ChIP-seq,neg,powered,4,18,0.2222222222222222,45,373,0.12064343163538874,2.0825396825396827,1.1638989264383734,0.2615070685112146,0.8157704778714618
K562,ZBTB2,TF ChIP-seq,neg,powered,4,18,0.2222222222222222,44,373,0.11796246648793565,2.1363636363636362,1.2003452303563944,0.25672782305441866,0.8157704778714618
K562,ZNF384,TF ChIP-seq,neg,powered,4,18,0.2222222222222222,45,373,0.12064343163538874,2.0825396825396827,1.1638989264383734,0.2615070685112146,0.8157704778714618
K562,MECOM,TF ChIP-seq,neg,powered,2,18,0.1111111111111111,20,373,0.05361930294906166,2.20625,1.385548375720224,0.26852853376786806,0.8221614367213739
K562,ZNF511,TF ChIP-seq,neg,powered,2,18,0.1111111111111111,20,373,0.05361930294906166,2.20625,1.385548375720224,0.26852853376786806,0.8221614367213739
K562,CHD2,TF ChIP-seq,neg,powered,2,18,0.1111111111111111,20,373,0.05361930294906166,2.20625,1.385548375720224,0.26852853376786806,0.8221614367213739
K562,ZNF700,TF ChIP-seq,neg,powered,1,18,0.05555555555555555,6,373,0.0160857908847185,3.5980392156862746,2.276840205358824,0.28288969420423554,0.8355245494913202
K562,ZNF311,TF ChIP-seq,neg,powered,2,18,0.1111111111111111,21,373,0.05630026809651475,2.0952380952380953,1.3127486681129668,0.2863693012369444,0.8355245494913202
K562,IRF9,TF ChIP-seq,neg,powered,2,18,0.1111111111111111,21,373,0.05630026809651475,2.0952380952380953,1.3127486681129668,0.2863693012369444,0.8355245494913202
K562,KHSRP,TF ChIP-seq,neg,powered,1,18,0.05555555555555555,6,373,0.0160857908847185,3.5980392156862746,2.276840205358824,0.28288969420423554,0.8355245494913202
K562,NCOA4,TF ChIP-seq,neg,powered,1,18,0.05555555555555555,6,373,0.0160857908847185,3.5980392156862746,2.276840205358824,0.28288969420423554,0.8355245494913202
K562,THRA,TF ChIP-seq,neg,powered,1,18,0.05555555555555555,6,373,0.0160857908847185,3.5980392156862746,2.276840205358824,0.28288969420423554,0.8355245494913202
K562,FOXP1,TF ChIP-seq,neg,powered,2,18,0.1111111111111111,21,373,0.05630026809651475,2.0952380952380953,1.3127486681129668,0.2863693012369444,0.8355245494913202
K562,ZNF281,TF ChIP-seq,neg,powered,7,18,0.3888888888888889,99,373,0.26541554959785524,1.761248852157943,0.8473663580130555,0.2791451112916022,0.8355245494913202
K562,FOXK2,TF ChIP-seq,neg,powered,4,18,0.2222222222222222,50,373,0.13404825737265416,1.8457142857142856,0.9913544255554531,0.29156504211625067,0.8407922144747694
K562,ZNF589,TF ChIP-seq,neg,powered,4,18,0.2222222222222222,50,373,0.13404825737265416,1.8457142857142856,0.9913544255554531,0.29156504211625067,0.8407922144747694
K562,CREM,TF ChIP-seq,neg,powered,7,18,0.3888888888888889,103,373,0.2761394101876676,1.6681376875551632,0.7693264658789957,0.2937588414899936,0.842221880803681
K562,PHF20,TF ChIP-seq,neg,powered,2,18,0.1111111111111111,22,373,0.058981233243967826,1.9943181818181819,1.2430617582717696,0.30421006870602096,0.8622182518753508
K562,SP1,TF ChIP-seq,neg,powered,2,18,0.1111111111111111,22,373,0.058981233243967826,1.9943181818181819,1.2430617582717696,0.30421006870602096,0.8622182518753508
K562,YY1,TF ChIP-seq,neg,powered,4,18,0.2222222222222222,53,373,0.14209115281501342,1.725067385444744,0.8946575665323343,0.3138101660599262,0.884374104350701
K562,CLOCK,TF ChIP-seq,neg,powered,1,18,0.05555555555555555,7,373,0.01876675603217158,3.0756302521008405,2.066458276301483,0.316504239788412,0.8869271352262845
K562,NFE2,TF ChIP-seq,neg,powered,4,18,0.2222222222222222,54,373,0.1447721179624665,1.687830687830688,0.8634318024848082,0.3218114809624911,0.8873299610980021
K562,CTBP1,TF ChIP-seq,neg,powered,9,18,0.5,138,373,0.3699731903485255,1.7028985507246377,0.7658410835635948,0.32072163740620485,0.8873299610980021
K562,SIN3A,TF ChIP-seq,neg,powered,2,18,0.1111111111111111,23,373,0.06166219839142091,1.9021739130434783,1.1762157578618948,0.3220149052371782,0.8873299610980021
K562,POLR2AphosphoS5,TF ChIP-seq,neg,powered,4,18,0.2222222222222222,55,373,0.14745308310991956,1.651948051948052,0.8326777022209347,0.3300752041930723,0.899545611427274
K562,C11orf30,TF ChIP-seq,neg,powered,4,18,0.2222222222222222,55,373,0.14745308310991956,1.651948051948052,0.8326777022209347,0.3300752041930723,0.899545611427274
K562,GTF2E2,TF ChIP-seq,neg,powered,2,18,0.1111111111111111,24,373,0.064343163538874,1.8177083333333333,1.1119727767891372,0.33975082505134313,0.9011572685853807
K562,GABPB1,TF ChIP-seq,neg,powered,5,18,0.2777777777777778,65,373,0.1742627345844504,1.8224852071005917,0.9402477940857964,0.33921434005360085,0.9011572685853807
K562,CBFB,TF ChIP-seq,neg,powered,2,18,0.1111111111111111,24,373,0.064343163538874,1.8177083333333333,1.1119727767891372,0.33975082505134313,0.9011572685853807
K562,HDAC3,TF ChIP-seq,neg,powered,2,18,0.1111111111111111,24,373,0.064343163538874,1.8177083333333333,1.1119727767891372,0.33975082505134313,0.9011572685853807
K562,SKIL,TF ChIP-seq,neg,powered,5,18,0.2777777777777778,65,373,0.1742627345844504,1.8224852071005917,0.9402477940857964,0.33921434005360085,0.9011572685853807
K562,ZNF257,TF ChIP-seq,neg,powered,1,18,0.05555555555555555,8,373,0.021447721179624665,2.6838235294117645,1.8819442384782876,0.34862675593412645,0.9100993207543512
K562,ZNF75A,TF ChIP-seq,neg,powered,1,18,0.05555555555555555,8,373,0.021447721179624665,2.6838235294117645,1.8819442384782876,0.34862675593412645,0.9100993207543512
K562,HEY1,TF ChIP-seq,neg,powered,1,18,0.05555555555555555,8,373,0.021447721179624665,2.6838235294117645,1.8819442384782876,0.34862675593412645,0.9100993207543512
K562,RELA,TF ChIP-seq,neg,powered,2,18,0.1111111111111111,25,373,0.06702412868632708,1.74,1.0501234794258363,0.3573876180807938,0.9280851233930562
K562,NRF1,TF ChIP-seq,neg,powered,5,18,0.2777777777777778,73,373,0.19571045576407506,1.5806111696522656,0.7360929523486498,0.3732803646656786,0.955670035290347
K562,PHF21A,TF ChIP-seq,neg,powered,0,18,0.0,31,373,0.08310991957104558,0.0,-1.7667731112809772,0.3814625539859797,0.955670035290347
K562,MBD1,TF ChIP-seq,neg,powered,1,18,0.05555555555555555,9,373,0.024128686327077747,2.3790849673202614,1.7175269746595414,0.37931973602100005,0.955670035290347
K562,HDAC1,TF ChIP-seq,neg,powered,0,18,0.0,30,373,0.08042895442359249,0.0,-1.716024414373736,0.3814973124747756,0.955670035290347
K562,NCOA2,TF ChIP-seq,neg,powered,1,18,0.05555555555555555,9,373,0.024128686327077747,2.3790849673202614,1.7175269746595414,0.37931973602100005,0.955670035290347
K562,POLR2B,TF ChIP-seq,neg,powered,2,18,0.1111111111111111,26,373,0.06970509383378017,1.6682692307692308,0.9904826885765796,0.3748976885905906,0.955670035290347
K562,ZNF609,TF ChIP-seq,neg,powered,1,18,0.05555555555555555,9,373,0.024128686327077747,2.3790849673202614,1.7175269746595414,0.37931973602100005,0.955670035290347
K562,PRDM10,TF ChIP-seq,neg,powered,5,18,0.2777777777777778,75,373,0.20107238605898123,1.528205128205128,0.6877264984135549,0.3847598713566416,0.9589994783562524
K562,KDM5B,TF ChIP-seq,neg,powered,0,18,0.0,36,373,0.09651474530831099,0.0,-2.000534232570774,0.39271554562028976,0.9642916367706125
K562,ZNF24,TF ChIP-seq,neg,powered,0,18,0.0,35,373,0.0938337801608579,0.0,-1.9561884615586351,0.38908466623432386,0.9642916367706125
K562,MNT,TF ChIP-seq,neg,powered,6,18,0.3333333333333333,86,373,0.23056300268096513,1.6686046511627908,0.7893734465613804,0.3910714763242076,0.9642916367706125
K562,USF2,TF ChIP-seq,neg,powered,1,18,0.05555555555555555,10,373,0.02680965147453083,2.135294117647059,1.569173614917024,0.40864321305937806,0.9697944195093374
K562,ZBED1,TF ChIP-seq,neg,powered,1,18,0.05555555555555555,10,373,0.02680965147453083,2.135294117647059,1.569173614917024,0.40864321305937806,0.9697944195093374
K562,ZNF79,TF ChIP-seq,neg,powered,1,18,0.05555555555555555,10,373,0.02680965147453083,2.135294117647059,1.569173614917024,0.40864321305937806,0.9697944195093374
K562,JUNB,TF ChIP-seq,neg,powered,1,18,0.05555555555555555,10,373,0.02680965147453083,2.135294117647059,1.569173614917024,0.40864321305937806,0.9697944195093374
K562,BCL6,TF ChIP-seq,neg,powered,1,18,0.05555555555555555,10,373,0.02680965147453083,2.135294117647059,1.569173614917024,0.40864321305937806,0.9697944195093374
K562,ZNF12,TF ChIP-seq,neg,powered,1,18,0.05555555555555555,10,373,0.02680965147453083,2.135294117647059,1.569173614917024,0.40864321305937806,0.9697944195093374
K562,PML,TF ChIP-seq,neg,powered,3,18,0.16666666666666666,35,373,0.0938337801608579,1.9314285714285715,1.1064235157410436,0.4017619182454881,0.9697944195093374
K562,TEAD2,TF ChIP-seq,neg,powered,0,18,0.0,21,373,0.05630026809651475,0.0,-1.1742386730448917,0.6125509412551469,1.0
K562,ZNF518B,TF ChIP-seq,neg,powered,0,18,0.0,2,373,0.005361930294906166,0.0,2.0058369400222844,1.0,1.0
K562,ZNF512,TF ChIP-seq,neg,powered,0,18,0.0,15,373,0.040214477211796246,0.0,-0.6778203673139201,1.0,1.0
K562,ZNF668,TF ChIP-seq,neg,powered,1,18,0.05555555555555555,13,373,0.03485254691689008,1.6289592760180995,1.1946474308535435,0.4889619323309966,1.0
K562,TFE3,TF ChIP-seq,neg,powered,1,18,0.05555555555555555,24,373,0.064343163538874,0.8553921568627451,0.29011828503641807,1.0,1.0
K562,TFDP1,TF ChIP-seq,neg,powered,2,18,0.1111111111111111,41,373,0.10991957104557641,1.0121951219512195,0.2797050745705361,1.0,1.0
K562,ZNF583,TF ChIP-seq,neg,powered,1,18,0.05555555555555555,26,373,0.06970509383378017,0.7850678733031674,0.16862819682386024,1.0,1.0
K562,TGIF2,TF ChIP-seq,neg,powered,0,18,0.0,5,373,0.013404825737265416,0.0,0.8566358248288226,1.0,1.0
K562,ZNF551,TF ChIP-seq,neg,powered,0,18,0.0,3,373,0.00804289544235925,0.0,1.5165214446192798,1.0,1.0
K562,THAP1,TF ChIP-seq,neg,powered,0,18,0.0,8,373,0.021447721179624665,0.0,0.21681138907314804,1.0,1.0
K562,ZNF561,TF ChIP-seq,neg,powered,0,18,0.0,5,373,0.013404825737265416,0.0,0.8566358248288226,1.0,1.0
K562,TEAD1,TF ChIP-seq,neg,powered,2,18,0.1111111111111111,44,373,0.11796246648793565,0.9346590909090909,0.1659351995705628,1.0,1.0
K562,ZNF57,TF ChIP-seq,neg,powered,0,18,0.0,5,373,0.013404825737265416,0.0,0.8566358248288226,1.0,1.0
K562,ZNF586,TF ChIP-seq,neg,powered,0,18,0.0,2,373,0.005361930294906166,0.0,2.0058369400222844,1.0,1.0
K562,ZNF584,TF ChIP-seq,neg,powered,1,18,0.05555555555555555,31,373,0.08310991957104558,0.6489563567362429,-0.10164026187583762,1.0,1.0
K562,TFCP2,TF ChIP-seq,neg,powered,1,18,0.05555555555555555,20,373,0.05361930294906166,1.0382352941176471,0.5636938839675049,1.0,1.0
K562,THAP12,TF ChIP-seq,neg,powered,1,18,0.05555555555555555,13,373,0.03485254691689008,1.6289592760180995,1.1946474308535435,0.4889619323309966,1.0
K562,ZFP1,TF ChIP-seq,neg,powered,0,18,0.0,6,373,0.0160857908847185,0.0,0.6117073559536848,1.0,1.0
K562,TCF7,TF ChIP-seq,neg,powered,0,18,0.0,11,373,0.029490616621983913,0.0,-0.23117813678366583,1.0,1.0
K562,ZSCAN29,TF ChIP-seq,neg,powered,0,18,0.0,15,373,0.040214477211796246,0.0,-0.6778203673139201,1.0,1.0
K562,SREBF1,TF ChIP-seq,neg,powered,0,18,0.0,8,373,0.021447721179624665,0.0,0.21681138907314804,1.0,1.0
K562,SREBF2,TF ChIP-seq,neg,powered,0,18,0.0,3,373,0.00804289544235925,0.0,1.5165214446192798,1.0,1.0
K562,ZNF84,TF ChIP-seq,neg,powered,0,18,0.0,10,373,0.02680965147453083,0.0,-0.09595923448811564,1.0,1.0
K562,ZNF830,TF ChIP-seq,neg,powered,1,18,0.05555555555555555,15,373,0.040214477211796246,1.4039215686274509,0.9873124820912194,0.5366581456843244,1.0
K562,SRF,TF ChIP-seq,neg,powered,0,18,0.0,6,373,0.0160857908847185,0.0,0.6117073559536848,1.0,1.0
K562,ZNF83,TF ChIP-seq,neg,powered,2,18,0.1111111111111111,32,373,0.08579088471849866,1.33203125,0.6709079307905448,0.6631710051670328,1.0
K562,ZNF785,TF ChIP-seq,neg,powered,0,18,0.0,2,373,0.005361930294906166,0.0,2.0058369400222844,1.0,1.0
K562,SRSF3,TF ChIP-seq,neg,powered,0,18,0.0,2,373,0.005361930294906166,0.0,2.0058369400222844,1.0,1.0
K562,STAG1,TF ChIP-seq,neg,powered,2,18,0.1111111111111111,38,373,0.10187667560321716,1.1019736842105263,0.40091639103419113,0.7049248433567608,1.0
K562,ZNF780A,TF ChIP-seq,neg,powered,0,18,0.0,4,373,0.010723860589812333,0.0,1.1500521870748888,1.0,1.0
K562,ZNF77,TF ChIP-seq,neg,powered,0,18,0.0,2,373,0.005361930294906166,0.0,2.0058369400222844,1.0,1.0
K562,SUPT5H,TF ChIP-seq,neg,powered,2,18,0.1111111111111111,36,373,0.09651474530831099,1.1701388888888888,0.48645310858708496,0.6905506775882263,1.0
K562,SUZ12,TF ChIP-seq,neg,powered,0,18,0.0,2,373,0.005361930294906166,0.0,2.0058369400222844,1.0,1.0
K562,TAF15,TF ChIP-seq,neg,powered,0,18,0.0,2,373,0.005361930294906166,0.0,2.0058369400222844,1.0,1.0
K562,TAF7,TF ChIP-seq,neg,powered,1,18,0.05555555555555555,14,373,0.03753351206434316,1.5084033613445378,1.0875464490879154,0.5133616278695696,1.0
K562,ZNF764,TF ChIP-seq,neg,powered,0,18,0.0,4,373,0.010723860589812333,0.0,1.1500521870748888,1.0,1.0
K562,ZNF76,TF ChIP-seq,neg,powered,1,18,0.05555555555555555,23,373,0.06166219839142091,0.8951406649616368,0.3543612661091754,1.0,1.0
K562,TBL1XR1,TF ChIP-seq,neg,powered,1,18,0.05555555555555555,23,373,0.06166219839142091,0.8951406649616368,0.3543612661091754,1.0,1.0
K562,ZNF717,TF ChIP-seq,neg,powered,0,18,0.0,2,373,0.005361930294906166,0.0,2.0058369400222844,1.0,1.0
K562,ZNF707,TF ChIP-seq,neg,powered,0,18,0.0,9,373,0.024128686327077747,0.0,0.052394125254401874,1.0,1.0
K562,TBPL1,TF ChIP-seq,neg,powered,0,18,0.0,11,373,0.029490616621983913,0.0,-0.23117813678366583,1.0,1.0
K562,TBX18,TF ChIP-seq,neg,powered,1,18,0.05555555555555555,18,373,0.04825737265415549,1.1601307189542485,0.7199318677666553,0.6003899538494708,1.0
K562,ZNF699,TF ChIP-seq,neg,powered,0,18,0.0,4,373,0.010723860589812333,0.0,1.1500521870748888,1.0,1.0
K562,ZNF696,TF ChIP-seq,neg,powered,0,18,0.0,1,373,0.002680965147453083,0.0,2.746680748999418,1.0,1.0
K562,TCF15,TF ChIP-seq,neg,powered,0,18,0.0,12,373,0.032171581769437,0.0,-0.35545771845255664,1.0,1.0
K562,ZNF695,TF ChIP-seq,neg,powered,0,18,0.0,9,373,0.024128686327077747,0.0,0.052394125254401874,1.0,1.0
K562,TCFL5,TF ChIP-seq,neg,powered,0,18,0.0,3,373,0.00804289544235925,0.0,1.5165214446192798,1.0,1.0
K562,ZNF449,TF ChIP-seq,neg,powered,1,18,0.05555555555555555,13,373,0.03485254691689008,1.6289592760180995,1.1946474308535435,0.4889619323309966,1.0
K562,USF1,TF ChIP-seq,neg,powered,1,18,0.05555555555555555,50,373,0.13404825737265416,0.38,-0.8649100969830975,0.48850121089108334,1.0
K562,TSC22D4,TF ChIP-seq,neg,powered,0,18,0.0,4,373,0.010723860589812333,0.0,1.1500521870748888,1.0,1.0
K562,ZNF215,TF ChIP-seq,neg,powered,1,18,0.05555555555555555,14,373,0.03753351206434316,1.5084033613445378,1.0875464490879154,0.5133616278695696,1.0
K562,ZBTB12,TF ChIP-seq,neg,powered,1,18,0.05555555555555555,28,373,0.07506702412868632,0.7247899159663865,0.05533136999970648,1.0,1.0
K562,ZNF212,TF ChIP-seq,neg,powered,0,18,0.0,7,373,0.01876675603217158,0.0,0.4013254268963436,1.0,1.0
K562,ZBTB17,TF ChIP-seq,neg,powered,1,18,0.05555555555555555,34,373,0.09115281501340483,0.5865051903114187,-0.2455772087572475,1.0,1.0
K562,ZNF197,TF ChIP-seq,neg,powered,2,18,0.1111111111111111,31,373,0.08310991957104558,1.3790322580645162,0.7202142298768816,0.6567795631398415,1.0
K562,ZBTB26,TF ChIP-seq,neg,powered,1,18,0.05555555555555555,12,373,0.032171581769437,1.7696078431372548,1.3096751309525827,0.4634100289475463,1.0
K562,ZNF175,TF ChIP-seq,neg,powered,2,18,0.1111111111111111,47,373,0.1260053619302949,0.8670212765957447,0.058617548744391935,1.0,1.0
K562,ZNF165,TF ChIP-seq,neg,powered,0,18,0.0,11,373,0.029490616621983913,0.0,-0.23117813678366583,1.0,1.0
K562,ZNF148,TF ChIP-seq,neg,powered,3,18,0.16666666666666666,56,373,0.15013404825737264,1.1321428571428571,0.34359243091506947,0.742333065862296,1.0
K562,ZNF146,TF ChIP-seq,neg,powered,0,18,0.0,1,373,0.002680965147453083,0.0,2.746680748999418,1.0,1.0
K562,ZNF143,TF ChIP-seq,neg,powered,0,18,0.0,14,373,0.03753351206434316,0.0,-0.5775864003172241,1.0,1.0
K562,ZNF140,TF ChIP-seq,neg,powered,0,18,0.0,1,373,0.002680965147453083,0.0,2.746680748999418,1.0,1.0
K562,ZBTB43,TF ChIP-seq,neg,powered,0,18,0.0,11,373,0.029490616621983913,0.0,-0.23117813678366583,1.0,1.0
K562,ZNF224,TF ChIP-seq,neg,powered,0,18,0.0,3,373,0.00804289544235925,0.0,1.5165214446192798,1.0,1.0
K562,ZBTB49,TF ChIP-seq,neg,powered,0,18,0.0,2,373,0.005361930294906166,0.0,2.0058369400222844,1.0,1.0
K562,ZBTB7A,TF ChIP-seq,neg,powered,5,18,0.2777777777777778,78,373,0.20911528150134048,1.4546351084812623,0.6169376877597341,0.5536394948883231,1.0
K562,ZNF134,TF ChIP-seq,neg,powered,0,18,0.0,15,373,0.040214477211796246,0.0,-0.6778203673139201,1.0,1.0
K562,ZNF133,TF ChIP-seq,neg,powered,0,18,0.0,5,373,0.013404825737265416,0.0,0.8566358248288226,1.0,1.0
K562,ZNF124,TF ChIP-seq,neg,powered,0,18,0.0,2,373,0.005361930294906166,0.0,2.0058369400222844,1.0,1.0
K562,ZNF121,TF ChIP-seq,neg,powered,0,18,0.0,13,373,0.03485254691689008,0.0,-0.4704854185515957,1.0,1.0
K562,ZBTB9,TF ChIP-seq,neg,powered,2,18,0.1111111111111111,38,373,0.10187667560321716,1.1019736842105263,0.40091639103419113,0.7049248433567608,1.0
K562,ZC3H11A,TF ChIP-seq,neg,powered,0,18,0.0,8,373,0.021447721179624665,0.0,0.21681138907314804,1.0,1.0
K562,ZKSCAN8,TF ChIP-seq,neg,powered,2,18,0.1111111111111111,31,373,0.08310991957104558,1.3790322580645162,0.7202142298768816,0.6567795631398415,1.0
K562,ZC3H4,TF ChIP-seq,neg,powered,0,18,0.0,8,373,0.021447721179624665,0.0,0.21681138907314804,1.0,1.0
K562,ZKSCAN3,TF ChIP-seq,neg,powered,0,18,0.0,5,373,0.013404825737265416,0.0,0.8566358248288226,1.0,1.0
K562,ZFX,TF ChIP-seq,neg,powered,1,18,0.05555555555555555,54,373,0.1447721179624665,0.3474945533769063,-0.9928327200537423,0.48834757304599496,1.0
K562,ZFPM2,TF ChIP-seq,neg,powered,0,18,0.0,5,373,0.013404825737265416,0.0,0.8566358248288226,1.0,1.0
K562,ZFP91,TF ChIP-seq,neg,powered,0,18,0.0,19,373,0.05093833780160858,0.0,-1.0252137672516821,1.0,1.0
K562,ZBTB5,TF ChIP-seq,neg,powered,0,18,0.0,7,373,0.01876675603217158,0.0,0.4013254268963436,1.0,1.0
K562,ZNF445,TF ChIP-seq,neg,powered,0,18,0.0,11,373,0.029490616621983913,0.0,-0.23117813678366583,1.0,1.0
K562,ZNF23,TF ChIP-seq,neg,powered,0,18,0.0,7,373,0.01876675603217158,0.0,0.4013254268963436,1.0,1.0
K562,ZBTB1,TF ChIP-seq,neg,powered,0,18,0.0,11,373,0.029490616621983913,0.0,-0.23117813678366583,1.0,1.0
K562,ZNF444,TF ChIP-seq,neg,powered,0,18,0.0,8,373,0.021447721179624665,0.0,0.21681138907314804,1.0,1.0
K562,ZNF436,TF ChIP-seq,neg,powered,0,18,0.0,3,373,0.00804289544235925,0.0,1.5165214446192798,1.0,1.0
K562,TSHZ1,TF ChIP-seq,neg,powered,0,18,0.0,7,373,0.01876675603217158,0.0,0.4013254268963436,1.0,1.0
K562,U2AF1,TF ChIP-seq,neg,powered,0,18,0.0,7,373,0.01876675603217158,0.0,0.4013254268963436,1.0,1.0
K562,UBTF,TF ChIP-seq,neg,powered,1,18,0.05555555555555555,46,373,0.12332439678284182,0.41815856777493604,-0.7281282309070289,0.7089219977359953,1.0
K562,ZNF431,TF ChIP-seq,neg,powered,0,18,0.0,14,373,0.03753351206434316,0.0,-0.5775864003172241,1.0,1.0
K562,ZFP30,TF ChIP-seq,neg,powered,0,18,0.0,1,373,0.002680965147453083,0.0,2.746680748999418,1.0,1.0
K562,ZNF41,TF ChIP-seq,neg,powered,0,18,0.0,18,373,0.04825737265415549,0.0,-0.9452009816384843,1.0,1.0
K562,ZNF407,TF ChIP-seq,neg,powered,0,18,0.0,3,373,0.00804289544235925,0.0,1.5165214446192798,1.0,1.0
K562,ZNF398,TF ChIP-seq,neg,powered,0,18,0.0,4,373,0.010723860589812333,0.0,1.1500521870748888,1.0,1.0
K562,WHSC1,TF ChIP-seq,neg,powered,0,18,0.0,4,373,0.010723860589812333,0.0,1.1500521870748888,1.0,1.0
K562,ZNF397,TF ChIP-seq,neg,powered,0,18,0.0,11,373,0.029490616621983913,0.0,-0.23117813678366583,1.0,1.0
K562,ZNF395,TF ChIP-seq,neg,powered,2,18,0.1111111111111111,58,373,0.1554959785522788,0.6788793103448276,-0.2913345490719466,1.0,1.0
K562,ZBTB11,TF ChIP-seq,neg,powered,0,18,0.0,4,373,0.010723860589812333,0.0,1.1500521870748888,1.0,1.0
K562,ZNF354C,TF ChIP-seq,neg,powered,0,18,0.0,4,373,0.010723860589812333,0.0,1.1500521870748888,1.0,1.0
K562,XRCC3,TF ChIP-seq,neg,powered,0,18,0.0,1,373,0.002680965147453083,0.0,2.746680748999418,1.0,1.0
K562,ZNF347,TF ChIP-seq,neg,powered,0,18,0.0,1,373,0.002680965147453083,0.0,2.746680748999418,1.0,1.0
K562,ZNF324,TF ChIP-seq,neg,powered,0,18,0.0,8,373,0.021447721179624665,0.0,0.21681138907314804,1.0,1.0
K562,XRCC4,TF ChIP-seq,neg,powered,0,18,0.0,1,373,0.002680965147453083,0.0,2.746680748999418,1.0,1.0
K562,ZNF316,TF ChIP-seq,neg,powered,4,18,0.2222222222222222,58,373,0.1554959785522788,1.5517241379310345,0.7430754817138847,0.5044276283964317,1.0
K562,ZNF3,TF ChIP-seq,neg,powered,0,18,0.0,3,373,0.00804289544235925,0.0,1.5165214446192798,1.0,1.0
K562,YBX1,TF ChIP-seq,neg,powered,0,18,0.0,2,373,0.005361930294906166,0.0,2.0058369400222844,1.0,1.0
K562,YBX3,TF ChIP-seq,neg,powered,0,18,0.0,2,373,0.005361930294906166,0.0,2.0058369400222844,1.0,1.0
K562,ZNF274,TF ChIP-seq,neg,powered,0,18,0.0,7,373,0.01876675603217158,0.0,0.4013254268963436,1.0,1.0
K562,ZNF263,TF ChIP-seq,neg,powered,3,18,0.16666666666666666,55,373,0.14745308310991956,1.1563636363636363,0.3738923075769232,0.7385031237305377,1.0
K562,ZNF253,TF ChIP-seq,neg,powered,0,18,0.0,3,373,0.00804289544235925,0.0,1.5165214446192798,1.0,1.0
K562,ZNF239,TF ChIP-seq,neg,powered,0,18,0.0,20,373,0.05361930294906166,0.0,-1.1014389654376346,0.6132806004994874,1.0
K562,ZNF232,TF ChIP-seq,neg,powered,0,18,0.0,8,373,0.021447721179624665,0.0,0.21681138907314804,1.0,1.0
K562,ZNF354B,TF ChIP-seq,neg,powered,0,18,0.0,3,373,0.00804289544235925,0.0,1.5165214446192798,1.0,1.0
K562,ZMYM3,TF ChIP-seq,neg,powered,0,18,0.0,22,373,0.058981233243967826,0.0,-1.2439255828860891,0.6127504002300477,1.0
K562,PATZ1,TF ChIP-seq,neg,powered,0,18,0.0,12,373,0.032171581769437,0.0,-0.35545771845255664,1.0,1.0
K562,SNRNP70,TF ChIP-seq,neg,powered,0,18,0.0,3,373,0.00804289544235925,0.0,1.5165214446192798,1.0,1.0
K562,GTF3C2,TF ChIP-seq,neg,powered,0,18,0.0,2,373,0.005361930294906166,0.0,2.0058369400222844,1.0,1.0
K562,GTF2I,TF ChIP-seq,neg,powered,0,18,0.0,22,373,0.058981233243967826,0.0,-1.2439255828860891,0.6127504002300477,1.0
K562,GTF2F1,TF ChIP-seq,neg,powered,0,18,0.0,6,373,0.0160857908847185,0.0,0.6117073559536848,1.0,1.0
K562,GTF2A2,TF ChIP-seq,neg,powered,0,18,0.0,14,373,0.03753351206434316,0.0,-0.5775864003172241,1.0,1.0
K562,GMEB1,TF ChIP-seq,neg,powered,1,18,0.05555555555555555,21,373,0.05630026809651475,0.9859943977591037,0.4908941763602477,1.0,1.0
K562,GATAD2B,TF ChIP-seq,neg,powered,1,18,0.05555555555555555,31,373,0.08310991957104558,0.6489563567362429,-0.10164026187583762,1.0,1.0
K562,GABPB2,TF ChIP-seq,neg,powered,0,18,0.0,2,373,0.005361930294906166,0.0,2.0058369400222844,1.0,1.0
K562,GABPA,TF ChIP-seq,neg,powered,3,18,0.16666666666666666,61,373,0.16353887399463807,1.022950819672131,0.1983564858809385,1.0,1.0
K562,FUS,TF ChIP-seq,neg,powered,0,18,0.0,6,373,0.0160857908847185,0.0,0.6117073559536848,1.0,1.0
K562,FOXO4,TF ChIP-seq,neg,powered,0,18,0.0,10,373,0.02680965147453083,0.0,-0.09595923448811564,1.0,1.0
K562,FOXK1,TF ChIP-seq,neg,powered,0,18,0.0,12,373,0.032171581769437,0.0,-0.35545771845255664,1.0,1.0
K562,FOXA3,TF ChIP-seq,neg,powered,1,18,0.05555555555555555,15,373,0.040214477211796246,1.4039215686274509,0.9873124820912194,0.5366581456843244,1.0
K562,FOXA1,TF ChIP-seq,neg,powered,0,18,0.0,2,373,0.005361930294906166,0.0,2.0058369400222844,1.0,1.0
K562,FOSL1,TF ChIP-seq,neg,powered,4,18,0.2222222222222222,94,373,0.2520107238605898,0.8480243161094225,-0.12359394506314232,1.0,1.0
K562,FOS,TF ChIP-seq,neg,powered,1,18,0.05555555555555555,24,373,0.064343163538874,0.8553921568627451,0.29011828503641807,1.0,1.0
K562,FIP1L1,TF ChIP-seq,neg,powered,0,18,0.0,13,373,0.03485254691689008,0.0,-0.4704854185515957,1.0,1.0
K562,EZH2,TF ChIP-seq,neg,powered,0,18,0.0,1,373,0.002680965147453083,0.0,2.746680748999418,1.0,1.0
K562,H2AFZ,Histone ChIP-seq,neg,powered,8,18,0.4444444444444444,153,373,0.4101876675603217,1.1503267973856208,0.2176854186589204,0.8094539826618365,1.0
K562,H3K27ac,Histone ChIP-seq,neg,powered,8,18,0.4444444444444444,140,373,0.3753351206434316,1.3314285714285714,0.42799783796031504,0.6215283551206741,1.0
K562,H3K27me3,Histone ChIP-seq,neg,powered,0,18,0.0,9,373,0.024128686327077747,0.0,0.052394125254401874,1.0,1.0
K562,H3K4me3,Histone ChIP-seq,neg,powered,3,18,0.16666666666666666,68,373,0.18230563002680966,0.8970588235294118,0.010155098528931837,1.0,1.0
K562,HOMEZ,TF ChIP-seq,neg,powered,0,18,0.0,9,373,0.024128686327077747,0.0,0.052394125254401874,1.0,1.0
K562,HNRNPUL1,TF ChIP-seq,neg,powered,0,18,0.0,2,373,0.005361930294906166,0.0,2.0058369400222844,1.0,1.0
K562,HNRNPLL,TF ChIP-seq,neg,powered,0,18,0.0,28,373,0.07506702412868632,0.0,-1.609801479405433,0.6293511000584208,1.0
K562,HNRNPK,TF ChIP-seq,neg,powered,0,18,0.0,10,373,0.02680965147453083,0.0,-0.09595923448811564,1.0,1.0
K562,HNRNPH1,TF ChIP-seq,neg,powered,0,18,0.0,2,373,0.005361930294906166,0.0,2.0058369400222844,1.0,1.0
K562,HMGXB4,TF ChIP-seq,neg,powered,0,18,0.0,22,373,0.058981233243967826,0.0,-1.2439255828860891,0.6127504002300477,1.0
K562,HMGN3,TF ChIP-seq,neg,powered,1,18,0.05555555555555555,38,373,0.10187667560321716,0.5185758513931888,-0.42093810071852816,1.0,1.0
K562,HMG20B,TF ChIP-seq,neg,powered,0,18,0.0,2,373,0.005361930294906166,0.0,2.0058369400222844,1.0,1.0
K562,EWSR1,TF ChIP-seq,neg,powered,0,18,0.0,1,373,0.002680965147453083,0.0,2.746680748999418,1.0,1.0
K562,HIVEP1,TF ChIP-seq,neg,powered,1,18,0.05555555555555555,14,373,0.03753351206434316,1.5084033613445378,1.0875464490879154,0.5133616278695696,1.0
K562,HDAC8,TF ChIP-seq,neg,powered,2,18,0.1111111111111111,32,373,0.08579088471849866,1.33203125,0.6709079307905448,0.6631710051670328,1.0
K562,HDAC6,TF ChIP-seq,neg,powered,0,18,0.0,1,373,0.002680965147453083,0.0,2.746680748999418,1.0,1.0
K562,HDAC2,TF ChIP-seq,neg,powered,0,18,0.0,13,373,0.03485254691689008,0.0,-0.4704854185515957,1.0,1.0
K562,HBP1,TF ChIP-seq,neg,powered,0,18,0.0,18,373,0.04825737265415549,0.0,-0.9452009816384843,1.0,1.0
K562,H4K20me1,Histone ChIP-seq,neg,powered,2,18,0.1111111111111111,57,373,0.15281501340482573,0.6929824561403509,-0.26189438598712506,1.0,1.0
K562,H3K9me3,Histone ChIP-seq,neg,powered,0,18,0.0,1,373,0.002680965147453083,0.0,2.746680748999418,1.0,1.0
K562,H3K9ac,Histone ChIP-seq,neg,powered,4,18,0.2222222222222222,118,373,0.3163538873994638,0.6174334140435835,-0.5796197616458976,0.6028961853152706,1.0
K562,H3K79me2,Histone ChIP-seq,neg,powered,2,18,0.1111111111111111,77,373,0.2064343163538874,0.4805194805194805,-0.7867021351993249,0.5465263657035124,1.0
K562,HINFP,TF ChIP-seq,neg,powered,1,18,0.05555555555555555,20,373,0.05361930294906166,1.0382352941176471,0.5636938839675049,1.0,1.0
K562,ETV6,TF ChIP-seq,neg,powered,0,18,0.0,4,373,0.010723860589812333,0.0,1.1500521870748888,1.0,1.0
K562,ETS2,TF ChIP-seq,neg,powered,0,18,0.0,3,373,0.00804289544235925,0.0,1.5165214446192798,1.0,1.0
K562,ETS1,TF ChIP-seq,neg,powered,1,18,0.05555555555555555,19,373,0.05093833780160858,1.0959752321981424,0.6399190821534575,1.0,1.0
K562,CHD1,TF ChIP-seq,neg,powered,0,18,0.0,20,373,0.05361930294906166,0.0,-1.1014389654376346,0.6132806004994874,1.0
K562,CHCHD3,TF ChIP-seq,neg,powered,0,18,0.0,2,373,0.005361930294906166,0.0,2.0058369400222844,1.0,1.0
K562,CGGBP1,TF ChIP-seq,neg,powered,0,18,0.0,5,373,0.013404825737265416,0.0,0.8566358248288226,1.0,1.0
K562,CEBPZ,TF ChIP-seq,neg,powered,0,18,0.0,1,373,0.002680965147453083,0.0,2.746680748999418,1.0,1.0
K562,CCNT2,TF ChIP-seq,neg,powered,3,18,0.16666666666666666,47,373,0.1260053619302949,1.3872340425531915,0.6342421848862118,0.71418809928031,1.0
K562,CCAR2,TF ChIP-seq,neg,powered,0,18,0.0,1,373,0.002680965147453083,0.0,2.746680748999418,1.0,1.0
K562,CBX8,TF ChIP-seq,neg,powered,0,18,0.0,1,373,0.002680965147453083,0.0,2.746680748999418,1.0,1.0
K562,CBX2,TF ChIP-seq,neg,powered,0,18,0.0,1,373,0.002680965147453083,0.0,2.746680748999418,1.0,1.0
K562,CHD4,TF ChIP-seq,neg,powered,0,18,0.0,9,373,0.024128686327077747,0.0,0.052394125254401874,1.0,1.0
K562,CAMTA2,TF ChIP-seq,neg,powered,0,18,0.0,10,373,0.02680965147453083,0.0,-0.09595923448811564,1.0,1.0
K562,BMI1,TF ChIP-seq,neg,powered,0,18,0.0,7,373,0.01876675603217158,0.0,0.4013254268963436,1.0,1.0
K562,BCLAF1,TF ChIP-seq,neg,powered,0,18,0.0,2,373,0.005361930294906166,0.0,2.0058369400222844,1.0,1.0
K562,ATF6,TF ChIP-seq,neg,powered,1,18,0.05555555555555555,13,373,0.03485254691689008,1.6289592760180995,1.1946474308535435,0.4889619323309966,1.0
K562,ATF1,TF ChIP-seq,neg,powered,6,18,0.3333333333333333,96,373,0.257372654155496,1.4427083333333333,0.5804704523357552,0.5821311319292617,1.0
K562,ARID4B,TF ChIP-seq,neg,powered,0,18,0.0,11,373,0.029490616621983913,0.0,-0.23117813678366583,1.0,1.0
K562,ARID3B,TF ChIP-seq,neg,powered,0,18,0.0,5,373,0.013404825737265416,0.0,0.8566358248288226,1.0,1.0
K562,AGO1,TF ChIP-seq,neg,powered,1,18,0.05555555555555555,15,373,0.040214477211796246,1.4039215686274509,0.9873124820912194,0.5366581456843244,1.0
K562,AFF4,TF ChIP-seq,neg,powered,2,18,0.1111111111111111,30,373,0.08042895442359249,1.4291666666666667,0.7709629267841227,0.6506365072966951,1.0
K562,BRD4,TF ChIP-seq,neg,powered,0,18,0.0,19,373,0.05093833780160858,0.0,-1.0252137672516821,1.0,1.0
K562,HOXB6,TF ChIP-seq,neg,powered,0,18,0.0,3,373,0.00804289544235925,0.0,1.5165214446192798,1.0,1.0
K562,CHD7,TF ChIP-seq,neg,powered,0,18,0.0,1,373,0.002680965147453083,0.0,2.746680748999418,1.0,1.0
K562,CREB5,TF ChIP-seq,neg,powered,0,18,0.0,5,373,0.013404825737265416,0.0,0.8566358248288226,1.0,1.0
K562,ESRRB,TF ChIP-seq,neg,powered,0,18,0.0,7,373,0.01876675603217158,0.0,0.4013254268963436,1.0,1.0
K562,ERF,TF ChIP-seq,neg,powered,1,18,0.05555555555555555,22,373,0.058981233243967826,0.9385026737967914,0.42120726651905027,1.0,1.0
K562,ELK3,TF ChIP-seq,neg,powered,0,18,0.0,2,373,0.005361930294906166,0.0,2.0058369400222844,1.0,1.0
K562,ELF4,TF ChIP-seq,neg,powered,2,18,0.1111111111111111,29,373,0.0777479892761394,1.4827586206896552,0.8232510988713589,0.6447798306697448,1.0
K562,ELF2,TF ChIP-seq,neg,powered,1,18,0.05555555555555555,20,373,0.05361930294906166,1.0382352941176471,0.5636938839675049,1.0,1.0
K562,EHMT2,TF ChIP-seq,neg,powered,2,18,0.1111111111111111,31,373,0.08310991957104558,1.3790322580645162,0.7202142298768816,0.6567795631398415,1.0
K562,E4F1,TF ChIP-seq,neg,powered,0,18,0.0,5,373,0.013404825737265416,0.0,0.8566358248288226,1.0,1.0
K562,E2F7,TF ChIP-seq,neg,powered,0,18,0.0,6,373,0.0160857908847185,0.0,0.6117073559536848,1.0,1.0
K562,CREB3,TF ChIP-seq,neg,powered,2,18,0.1111111111111111,28,373,0.07506702412868632,1.5401785714285714,0.8771858617524257,0.6392503344104776,1.0
K562,E2F6,TF ChIP-seq,neg,powered,4,18,0.2222222222222222,68,373,0.18230563002680966,1.281512605042017,0.468940493172943,0.7542878984769428,1.0
K562,E2F4,TF ChIP-seq,neg,powered,0,18,0.0,8,373,0.021447721179624665,0.0,0.21681138907314804,1.0,1.0
K562,E2F3,TF ChIP-seq,neg,powered,1,18,0.05555555555555555,22,373,0.058981233243967826,0.9385026737967914,0.42120726651905027,1.0,1.0
K562,DNMT1,TF ChIP-seq,neg,powered,0,18,0.0,4,373,0.010723860589812333,0.0,1.1500521870748888,1.0,1.0
K562,DMBX1,TF ChIP-seq,neg,powered,2,18,0.1111111111111111,49,373,0.13136729222520108,0.826530612244898,-0.009747976551562149,1.0,1.0
K562,DDIT3,TF ChIP-seq,neg,powered,0,18,0.0,7,373,0.01876675603217158,0.0,0.4013254268963436,1.0,1.0
K562,CTCFL,TF ChIP-seq,neg,powered,2,18,0.1111111111111111,44,373,0.11796246648793565,0.9346590909090909,0.1659351995705628,1.0,1.0
K562,CSDE1,TF ChIP-seq,neg,powered,0,18,0.0,1,373,0.002680965147453083,0.0,2.746680748999418,1.0,1.0
K562,CREBBP,TF ChIP-seq,neg,powered,0,18,0.0,1,373,0.002680965147453083,0.0,2.746680748999418,1.0,1.0
K562,E2F5,TF ChIP-seq,neg,powered,2,18,0.1111111111111111,50,373,0.13404825737265416,0.8075,-0.04305560523037837,1.0,1.0
K562,ID3,TF ChIP-seq,neg,powered,0,18,0.0,4,373,0.010723860589812333,0.0,1.1500521870748888,1.0,1.0
K562,IKZF1,TF ChIP-seq,neg,powered,6,18,0.3333333333333333,105,373,0.28150134048257375,1.276190476190476,0.4042626176445949,0.6017571075740468,1.0
K562,ILF3,TF ChIP-seq,neg,powered,0,18,0.0,8,373,0.021447721179624665,0.0,0.21681138907314804,1.0,1.0
K562,RBM34,TF ChIP-seq,neg,powered,0,18,0.0,2,373,0.005361930294906166,0.0,2.0058369400222844,1.0,1.0
K562,RBM25,TF ChIP-seq,neg,powered,0,18,0.0,21,373,0.05630026809651475,0.0,-1.1742386730448917,0.6125509412551469,1.0
K562,RBM22,TF ChIP-seq,neg,powered,1,18,0.05555555555555555,22,373,0.058981233243967826,0.9385026737967914,0.42120726651905027,1.0,1.0
K562,RBM14,TF ChIP-seq,neg,powered,0,18,0.0,5,373,0.013404825737265416,0.0,0.8566358248288226,1.0,1.0
K562,RBFOX2,TF ChIP-seq,neg,powered,3,18,0.16666666666666666,90,373,0.24128686327077747,0.6288888888888889,-0.4994823504702477,0.5813541612350773,1.0
K562,RBBP5,TF ChIP-seq,neg,powered,1,18,0.05555555555555555,36,373,0.09651474530831099,0.5506535947712419,-0.3354013831656342,1.0,1.0
K562,RB1,TF ChIP-seq,neg,powered,3,18,0.16666666666666666,64,373,0.17158176943699732,0.965625,0.11572695546173954,1.0,1.0
K562,RAD51,TF ChIP-seq,neg,powered,1,18,0.05555555555555555,47,373,0.1260053619302949,0.40801001251564456,-0.7632369430083275,0.7103935750983006,1.0
K562,RBM39,TF ChIP-seq,neg,powered,0,18,0.0,3,373,0.00804289544235925,0.0,1.5165214446192798,1.0,1.0
K562,PYGO2,TF ChIP-seq,neg,powered,1,18,0.05555555555555555,11,373,0.029490616621983913,1.9358288770053476,1.4339547126214736,0.4366548503355128,1.0
K562,PTRF,TF ChIP-seq,neg,powered,1,18,0.05555555555555555,12,373,0.032171581769437,1.7696078431372548,1.3096751309525827,0.4634100289475463,1.0
K562,PTBP1,TF ChIP-seq,neg,powered,1,18,0.05555555555555555,11,373,0.029490616621983913,1.9358288770053476,1.4339547126214736,0.4366548503355128,1.0
K562,PRPF4,TF ChIP-seq,neg,powered,0,18,0.0,14,373,0.03753351206434316,0.0,-0.5775864003172241,1.0,1.0
K562,PREB,TF ChIP-seq,neg,powered,0,18,0.0,12,373,0.032171581769437,0.0,-0.35545771845255664,1.0,1.0
K562,PPARD,TF ChIP-seq,neg,powered,0,18,0.0,2,373,0.005361930294906166,0.0,2.0058369400222844,1.0,1.0
K562,POU5F1,TF ChIP-seq,neg,powered,0,18,0.0,3,373,0.00804289544235925,0.0,1.5165214446192798,1.0,1.0
K562,POLR2H,TF ChIP-seq,neg,powered,1,18,0.05555555555555555,17,373,0.045576407506702415,1.231833910034602,0.8041547332751114,0.5801280360164859,1.0
K562,POLR2G,TF ChIP-seq,neg,powered,3,18,0.16666666666666666,75,373,0.20107238605898123,0.7946666666666666,-0.16365900638954492,1.0,1.0
K562,PTTG1,TF ChIP-seq,neg,powered,0,18,0.0,9,373,0.024128686327077747,0.0,0.052394125254401874,1.0,1.0
K562,POLR2AphosphoS2,TF ChIP-seq,neg,powered,1,18,0.05555555555555555,22,373,0.058981233243967826,0.9385026737967914,0.42120726651905027,1.0,1.0
K562,RBPJ,TF ChIP-seq,neg,powered,0,18,0.0,5,373,0.013404825737265416,0.0,0.8566358248288226,1.0,1.0
K562,REST,TF ChIP-seq,neg,powered,0,18,0.0,8,373,0.021447721179624665,0.0,0.21681138907314804,1.0,1.0
K562,SNIP1,TF ChIP-seq,neg,powered,0,18,0.0,4,373,0.010723860589812333,0.0,1.1500521870748888,1.0,1.0
K562,SMC3,TF ChIP-seq,neg,powered,6,18,0.3333333333333333,101,373,0.2707774798927614,1.3465346534653466,0.48136003084548,0.5909462635046198,1.0
K562,SMARCB1,TF ChIP-seq,neg,powered,0,18,0.0,11,373,0.029490616621983913,0.0,-0.23117813678366583,1.0,1.0
K562,SMAD3,TF ChIP-seq,neg,powered,1,18,0.05555555555555555,24,373,0.064343163538874,0.8553921568627451,0.29011828503641807,1.0,1.0
K562,SMAD1,TF ChIP-seq,neg,powered,1,18,0.05555555555555555,20,373,0.05361930294906166,1.0382352941176471,0.5636938839675049,1.0,1.0
K562,SIX5,TF ChIP-seq,neg,powered,0,18,0.0,6,373,0.0160857908847185,0.0,0.6117073559536848,1.0,1.0
K562,SIRT6,TF ChIP-seq,neg,powered,0,18,0.0,1,373,0.002680965147453083,0.0,2.746680748999418,1.0,1.0
K562,SIN3B,TF ChIP-seq,neg,powered,1,18,0.05555555555555555,15,373,0.040214477211796246,1.4039215686274509,0.9873124820912194,0.5366581456843244,1.0
K562,RERE,TF ChIP-seq,neg,powered,0,18,0.0,8,373,0.021447721179624665,0.0,0.21681138907314804,1.0,1.0
K562,SFPQ,TF ChIP-seq,neg,powered,0,18,0.0,1,373,0.002680965147453083,0.0,2.746680748999418,1.0,1.0
K562,SAP30,TF ChIP-seq,neg,powered,0,18,0.0,20,373,0.05361930294906166,0.0,-1.1014389654376346,0.6132806004994874,1.0
K562,SAFB,TF ChIP-seq,neg,powered,0,18,0.0,10,373,0.02680965147453083,0.0,-0.09595923448811564,1.0,1.0
K562,RUNX1,TF ChIP-seq,neg,powered,1,18,0.05555555555555555,13,373,0.03485254691689008,1.6289592760180995,1.1946474308535435,0.4889619323309966,1.0
K562,RREB1,TF ChIP-seq,neg,powered,2,18,0.1111111111111111,29,373,0.0777479892761394,1.4827586206896552,0.8232510988713589,0.6447798306697448,1.0
K562,RNF219,TF ChIP-seq,neg,powered,0,18,0.0,1,373,0.002680965147453083,0.0,2.746680748999418,1.0,1.0
K562,RHOXF2B,TF ChIP-seq,neg,powered,0,18,0.0,9,373,0.024128686327077747,0.0,0.052394125254401874,1.0,1.0
K562,RFX7,TF ChIP-seq,neg,powered,0,18,0.0,3,373,0.00804289544235925,0.0,1.5165214446192798,1.0,1.0
K562,RFX1,TF ChIP-seq,neg,powered,1,18,0.05555555555555555,20,373,0.05361930294906166,1.0382352941176471,0.5636938839675049,1.0,1.0
K562,SETDB1,TF ChIP-seq,neg,powered,0,18,0.0,2,373,0.005361930294906166,0.0,2.0058369400222844,1.0,1.0
K562,SP2,TF ChIP-seq,neg,powered,0,18,0.0,3,373,0.00804289544235925,0.0,1.5165214446192798,1.0,1.0
K562,POLR2A,TF ChIP-seq,neg,powered,3,18,0.16666666666666666,60,373,0.16085790884718498,1.0433333333333332,0.2266170071981734,1.0,1.0
K562,PHF8,TF ChIP-seq,neg,powered,1,18,0.05555555555555555,47,373,0.1260053619302949,0.40801001251564456,-0.7632369430083275,0.7103935750983006,1.0
K562,MCM3,TF ChIP-seq,neg,powered,0,18,0.0,2,373,0.005361930294906166,0.0,2.0058369400222844,1.0,1.0
K562,MAZ,TF ChIP-seq,neg,powered,5,18,0.2777777777777778,76,373,0.2037533512064343,1.5030364372469636,0.6639021319764828,0.5495180831470917,1.0
K562,MAX,TF ChIP-seq,neg,powered,7,18,0.3888888888888889,111,373,0.2975871313672922,1.5020475020475021,0.6186023521846858,0.4348085730480985,1.0
K562,MAFK,TF ChIP-seq,neg,powered,3,18,0.16666666666666666,50,373,0.13404825737265416,1.292,0.5325690309114416,0.7217780845350512,1.0
K562,MAFG,TF ChIP-seq,neg,powered,3,18,0.16666666666666666,55,373,0.14745308310991956,1.1563636363636363,0.3738923075769232,0.7385031237305377,1.0
K562,L3MBTL2,TF ChIP-seq,neg,powered,6,18,0.3333333333333333,120,373,0.32171581769436997,1.0541666666666667,0.12953612913974644,1.0,1.0
K562,KLF6,TF ChIP-seq,neg,powered,0,18,0.0,23,373,0.06166219839142091,0.0,-1.310771583295964,0.6137998571399933,1.0
K562,KLF10,TF ChIP-seq,neg,powered,0,18,0.0,1,373,0.002680965147453083,0.0,2.746680748999418,1.0,1.0
K562,MED1,TF ChIP-seq,neg,powered,0,18,0.0,2,373,0.005361930294906166,0.0,2.0058369400222844,1.0,1.0
K562,KLF1,TF ChIP-seq,neg,powered,2,18,0.1111111111111111,32,373,0.08579088471849866,1.33203125,0.6709079307905448,0.6631710051670328,1.0
K562,KAT8,TF ChIP-seq,neg,powered,0,18,0.0,6,373,0.0160857908847185,0.0,0.6117073559536848,1.0,1.0
K562,KAT7,TF ChIP-seq,neg,powered,1,18,0.05555555555555555,31,373,0.08310991957104558,0.6489563567362429,-0.10164026187583762,1.0,1.0
K562,KAT2B,TF ChIP-seq,neg,powered,0,18,0.0,1,373,0.002680965147453083,0.0,2.746680748999418,1.0,1.0
K562,JUND,TF ChIP-seq,neg,powered,7,18,0.3888888888888889,117,373,0.3136729222520107,1.3923853923853924,0.5096267085935599,0.6045711051430118,1.0
K562,JUN,TF ChIP-seq,neg,powered,3,18,0.16666666666666666,59,373,0.1581769436997319,1.064406779661017,0.25525705524207465,1.0,1.0
K562,IRF2,TF ChIP-seq,neg,powered,0,18,0.0,17,373,0.045576407506702415,0.0,-0.8609781161300281,1.0,1.0
K562,IRF1,TF ChIP-seq,neg,powered,0,18,0.0,24,373,0.064343163538874,0.0,-1.3750145643687217,0.615624999592073,1.0
K562,ILK,TF ChIP-seq,neg,powered,0,18,0.0,3,373,0.00804289544235925,0.0,1.5165214446192798,1.0,1.0
K562,KDM2B,TF ChIP-seq,neg,powered,0,18,0.0,10,373,0.02680965147453083,0.0,-0.09595923448811564,1.0,1.0
K562,PHTF2,TF ChIP-seq,neg,powered,0,18,0.0,5,373,0.013404825737265416,0.0,0.8566358248288226,1.0,1.0
K562,MEF2A,TF ChIP-seq,neg,powered,0,18,0.0,5,373,0.013404825737265416,0.0,0.8566358248288226,1.0,1.0
K562,MGA,TF ChIP-seq,neg,powered,2,18,0.1111111111111111,67,373,0.17962466487935658,0.5708955223880597,-0.5395383578311406,0.7508151075343034,1.0
K562,PHB,TF ChIP-seq,neg,powered,0,18,0.0,8,373,0.021447721179624665,0.0,0.21681138907314804,1.0,1.0
K562,PCBP2,TF ChIP-seq,neg,powered,0,18,0.0,3,373,0.00804289544235925,0.0,1.5165214446192798,1.0,1.0
K562,PCBP1,TF ChIP-seq,neg,powered,0,18,0.0,22,373,0.058981233243967826,0.0,-1.2439255828860891,0.6127504002300477,1.0
K562,ZSCAN32,TF ChIP-seq,neg,powered,0,18,0.0,9,373,0.024128686327077747,0.0,0.052394125254401874,1.0,1.0
K562,OTX1,TF ChIP-seq,neg,powered,0,18,0.0,17,373,0.045576407506702415,0.0,-0.8609781161300281,1.0,1.0
K562,NR4A1,TF ChIP-seq,neg,powered,1,18,0.05555555555555555,19,373,0.05093833780160858,1.0959752321981424,0.6399190821534575,1.0,1.0
K562,NR2F6,TF ChIP-seq,neg,powered,0,18,0.0,6,373,0.0160857908847185,0.0,0.6117073559536848,1.0,1.0
K562,NR1H2,TF ChIP-seq,neg,powered,1,18,0.05555555555555555,11,373,0.029490616621983913,1.9358288770053476,1.4339547126214736,0.4366548503355128,1.0
K562,MEIS2,TF ChIP-seq,neg,powered,5,18,0.2777777777777778,94,373,0.2520107238605898,1.141571194762684,0.2690061650959461,0.7847920243850693,1.0
K562,NFYB,TF ChIP-seq,neg,powered,0,18,0.0,13,373,0.03485254691689008,0.0,-0.4704854185515957,1.0,1.0
K562,NFIX,TF ChIP-seq,neg,powered,0,18,0.0,4,373,0.010723860589812333,0.0,1.1500521870748888,1.0,1.0
K562,NFE2L1,TF ChIP-seq,neg,powered,1,18,0.05555555555555555,12,373,0.032171581769437,1.7696078431372548,1.3096751309525827,0.4634100289475463,1.0
K562,MYC,TF ChIP-seq,neg,powered,0,18,0.0,28,373,0.07506702412868632,0.0,-1.609801479405433,0.6293511000584208,1.0
K562,MYBL2,TF ChIP-seq,neg,powered,0,18,0.0,4,373,0.010723860589812333,0.0,1.1500521870748888,1.0,1.0
K562,MXD1,TF ChIP-seq,neg,powered,0,18,0.0,5,373,0.013404825737265416,0.0,0.8566358248288226,1.0,1.0
K562,MTF1,TF ChIP-seq,neg,powered,0,18,0.0,5,373,0.013404825737265416,0.0,0.8566358248288226,1.0,1.0
K562,MLX,TF ChIP-seq,neg,powered,0,18,0.0,4,373,0.010723860589812333,0.0,1.1500521870748888,1.0,1.0
K562,MITF,TF ChIP-seq,neg,powered,3,18,0.16666666666666666,55,373,0.14745308310991956,1.1563636363636363,0.3738923075769232,0.7385031237305377,1.0
K562,NFYA,TF ChIP-seq,neg,powered,0,18,0.0,8,373,0.021447721179624665,0.0,0.21681138907314804,1.0,1.0
K562,ZZZ3,TF ChIP-seq,neg,powered,0,18,0.0,1,373,0.002680965147453083,0.0,2.746680748999418,1.0,1.0
K562,H3K79me2,Histone ChIP-seq,pos,all,14,29,0.4827586206896552,113,599,0.18864774624373956,4.014159292035398,2.0035321922308933,0.000478559815865666,0.24406550609148966
K562,THAP12,TF ChIP-seq,pos,all,5,29,0.1724137931034483,15,599,0.025041736227045076,8.11111111111111,3.08158467866687,0.0014069453857298987,0.3587710733611242
K562,ZNF7,TF ChIP-seq,pos,all,7,29,0.2413793103448276,38,599,0.06343906510851419,4.697368421052632,2.281393170984544,0.0028394088418615487,0.48269950311646326
K562,ZBTB26,TF ChIP-seq,pos,all,4,29,0.13793103448275862,20,599,0.0333889816360601,4.632,2.3186125058592046,0.020513792820442522,0.606075499407231
K562,CBX1,TF ChIP-seq,pos,all,4,29,0.13793103448275862,19,599,0.03171953255425709,4.88421052631579,2.393249697474135,0.01765859973600292,0.606075499407231
K562,POLR2AphosphoS5,TF ChIP-seq,pos,all,8,29,0.27586206896551724,85,599,0.1419031719532554,2.303641456582633,1.2503728385563122,0.059232807567943344,0.606075499407231
K562,POLR2A,TF ChIP-seq,pos,all,8,29,0.27586206896551724,74,599,0.12353923205342238,2.7027027027027026,1.4795765200482582,0.041130806558202296,0.606075499407231
K562,PML,TF ChIP-seq,pos,all,6,29,0.20689655172413793,56,599,0.09348914858096828,2.529503105590062,1.4118081290755764,0.056109321405389614,0.606075499407231
K562,SUPT5H,TF ChIP-seq,pos,all,6,29,0.20689655172413793,46,599,0.07679465776293823,3.1361058601134215,1.7191315621369756,0.025871977663396054,0.606075499407231
K562,TAF1,TF ChIP-seq,pos,all,5,29,0.1724137931034483,41,599,0.06844741235392321,2.8353658536585367,1.5950958136584792,0.05292100809987498,0.606075499407231
K562,CDC5L,TF ChIP-seq,pos,all,3,29,0.10344827586206896,12,599,0.02003338898163606,5.644230769230769,2.634023319172042,0.027722409923809355,0.606075499407231
K562,FIP1L1,TF ChIP-seq,pos,all,3,29,0.10344827586206896,15,599,0.025041736227045076,4.492307692307692,2.316297371639186,0.04526667656030235,0.606075499407231
K562,EWSR1,TF ChIP-seq,pos,all,2,29,0.06896551724137931,4,599,0.00667779632721202,11.018518518518519,3.5886010777845043,0.02753806328205918,0.606075499407231
K562,ZNF253,TF ChIP-seq,pos,all,2,29,0.06896551724137931,5,599,0.008347245409015025,8.8,3.2966697624710615,0.03745615879822387,0.606075499407231
K562,ETV5,TF ChIP-seq,pos,all,6,29,0.20689655172413793,56,599,0.09348914858096828,2.529503105590062,1.4118081290755764,0.056109321405389614,0.606075499407231
K562,KLF10,TF ChIP-seq,pos,all,2,29,0.06896551724137931,5,599,0.008347245409015025,8.8,3.2966697624710615,0.03745615879822387,0.606075499407231
K562,JUN,TF ChIP-seq,pos,all,9,29,0.3103448275862069,92,599,0.15358931552587646,2.479891304347826,1.3462580603817282,0.03576425724285623,0.606075499407231
K562,ZBTB11,TF ChIP-seq,pos,all,2,29,0.06896551724137931,4,599,0.00667779632721202,11.018518518518519,3.5886010777845043,0.02753806328205918,0.606075499407231
K562,OTX1,TF ChIP-seq,pos,all,4,29,0.13793103448275862,29,599,0.048414023372287146,3.1448275862068966,1.7709396863976572,0.059030108874070474,0.606075499407231
K562,TBL1XR1,TF ChIP-seq,pos,all,4,29,0.13793103448275862,28,599,0.04674457429048414,3.262857142857143,1.8232193335205533,0.053578248414751686,0.606075499407231
K562,ZBTB1,TF ChIP-seq,pos,all,3,29,0.10344827586206896,15,599,0.025041736227045076,4.492307692307692,2.316297371639186,0.04526667656030235,0.606075499407231
K562,NKRF,TF ChIP-seq,pos,all,6,29,0.20689655172413793,47,599,0.07846410684474124,3.0638297872340425,1.6858259124113009,0.028226263300880673,0.606075499407231
K562,NFIC,TF ChIP-seq,pos,all,11,29,0.3793103448275862,124,599,0.20701168614357263,2.3409498207885306,1.2474081892205455,0.03632087125945338,0.606075499407231
K562,E2F8,TF ChIP-seq,pos,all,6,29,0.20689655172413793,32,599,0.05342237061769616,4.622282608695652,2.2719596356132774,0.005564889349358469,0.606075499407231
K562,ZNF436,TF ChIP-seq,pos,all,2,29,0.06896551724137931,5,599,0.008347245409015025,8.8,3.2966697624710615,0.03745615879822387,0.606075499407231
K562,DDIT3,TF ChIP-seq,pos,all,3,29,0.10344827586206896,16,599,0.02671118530884808,4.204326923076923,2.2236291938432995,0.05210385479033173,0.606075499407231
K562,E2F1,TF ChIP-seq,pos,all,3,29,0.10344827586206896,15,599,0.025041736227045076,4.492307692307692,2.316297371639186,0.04526667656030235,0.606075499407231
K562,NCOA1,TF ChIP-seq,pos,all,6,29,0.20689655172413793,52,599,0.08681135225375626,2.7441471571906355,1.5283205032858678,0.04217724313372084,0.606075499407231
K562,ETS1,TF ChIP-seq,pos,all,5,29,0.1724137931034483,24,599,0.04006677796327212,4.991319444444445,2.398684048539111,0.008019446555331699,0.606075499407231
K562,POLR2B,TF ChIP-seq,pos,all,6,29,0.20689655172413793,35,599,0.05843071786310518,4.203726708074534,2.1369335177317734,0.008212490186926954,0.606075499407231
K562,THRB,TF ChIP-seq,pos,all,4,29,0.13793103448275862,28,599,0.04674457429048414,3.262857142857143,1.8232193335205533,0.053578248414751686,0.606075499407231
K562,POLR2G,TF ChIP-seq,pos,all,9,29,0.3103448275862069,95,599,0.15859766277128548,2.3873684210526314,1.2916571398961103,0.040760418286549235,0.606075499407231
K562,H3K27ac,Histone ChIP-seq,pos,all,16,29,0.5517241379310345,210,599,0.35058430717863104,2.2798534798534797,1.1773097121902578,0.045526598163357926,0.606075499407231
K562,AFF4,TF ChIP-seq,pos,all,5,29,0.1724137931034483,41,599,0.06844741235392321,2.8353658536585367,1.5950958136584792,0.05292100809987498,0.606075499407231
K562,AGO1,TF ChIP-seq,pos,all,3,29,0.10344827586206896,16,599,0.02671118530884808,4.204326923076923,2.2236291938432995,0.05210385479033173,0.606075499407231
K562,ZNF84,TF ChIP-seq,pos,all,3,29,0.10344827586206896,14,599,0.02337228714524207,4.821428571428571,2.414978832868048,0.038918611536987474,0.606075499407231
K562,SAP30,TF ChIP-seq,pos,all,4,29,0.13793103448275862,23,599,0.038397328881469114,4.006956521739131,2.1140876054449516,0.030740664233449125,0.606075499407231
K562,RBM39,TF ChIP-seq,pos,all,2,29,0.06896551724137931,6,599,0.01001669449081803,7.320987654320987,3.0532328828635174,0.04852417843220473,0.606075499407231
K562,RBFOX2,TF ChIP-seq,pos,all,10,29,0.3448275862068966,117,599,0.19532554257095158,2.1682411156095367,1.144783389506955,0.05906277801947532,0.606075499407231
K562,FOXA3,TF ChIP-seq,pos,all,4,29,0.13793103448275862,28,599,0.04674457429048414,3.262857142857143,1.8232193335205533,0.053578248414751686,0.606075499407231
K562,H4K20me1,Histone ChIP-seq,pos,all,8,29,0.27586206896551724,74,599,0.12353923205342238,2.7027027027027026,1.4795765200482582,0.041130806558202296,0.606075499407231
K562,HBP1,TF ChIP-seq,pos,all,4,29,0.13793103448275862,27,599,0.045075125208681135,3.3896296296296295,1.8772718289304635,0.048421179884822446,0.606075499407231
K562,ATF2,TF ChIP-seq,pos,all,6,29,0.20689655172413793,51,599,0.08514190317195326,2.8030690537084397,1.5586981496834293,0.03908685315943499,0.606075499407231
K562,ILF3,TF ChIP-seq,pos,all,3,29,0.10344827586206896,17,599,0.028380634390651086,3.9502262443438916,2.136265690091081,0.059419166608552065,0.606075499407231
K562,SRSF1,TF ChIP-seq,pos,all,1,29,0.034482758620689655,0,599,0.0,inf,5.979688429970638,0.04617834394904459,0.606075499407231
K562,PTBP1,TF ChIP-seq,pos,all,3,29,0.10344827586206896,14,599,0.02337228714524207,4.821428571428571,2.414978832868048,0.038918611536987474,0.606075499407231
K562,SREBF2,TF ChIP-seq,pos,all,2,29,0.06896551724137931,5,599,0.008347245409015025,8.8,3.2966697624710615,0.03745615879822387,0.606075499407231
K562,BACH1,TF ChIP-seq,pos,all,3,29,0.10344827586206896,17,599,0.028380634390651086,3.9502262443438916,2.136265690091081,0.059419166608552065,0.606075499407231
K562,ZNF717,TF ChIP-seq,pos,all,2,29,0.06896551724137931,6,599,0.01001669449081803,7.320987654320987,3.0532328828635174,0.04852417843220473,0.606075499407231
K562,HNRNPUL1,TF ChIP-seq,pos,all,2,29,0.06896551724137931,5,599,0.008347245409015025,8.8,3.2966697624710615,0.03745615879822387,0.606075499407231
K562,ZNF561,TF ChIP-seq,pos,all,2,29,0.06896551724137931,8,599,0.01335559265442404,5.472222222222222,2.6613398984521517,0.07363941945925627,0.7086057344192584
K562,ZNF274,TF ChIP-seq,pos,all,2,29,0.06896551724137931,8,599,0.01335559265442404,5.472222222222222,2.6613398984521517,0.07363941945925627,0.7086057344192584
K562,KDM5B,TF ChIP-seq,pos,all,5,29,0.1724137931034483,45,599,0.07512520868113523,2.564814814814815,1.4519707844851029,0.07171771874138738,0.7086057344192584
K562,ZBTB7A,TF ChIP-seq,pos,all,8,29,0.27586206896551724,90,599,0.15025041736227046,2.1544973544973547,1.15429053563085,0.10934348821571438,0.739393061998486
K562,MITF,TF ChIP-seq,pos,all,7,29,0.2413793103448276,77,599,0.1285475792988314,2.15702479338843,1.1682003209728513,0.09246655732885134,0.739393061998486
K562,ZNF174,TF ChIP-seq,pos,all,1,29,0.034482758620689655,1,599,0.001669449081803005,21.357142857142858,4.392317422778761,0.09029449709972676,0.739393061998486
K562,U2AF1,TF ChIP-seq,pos,all,2,29,0.06896551724137931,9,599,0.015025041736227046,4.8559670781893,2.4984341173162745,0.08747078146644742,0.739393061998486
K562,ZBTB5,TF ChIP-seq,pos,all,2,29,0.06896551724137931,10,599,0.01669449081803005,4.362962962962963,2.351598961563705,0.10201949126007309,0.739393061998486
K562,TRIM25,TF ChIP-seq,pos,all,2,29,0.06896551724137931,9,599,0.015025041736227046,4.8559670781893,2.4984341173162745,0.08747078146644742,0.739393061998486
K562,MCM3,TF ChIP-seq,pos,all,1,29,0.034482758620689655,2,599,0.00333889816360601,10.660714285714286,3.652939294537163,0.13243740378360522,0.739393061998486
K562,H3K9ac,Histone ChIP-seq,pos,all,13,29,0.4482758620689655,178,599,0.29716193656093487,1.9216994382022472,0.9501019397179976,0.09843522855185984,0.739393061998486
K562,H3K4me3,Histone ChIP-seq,pos,all,8,29,0.27586206896551724,95,599,0.15859766277128548,2.0210526315789474,1.06247971761885,0.11902634698635974,0.739393061998486
K562,MBD1,TF ChIP-seq,pos,all,2,29,0.06896551724137931,12,599,0.02003338898163606,3.623456790123457,2.09515723304034,0.13291368300048786,0.739393061998486
K562,EGR1,TF ChIP-seq,pos,all,8,29,0.27586206896551724,91,599,0.15191986644407346,2.126635269492412,1.135602212121699,0.11089279601571364,0.739393061998486
K562,ZBED1,TF ChIP-seq,pos,all,3,29,0.10344827586206896,21,599,0.035058430717863104,3.1758241758241756,1.829342861899797,0.09318002560683933,0.739393061998486
K562,H3K9me3,Histone ChIP-seq,pos,all,1,29,0.034482758620689655,1,599,0.001669449081803005,21.357142857142858,4.392317422778761,0.09029449709972676,0.739393061998486
K562,HLTF,TF ChIP-seq,pos,all,4,29,0.13793103448275862,36,599,0.06010016694490818,2.502222222222222,1.4459469007630206,0.1052128907881967,0.739393061998486
K562,KDM4B,TF ChIP-seq,pos,all,1,29,0.034482758620689655,2,599,0.00333889816360601,10.660714285714286,3.652939294537163,0.13243740378360522,0.739393061998486
K562,HDAC1,TF ChIP-seq,pos,all,4,29,0.13793103448275862,36,599,0.06010016694490818,2.502222222222222,1.4459469007630206,0.1052128907881967,0.739393061998486
K562,H2AFZ,Histone ChIP-seq,pos,all,7,29,0.2413793103448276,236,599,0.39398998330550916,0.4894067796610169,-0.9648473201409571,0.11927143167846631,0.739393061998486
K562,THAP1,TF ChIP-seq,pos,all,2,29,0.06896551724137931,10,599,0.01669449081803005,4.362962962962963,2.351598961563705,0.10201949126007309,0.739393061998486
K562,ZNF12,TF ChIP-seq,pos,all,2,29,0.06896551724137931,12,599,0.02003338898163606,3.623456790123457,2.09515723304034,0.13291368300048786,0.739393061998486
K562,POLR2AphosphoS2,TF ChIP-seq,pos,all,3,29,0.10344827586206896,25,599,0.041736227045075125,2.649230769230769,1.5731722081690227,0.13331146161248564,0.739393061998486
K562,CBFB,TF ChIP-seq,pos,all,3,29,0.10344827586206896,25,599,0.041736227045075125,2.649230769230769,1.5731722081690227,0.13331146161248564,0.739393061998486
K562,CEBPZ,TF ChIP-seq,pos,all,1,29,0.034482758620689655,1,599,0.001669449081803005,21.357142857142858,4.392317422778761,0.09029449709972676,0.739393061998486
K562,CGGBP1,TF ChIP-seq,pos,all,2,29,0.06896551724137931,10,599,0.01669449081803005,4.362962962962963,2.351598961563705,0.10201949126007309,0.739393061998486
K562,STAG1,TF ChIP-seq,pos,all,5,29,0.1724137931034483,47,599,0.07846410684474124,2.4468085106382977,1.384696820469935,0.082374832963027,0.739393061998486
K562,PCBP1,TF ChIP-seq,pos,all,3,29,0.10344827586206896,23,599,0.038397328881469114,2.8896321070234112,1.6960224134685393,0.11252514081693299,0.739393061998486
K562,ZNF700,TF ChIP-seq,pos,all,2,29,0.06896551724137931,11,599,0.018363939899833055,3.95959595959596,2.2179050303441343,0.11719515253831203,0.739393061998486
K562,SRF,TF ChIP-seq,pos,all,2,29,0.06896551724137931,10,599,0.01669449081803005,4.362962962962963,2.351598961563705,0.10201949126007309,0.739393061998486
K562,CHD2,TF ChIP-seq,pos,all,3,29,0.10344827586206896,25,599,0.041736227045075125,2.649230769230769,1.5731722081690227,0.13331146161248564,0.739393061998486
K562,BHLHE40,TF ChIP-seq,pos,all,8,29,0.27586206896551724,100,599,0.1669449081803005,1.900952380952381,0.9744872631617312,0.1333807092232563,0.739393061998486
K562,ZNF57,TF ChIP-seq,pos,all,2,29,0.06896551724137931,9,599,0.015025041736227046,4.8559670781893,2.4984341173162745,0.08747078146644742,0.739393061998486
K562,CHD7,TF ChIP-seq,pos,all,1,29,0.034482758620689655,2,599,0.00333889816360601,10.660714285714286,3.652939294537163,0.13243740378360522,0.739393061998486
K562,PHB,TF ChIP-seq,pos,all,2,29,0.06896551724137931,11,599,0.018363939899833055,3.95959595959596,2.2179050303441343,0.11719515253831203,0.739393061998486
K562,TRIM24,TF ChIP-seq,pos,all,8,29,0.27586206896551724,99,599,0.1652754590984975,1.924001924001924,0.9917997248405861,0.13015009503743774,0.739393061998486
K562,SFPQ,TF ChIP-seq,pos,all,1,29,0.034482758620689655,2,599,0.00333889816360601,10.660714285714286,3.652939294537163,0.13243740378360522,0.739393061998486
K562,RB1,TF ChIP-seq,pos,all,7,29,0.2413793103448276,76,599,0.12687813021702837,2.1895933014354068,1.1896953835170003,0.08915054764792434,0.739393061998486
K562,H3K4me2,Histone ChIP-seq,pos,all,18,29,0.6206896551724138,278,599,0.46410684474123537,1.8894702419882277,0.8930328195598525,0.12702386415434758,0.739393061998486
K562,NFXL1,TF ChIP-seq,pos,all,2,29,0.06896551724137931,10,599,0.01669449081803005,4.362962962962963,2.351598961563705,0.10201949126007309,0.739393061998486
K562,TEAD4,TF ChIP-seq,pos,all,12,29,0.41379310344827586,156,599,0.2604340567612688,2.004524886877828,1.0173446201982037,0.08458757547629706,0.739393061998486
K562,TFDP1,TF ChIP-seq,pos,all,6,29,0.20689655172413793,67,599,0.11185308848080133,2.071382219338092,1.1256729845258244,0.13330439488380103,0.739393061998486
K562,SP2,TF ChIP-seq,pos,all,1,29,0.034482758620689655,3,599,0.005008347245409015,7.095238095238095,3.1650958921940386,0.1726923082480459,0.7725708526886264
K562,CBFA2T2,TF ChIP-seq,pos,all,3,29,0.10344827586206896,137,599,0.2287145242070117,0.38910724312184164,-1.1705437855139424,0.1677434010796305,0.7725708526886264
K562,SMAD5,TF ChIP-seq,pos,all,4,29,0.13793103448275862,42,599,0.07011686143572621,2.1219047619047617,1.2109367181407822,0.15498263493744235,0.7725708526886264
K562,GTF2I,TF ChIP-seq,pos,all,3,29,0.10344827586206896,28,599,0.04674457429048414,2.353021978021978,1.4051541415441415,0.16683540728358176,0.7725708526886264
K562,SMARCE1,TF ChIP-seq,pos,all,9,29,0.3103448275862069,123,599,0.20534223706176963,1.7414634146341463,0.8383406811507661,0.1690067436844805,0.7725708526886264
K562,RBM25,TF ChIP-seq,pos,all,3,29,0.10344827586206896,27,599,0.045075125208681135,2.4444444444444446,1.4592066369540515,0.1553759659224116,0.7725708526886264
K562,ATF3,TF ChIP-seq,pos,all,9,29,0.3103448275862069,121,599,0.2020033388981636,1.7776859504132232,0.8679381197057464,0.162750360519987,0.7725708526886264
K562,FOXP4,TF ChIP-seq,pos,all,2,29,0.06896551724137931,13,599,0.021702838063439065,3.339031339031339,1.9816681772277427,0.14909695578151533,0.7725708526886264
K562,HDAC2,TF ChIP-seq,pos,all,2,29,0.06896551724137931,14,599,0.02337228714524207,3.0952380952380953,1.8761127467363459,0.16567245889794877,0.7725708526886264
K562,ZFP91,TF ChIP-seq,pos,all,3,29,0.10344827586206896,28,599,0.04674457429048414,2.353021978021978,1.4051541415441415,0.16683540728358176,0.7725708526886264
K562,HNRNPH1,TF ChIP-seq,pos,all,1,29,0.034482758620689655,3,599,0.005008347245409015,7.095238095238095,3.1650958921940386,0.1726923082480459,0.7725708526886264
K562,ZFP30,TF ChIP-seq,pos,all,1,29,0.034482758620689655,3,599,0.005008347245409015,7.095238095238095,3.1650958921940386,0.1726923082480459,0.7725708526886264
K562,KDM1A,TF ChIP-seq,pos,all,7,29,0.2413793103448276,84,599,0.14023372287145242,1.9507575757575757,1.023986680364768,0.1699704590786864,0.7725708526886264
K562,MXI1,TF ChIP-seq,pos,all,3,29,0.10344827586206896,27,599,0.045075125208681135,2.4444444444444446,1.4592066369540515,0.1553759659224116,0.7725708526886264
K562,ZNF445,TF ChIP-seq,pos,all,2,29,0.06896551724137931,14,599,0.02337228714524207,3.0952380952380953,1.8761127467363459,0.16567245889794877,0.7725708526886264
K562,XRCC3,TF ChIP-seq,pos,all,1,29,0.034482758620689655,3,599,0.005008347245409015,7.095238095238095,3.1650958921940386,0.1726923082480459,0.7725708526886264
K562,KAT7,TF ChIP-seq,pos,all,4,29,0.13793103448275862,42,599,0.07011686143572621,2.1219047619047617,1.2109367181407822,0.15498263493744235,0.7725708526886264
K562,NR2F1,TF ChIP-seq,pos,all,9,29,0.3103448275862069,121,599,0.2020033388981636,1.7776859504132232,0.8679381197057464,0.162750360519987,0.7725708526886264
K562,ELK3,TF ChIP-seq,pos,all,1,29,0.034482758620689655,3,599,0.005008347245409015,7.095238095238095,3.1650958921940386,0.1726923082480459,0.7725708526886264
K562,ZBTB17,TF ChIP-seq,pos,all,5,29,0.1724137931034483,52,599,0.08681135225375626,2.19150641025641,1.2271914113445022,0.1718593653679647,0.7725708526886264
K562,YY1,TF ChIP-seq,pos,all,6,29,0.20689655172413793,69,599,0.11519198664440734,2.003780718336484,1.078118734654712,0.14224008055525436,0.7725708526886264
K562,CHD1,TF ChIP-seq,pos,all,3,29,0.10344827586206896,27,599,0.045075125208681135,2.4444444444444446,1.4592066369540515,0.1553759659224116,0.7725708526886264
K562,CREB3L1,TF ChIP-seq,pos,all,5,29,0.1724137931034483,54,599,0.09015025041736227,2.1026234567901234,1.16797283606877,0.17947044671945078,0.7890511019562061
K562,SP1,TF ChIP-seq,pos,all,3,29,0.10344827586206896,29,599,0.048414023372287146,2.2679045092838197,1.3528744944212452,0.17855166509759873,0.7890511019562061
K562,SMARCB1,TF ChIP-seq,pos,all,2,29,0.06896551724137931,15,599,0.025041736227045076,2.8839506172839506,1.7774312855074839,0.1825729718794102,0.7890865733771119
K562,FOXO4,TF ChIP-seq,pos,all,2,29,0.06896551724137931,15,599,0.025041736227045076,2.8839506172839506,1.7774312855074839,0.1825729718794102,0.7890865733771119
K562,TCF7,TF ChIP-seq,pos,all,2,29,0.06896551724137931,16,599,0.02671118530884808,2.699074074074074,1.6847631077115974,0.19973625879429868,0.8349630490581338
K562,RAD51,TF ChIP-seq,pos,all,5,29,0.1724137931034483,58,599,0.09682804674457429,1.9432471264367817,1.0551745825470118,0.19855017149231877,0.8349630490581338
K562,ZBTB2,TF ChIP-seq,pos,all,5,29,0.1724137931034483,58,599,0.09682804674457429,1.9432471264367817,1.0551745825470118,0.19855017149231877,0.8349630490581338
K562,PATZ1,TF ChIP-seq,pos,all,2,29,0.06896551724137931,16,599,0.02671118530884808,2.699074074074074,1.6847631077115974,0.19973625879429868,0.8349630490581338
K562,IKZF1,TF ChIP-seq,pos,all,11,29,0.3793103448275862,160,599,0.2671118530884808,1.6767361111111112,0.7673984584491641,0.20144129193504418,0.8352443811940856
K562,HMG20A,TF ChIP-seq,pos,all,1,29,0.034482758620689655,4,599,0.00667779632721202,5.3125,2.800105182978216,0.21114090289677462,0.8614548838188405
K562,GATAD2A,TF ChIP-seq,pos,all,5,29,0.1724137931034483,60,599,0.1001669449081803,1.8715277777777777,1.0013376867355115,0.20984614791447018,0.8614548838188405
K562,MNT,TF ChIP-seq,pos,all,8,29,0.27586206896551724,106,599,0.17696160267111852,1.7717879604672058,0.8733947407788009,0.21349639699797174,0.8641520830870284
K562,LARP7,TF ChIP-seq,pos,all,2,29,0.06896551724137931,17,599,0.028380634390651086,2.5359477124183005,1.5973996039593787,0.21710477691241253,0.8650268455103937
K562,ZNF319,TF ChIP-seq,pos,all,2,29,0.06896551724137931,17,599,0.028380634390651086,2.5359477124183005,1.5973996039593787,0.21710477691241253,0.8650268455103937
K562,TRIM28,TF ChIP-seq,pos,all,3,29,0.10344827586206896,33,599,0.05509181969949917,1.979020979020979,1.159277422857148,0.22756922514547948,0.8927715755707273
K562,SMAD1,TF ChIP-seq,pos,all,3,29,0.10344827586206896,33,599,0.05509181969949917,1.979020979020979,1.159277422857148,0.22756922514547948,0.8927715755707273
K562,IRF1,TF ChIP-seq,pos,all,0,29,0.0,43,599,0.07178631051752922,0.0,-2.20534866786861,0.25075387308394487,0.8996298624479456
K562,TGIF2,TF ChIP-seq,pos,all,1,29,0.034482758620689655,5,599,0.008347245409015025,4.242857142857143,2.508173867664773,0.24786147081971763,0.8996298624479456
K562,PCBP2,TF ChIP-seq,pos,all,1,29,0.034482758620689655,5,599,0.008347245409015025,4.242857142857143,2.508173867664773,0.24786147081971763,0.8996298624479456
K562,SIN3B,TF ChIP-seq,pos,all,2,29,0.06896551724137931,19,599,0.03171953255425709,2.2612085769980506,1.4363184193660208,0.25224915750991417,0.8996298624479456
K562,FOXA1,TF ChIP-seq,pos,all,1,29,0.034482758620689655,5,599,0.008347245409015025,4.242857142857143,2.508173867664773,0.24786147081971763,0.8996298624479456
K562,BCLAF1,TF ChIP-seq,pos,all,1,29,0.034482758620689655,5,599,0.008347245409015025,4.242857142857143,2.508173867664773,0.24786147081971763,0.8996298624479456
K562,ZNF175,TF ChIP-seq,pos,all,1,29,0.034482758620689655,75,599,0.12520868113522537,0.24952380952380954,-1.4515332901913967,0.23810223260768676,0.8996298624479456
K562,GATA2,TF ChIP-seq,pos,all,1,29,0.034482758620689655,70,599,0.11686143572621036,0.2698979591836735,-1.3389919918500426,0.2354941840994058,0.8996298624479456
K562,ZNF184,TF ChIP-seq,pos,all,2,29,0.06896551724137931,18,599,0.03005008347245409,2.3909465020576133,1.5147503972069714,0.23462540027950807,0.8996298624479456
K562,ZNF165,TF ChIP-seq,pos,all,2,29,0.06896551724137931,18,599,0.03005008347245409,2.3909465020576133,1.5147503972069714,0.23462540027950807,0.8996298624479456
K562,BCOR,TF ChIP-seq,pos,all,6,29,0.20689655172413793,76,599,0.12687813021702837,1.7951945080091534,0.9205087507016115,0.25198336916635056,0.8996298624479456
K562,ZNF586,TF ChIP-seq,pos,all,1,29,0.034482758620689655,5,599,0.008347245409015025,4.242857142857143,2.508173867664773,0.24786147081971763,0.8996298624479456
K562,ZNF583,TF ChIP-seq,pos,all,0,29,0.0,42,599,0.07011686143572621,0.0,-2.169205990691876,0.24890441783509673,0.8996298624479456
K562,SMC3,TF ChIP-seq,pos,all,9,29,0.3103448275862069,131,599,0.21869782971619364,1.6076335877862595,0.7233617571923863,0.2554619587058421,0.9047611037498574
K562,FOXK2,TF ChIP-seq,pos,all,6,29,0.20689655172413793,79,599,0.1318864774624374,1.717116125481563,0.8567222644785165,0.26284423685825853,0.9198872854986422
K562,H3K36me3,Histone ChIP-seq,pos,all,4,29,0.13793103448275862,43,599,0.07178631051752922,2.0688372093023255,1.1747940409640478,0.26334028173098384,0.9198872854986422
K562,ZNF395,TF ChIP-seq,pos,all,6,29,0.20689655172413793,83,599,0.13856427378964942,1.6217915138816135,0.7747711128544621,0.2809057300033838,0.9279991693525016
K562,TBP,TF ChIP-seq,pos,all,4,29,0.13793103448275862,48,599,0.08013355592654424,1.8366666666666667,1.0048038928750718,0.28911065951034093,0.9279991693525016
K562,MTA3,TF ChIP-seq,pos,all,2,29,0.06896551724137931,95,599,0.15859766277128548,0.3929824561403509,-1.0581499875666887,0.2908858213176727,0.9279991693525016
K562,ID3,TF ChIP-seq,pos,all,1,29,0.034482758620689655,6,599,0.01001669449081803,3.5297619047619047,2.264736988057229,0.28292902282329996,0.9279991693525016
K562,MIER1,TF ChIP-seq,pos,all,2,29,0.06896551724137931,20,599,0.0333889816360601,2.1444444444444444,1.3616812277510908,0.2699309831331716,0.9279991693525016
K562,MAFG,TF ChIP-seq,pos,all,2,29,0.06896551724137931,90,599,0.15025041736227046,0.4189300411522634,-0.9663391695546888,0.2911369943066672,0.9279991693525016
K562,ZKSCAN3,TF ChIP-seq,pos,all,1,29,0.034482758620689655,6,599,0.01001669449081803,3.5297619047619047,2.264736988057229,0.28292902282329996,0.9279991693525016
K562,RFX7,TF ChIP-seq,pos,all,1,29,0.034482758620689655,6,599,0.01001669449081803,3.5297619047619047,2.264736988057229,0.28292902282329996,0.9279991693525016
K562,CHCHD3,TF ChIP-seq,pos,all,1,29,0.034482758620689655,6,599,0.01001669449081803,3.5297619047619047,2.264736988057229,0.28292902282329996,0.9279991693525016
K562,ZNF318,TF ChIP-seq,pos,all,4,29,0.13793103448275862,47,599,0.07846410684474124,1.8791489361702127,1.037474705418663,0.28317713648372267,0.9279991693525016
K562,ZNF281,TF ChIP-seq,pos,all,5,29,0.1724137931034483,161,599,0.2687813021702838,0.5667701863354038,-0.714235547727103,0.2891594382819403,0.9279991693525016
K562,ELF4,TF ChIP-seq,pos,all,4,29,0.13793103448275862,48,599,0.08013355592654424,1.8366666666666667,1.0048038928750718,0.28911065951034093,0.9279991693525016
K562,ZNF518B,TF ChIP-seq,pos,all,1,29,0.034482758620689655,6,599,0.01001669449081803,3.5297619047619047,2.264736988057229,0.28292902282329996,0.9279991693525016
K562,RBM14,TF ChIP-seq,pos,all,1,29,0.034482758620689655,6,599,0.01001669449081803,3.5297619047619047,2.264736988057229,0.28292902282329996,0.9279991693525016
K562,JUND,TF ChIP-seq,pos,all,11,29,0.3793103448275862,173,599,0.2888146911519199,1.5048169556840076,0.6117186691680925,0.3009070451004576,0.953183807461077
K562,HNRNPL,TF ChIP-seq,pos,all,2,29,0.06896551724137931,22,599,0.03672787979966611,1.9427609427609427,1.222392421336448,0.3053067051550077,0.9552541081537052
K562,CUX1,TF ChIP-seq,pos,all,2,29,0.06896551724137931,22,599,0.03672787979966611,1.9427609427609427,1.222392421336448,0.3053067051550077,0.9552541081537052
K562,DNMT1,TF ChIP-seq,pos,all,1,29,0.034482758620689655,7,599,0.011686143572621035,3.020408163265306,2.0558532347335174,0.31641542916488496,0.966298616012523
K562,SNIP1,TF ChIP-seq,pos,all,1,29,0.034482758620689655,7,599,0.011686143572621035,3.020408163265306,2.0558532347335174,0.31641542916488496,0.966298616012523
K562,RBPJ,TF ChIP-seq,pos,all,1,29,0.034482758620689655,7,599,0.011686143572621035,3.020408163265306,2.0558532347335174,0.31641542916488496,0.966298616012523
K562,ARID2,TF ChIP-seq,pos,all,4,29,0.13793103448275862,52,599,0.08681135225375626,1.6830769230769231,0.8799692962932298,0.3161409861006246,0.966298616012523
K562,FOXM1,TF ChIP-seq,pos,all,4,29,0.13793103448275862,53,599,0.08848080133555926,1.6483018867924528,0.8501103587415745,0.32362715363817307,0.9708814609145192
K562,ZNF257,TF ChIP-seq,pos,all,2,29,0.06896551724137931,23,599,0.038397328881469114,1.855072463768116,1.1571563273368373,0.3229279395488018,0.9708814609145192
K562,CREB1,TF ChIP-seq,pos,all,4,29,0.13793103448275862,53,599,0.08848080133555926,1.6483018867924528,0.8501103587415745,0.32362715363817307,0.9708814609145192
K562,PBX2,TF ChIP-seq,pos,all,3,29,0.10344827586206896,111,599,0.18530884808013356,0.5072765072765073,-0.7892506804575145,0.3315387758896853,0.9830510215333691
K562,TOE1,TF ChIP-seq,pos,all,4,29,0.13793103448275862,54,599,0.09015025041736227,1.614814814814815,0.8207507210174977,0.3313679615945857,0.9830510215333691
K562,RBBP5,TF ChIP-seq,pos,all,4,29,0.13793103448275862,55,599,0.09181969949916527,1.5825454545454545,0.7918720318376177,0.3393457355563936,0.9922021035199617
K562,ZNF511,TF ChIP-seq,pos,all,2,29,0.06896551724137931,24,599,0.04006677796327212,1.7746913580246915,1.094530655379725,0.3404615061097908,0.9922021035199617
K562,NR2C2,TF ChIP-seq,pos,all,8,29,0.27586206896551724,117,599,0.19532554257095158,1.5693935693935694,0.6990662721386844,0.3382234579395662,0.9922021035199617
K562,MLX,TF ChIP-seq,pos,all,1,29,0.034482758620689655,8,599,0.01335559265442404,2.638392857142857,1.8728440036458636,0.3483895461878178,0.9981947671673432
K562,E4F1,TF ChIP-seq,pos,all,1,29,0.034482758620689655,8,599,0.01335559265442404,2.638392857142857,1.8728440036458636,0.3483895461878178,0.9981947671673432
K562,ZHX1,TF ChIP-seq,pos,all,1,29,0.034482758620689655,8,599,0.01335559265442404,2.638392857142857,1.8728440036458636,0.3483895461878178,0.9981947671673432
K562,TCF7L2,TF ChIP-seq,pos,all,0,29,0.0,3,599,0.005008347245409015,0.0,1.5303803562757827,1.0,1.0
K562,ZNF507,TF ChIP-seq,pos,all,0,29,0.0,1,599,0.001669449081803005,0.0,2.7576018868605043,1.0,1.0
K562,TAF15,TF ChIP-seq,pos,all,0,29,0.0,2,599,0.00333889816360601,0.0,2.018223758618907,1.0,1.0
K562,ZNF589,TF ChIP-seq,pos,all,3,29,0.10344827586206896,81,599,0.1352253756260434,0.7378917378917379,-0.251093507923447,0.7850100892717918,1.0
K562,TAF7,TF ChIP-seq,pos,all,1,29,0.034482758620689655,22,599,0.03672787979966611,0.9366883116883117,0.43389652653015964,1.0,1.0
K562,ZNF584,TF ChIP-seq,pos,all,2,29,0.06896551724137931,52,599,0.08681135225375626,0.7792022792022792,-0.07696198181488416,1.0,1.0
K562,SUZ12,TF ChIP-seq,pos,all,0,29,0.0,2,599,0.00333889816360601,0.0,2.018223758618907,1.0,1.0
K562,TAF9B,TF ChIP-seq,pos,all,3,29,0.10344827586206896,42,599,0.07011686143572621,1.5302197802197801,0.7928715261643703,0.45505711991834175,1.0
K562,TCF3,TF ChIP-seq,pos,all,6,29,0.20689655172413793,141,599,0.2353923205342237,0.84736355226642,-0.15802945277337319,0.8256926778627209,1.0
K562,TBPL1,TF ChIP-seq,pos,all,1,29,0.034482758620689655,15,599,0.025041736227045076,1.3904761904761904,0.9889353907011956,0.5350693854927503,1.0
K562,TCF12,TF ChIP-seq,pos,all,3,29,0.10344827586206896,66,599,0.11018363939899833,0.9318181818181818,0.0834964928176403,1.0,1.0
K562,TAL1,TF ChIP-seq,pos,all,4,29,0.13793103448275862,119,599,0.1986644407345576,0.6453781512605042,-0.49497452773618145,0.6309504478607106,1.0
K562,TARDBP,TF ChIP-seq,pos,all,3,29,0.10344827586206896,43,599,0.07178631051752922,1.4919499105545617,0.7567288489876361,0.4628528496164014,1.0
K562,TBX18,TF ChIP-seq,pos,all,1,29,0.034482758620689655,25,599,0.041736227045075125,0.82,0.2458102272310321,1.0,1.0
K562,ZNF551,TF ChIP-seq,pos,all,0,29,0.0,8,599,0.01335559265442404,0.0,0.23812846772760765,1.0,1.0
K562,ZNF512,TF ChIP-seq,pos,all,1,29,0.034482758620689655,22,599,0.03672787979966611,0.9366883116883117,0.43389652653015964,1.0,1.0
K562,TCF15,TF ChIP-seq,pos,all,0,29,0.0,20,599,0.0333889816360601,0.0,-1.0615302029734532,1.0,1.0
K562,SRSF3,TF ChIP-seq,pos,all,0,29,0.0,4,599,0.00667779632721202,0.0,1.1653896470599605,1.0,1.0
K562,STAT6,TF ChIP-seq,pos,all,1,29,0.034482758620689655,15,599,0.025041736227045076,1.3904761904761904,0.9889353907011956,0.5350693854927503,1.0
K562,ZNF77,TF ChIP-seq,pos,all,0,29,0.0,4,599,0.00667779632721202,0.0,1.1653896470599605,1.0,1.0
K562,ZNF780A,TF ChIP-seq,pos,all,0,29,0.0,6,599,0.01001669449081803,0.0,0.6300214521389733,1.0,1.0
K562,SNAPC5,TF ChIP-seq,pos,all,0,29,0.0,2,599,0.00333889816360601,0.0,2.018223758618907,1.0,1.0
K562,ZNF785,TF ChIP-seq,pos,all,0,29,0.0,2,599,0.00333889816360601,0.0,2.018223758618907,1.0,1.0
K562,SMARCC2,TF ChIP-seq,pos,all,5,29,0.1724137931034483,74,599,0.12353923205342238,1.4780405405405406,0.6631002080221059,0.3947588410855159,1.0
K562,ZNF79,TF ChIP-seq,pos,all,0,29,0.0,16,599,0.02671118530884808,0.0,-0.7384483230129466,1.0,1.0
K562,SMARCA5,TF ChIP-seq,pos,all,3,29,0.10344827586206896,40,599,0.0667779632721202,1.6125,0.8675787855861742,0.4403155387935417,1.0
K562,SMARCA4,TF ChIP-seq,pos,all,8,29,0.27586206896551724,150,599,0.25041736227045075,1.1403174603174604,0.23975571530298662,0.826592585493818,1.0
K562,ZNF83,TF ChIP-seq,pos,all,2,29,0.06896551724137931,50,599,0.08347245409015025,0.8133333333333334,-0.01566743043986094,1.0,1.0
K562,SMAD4,TF ChIP-seq,pos,all,7,29,0.2413793103448276,144,599,0.24040066777963273,1.0053661616161615,0.07141906058021569,1.0,1.0
K562,SMAD3,TF ChIP-seq,pos,all,2,29,0.06896551724137931,40,599,0.0667779632721202,1.0351851851851852,0.3287126994544719,1.0,1.0
K562,SKIL,TF ChIP-seq,pos,all,3,29,0.10344827586206896,88,599,0.14691151919866444,0.6700174825174825,-0.3895806528432638,0.7861627286170993,1.0
K562,ZNF830,TF ChIP-seq,pos,all,1,29,0.034482758620689655,18,599,0.03005008347245409,1.1527777777777777,0.7262545024006831,0.5981783351467417,1.0
K562,SIX5,TF ChIP-seq,pos,all,0,29,0.0,6,599,0.01001669449081803,0.0,0.6300214521389733,1.0,1.0
K562,ZSCAN29,TF ChIP-seq,pos,all,0,29,0.0,17,599,0.028380634390651086,0.0,-0.8258118267651651,1.0,1.0
K562,SNRNP70,TF ChIP-seq,pos,all,0,29,0.0,5,599,0.008347245409015025,0.0,0.8734583317465173,1.0,1.0
K562,ZNF766,TF ChIP-seq,pos,all,3,29,0.10344827586206896,87,599,0.14524207011686144,0.6790450928381963,-0.3703684499451154,0.7855993118619617,1.0
K562,ZNF764,TF ChIP-seq,pos,all,0,29,0.0,6,599,0.01001669449081803,0.0,0.6300214521389733,1.0,1.0
K562,ZNF76,TF ChIP-seq,pos,all,1,29,0.034482758620689655,28,599,0.04674457429048414,0.7283163265306123,0.07779216060615093,1.0,1.0
K562,ZNF609,TF ChIP-seq,pos,all,1,29,0.034482758620689655,13,599,0.021702838063439065,1.60989010989011,1.1931722824214546,0.4877897361273043,1.0
K562,ZNF639,TF ChIP-seq,pos,all,1,29,0.034482758620689655,14,599,0.02337228714524207,1.4923469387755102,1.0876168519300575,0.5119820775805751,1.0
K562,ZNF644,TF ChIP-seq,pos,all,2,29,0.06896551724137931,52,599,0.08681135225375626,0.7792022792022792,-0.07696198181488416,1.0,1.0
K562,ZNF655,TF ChIP-seq,pos,all,0,29,0.0,4,599,0.00667779632721202,0.0,1.1653896470599605,1.0,1.0
K562,ZNF668,TF ChIP-seq,pos,all,0,29,0.0,24,599,0.04006677796327212,0.0,-1.3286807753448189,0.619884800933872,1.0
K562,ZNF695,TF ChIP-seq,pos,all,0,29,0.0,12,599,0.02003338898163606,0.0,-0.3280541976842039,1.0,1.0
K562,STAT5A,TF ChIP-seq,pos,all,4,29,0.13793103448275862,59,599,0.09849749582637729,1.464406779661017,0.6808327038975236,0.52051759940565,1.0
K562,ZNF592,TF ChIP-seq,pos,all,5,29,0.1724137931034483,132,599,0.22036727879799667,0.7370580808080808,-0.3363042201534734,0.6504489972585101,1.0
K562,ZNF696,TF ChIP-seq,pos,all,0,29,0.0,5,599,0.008347245409015025,0.0,0.8734583317465173,1.0,1.0
K562,ZNF699,TF ChIP-seq,pos,all,0,29,0.0,5,599,0.008347245409015025,0.0,0.8734583317465173,1.0,1.0
K562,ZNF707,TF ChIP-seq,pos,all,0,29,0.0,11,599,0.018363939899833055,0.0,-0.20530640038040987,1.0,1.0
K562,SREBF1,TF ChIP-seq,pos,all,1,29,0.034482758620689655,9,599,0.015025041736227046,2.3412698412698414,1.7099382225099864,0.37891733804654676,1.0
K562,SPI1,TF ChIP-seq,pos,all,3,29,0.10344827586206896,64,599,0.10684474123539232,0.9645432692307693,0.13294997682140655,1.0,1.0
K562,ZNF740,TF ChIP-seq,pos,all,0,29,0.0,35,599,0.05843071786310518,0.0,-1.8915603980935225,0.3972755895567344,1.0
K562,ZNF75A,TF ChIP-seq,pos,all,1,29,0.034482758620689655,12,599,0.02003338898163606,1.7470238095238095,1.306661338234052,0.46244144661824593,1.0
K562,SOX6,TF ChIP-seq,pos,all,5,29,0.1724137931034483,151,599,0.25208681135225375,0.6181015452538632,-0.5894880340316005,0.38751344026190493,1.0
K562,TCFL5,TF ChIP-seq,pos,all,1,29,0.034482758620689655,9,599,0.015025041736227046,2.3412698412698414,1.7099382225099864,0.37891733804654676,1.0
K562,TEAD1,TF ChIP-seq,pos,all,2,29,0.06896551724137931,63,599,0.10517529215358931,0.630217519106408,-0.38068194465294114,0.7578238251498322,1.0
K562,ZNF121,TF ChIP-seq,pos,all,0,29,0.0,19,599,0.03171953255425709,0.0,-0.9868930113585233,1.0,1.0
K562,TEAD2,TF ChIP-seq,pos,all,0,29,0.0,26,599,0.04340567612687813,0.0,-1.4469138279092153,0.6255331141617335,1.0
K562,ZC3H4,TF ChIP-seq,pos,all,1,29,0.034482758620689655,12,599,0.02003338898163606,1.7470238095238095,1.306661338234052,0.46244144661824593,1.0
K562,ZC3H11A,TF ChIP-seq,pos,all,1,29,0.034482758620689655,10,599,0.01669449081803005,2.1035714285714286,1.5631030667574168,0.4080619937045567,1.0
K562,ZNF212,TF ChIP-seq,pos,all,0,29,0.0,10,599,0.01669449081803005,0.0,-0.07161246916083883,1.0,1.0
K562,ZBTB9,TF ChIP-seq,pos,all,3,29,0.10344827586206896,55,599,0.09181969949916527,1.1412587412587412,0.37380683986120583,0.7435166409917053,1.0
K562,ZBTB8A,TF ChIP-seq,pos,all,0,29,0.0,1,599,0.001669449081803005,0.0,2.7576018868605043,1.0,1.0
K562,ZNF215,TF ChIP-seq,pos,all,0,29,0.0,24,599,0.04006677796327212,0.0,-1.3286807753448189,0.619884800933872,1.0
K562,ZNF224,TF ChIP-seq,pos,all,0,29,0.0,3,599,0.005008347245409015,0.0,1.5303803562757827,1.0,1.0
K562,ZBTB49,TF ChIP-seq,pos,all,0,29,0.0,3,599,0.005008347245409015,0.0,1.5303803562757827,1.0,1.0
K562,ZNF23,TF ChIP-seq,pos,all,0,29,0.0,13,599,0.021702838063439065,0.0,-0.4415432534968013,1.0,1.0
K562,ZBTB43,TF ChIP-seq,pos,all,1,29,0.034482758620689655,14,599,0.02337228714524207,1.4923469387755102,1.0876168519300575,0.5119820775805751,1.0
K562,ZBTB40,TF ChIP-seq,pos,all,4,29,0.13793103448275862,62,599,0.10350584307178631,1.3858064516129032,0.6018363192855523,0.5328213406713094,1.0
K562,ZBTB34,TF ChIP-seq,pos,all,0,29,0.0,8,599,0.01335559265442404,0.0,0.23812846772760765,1.0,1.0
K562,ZBTB33,TF ChIP-seq,pos,all,4,29,0.13793103448275862,56,599,0.09348914858096828,1.5514285714285714,0.7634569220829381,0.5107690306246941,1.0
K562,ZNF232,TF ChIP-seq,pos,all,1,29,0.034482758620689655,12,599,0.02003338898163606,1.7470238095238095,1.306661338234052,0.46244144661824593,1.0
K562,ZNF239,TF ChIP-seq,pos,all,2,29,0.06896551724137931,30,599,0.05008347245409015,1.4049382716049383,0.7633830755079283,0.6540994347777114,1.0
K562,ZNF197,TF ChIP-seq,pos,all,2,29,0.06896551724137931,45,599,0.07512520868113523,0.9119341563786009,0.14781739132571628,1.0,1.0
K562,ZNF24,TF ChIP-seq,pos,all,2,29,0.06896551724137931,48,599,0.08013355592654424,0.8503086419753086,0.0478726147669576,1.0,1.0
K562,ZC3H8,TF ChIP-seq,pos,all,1,29,0.034482758620689655,10,599,0.01669449081803005,2.1035714285714286,1.5631030667574168,0.4080619937045567,1.0
K562,ZFP1,TF ChIP-seq,pos,all,1,29,0.034482758620689655,12,599,0.02003338898163606,1.7470238095238095,1.306661338234052,0.46244144661824593,1.0
K562,ZNF124,TF ChIP-seq,pos,all,0,29,0.0,2,599,0.00333889816360601,0.0,2.018223758618907,1.0,1.0
K562,ZNF133,TF ChIP-seq,pos,all,0,29,0.0,5,599,0.008347245409015025,0.0,0.8734583317465173,1.0,1.0
K562,ZNF134,TF ChIP-seq,pos,all,1,29,0.034482758620689655,26,599,0.04340567612687813,0.7870879120879121,0.1878017080090404,1.0,1.0
K562,ZMYM3,TF ChIP-seq,pos,all,2,29,0.06896551724137931,29,599,0.048414023372287146,1.4559386973180077,0.8140084082895432,0.6484192794063656,1.0
K562,ZNF140,TF ChIP-seq,pos,all,0,29,0.0,2,599,0.00333889816360601,0.0,2.018223758618907,1.0,1.0
K562,ZNF143,TF ChIP-seq,pos,all,0,29,0.0,18,599,0.03005008347245409,0.0,-0.9084610335175726,1.0,1.0
K562,ZNF146,TF ChIP-seq,pos,all,0,29,0.0,1,599,0.001669449081803005,0.0,2.7576018868605043,1.0,1.0
K562,ZMIZ1,TF ChIP-seq,pos,all,3,29,0.10344827586206896,42,599,0.07011686143572621,1.5302197802197801,0.7928715261643703,0.45505711991834175,1.0
K562,ZNF148,TF ChIP-seq,pos,all,4,29,0.13793103448275862,79,599,0.1318864774624374,1.0531645569620254,0.20837105748587853,1.0,1.0
K562,ZKSCAN8,TF ChIP-seq,pos,all,1,29,0.034482758620689655,49,599,0.08180300500834725,0.4008746355685131,-0.7726853799588262,0.7206346772828437,1.0
K562,ZKSCAN1,TF ChIP-seq,pos,all,2,29,0.06896551724137931,25,599,0.041736227045075125,1.7007407407407407,1.0343061220373206,0.35787857056738476,1.0
K562,ZFX,TF ChIP-seq,pos,all,2,29,0.06896551724137931,66,599,0.11018363939899833,0.5982042648709316,-0.4553695933140619,0.7589481483528673,1.0
K562,ZFPM2,TF ChIP-seq,pos,all,1,29,0.034482758620689655,10,599,0.01669449081803005,2.1035714285714286,1.5631030667574168,0.4080619937045567,1.0
K562,ZFP36,TF ChIP-seq,pos,all,3,29,0.10344827586206896,41,599,0.06844741235392321,1.5703564727954973,0.829808506630795,0.44753518824488947,1.0
K562,SIRT6,TF ChIP-seq,pos,all,0,29,0.0,2,599,0.00333889816360601,0.0,2.018223758618907,1.0,1.0
K562,ZEB2,TF ChIP-seq,pos,all,5,29,0.1724137931034483,81,599,0.1352253756260434,1.3323045267489713,0.5141937991042371,0.5782908484924082,1.0
K562,ZNF449,TF ChIP-seq,pos,all,1,29,0.034482758620689655,19,599,0.03171953255425709,1.0902255639097744,0.6478225245597327,1.0,1.0
K562,ZNF263,TF ChIP-seq,pos,all,3,29,0.10344827586206896,65,599,0.10851419031719532,0.9479289940828403,0.10805760367744534,1.0,1.0
K562,ZNF280B,TF ChIP-seq,pos,all,0,29,0.0,2,599,0.00333889816360601,0.0,2.018223758618907,1.0,1.0
K562,ZNF347,TF ChIP-seq,pos,all,0,29,0.0,2,599,0.00333889816360601,0.0,2.018223758618907,1.0,1.0
K562,ZNF354B,TF ChIP-seq,pos,all,0,29,0.0,9,599,0.015025041736227046,0.0,0.07522268659173062,1.0,1.0
K562,ZNF354C,TF ChIP-seq,pos,all,0,29,0.0,5,599,0.008347245409015025,0.0,0.8734583317465173,1.0,1.0
K562,ZNF384,TF ChIP-seq,pos,all,4,29,0.13793103448275862,63,599,0.10517529215358931,1.3612698412698412,0.5762493334551727,0.537420745748804,1.0
K562,THRAP3,TF ChIP-seq,pos,all,0,29,0.0,9,599,0.015025041736227046,0.0,0.07522268659173062,1.0,1.0
K562,THRA,TF ChIP-seq,pos,all,0,29,0.0,9,599,0.015025041736227046,0.0,0.07522268659173062,1.0,1.0
K562,THAP7,TF ChIP-seq,pos,all,0,29,0.0,7,599,0.011686143572621035,0.0,0.42113769881526164,1.0,1.0
K562,ZNF398,TF ChIP-seq,pos,all,0,29,0.0,10,599,0.01669449081803005,0.0,-0.07161246916083883,1.0,1.0
K562,ZNF407,TF ChIP-seq,pos,all,0,29,0.0,8,599,0.01335559265442404,0.0,0.23812846772760765,1.0,1.0
K562,ZNF41,TF ChIP-seq,pos,all,1,29,0.034482758620689655,27,599,0.045075125208681135,0.7566137566137566,0.13184465601606127,1.0,1.0
K562,ZNF431,TF ChIP-seq,pos,all,0,29,0.0,19,599,0.03171953255425709,0.0,-0.9868930113585233,1.0,1.0
K562,TFE3,TF ChIP-seq,pos,all,3,29,0.10344827586206896,36,599,0.06010016694490818,1.8044871794871795,1.0278817087866088,0.41507331909467965,1.0
K562,TFCP2,TF ChIP-seq,pos,all,2,29,0.06896551724137931,27,599,0.045075125208681135,1.5692729766803841,0.9203405508223493,0.6380251486372212,1.0
K562,TFAP4,TF ChIP-seq,pos,all,9,29,0.3103448275862069,158,599,0.2637729549248748,1.2560126582278481,0.36830610633456057,0.6668213861351742,1.0
K562,ZNF444,TF ChIP-seq,pos,all,1,29,0.034482758620689655,13,599,0.021702838063439065,1.60989010989011,1.1931722824214546,0.4877897361273043,1.0
K562,TRIP13,TF ChIP-seq,pos,all,0,29,0.0,6,599,0.01001669449081803,0.0,0.6300214521389733,1.0,1.0
K562,ZNF280A,TF ChIP-seq,pos,all,0,29,0.0,3,599,0.005008347245409015,0.0,1.5303803562757827,1.0,1.0
K562,TSC22D4,TF ChIP-seq,pos,all,0,29,0.0,4,599,0.00667779632721202,0.0,1.1653896470599605,1.0,1.0
K562,ZNF324,TF ChIP-seq,pos,all,1,29,0.034482758620689655,12,599,0.02003338898163606,1.7470238095238095,1.306661338234052,0.46244144661824593,1.0
K562,ZBTB12,TF ChIP-seq,pos,all,1,29,0.034482758620689655,38,599,0.06343906510851419,0.5272556390977443,-0.3815718417378857,1.0,1.0
K562,ZNF282,TF ChIP-seq,pos,all,3,29,0.10344827586206896,49,599,0.08180300500834725,1.2951334379905808,0.5546766009791643,0.7252165519855414,1.0
K562,ZNF3,TF ChIP-seq,pos,all,0,29,0.0,7,599,0.011686143572621035,0.0,0.42113769881526164,1.0,1.0
K562,ZNF311,TF ChIP-seq,pos,all,1,29,0.034482758620689655,31,599,0.05175292153589316,0.6543778801843319,-0.07419089805125408,1.0,1.0
K562,ZNF316,TF ChIP-seq,pos,all,6,29,0.20689655172413793,94,599,0.15692821368948248,1.4014801110083257,0.5651757241453967,0.4400596414400718,1.0
K562,YBX3,TF ChIP-seq,pos,all,0,29,0.0,4,599,0.00667779632721202,0.0,1.1653896470599605,1.0,1.0
K562,YBX1,TF ChIP-seq,pos,all,0,29,0.0,2,599,0.00333889816360601,0.0,2.018223758618907,1.0,1.0
K562,XRCC5,TF ChIP-seq,pos,all,3,29,0.10344827586206896,50,599,0.08347245409015025,1.2669230769230768,0.5231986556918413,0.7278263212528358,1.0
K562,XRCC4,TF ChIP-seq,pos,all,0,29,0.0,1,599,0.001669449081803005,0.0,2.7576018868605043,1.0,1.0
K562,ZNF317,TF ChIP-seq,pos,all,2,29,0.06896551724137931,25,599,0.041736227045075125,1.7007407407407407,1.0343061220373206,0.35787857056738476,1.0
K562,WHSC1,TF ChIP-seq,pos,all,0,29,0.0,4,599,0.00667779632721202,0.0,1.1653896470599605,1.0,1.0
K562,VEZF1,TF ChIP-seq,pos,all,9,29,0.3103448275862069,138,599,0.2303839732888147,1.5032608695652174,0.6268201804220878,0.367859737684476,1.0
K562,USF2,TF ChIP-seq,pos,all,1,29,0.034482758620689655,13,599,0.021702838063439065,1.60989010989011,1.1931722824214546,0.4877897361273043,1.0
K562,USF1,TF ChIP-seq,pos,all,4,29,0.13793103448275862,60,599,0.1001669449081803,1.4373333333333334,0.6541155716842391,0.5243550045226635,1.0
K562,UBTF,TF ChIP-seq,pos,all,3,29,0.10344827586206896,63,599,0.10517529215358931,0.9816849816849816,0.15818414147876098,1.0,1.0
K562,TSHZ1,TF ChIP-seq,pos,all,0,29,0.0,10,599,0.01669449081803005,0.0,-0.07161246916083883,1.0,1.0
K562,ZNF397,TF ChIP-seq,pos,all,1,29,0.034482758620689655,17,599,0.028380634390651086,1.2226890756302522,0.8089037091530906,0.5781218320817773,1.0
K562,ADNP,TF ChIP-seq,pos,all,3,29,0.10344827586206896,51,599,0.08514190317195326,1.239819004524887,0.49228175071437946,0.7306299832278897,1.0
K562,SETDB1,TF ChIP-seq,pos,all,0,29,0.0,2,599,0.00333889816360601,0.0,2.018223758618907,1.0,1.0
K562,FOXJ3,TF ChIP-seq,pos,all,0,29,0.0,2,599,0.00333889816360601,0.0,2.018223758618907,1.0,1.0
K562,FOXJ2,TF ChIP-seq,pos,all,3,29,0.10344827586206896,51,599,0.08514190317195326,1.239819004524887,0.49228175071437946,0.7306299832278897,1.0
K562,FOSL1,TF ChIP-seq,pos,all,7,29,0.2413793103448276,157,599,0.2621035058430718,0.8957730167921251,-0.0946368741380752,1.0,1.0
K562,FOS,TF ChIP-seq,pos,all,1,29,0.034482758620689655,33,599,0.05509181969949917,0.6125541125541125,-0.16808455808084236,1.0,1.0
K562,EZH2,TF ChIP-seq,pos,all,0,29,0.0,1,599,0.001669449081803005,0.0,2.7576018868605043,1.0,1.0
K562,ETV6,TF ChIP-seq,pos,all,0,29,0.0,8,599,0.01335559265442404,0.0,0.23812846772760765,1.0,1.0
K562,ETV1,TF ChIP-seq,pos,all,3,29,0.10344827586206896,79,599,0.1318864774624374,0.759493670886076,-0.20969413449053326,1.0,1.0
K562,ETS2,TF ChIP-seq,pos,all,0,29,0.0,4,599,0.00667779632721202,0.0,1.1653896470599605,1.0,1.0
K562,ESRRB,TF ChIP-seq,pos,all,0,29,0.0,11,599,0.018363939899833055,0.0,-0.20530640038040987,1.0,1.0
K562,ESRRA,TF ChIP-seq,pos,all,6,29,0.20689655172413793,107,599,0.17863105175292154,1.1995123933360423,0.3416379312177331,0.6273143459252118,1.0
K562,ERF,TF ChIP-seq,pos,all,2,29,0.06896551724137931,29,599,0.048414023372287146,1.4559386973180077,0.8140084082895432,0.6484192794063656,1.0
K562,EP400,TF ChIP-seq,pos,all,7,29,0.2413793103448276,106,599,0.17696160267111852,1.4798456260720412,0.6272341535094034,0.4551678977439483,1.0
K562,EP300,TF ChIP-seq,pos,all,8,29,0.27586206896551724,129,599,0.21535893155258765,1.3879660391288298,0.5224407115902244,0.4888909310331571,1.0
K562,ELK1,TF ChIP-seq,pos,all,0,29,0.0,7,599,0.011686143572621035,0.0,0.42113769881526164,1.0,1.0
K562,ELF2,TF ChIP-seq,pos,all,1,29,0.034482758620689655,35,599,0.05843071786310518,0.5755102040816327,-0.2568448621752668,1.0,1.0
K562,ELF1,TF ChIP-seq,pos,all,3,29,0.10344827586206896,50,599,0.08347245409015025,1.2669230769230768,0.5231986556918413,0.7278263212528358,1.0
K562,EHMT2,TF ChIP-seq,pos,all,2,29,0.06896551724137931,66,599,0.11018363939899833,0.5982042648709316,-0.4553695933140619,0.7589481483528673,1.0
K562,E2F7,TF ChIP-seq,pos,all,1,29,0.034482758620689655,9,599,0.015025041736227046,2.3412698412698414,1.7099382225099864,0.37891733804654676,1.0
K562,E2F6,TF ChIP-seq,pos,all,4,29,0.13793103448275862,84,599,0.14023372287145242,0.9809523809523809,0.10644884055674096,1.0,1.0
K562,E2F5,TF ChIP-seq,pos,all,4,29,0.13793103448275862,75,599,0.12520868113522537,1.1178666666666666,0.2938938827230056,0.7756236868455411,1.0
K562,E2F4,TF ChIP-seq,pos,all,0,29,0.0,11,599,0.018363939899833055,0.0,-0.20530640038040987,1.0,1.0
K562,FOXK1,TF ChIP-seq,pos,all,0,29,0.0,19,599,0.03171953255425709,0.0,-0.9868930113585233,1.0,1.0
K562,E2F3,TF ChIP-seq,pos,all,2,29,0.06896551724137931,29,599,0.048414023372287146,1.4559386973180077,0.8140084082895432,0.6484192794063656,1.0
K562,FOXP1,TF ChIP-seq,pos,all,2,29,0.06896551724137931,27,599,0.045075125208681135,1.5692729766803841,0.9203405508223493,0.6380251486372212,1.0
K562,GABPA,TF ChIP-seq,pos,all,3,29,0.10344827586206896,83,599,0.13856427378964942,0.7173308619091752,-0.2916452861145877,0.7846549103281157,1.0
K562,HINFP,TF ChIP-seq,pos,all,1,29,0.034482758620689655,30,599,0.05008347245409015,0.6773809523809524,-0.025112819298359915,1.0,1.0
K562,HEY1,TF ChIP-seq,pos,all,0,29,0.0,12,599,0.02003338898163606,0.0,-0.3280541976842039,1.0,1.0
K562,HES1,TF ChIP-seq,pos,all,1,29,0.034482758620689655,56,599,0.09348914858096828,0.34630102040816324,-0.9819702508314639,0.5039867570787351,1.0
K562,HDGF,TF ChIP-seq,pos,all,2,29,0.06896551724137931,40,599,0.0667779632721202,1.0351851851851852,0.3287126994544719,1.0,1.0
K562,HDAC8,TF ChIP-seq,pos,all,2,29,0.06896551724137931,43,599,0.07178631051752922,0.9577950043066322,0.21786276285593387,1.0,1.0
K562,HDAC6,TF ChIP-seq,pos,all,0,29,0.0,1,599,0.001669449081803005,0.0,2.7576018868605043,1.0,1.0
K562,HDAC3,TF ChIP-seq,pos,all,1,29,0.034482758620689655,44,599,0.07345575959933222,0.450487012987013,-0.6060178430208912,0.7135795101277294,1.0
K562,HCFC1,TF ChIP-seq,pos,all,3,29,0.10344827586206896,35,599,0.05843071786310518,1.8593406593406594,1.0705171187627236,0.4098364129792428,1.0
K562,H3K9me1,Histone ChIP-seq,pos,all,0,29,0.0,8,599,0.01335559265442404,0.0,0.23812846772760765,1.0,1.0
K562,H3K4me1,Histone ChIP-seq,pos,all,17,29,0.5862068965517241,337,599,0.5626043405676127,1.1013847675568744,0.12285674778553338,0.8501128559568238,1.0
K562,H3K27me3,Histone ChIP-seq,pos,all,0,29,0.0,12,599,0.02003338898163606,0.0,-0.3280541976842039,1.0,1.0
K562,GTF3C2,TF ChIP-seq,pos,all,0,29,0.0,2,599,0.00333889816360601,0.0,2.018223758618907,1.0,1.0
K562,GTF2F1,TF ChIP-seq,pos,all,0,29,0.0,9,599,0.015025041736227046,0.0,0.07522268659173062,1.0,1.0
K562,GTF2E2,TF ChIP-seq,pos,all,2,29,0.06896551724137931,39,599,0.0651085141903172,1.063627730294397,0.36735819599102665,1.0,1.0
K562,GTF2B,TF ChIP-seq,pos,all,0,29,0.0,1,599,0.001669449081803005,0.0,2.7576018868605043,1.0,1.0
K562,GTF2A2,TF ChIP-seq,pos,all,0,29,0.0,22,599,0.03672787979966611,0.0,-1.2008190093880962,0.6169539204267791,1.0
K562,GMEB1,TF ChIP-seq,pos,all,1,29,0.034482758620689655,28,599,0.04674457429048414,0.7283163265306123,0.07779216060615093,1.0,1.0
K562,GATAD2B,TF ChIP-seq,pos,all,3,29,0.10344827586206896,46,599,0.07679465776293823,1.387123745819398,0.6527151631679258,0.48761623512329766,1.0
K562,GATA1,TF ChIP-seq,pos,all,4,29,0.13793103448275862,66,599,0.11018363939899833,1.2921212121212122,0.5015616847940522,0.5525112743541933,1.0
K562,GABPB2,TF ChIP-seq,pos,all,0,29,0.0,5,599,0.008347245409015025,0.0,0.8734583317465173,1.0,1.0
K562,GABPB1,TF ChIP-seq,pos,all,4,29,0.13793103448275862,83,599,0.13856427378964942,0.9946987951807229,0.1264199058618241,1.0,1.0
K562,FUS,TF ChIP-seq,pos,all,1,29,0.034482758620689655,9,599,0.015025041736227046,2.3412698412698414,1.7099382225099864,0.37891733804654676,1.0
K562,HIVEP1,TF ChIP-seq,pos,all,0,29,0.0,18,599,0.03005008347245409,0.0,-0.9084610335175726,1.0,1.0
K562,DPF2,TF ChIP-seq,pos,all,10,29,0.3448275862068966,166,599,0.27712854757929883,1.37285986049461,0.4874250200670849,0.4056410142286791,1.0
K562,DMBX1,TF ChIP-seq,pos,all,3,29,0.10344827586206896,78,599,0.1302170283806344,0.7707100591715976,-0.18866283887745636,1.0,1.0
K562,CBFA2T3,TF ChIP-seq,pos,all,8,29,0.27586206896551724,188,599,0.31385642737896496,0.8328267477203647,-0.21247400629879717,0.8378112897651473,1.0
K562,CAMTA2,TF ChIP-seq,pos,all,0,29,0.0,12,599,0.02003338898163606,0.0,-0.3280541976842039,1.0,1.0
K562,C11orf30,TF ChIP-seq,pos,all,5,29,0.1724137931034483,97,599,0.16193656093489148,1.0781786941580755,0.2103712468387692,0.7997674712156794,1.0
K562,BRF2,TF ChIP-seq,pos,all,0,29,0.0,1,599,0.001669449081803005,0.0,2.7576018868605043,1.0,1.0
K562,BRD9,TF ChIP-seq,pos,all,4,29,0.13793103448275862,67,599,0.11185308848080133,1.27044776119403,0.4773217775331864,0.5579257245208129,1.0
K562,BRD4,TF ChIP-seq,pos,all,1,29,0.034482758620689655,30,599,0.05008347245409015,0.6773809523809524,-0.025112819298359915,1.0,1.0
K562,BMI1,TF ChIP-seq,pos,all,0,29,0.0,9,599,0.015025041736227046,0.0,0.07522268659173062,1.0,1.0
K562,BDP1,TF ChIP-seq,pos,all,0,29,0.0,1,599,0.001669449081803005,0.0,2.7576018868605043,1.0,1.0
K562,BCL6,TF ChIP-seq,pos,all,1,29,0.034482758620689655,13,599,0.021702838063439065,1.60989010989011,1.1931722824214546,0.4877897361273043,1.0
K562,ATF7,TF ChIP-seq,pos,all,9,29,0.3103448275862069,142,599,0.2370617696160267,1.4482394366197182,0.5731853329448026,0.37597572877543256,1.0
K562,ATF6,TF ChIP-seq,pos,all,1,29,0.034482758620689655,17,599,0.028380634390651086,1.2226890756302522,0.8089037091530906,0.5781218320817773,1.0
K562,ATF4,TF ChIP-seq,pos,all,3,29,0.10344827586206896,54,599,0.09015025041736227,1.1645299145299146,0.4026855290410859,0.7400699832768367,1.0
K562,ATF1,TF ChIP-seq,pos,all,7,29,0.2413793103448276,134,599,0.22370617696160267,1.1041383989145184,0.20621249428101335,0.8207377011114192,1.0
K562,ASH1L,TF ChIP-seq,pos,all,0,29,0.0,9,599,0.015025041736227046,0.0,0.07522268659173062,1.0,1.0
K562,ARNT,TF ChIP-seq,pos,all,3,29,0.10344827586206896,73,599,0.12186978297161936,0.8314014752370916,-0.07994815631624266,1.0,1.0
K562,ARID4B,TF ChIP-seq,pos,all,0,29,0.0,17,599,0.028380634390651086,0.0,-0.8258118267651651,1.0,1.0
K562,ARID3B,TF ChIP-seq,pos,all,0,29,0.0,6,599,0.01001669449081803,0.0,0.6300214521389733,1.0,1.0
K562,ARID3A,TF ChIP-seq,pos,all,3,29,0.10344827586206896,50,599,0.08347245409015025,1.2669230769230768,0.5231986556918413,0.7278263212528358,1.0
K562,ARID1B,TF ChIP-seq,pos,all,7,29,0.2413793103448276,188,599,0.31385642737896496,0.6955996131528046,-0.45863459356819486,0.5384298794201061,1.0
K562,ARHGAP35,TF ChIP-seq,pos,all,1,29,0.034482758620689655,10,599,0.01669449081803005,2.1035714285714286,1.5631030667574168,0.4080619937045567,1.0
K562,AFF1,TF ChIP-seq,pos,all,4,29,0.13793103448275862,62,599,0.10350584307178631,1.3858064516129032,0.6018363192855523,0.5328213406713094,1.0
K562,CBX2,TF ChIP-seq,pos,all,0,29,0.0,1,599,0.001669449081803005,0.0,2.7576018868605043,1.0,1.0
K562,DMTF1,TF ChIP-seq,pos,all,1,29,0.034482758620689655,10,599,0.01669449081803005,2.1035714285714286,1.5631030667574168,0.4080619937045567,1.0
K562,CBX5,TF ChIP-seq,pos,all,0,29,0.0,17,599,0.028380634390651086,0.0,-0.8258118267651651,1.0,1.0
K562,CC2D1A,TF ChIP-seq,pos,all,5,29,0.1724137931034483,99,599,0.1652754590984975,1.0521885521885521,0.17532341281443378,1.0,1.0
K562,DLX4,TF ChIP-seq,pos,all,0,29,0.0,2,599,0.00333889816360601,0.0,2.018223758618907,1.0,1.0
K562,DIDO1,TF ChIP-seq,pos,all,0,29,0.0,22,599,0.03672787979966611,0.0,-1.2008190093880962,0.6169539204267791,1.0
K562,DEAF1,TF ChIP-seq,pos,all,6,29,0.20689655172413793,94,599,0.15692821368948248,1.4014801110083257,0.5651757241453967,0.4400596414400718,1.0
K562,DDX20,TF ChIP-seq,pos,all,2,29,0.06896551724137931,32,599,0.05342237061769616,1.3125,0.6666771505125256,0.6662291693635263,1.0
K562,DACH1,TF ChIP-seq,pos,all,2,29,0.06896551724137931,64,599,0.10684474123539232,0.6192129629629629,-0.4059161093102955,0.7580081764628364,1.0
K562,CXXC5,TF ChIP-seq,pos,all,8,29,0.27586206896551724,154,599,0.2570951585976628,1.1008039579468152,0.18901668016578882,0.829004297679059,1.0
K562,CTCFL,TF ChIP-seq,pos,all,3,29,0.10344827586206896,50,599,0.08347245409015025,1.2669230769230768,0.5231986556918413,0.7278263212528358,1.0
K562,CTCF,TF ChIP-seq,pos,all,11,29,0.3793103448275862,185,599,0.3088480801335559,1.3675675675675676,0.4740615053030102,0.41815242710436984,1.0
K562,CTBP1,TF ChIP-seq,pos,all,11,29,0.3793103448275862,188,599,0.31385642737896496,1.3359929078014185,0.4404364975810245,0.5400192091131276,1.0
K562,CSDE1,TF ChIP-seq,pos,all,0,29,0.0,2,599,0.00333889816360601,0.0,2.018223758618907,1.0,1.0
K562,CREM,TF ChIP-seq,pos,all,7,29,0.2413793103448276,142,599,0.2370617696160267,1.0240076824583866,0.0978473233981446,1.0,1.0
K562,CREBBP,TF ChIP-seq,pos,all,0,29,0.0,1,599,0.001669449081803005,0.0,2.7576018868605043,1.0,1.0
K562,CREB5,TF ChIP-seq,pos,all,1,29,0.034482758620689655,14,599,0.02337228714524207,1.4923469387755102,1.0876168519300575,0.5119820775805751,1.0
K562,CREB3,TF ChIP-seq,pos,all,3,29,0.10344827586206896,49,599,0.08180300500834725,1.2951334379905808,0.5546766009791643,0.7252165519855414,1.0
K562,CLOCK,TF ChIP-seq,pos,all,1,29,0.034482758620689655,9,599,0.015025041736227046,2.3412698412698414,1.7099382225099864,0.37891733804654676,1.0
K562,CHD4,TF ChIP-seq,pos,all,1,29,0.034482758620689655,12,599,0.02003338898163606,1.7470238095238095,1.306661338234052,0.46244144661824593,1.0
K562,CHAMP1,TF ChIP-seq,pos,all,1,29,0.034482758620689655,13,599,0.021702838063439065,1.60989010989011,1.1931722824214546,0.4877897361273043,1.0
K562,CEBPG,TF ChIP-seq,pos,all,4,29,0.13793103448275862,64,599,0.10684474123539232,1.3375,0.5510151687978184,0.542244968589283,1.0
K562,CEBPB,TF ChIP-seq,pos,all,5,29,0.1724137931034483,100,599,0.1669449081803005,1.0395833333333333,0.15801095113557884,1.0,1.0
K562,CCNT2,TF ChIP-seq,pos,all,5,29,0.1724137931034483,69,599,0.11519198664440734,1.6002415458937198,0.7769896427133465,0.3708972814480144,1.0
K562,CCAR2,TF ChIP-seq,pos,all,0,29,0.0,1,599,0.001669449081803005,0.0,2.7576018868605043,1.0,1.0
K562,CBX8,TF ChIP-seq,pos,all,0,29,0.0,1,599,0.001669449081803005,0.0,2.7576018868605043,1.0,1.0
K562,SIN3A,TF ChIP-seq,pos,all,1,29,0.034482758620689655,29,599,0.048414023372287146,0.7019704433497537,0.025512513483255055,1.0,1.0
K562,HMBOX1,TF ChIP-seq,pos,all,4,29,0.13793103448275862,108,599,0.18030050083472454,0.7274074074074074,-0.32300396663308195,0.8034788334921861,1.0
K562,HMGN3,TF ChIP-seq,pos,all,3,29,0.10344827586206896,48,599,0.08013355592654424,1.3245192307692308,0.5867387008986598,0.7228145987686319,1.0
K562,PKNOX1,TF ChIP-seq,pos,all,9,29,0.3103448275862069,157,599,0.2621035058430718,1.2668789808917198,0.38070113540858275,0.5259884577097734,1.0
K562,PHTF2,TF ChIP-seq,pos,all,1,29,0.034482758620689655,10,599,0.01669449081803005,2.1035714285714286,1.5631030667574168,0.4080619937045567,1.0
K562,PHF8,TF ChIP-seq,pos,all,4,29,0.13793103448275862,59,599,0.09849749582637729,1.464406779661017,0.6808327038975236,0.52051759940565,1.0
K562,PHF21A,TF ChIP-seq,pos,all,3,29,0.10344827586206896,40,599,0.0667779632721202,1.6125,0.8675787855861742,0.4403155387935417,1.0
K562,PHF20,TF ChIP-seq,pos,all,2,29,0.06896551724137931,25,599,0.041736227045075125,1.7007407407407407,1.0343061220373206,0.35787857056738476,1.0
K562,PHB2,TF ChIP-seq,pos,all,1,29,0.034482758620689655,21,599,0.035058430717863104,0.9829931972789115,0.5019808809618065,1.0,1.0
K562,ZSCAN32,TF ChIP-seq,pos,all,1,29,0.034482758620689655,20,599,0.0333889816360601,1.0339285714285715,0.5731853329448026,1.0,1.0
K562,NUFIP1,TF ChIP-seq,pos,all,1,29,0.034482758620689655,12,599,0.02003338898163606,1.7470238095238095,1.306661338234052,0.46244144661824593,1.0
K562,NRF1,TF ChIP-seq,pos,all,4,29,0.13793103448275862,101,599,0.1686143572621035,0.788910891089109,-0.20638656331616348,0.8030932062078058,1.0
K562,NR4A1,TF ChIP-seq,pos,all,0,29,0.0,23,599,0.038397328881469114,0.0,-1.2660551033877068,0.6180457109326134,1.0
K562,NR3C1,TF ChIP-seq,pos,all,0,29,0.0,8,599,0.01335559265442404,0.0,0.23812846772760765,1.0,1.0
K562,NR2F6,TF ChIP-seq,pos,all,0,29,0.0,9,599,0.015025041736227046,0.0,0.07522268659173062,1.0,1.0
K562,NR2F2,TF ChIP-seq,pos,all,4,29,0.13793103448275862,79,599,0.1318864774624374,1.0531645569620254,0.20837105748587853,1.0,1.0
K562,NR2C1,TF ChIP-seq,pos,all,3,29,0.10344827586206896,47,599,0.07846410684474124,1.3551554828150574,0.6194095134422509,0.4962464953336408,1.0
K562,NR1H2,TF ChIP-seq,pos,all,1,29,0.034482758620689655,12,599,0.02003338898163606,1.7470238095238095,1.306661338234052,0.46244144661824593,1.0
K562,NONO,TF ChIP-seq,pos,all,3,29,0.10344827586206896,45,599,0.07512520868113523,1.4205128205128206,0.6866834774574185,0.4791578710701663,1.0
K562,NFYB,TF ChIP-seq,pos,all,1,29,0.034482758620689655,15,599,0.025041736227045076,1.3904761904761904,0.9889353907011956,0.5350693854927503,1.0
K562,NFYA,TF ChIP-seq,pos,all,1,29,0.034482758620689655,9,599,0.015025041736227046,2.3412698412698414,1.7099382225099864,0.37891733804654676,1.0
K562,NFRKB,TF ChIP-seq,pos,all,3,29,0.10344827586206896,57,599,0.09515859766277128,1.097165991902834,0.31742374388187133,0.7507864798858871,1.0
K562,NFIX,TF ChIP-seq,pos,all,0,29,0.0,8,599,0.01335559265442404,0.0,0.23812846772760765,1.0,1.0
K562,NFE2L1,TF ChIP-seq,pos,all,0,29,0.0,19,599,0.03171953255425709,0.0,-0.9868930113585233,1.0,1.0
K562,POLR2H,TF ChIP-seq,pos,all,3,29,0.10344827586206896,43,599,0.07178631051752922,1.4919499105545617,0.7567288489876361,0.4628528496164014,1.0
K562,NFE2,TF ChIP-seq,pos,all,4,29,0.13793103448275862,95,599,0.15859766277128548,0.8488421052631578,-0.10121870945857465,1.0,1.0
K562,POLR3A,TF ChIP-seq,pos,all,0,29,0.0,3,599,0.005008347245409015,0.0,1.5303803562757827,1.0,1.0
K562,PPARD,TF ChIP-seq,pos,all,0,29,0.0,2,599,0.00333889816360601,0.0,2.018223758618907,1.0,1.0
K562,SAFB,TF ChIP-seq,pos,all,1,29,0.034482758620689655,11,599,0.018363939899833055,1.9090909090909092,1.4294091355378458,0.435884039381328,1.0
K562,RUNX1,TF ChIP-seq,pos,all,1,29,0.034482758620689655,19,599,0.03171953255425709,1.0902255639097744,0.6478225245597327,1.0,1.0
K562,RREB1,TF ChIP-seq,pos,all,2,29,0.06896551724137931,39,599,0.0651085141903172,1.063627730294397,0.36735819599102665,1.0,1.0
K562,RNF219,TF ChIP-seq,pos,all,0,29,0.0,3,599,0.005008347245409015,0.0,1.5303803562757827,1.0,1.0
K562,RLF,TF ChIP-seq,pos,all,1,29,0.034482758620689655,31,599,0.05175292153589316,0.6543778801843319,-0.07419089805125408,1.0,1.0
K562,RHOXF2B,TF ChIP-seq,pos,all,1,29,0.034482758620689655,11,599,0.018363939899833055,1.9090909090909092,1.4294091355378458,0.435884039381328,1.0
K562,RFX5,TF ChIP-seq,pos,all,1,29,0.034482758620689655,9,599,0.015025041736227046,2.3412698412698414,1.7099382225099864,0.37891733804654676,1.0
K562,RFX1,TF ChIP-seq,pos,all,0,29,0.0,33,599,0.05509181969949917,0.0,-1.802800093999098,0.3919172530005822,1.0
K562,REST,TF ChIP-seq,pos,all,1,29,0.034482758620689655,16,599,0.02671118530884808,1.3013392857142858,0.8962672129053092,0.5571004113435836,1.0
K562,RERE,TF ChIP-seq,pos,all,0,29,0.0,9,599,0.015025041736227046,0.0,0.07522268659173062,1.0,1.0
K562,RELA,TF ChIP-seq,pos,all,2,29,0.06896551724137931,38,599,0.06343906510851419,1.0935672514619883,0.4069240530684026,0.7064626453190423,1.0
K562,RCOR1,TF ChIP-seq,pos,all,9,29,0.3103448275862069,175,599,0.2921535893155259,1.0902857142857143,0.16466903207397948,0.8359805956826902,1.0
K562,RBM34,TF ChIP-seq,pos,all,0,29,0.0,2,599,0.00333889816360601,0.0,2.018223758618907,1.0,1.0
K562,RBM22,TF ChIP-seq,pos,all,2,29,0.06896551724137931,26,599,0.04340567612687813,1.6324786324786325,0.9762976028153285,0.3751529635639154,1.0
K562,RAD21,TF ChIP-seq,pos,all,11,29,0.3793103448275862,212,599,0.35392320534223703,1.115566037735849,0.18084205956459898,0.8431349880877076,1.0
K562,PYGO2,TF ChIP-seq,pos,all,0,29,0.0,29,599,0.048414023372287146,0.0,-1.609203022435001,0.3899584672837084,1.0
K562,PTTG1,TF ChIP-seq,pos,all,0,29,0.0,16,599,0.02671118530884808,0.0,-0.7384483230129466,1.0,1.0
K562,PTRF,TF ChIP-seq,pos,all,0,29,0.0,20,599,0.0333889816360601,0.0,-1.0615302029734532,1.0,1.0
K562,PRPF4,TF ChIP-seq,pos,all,1,29,0.034482758620689655,18,599,0.03005008347245409,1.1527777777777777,0.7262545024006831,0.5981783351467417,1.0
K562,PREB,TF ChIP-seq,pos,all,1,29,0.034482758620689655,16,599,0.02671118530884808,1.3013392857142858,0.8962672129053092,0.5571004113435836,1.0
K562,PRDM10,TF ChIP-seq,pos,all,5,29,0.1724137931034483,98,599,0.1636060100166945,1.0650510204081634,0.19277584567789333,0.8015785385632507,1.0
K562,POU5F1,TF ChIP-seq,pos,all,0,29,0.0,3,599,0.005008347245409015,0.0,1.5303803562757827,1.0,1.0
K562,HMG20B,TF ChIP-seq,pos,all,0,29,0.0,4,599,0.00667779632721202,0.0,1.1653896470599605,1.0,1.0
K562,NFATC3,TF ChIP-seq,pos,all,1,29,0.034482758620689655,26,599,0.04340567612687813,0.7870879120879121,0.1878017080090404,1.0,1.0
K562,NELFE,TF ChIP-seq,pos,all,0,29,0.0,1,599,0.001669449081803005,0.0,2.7576018868605043,1.0,1.0
K562,LCOR,TF ChIP-seq,pos,all,3,29,0.10344827586206896,44,599,0.07345575959933222,1.4554195804195804,0.7213441379170992,0.4708951182553001,1.0
K562,L3MBTL2,TF ChIP-seq,pos,all,8,29,0.27586206896551724,153,599,0.25542570951585974,1.1104886399004046,0.20161960629928505,0.8283045649535126,1.0
K562,KLF6,TF ChIP-seq,pos,all,1,29,0.034482758620689655,38,599,0.06343906510851419,0.5272556390977443,-0.3815718417378857,1.0,1.0
K562,KLF16,TF ChIP-seq,pos,all,4,29,0.13793103448275862,91,599,0.15191986644407346,0.8931868131868131,-0.028096214955725656,1.0,1.0
K562,KLF13,TF ChIP-seq,pos,all,3,29,0.10344827586206896,46,599,0.07679465776293823,1.387123745819398,0.6527151631679258,0.48761623512329766,1.0
K562,KLF1,TF ChIP-seq,pos,all,1,29,0.034482758620689655,42,599,0.07011686143572621,0.4736394557823129,-0.5344904547736202,0.7128320565537545,1.0
K562,KHSRP,TF ChIP-seq,pos,all,1,29,0.034482758620689655,16,599,0.02671118530884808,1.3013392857142858,0.8962672129053092,0.5571004113435836,1.0
K562,KDM2B,TF ChIP-seq,pos,all,0,29,0.0,10,599,0.01669449081803005,0.0,-0.07161246916083883,1.0,1.0
K562,KAT8,TF ChIP-seq,pos,all,0,29,0.0,10,599,0.01669449081803005,0.0,-0.07161246916083883,1.0,1.0
K562,KAT2B,TF ChIP-seq,pos,all,0,29,0.0,1,599,0.001669449081803005,0.0,2.7576018868605043,1.0,1.0
K562,JUNB,TF ChIP-seq,pos,all,0,29,0.0,16,599,0.02671118530884808,0.0,-0.7384483230129466,1.0,1.0
K562,IRF9,TF ChIP-seq,pos,all,2,29,0.06896551724137931,37,599,0.06176961602671119,1.125125125125125,0.44745897697122117,0.6995166410705758,1.0
K562,IRF2,TF ChIP-seq,pos,all,1,29,0.034482758620689655,28,599,0.04674457429048414,0.7283163265306123,0.07779216060615093,1.0,1.0
K562,ILK,TF ChIP-seq,pos,all,0,29,0.0,6,599,0.01001669449081803,0.0,0.6300214521389733,1.0,1.0
K562,IFI16,TF ChIP-seq,pos,all,0,29,0.0,5,599,0.008347245409015025,0.0,0.8734583317465173,1.0,1.0
K562,HSF4,TF ChIP-seq,pos,all,0,29,0.0,11,599,0.018363939899833055,0.0,-0.20530640038040987,1.0,1.0
K562,HOXB6,TF ChIP-seq,pos,all,0,29,0.0,8,599,0.01335559265442404,0.0,0.23812846772760765,1.0,1.0
K562,HOMEZ,TF ChIP-seq,pos,all,0,29,0.0,11,599,0.018363939899833055,0.0,-0.20530640038040987,1.0,1.0
K562,HNRNPLL,TF ChIP-seq,pos,all,3,29,0.10344827586206896,35,599,0.05843071786310518,1.8593406593406594,1.0705171187627236,0.4098364129792428,1.0
K562,HNRNPK,TF ChIP-seq,pos,all,1,29,0.034482758620689655,12,599,0.02003338898163606,1.7470238095238095,1.306661338234052,0.46244144661824593,1.0
K562,HMGXB4,TF ChIP-seq,pos,all,0,29,0.0,26,599,0.04340567612687813,0.0,-1.4469138279092153,0.6255331141617335,1.0
K562,LEF1,TF ChIP-seq,pos,all,3,29,0.10344827586206896,88,599,0.14691151919866444,0.6700174825174825,-0.3895806528432638,0.7861627286170993,1.0
K562,NEUROD1,TF ChIP-seq,pos,all,2,29,0.06896551724137931,55,599,0.09181969949916527,0.7326599326599327,-0.16505924627049634,1.0,1.0
K562,MAFF,TF ChIP-seq,pos,all,2,29,0.06896551724137931,53,599,0.08848080133555926,0.7631027253668763,-0.10682091936653956,1.0,1.0
K562,MAX,TF ChIP-seq,pos,all,9,29,0.3103448275862069,144,599,0.24040066777963273,1.421875,0.5467570701268737,0.38114211839475187,1.0
K562,NCOA6,TF ChIP-seq,pos,all,1,29,0.034482758620689655,16,599,0.02671118530884808,1.3013392857142858,0.8962672129053092,0.5571004113435836,1.0
K562,NCOA4,TF ChIP-seq,pos,all,0,29,0.0,8,599,0.01335559265442404,0.0,0.23812846772760765,1.0,1.0
K562,NCOA2,TF ChIP-seq,pos,all,0,29,0.0,18,599,0.03005008347245409,0.0,-0.9084610335175726,1.0,1.0
K562,NBN,TF ChIP-seq,pos,all,4,29,0.13793103448275862,77,599,0.1285475792988314,1.0846753246753247,0.25066248116482426,0.7803222991593324,1.0
K562,MYC,TF ChIP-seq,pos,all,2,29,0.06896551724137931,37,599,0.06176961602671119,1.125125125125125,0.44745897697122117,0.6995166410705758,1.0
K562,MYBL2,TF ChIP-seq,pos,all,0,29,0.0,13,599,0.021702838063439065,0.0,-0.4415432534968013,1.0,1.0
K562,MXD1,TF ChIP-seq,pos,all,0,29,0.0,7,599,0.011686143572621035,0.0,0.42113769881526164,1.0,1.0
K562,MTF1,TF ChIP-seq,pos,all,0,29,0.0,8,599,0.01335559265442404,0.0,0.23812846772760765,1.0,1.0
K562,MTA2,TF ChIP-seq,pos,all,3,29,0.10344827586206896,52,599,0.08681135225375626,1.2137573964497042,0.46190410431681794,0.7336139322007454,1.0
K562,MTA1,TF ChIP-seq,pos,all,2,29,0.06896551724137931,70,599,0.11686143572621036,0.5597883597883598,-0.5504960970437542,0.5627125476338899,1.0
K562,MLLT1,TF ChIP-seq,pos,all,5,29,0.1724137931034483,76,599,0.12687813021702837,1.4336622807017543,0.6193796587602456,0.4059837833298894,1.0
K562,MGA,TF ChIP-seq,pos,all,5,29,0.1724137931034483,92,599,0.15358931552587646,1.1480978260869565,0.30060432607831544,0.7920309130581096,1.0
K562,MEIS2,TF ChIP-seq,pos,all,7,29,0.2413793103448276,166,599,0.27712854757929883,0.8299561883899234,-0.20445268457058335,0.8322289793087454,1.0
K562,MEF2D,TF ChIP-seq,pos,all,2,29,0.06896551724137931,60,599,0.1001669449081803,0.6654320987654321,-0.30281570642387484,1.0,1.0
K562,MEF2A,TF ChIP-seq,pos,all,0,29,0.0,7,599,0.011686143572621035,0.0,0.42113769881526164,1.0,1.0
K562,MED1,TF ChIP-seq,pos,all,0,29,0.0,4,599,0.00667779632721202,0.0,1.1653896470599605,1.0,1.0
K562,MECOM,TF ChIP-seq,pos,all,2,29,0.06896551724137931,35,599,0.05843071786310518,1.1936507936507936,0.5316510326310214,0.6858389610647332,1.0
K562,MCM7,TF ChIP-seq,pos,all,0,29,0.0,4,599,0.00667779632721202,0.0,1.1653896470599605,1.0,1.0
K562,MCM2,TF ChIP-seq,pos,all,0,29,0.0,1,599,0.001669449081803005,0.0,2.7576018868605043,1.0,1.0
K562,MBD2,TF ChIP-seq,pos,all,2,29,0.06896551724137931,51,599,0.08514190317195326,0.7959331880900509,-0.04658433541732269,1.0,1.0
K562,MAZ,TF ChIP-seq,pos,all,6,29,0.20689655172413793,100,599,0.1669449081803005,1.3017391304347825,0.45914004307694456,0.6102964114914637,1.0
K562,MAFK,TF ChIP-seq,pos,all,3,29,0.10344827586206896,73,599,0.12186978297161936,0.8314014752370916,-0.07994815631624266,1.0,1.0
K562,ZZZ3,TF ChIP-seq,pos,all,0,29,0.0,2,599,0.00333889816360601,0.0,2.018223758618907,1.0,1.0
K562,H3K79me2,Histone ChIP-seq,pos,powered,14,29,0.4827586206896552,77,373,0.2064343163538874,3.587878787878788,1.839548574012463,0.001847045486328387,0.9179816067052082
K562,ZBTB11,TF ChIP-seq,pos,powered,2,29,0.06896551724137931,4,373,0.010723860589812333,6.833333333333333,2.9000739340665413,0.06292108395042346,0.9288596390155412
K562,ZBTB1,TF ChIP-seq,pos,powered,3,29,0.10344827586206896,11,373,0.029490616621983913,3.797202797202797,2.057709696339689,0.0716545525069999,0.9288596390155412
K562,HBP1,TF ChIP-seq,pos,powered,4,29,0.13793103448275862,18,373,0.04825737265415549,3.1555555555555554,1.7617520434612823,0.06426021711564875,0.9288596390155412
K562,CBX1,TF ChIP-seq,pos,powered,4,29,0.13793103448275862,17,373,0.045576407506702415,3.3505882352941176,1.8459749089697384,0.055334064292501546,0.9288596390155412
K562,ILF3,TF ChIP-seq,pos,powered,3,29,0.10344827586206896,8,373,0.021447721179624665,5.264423076923077,2.505699222196503,0.037659362616995776,0.9288596390155412
K562,CDC5L,TF ChIP-seq,pos,powered,3,29,0.10344827586206896,6,373,0.0160857908847185,7.0576923076923075,2.9005951890770394,0.021169793040562594,0.9288596390155412
K562,ZBTB26,TF ChIP-seq,pos,powered,4,29,0.13793103448275862,12,373,0.032171581769437,4.8133333333333335,2.3514953066472097,0.021741063175704817,0.9288596390155412
K562,NKRF,TF ChIP-seq,pos,powered,6,29,0.20689655172413793,33,373,0.08847184986595175,2.6877470355731226,1.4912726640177534,0.049611681422040865,0.9288596390155412
K562,ZNF436,TF ChIP-seq,pos,powered,2,29,0.06896551724137931,3,373,0.00804289544235925,9.135802469135802,3.2665431916109324,0.043898191725694834,0.9288596390155412
K562,JUN,TF ChIP-seq,pos,powered,9,29,0.3103448275862069,59,373,0.1581769436997319,2.3949152542372882,1.2924739523968476,0.06657290044017342,0.9288596390155412
K562,H3K27ac,Histone ChIP-seq,pos,powered,16,29,0.5517241379310345,140,373,0.3753351206434316,2.048351648351648,1.0223590366837207,0.07475731501131117,0.9288596390155412
K562,RBM39,TF ChIP-seq,pos,powered,2,29,0.06896551724137931,3,373,0.00804289544235925,9.135802469135802,3.2665431916109324,0.043898191725694834,0.9288596390155412
K562,NFIC,TF ChIP-seq,pos,powered,11,29,0.3793103448275862,74,373,0.19839142091152814,2.469219219219219,1.3213522627546872,0.03160899825296948,0.9288596390155412
K562,NCOA1,TF ChIP-seq,pos,powered,6,29,0.20689655172413793,34,373,0.09115281501340483,2.601023017902813,1.4445941739300174,0.0553842927702667,0.9288596390155412
K562,DDIT3,TF ChIP-seq,pos,powered,3,29,0.10344827586206896,7,373,0.01876675603217158,6.032967032967033,2.690213260019698,0.028778870467239235,0.9288596390155412
K562,E2F1,TF ChIP-seq,pos,powered,3,29,0.10344827586206896,10,373,0.02680965147453083,4.188461538461539,2.192928598635239,0.059139605038222756,0.9288596390155412
K562,KLF10,TF ChIP-seq,pos,powered,2,29,0.06896551724137931,1,373,0.002680965147453083,27.555555555555557,4.49670249599107,0.014431458666765925,0.9288596390155412
K562,ZNF253,TF ChIP-seq,pos,powered,2,29,0.06896551724137931,3,373,0.00804289544235925,9.135802469135802,3.2665431916109324,0.043898191725694834,0.9288596390155412
K562,E2F8,TF ChIP-seq,pos,powered,6,29,0.20689655172413793,24,373,0.064343163538874,3.7934782608695654,1.980289667723683,0.01445934036134736,0.9288596390155412
K562,FOXA3,TF ChIP-seq,pos,powered,4,29,0.13793103448275862,15,373,0.040214477211796246,3.8186666666666667,2.0291326577858464,0.039698355114867453,0.9288596390155412
K562,SREBF2,TF ChIP-seq,pos,powered,2,29,0.06896551724137931,3,373,0.00804289544235925,9.135802469135802,3.2665431916109324,0.043898191725694834,0.9288596390155412
K562,ZNF174,TF ChIP-seq,pos,powered,1,29,0.034482758620689655,0,373,0.0,inf,5.2970369193456515,0.07213930348258706,0.9288596390155412
K562,SRSF1,TF ChIP-seq,pos,powered,1,29,0.034482758620689655,0,373,0.0,inf,5.2970369193456515,0.07213930348258706,0.9288596390155412
K562,ETS1,TF ChIP-seq,pos,powered,5,29,0.1724137931034483,19,373,0.05093833780160858,3.8815789473684212,2.028961372899357,0.02205847448357532,0.9288596390155412
K562,TEAD4,TF ChIP-seq,pos,powered,12,29,0.41379310344827586,88,373,0.2359249329758713,2.286096256684492,1.2043145581096035,0.04358216616312753,0.9288596390155412
K562,OTX1,TF ChIP-seq,pos,powered,4,29,0.13793103448275862,17,373,0.045576407506702415,3.3505882352941176,1.8459749089697384,0.055334064292501546,0.9288596390155412
K562,EWSR1,TF ChIP-seq,pos,powered,2,29,0.06896551724137931,1,373,0.002680965147453083,27.555555555555557,4.49670249599107,0.014431458666765925,0.9288596390155412
K562,THAP12,TF ChIP-seq,pos,powered,5,29,0.1724137931034483,13,373,0.03485254691689008,5.769230769230769,2.583689721599443,0.006076209677040017,0.9288596390155412
K562,HNRNPUL1,TF ChIP-seq,pos,powered,2,29,0.06896551724137931,2,373,0.005361930294906166,13.74074074074074,3.7558586870139368,0.02756935234576559,0.9288596390155412
K562,ATF2,TF ChIP-seq,pos,powered,6,29,0.20689655172413793,31,373,0.08310991957104558,2.8779803646563815,1.5885311208114274,0.03925799747913118,0.9288596390155412
K562,ZNF717,TF ChIP-seq,pos,powered,2,29,0.06896551724137931,2,373,0.005361930294906166,13.74074074074074,3.7558586870139368,0.02756935234576559,0.9288596390155412
K562,ZBED1,TF ChIP-seq,pos,powered,3,29,0.10344827586206896,10,373,0.02680965147453083,4.188461538461539,2.192928598635239,0.059139605038222756,0.9288596390155412
K562,POLR2B,TF ChIP-seq,pos,powered,6,29,0.20689655172413793,26,373,0.06970509383378017,3.4816053511705687,1.8587995795111254,0.01987877942608213,0.9288596390155412
K562,THRB,TF ChIP-seq,pos,powered,4,29,0.13793103448275862,19,373,0.05093833780160858,2.9810526315789474,1.6817392578480845,0.0739157923994132,0.9288596390155412
K562,PTBP1,TF ChIP-seq,pos,powered,3,29,0.10344827586206896,11,373,0.029490616621983913,3.797202797202797,2.057709696339689,0.0716545525069999,0.9288596390155412
K562,BACH1,TF ChIP-seq,pos,powered,3,29,0.10344827586206896,11,373,0.029490616621983913,3.797202797202797,2.057709696339689,0.0716545525069999,0.9288596390155412
K562,ZNF7,TF ChIP-seq,pos,powered,7,29,0.2413793103448276,28,373,0.07506702412868632,3.9204545454545454,2.014689385502361,0.007902780287460642,0.9288596390155412
K562,ZNF84,TF ChIP-seq,pos,powered,3,29,0.10344827586206896,10,373,0.02680965147453083,4.188461538461539,2.192928598635239,0.059139605038222756,0.9288596390155412
K562,HMG20A,TF ChIP-seq,pos,powered,1,29,0.034482758620689655,0,373,0.0,inf,5.2970369193456515,0.07213930348258706,0.9288596390155412
K562,ZNF57,TF ChIP-seq,pos,powered,2,29,0.06896551724137931,5,373,0.013404825737265416,5.451851851851852,2.606657571820475,0.08419213616534735,0.930905916074281
K562,CGGBP1,TF ChIP-seq,pos,powered,2,29,0.06896551724137931,5,373,0.013404825737265416,5.451851851851852,2.606657571820475,0.08419213616534735,0.930905916074281
K562,ZNF561,TF ChIP-seq,pos,powered,2,29,0.06896551724137931,5,373,0.013404825737265416,5.451851851851852,2.606657571820475,0.08419213616534735,0.930905916074281
K562,H2AFZ,Histone ChIP-seq,pos,powered,7,29,0.2413793103448276,153,373,0.4101876675603217,0.45751633986928103,-1.062422500533815,0.07938331855204252,0.930905916074281
K562,SAP30,TF ChIP-seq,pos,powered,4,29,0.13793103448275862,20,373,0.05361930294906166,2.824,1.6055140596621318,0.08428725598258077,0.930905916074281
K562,ATF3,TF ChIP-seq,pos,powered,9,29,0.3103448275862069,67,373,0.17962466487935658,2.055223880597015,1.0733031754654525,0.08895752692187625,0.9611280626124457
K562,AGO1,TF ChIP-seq,pos,powered,3,29,0.10344827586206896,15,373,0.040214477211796246,2.753846153846154,1.6110674658094346,0.13208270060510688,0.9746901403208398
K562,TRIM25,TF ChIP-seq,pos,powered,2,29,0.06896551724137931,7,373,0.01876675603217158,3.873015873015873,2.151347173887996,0.13192414225107812,0.9746901403208398
K562,ETV5,TF ChIP-seq,pos,powered,6,29,0.20689655172413793,41,373,0.10991957104557641,2.112407211028632,1.148021965505082,0.13087459215965155,0.9746901403208398
K562,KDM4B,TF ChIP-seq,pos,powered,1,29,0.034482758620689655,1,373,0.002680965147453083,13.285714285714286,3.708206601184782,0.13924144861726281,0.9746901403208398
K562,ZFP30,TF ChIP-seq,pos,powered,1,29,0.034482758620689655,1,373,0.002680965147453083,13.285714285714286,3.708206601184782,0.13924144861726281,0.9746901403208398
K562,MTA3,TF ChIP-seq,pos,powered,2,29,0.06896551724137931,72,373,0.19302949061662197,0.3096707818930041,-1.403326516752147,0.13356749905128934,0.9746901403208398
K562,FIP1L1,TF ChIP-seq,pos,powered,3,29,0.10344827586206896,13,373,0.03485254691689008,3.195266272189349,1.8184024145717588,0.09993904364048738,0.9746901403208398
K562,PML,TF ChIP-seq,pos,powered,6,29,0.20689655172413793,35,373,0.0938337801608579,2.519254658385093,1.3991157705337696,0.10070964521094024,0.9746901403208398
K562,POLR2A,TF ChIP-seq,pos,powered,8,29,0.27586206896551724,60,373,0.16085790884718498,1.9873015873015873,1.0346564820756858,0.12327754952416514,0.9746901403208398
K562,U2AF1,TF ChIP-seq,pos,powered,2,29,0.06896551724137931,7,373,0.01876675603217158,3.873015873015873,2.151347173887996,0.13192414225107812,0.9746901403208398
K562,POLR2AphosphoS5,TF ChIP-seq,pos,powered,8,29,0.27586206896551724,55,373,0.14745308310991956,2.2025974025974024,1.1819317824544358,0.10532796709045208,0.9746901403208398
K562,TBL1XR1,TF ChIP-seq,pos,powered,4,29,0.13793103448275862,23,373,0.06166219839142091,2.4347826086956523,1.3961814418038025,0.11949451934898624,0.9746901403208398
K562,SRF,TF ChIP-seq,pos,powered,2,29,0.06896551724137931,6,373,0.0160857908847185,4.530864197530864,2.3617291029453376,0.10731206464874136,0.9746901403208398
K562,ZNF274,TF ChIP-seq,pos,powered,2,29,0.06896551724137931,7,373,0.01876675603217158,3.873015873015873,2.151347173887996,0.13192414225107812,0.9746901403208398
K562,TRIM24,TF ChIP-seq,pos,powered,8,29,0.27586206896551724,54,373,0.1447721179624665,2.250440917107584,1.2126858827183093,0.10315959262336802,0.9746901403208398
K562,CHD7,TF ChIP-seq,pos,powered,1,29,0.034482758620689655,1,373,0.002680965147453083,13.285714285714286,3.708206601184782,0.13924144861726281,0.9746901403208398
K562,SUPT5H,TF ChIP-seq,pos,powered,6,29,0.20689655172413793,36,373,0.09651474530831099,2.4420289855072466,1.354769999521631,0.10415274122007434,0.9746901403208398
K562,ZBTB5,TF ChIP-seq,pos,powered,2,29,0.06896551724137931,7,373,0.01876675603217158,3.873015873015873,2.151347173887996,0.13192414225107812,0.9746901403208398
K562,ZNF700,TF ChIP-seq,pos,powered,2,29,0.06896551724137931,6,373,0.0160857908847185,4.530864197530864,2.3617291029453376,0.10731206464874136,0.9746901403208398
K562,TFDP1,TF ChIP-seq,pos,powered,6,29,0.20689655172413793,41,373,0.10991957104557641,2.112407211028632,1.148021965505082,0.13087459215965155,0.9746901403208398
K562,SFPQ,TF ChIP-seq,pos,powered,1,29,0.034482758620689655,1,373,0.002680965147453083,13.285714285714286,3.708206601184782,0.13924144861726281,0.9746901403208398
K562,H3K9me3,Histone ChIP-seq,pos,powered,1,29,0.034482758620689655,1,373,0.002680965147453083,13.285714285714286,3.708206601184782,0.13924144861726281,0.9746901403208398
K562,CEBPZ,TF ChIP-seq,pos,powered,1,29,0.034482758620689655,1,373,0.002680965147453083,13.285714285714286,3.708206601184782,0.13924144861726281,0.9746901403208398
K562,H4K20me1,Histone ChIP-seq,pos,powered,8,29,0.27586206896551724,57,373,0.15281501340482573,2.1119465329991645,1.1217697250322074,0.111110533840178,0.9746901403208398
K562,XRCC3,TF ChIP-seq,pos,powered,1,29,0.034482758620689655,1,373,0.002680965147453083,13.285714285714286,3.708206601184782,0.13924144861726281,0.9746901403208398
K562,TAF9B,TF ChIP-seq,pos,powered,3,29,0.10344827586206896,25,373,0.06702412868632708,1.606153846153846,0.8520239713913325,0.44195744571500317,1.0
K562,TGIF2,TF ChIP-seq,pos,powered,1,29,0.034482758620689655,5,373,0.013404825737265416,2.6285714285714286,1.8181616770141868,0.3637545367043465,1.0
K562,THAP1,TF ChIP-seq,pos,powered,2,29,0.06896551724137931,8,373,0.021447721179624665,3.3796296296296298,1.9668331360648008,0.1577104601970379,1.0
K562,TEAD2,TF ChIP-seq,pos,powered,0,29,0.0,21,373,0.05630026809651475,0.0,-1.8474283567777834,0.38513550602460944,1.0
K562,TAF15,TF ChIP-seq,pos,powered,0,29,0.0,2,373,0.005361930294906166,0.0,1.3326472562893927,1.0,1.0
K562,THRAP3,TF ChIP-seq,pos,powered,0,29,0.0,5,373,0.013404825737265416,0.0,0.18344614109593127,1.0,1.0
K562,TAF1,TF ChIP-seq,pos,powered,5,29,0.1724137931034483,30,373,0.08042895442359249,2.3819444444444446,1.3381507257773029,0.1594105234107121,1.0
K562,THRA,TF ChIP-seq,pos,powered,0,29,0.0,6,373,0.0160857908847185,0.0,-0.06148232777920661,1.0,1.0
K562,THAP7,TF ChIP-seq,pos,powered,0,29,0.0,4,373,0.010723860589812333,0.0,0.4768625033419974,1.0,1.0
K562,TAF7,TF ChIP-seq,pos,powered,1,29,0.034482758620689655,14,373,0.03753351206434316,0.9158163265306123,0.3839394518681402,1.0,1.0
K562,TAL1,TF ChIP-seq,pos,powered,4,29,0.13793103448275862,63,373,0.16890080428954424,0.7873015873015873,-0.21273556908086766,0.8004234607967975,1.0
K562,TBP,TF ChIP-seq,pos,powered,4,29,0.13793103448275862,33,373,0.08847184986595175,1.6484848484848484,0.8429214570251156,0.3261458704477868,1.0
K562,TEAD1,TF ChIP-seq,pos,powered,2,29,0.06896551724137931,44,373,0.11796246648793565,0.5538720538720538,-0.5710303945956434,0.5571454238156949,1.0
K562,TBPL1,TF ChIP-seq,pos,powered,1,29,0.034482758620689655,11,373,0.029490616621983913,1.1753246753246753,0.7303477154016985,0.5980820396236408,1.0
K562,TFE3,TF ChIP-seq,pos,powered,3,29,0.10344827586206896,24,373,0.064343163538874,1.6778846153846154,0.9138732687546332,0.43053496774806876,1.0
K562,TBX18,TF ChIP-seq,pos,powered,1,29,0.034482758620689655,18,373,0.04825737265415549,0.7043650793650794,0.016324870546880078,1.0,1.0
K562,TRIM28,TF ChIP-seq,pos,powered,3,29,0.10344827586206896,23,373,0.06166219839142091,1.7558528428093645,0.9781162498273908,0.41998897948852115,1.0
K562,TCF12,TF ChIP-seq,pos,powered,3,29,0.10344827586206896,33,373,0.08847184986595175,1.1888111888111887,0.42485626504870355,0.7352918959210065,1.0
K562,TOE1,TF ChIP-seq,pos,powered,4,29,0.13793103448275862,38,373,0.10187667560321716,1.4105263157894736,0.620882074976099,0.5269337527180857,1.0
K562,TFCP2,TF ChIP-seq,pos,powered,2,29,0.06896551724137931,20,373,0.05361930294906166,1.3074074074074074,0.6485827815540179,0.666768126437791,1.0
K562,TCF15,TF ChIP-seq,pos,powered,0,29,0.0,12,373,0.032171581769437,0.0,-1.0286474021854481,1.0,1.0
K562,TCF3,TF ChIP-seq,pos,powered,6,29,0.20689655172413793,84,373,0.225201072386059,0.8975155279503105,-0.0776090318294929,1.0,1.0
K562,TFAP4,TF ChIP-seq,pos,powered,9,29,0.3103448275862069,125,373,0.3351206434316354,0.8928,-0.12406600356298401,0.8411566388716986,1.0
K562,TCF7,TF ChIP-seq,pos,powered,2,29,0.06896551724137931,11,373,0.029490616621983913,2.4377104377104377,1.5188436102079865,0.239447551903197,1.0
K562,TARDBP,TF ChIP-seq,pos,powered,3,29,0.10344827586206896,35,373,0.0938337801608579,1.1142857142857143,0.3326993715647195,0.7466479272751123,1.0
K562,TCFL5,TF ChIP-seq,pos,powered,1,29,0.034482758620689655,3,373,0.00804289544235925,4.404761904761905,2.478047296804644,0.2596721406747598,1.0
K562,SMC3,TF ChIP-seq,pos,powered,9,29,0.3103448275862069,101,373,0.2707774798927614,1.2118811881188118,0.31515201130461434,0.6672333814126874,1.0
K562,STAT6,TF ChIP-seq,pos,powered,1,29,0.034482758620689655,11,373,0.029490616621983913,1.1753246753246753,0.7303477154016985,0.5980820396236408,1.0
K562,RNF219,TF ChIP-seq,pos,powered,0,29,0.0,1,373,0.002680965147453083,0.0,2.0734910652665266,1.0,1.0
K562,RLF,TF ChIP-seq,pos,powered,1,29,0.034482758620689655,23,373,0.06166219839142091,0.5434782608695652,-0.34924573111059964,1.0,1.0
K562,RHOXF2B,TF ChIP-seq,pos,powered,1,29,0.034482758620689655,9,373,0.024128686327077747,1.4444444444444444,1.013919977439766,0.5312027637793909,1.0
K562,RFX7,TF ChIP-seq,pos,powered,1,29,0.034482758620689655,3,373,0.00804289544235925,4.404761904761905,2.478047296804644,0.2596721406747598,1.0
K562,RFX5,TF ChIP-seq,pos,powered,1,29,0.034482758620689655,5,373,0.013404825737265416,2.6285714285714286,1.8181616770141868,0.3637545367043465,1.0
K562,RFX1,TF ChIP-seq,pos,powered,0,29,0.0,20,373,0.05361930294906166,0.0,-1.774628649170526,0.3827977962842032,1.0
K562,REST,TF ChIP-seq,pos,powered,1,29,0.034482758620689655,8,373,0.021447721179624665,1.6294642857142858,1.1783372412585125,0.4938535334211557,1.0
K562,RERE,TF ChIP-seq,pos,powered,0,29,0.0,8,373,0.021447721179624665,0.0,-0.45637829465974344,1.0,1.0
K562,RELA,TF ChIP-seq,pos,powered,2,29,0.06896551724137931,25,373,0.06702412868632708,1.031111111111111,0.3131578852596303,1.0,1.0
K562,RCOR1,TF ChIP-seq,pos,powered,9,29,0.3103448275862069,118,373,0.3163538873994638,0.972457627118644,-0.0011882591351359887,1.0,1.0
K562,RBPJ,TF ChIP-seq,pos,powered,1,29,0.034482758620689655,5,373,0.013404825737265416,2.6285714285714286,1.8181616770141868,0.3637545367043465,1.0
K562,RREB1,TF ChIP-seq,pos,powered,2,29,0.06896551724137931,29,373,0.0777479892761394,0.8786717752234994,0.08628550470515269,1.0,1.0
K562,RBM34,TF ChIP-seq,pos,powered,0,29,0.0,2,373,0.005361930294906166,0.0,1.3326472562893927,1.0,1.0
K562,RBM22,TF ChIP-seq,pos,powered,2,29,0.06896551724137931,22,373,0.058981233243967826,1.1818181818181819,0.5060961641055634,0.6881382804734846,1.0
K562,RBM14,TF ChIP-seq,pos,powered,1,29,0.034482758620689655,5,373,0.013404825737265416,2.6285714285714286,1.8181616770141868,0.3637545367043465,1.0
K562,RBFOX2,TF ChIP-seq,pos,powered,10,29,0.3448275862068966,90,373,0.24128686327077747,1.654970760233918,0.7542742417755355,0.26317711633948765,1.0
K562,RBBP5,TF ChIP-seq,pos,powered,4,29,0.13793103448275862,36,373,0.09651474530831099,1.4977777777777779,0.7064187925289929,0.5139115236554198,1.0
K562,RB1,TF ChIP-seq,pos,powered,7,29,0.2413793103448276,64,373,0.17158176943699732,1.5362215909090908,0.6776058430698544,0.319851351557629,1.0
K562,RAD51,TF ChIP-seq,pos,powered,5,29,0.1724137931034483,47,373,0.1260053619302949,1.4450354609929077,0.625805347737572,0.5623615698495408,1.0
K562,RAD21,TF ChIP-seq,pos,powered,11,29,0.3793103448275862,148,373,0.3967828418230563,0.9290540540540541,-0.0832269071173217,1.0,1.0
K562,PYGO2,TF ChIP-seq,pos,powered,0,29,0.0,11,373,0.029490616621983913,0.0,-0.9043678205165572,1.0,1.0
K562,PTTG1,TF ChIP-seq,pos,powered,0,29,0.0,9,373,0.024128686327077747,0.0,-0.6207955584784897,1.0,1.0
K562,PTRF,TF ChIP-seq,pos,powered,0,29,0.0,12,373,0.032171581769437,0.0,-1.0286474021854481,1.0,1.0
K562,PRPF4,TF ChIP-seq,pos,powered,1,29,0.034482758620689655,14,373,0.03753351206434316,0.9158163265306123,0.3839394518681402,1.0,1.0
K562,RBM25,TF ChIP-seq,pos,powered,3,29,0.10344827586206896,21,373,0.05630026809651475,1.934065934065934,1.114649160078463,0.4020429138423226,1.0
K562,SUZ12,TF ChIP-seq,pos,powered,0,29,0.0,2,373,0.005361930294906166,0.0,1.3326472562893927,1.0,1.0
K562,RUNX1,TF ChIP-seq,pos,powered,1,29,0.034482758620689655,13,373,0.03485254691689008,0.989010989010989,0.4910404336337684,1.0,1.0
K562,SETDB1,TF ChIP-seq,pos,powered,0,29,0.0,2,373,0.005361930294906166,0.0,1.3326472562893927,1.0,1.0
K562,STAT5A,TF ChIP-seq,pos,powered,4,29,0.13793103448275862,34,373,0.09115281501340483,1.5952941176470588,0.7962429669373795,0.3389641511141591,1.0
K562,STAG1,TF ChIP-seq,pos,powered,5,29,0.1724137931034483,38,373,0.10187667560321716,1.8366228070175439,0.9681041900273712,0.2191535715320044,1.0
K562,SRSF3,TF ChIP-seq,pos,powered,0,29,0.0,2,373,0.005361930294906166,0.0,1.3326472562893927,1.0,1.0
K562,SREBF1,TF ChIP-seq,pos,powered,1,29,0.034482758620689655,8,373,0.021447721179624665,1.6294642857142858,1.1783372412585125,0.4938535334211557,1.0
K562,SPI1,TF ChIP-seq,pos,powered,3,29,0.10344827586206896,45,373,0.12064343163538874,0.841025641025641,-0.06861061238196176,1.0,1.0
K562,SP2,TF ChIP-seq,pos,powered,1,29,0.034482758620689655,3,373,0.00804289544235925,4.404761904761905,2.478047296804644,0.2596721406747598,1.0
K562,SP1,TF ChIP-seq,pos,powered,3,29,0.10344827586206896,22,373,0.058981233243967826,1.8409090909090908,1.0449622502372655,0.410446595030893,1.0
K562,SOX6,TF ChIP-seq,pos,powered,5,29,0.1724137931034483,86,373,0.23056300268096513,0.6952519379844961,-0.422488307282898,0.6454230903454934,1.0
K562,SNRNP70,TF ChIP-seq,pos,powered,0,29,0.0,3,373,0.00804289544235925,0.0,0.8433317608863885,1.0,1.0
K562,SNIP1,TF ChIP-seq,pos,powered,1,29,0.034482758620689655,4,373,0.010723860589812333,3.294642857142857,2.111578039260253,0.313615627912026,1.0
K562,SMARCE1,TF ChIP-seq,pos,powered,9,29,0.3103448275862069,73,373,0.19571045576407506,1.8493150684931507,0.9219243447003229,0.15235802356037967,1.0
K562,SAFB,TF ChIP-seq,pos,powered,1,29,0.034482758620689655,10,373,0.02680965147453083,1.2964285714285715,0.8655666176972485,0.5658841919691807,1.0
K562,SMARCC2,TF ChIP-seq,pos,powered,5,29,0.1724137931034483,39,373,0.10455764075067024,1.7841880341880343,0.926803426986447,0.22974709663515758,1.0
K562,SMARCA5,TF ChIP-seq,pos,powered,3,29,0.10344827586206896,29,373,0.0777479892761394,1.3687002652519893,0.6251515908368551,0.49414260310927294,1.0
K562,SMARCA4,TF ChIP-seq,pos,powered,8,29,0.27586206896551724,84,373,0.225201072386059,1.310657596371882,0.4377381882552937,0.49877865303207647,1.0
K562,SMAD5,TF ChIP-seq,pos,powered,4,29,0.13793103448275862,30,373,0.08042895442359249,1.8293333333333333,0.9909286107260306,0.29152653086681735,1.0
K562,SMAD4,TF ChIP-seq,pos,powered,7,29,0.2413793103448276,97,373,0.26005361930294907,0.9053420805998126,-0.08115714423605988,1.0,1.0
K562,SMAD3,TF ChIP-seq,pos,powered,2,29,0.06896551724137931,24,373,0.064343163538874,1.0771604938271604,0.37500718262293103,1.0,1.0
K562,SMAD1,TF ChIP-seq,pos,powered,3,29,0.10344827586206896,20,373,0.05361930294906166,2.0365384615384614,1.18744886768572,0.22509981924635578,1.0
K562,SKIL,TF ChIP-seq,pos,powered,3,29,0.10344827586206896,65,373,0.1742627345844504,0.5467455621301776,-0.6848618548936276,0.4442389134054108,1.0
K562,SIX5,TF ChIP-seq,pos,powered,0,29,0.0,6,373,0.0160857908847185,0.0,-0.06148232777920661,1.0,1.0
K562,SIRT6,TF ChIP-seq,pos,powered,0,29,0.0,1,373,0.002680965147453083,0.0,2.0734910652665266,1.0,1.0
K562,SIN3B,TF ChIP-seq,pos,powered,2,29,0.06896551724137931,15,373,0.040214477211796246,1.7679012345679013,1.072201379677732,0.35106781584122987,1.0
K562,SIN3A,TF ChIP-seq,pos,powered,1,29,0.034482758620689655,23,373,0.06166219839142091,0.5434782608695652,-0.34924573111059964,1.0,1.0
K562,SMARCB1,TF ChIP-seq,pos,powered,2,29,0.06896551724137931,11,373,0.029490616621983913,2.4377104377104377,1.5188436102079865,0.239447551903197,1.0
K562,TRIP13,TF ChIP-seq,pos,powered,0,29,0.0,4,373,0.010723860589812333,0.0,0.4768625033419974,1.0,1.0
K562,ADNP,TF ChIP-seq,pos,powered,3,29,0.10344827586206896,28,373,0.07506702412868632,1.4217032967032968,0.6790863537179218,0.4803300227501382,1.0
K562,TSHZ1,TF ChIP-seq,pos,powered,0,29,0.0,7,373,0.01876675603217158,0.0,-0.2718642568365479,1.0,1.0
K562,ZNF449,TF ChIP-seq,pos,powered,1,29,0.034482758620689655,13,373,0.03485254691689008,0.989010989010989,0.4910404336337684,1.0,1.0
K562,ZNF445,TF ChIP-seq,pos,powered,2,29,0.06896551724137931,11,373,0.029490616621983913,2.4377104377104377,1.5188436102079865,0.239447551903197,1.0
K562,ZNF444,TF ChIP-seq,pos,powered,1,29,0.034482758620689655,8,373,0.021447721179624665,1.6294642857142858,1.1783372412585125,0.4938535334211557,1.0
K562,ZNF431,TF ChIP-seq,pos,powered,0,29,0.0,14,373,0.03753351206434316,0.0,-1.2507760840501154,0.6117097898588,1.0
K562,ZNF41,TF ChIP-seq,pos,powered,1,29,0.034482758620689655,18,373,0.04825737265415549,0.7043650793650794,0.016324870546880078,1.0,1.0
K562,ZNF407,TF ChIP-seq,pos,powered,0,29,0.0,3,373,0.00804289544235925,0.0,0.8433317608863885,1.0,1.0
K562,ZNF398,TF ChIP-seq,pos,powered,0,29,0.0,4,373,0.010723860589812333,0.0,0.4768625033419974,1.0,1.0
K562,ZNF397,TF ChIP-seq,pos,powered,1,29,0.034482758620689655,11,373,0.029490616621983913,1.1753246753246753,0.7303477154016985,0.5980820396236408,1.0
K562,ZNF395,TF ChIP-seq,pos,powered,6,29,0.20689655172413793,58,373,0.1554959785522788,1.416791604197901,0.5769823418625993,0.43502407861076975,1.0
K562,ZNF384,TF ChIP-seq,pos,powered,4,29,0.13793103448275862,45,373,0.12064343163538874,1.1662222222222223,0.34945457959445,0.7680375516014819,1.0
K562,ZNF354C,TF ChIP-seq,pos,powered,0,29,0.0,4,373,0.010723860589812333,0.0,0.4768625033419974,1.0,1.0
K562,ZNF511,TF ChIP-seq,pos,powered,2,29,0.06896551724137931,20,373,0.05361930294906166,1.3074074074074074,0.6485827815540179,0.666768126437791,1.0
K562,ZNF354B,TF ChIP-seq,pos,powered,0,29,0.0,3,373,0.00804289544235925,0.0,0.8433317608863885,1.0,1.0
K562,ZNF324,TF ChIP-seq,pos,powered,1,29,0.034482758620689655,8,373,0.021447721179624665,1.6294642857142858,1.1783372412585125,0.4938535334211557,1.0
K562,ZNF319,TF ChIP-seq,pos,powered,2,29,0.06896551724137931,10,373,0.02680965147453083,2.688888888888889,1.6540625125035369,0.21170786777012415,1.0
K562,ZNF318,TF ChIP-seq,pos,powered,4,29,0.13793103448275862,27,373,0.07238605898123325,2.0503703703703704,1.152851488083371,0.26420504017888924,1.0
K562,ZNF317,TF ChIP-seq,pos,powered,2,29,0.06896551724137931,19,373,0.05093833780160858,1.3801169590643274,0.7248079797399706,0.6566844939001761,1.0
K562,ZNF316,TF ChIP-seq,pos,powered,6,29,0.20689655172413793,58,373,0.1554959785522788,1.416791604197901,0.5769823418625993,0.43502407861076975,1.0
K562,ZNF311,TF ChIP-seq,pos,powered,1,29,0.034482758620689655,21,373,0.05630026809651475,0.5986394557823129,-0.21271282085952756,1.0,1.0
K562,ZNF3,TF ChIP-seq,pos,powered,0,29,0.0,3,373,0.00804289544235925,0.0,0.8433317608863885,1.0,1.0
K562,ZNF282,TF ChIP-seq,pos,powered,3,29,0.10344827586206896,37,373,0.09919571045576407,1.0478170478170479,0.24507847160884103,1.0,1.0
K562,ZNF281,TF ChIP-seq,pos,powered,5,29,0.1724137931034483,99,373,0.26541554959785524,0.5765993265993266,-0.6912405070163612,0.3786462681578575,1.0
K562,ZNF280A,TF ChIP-seq,pos,powered,0,29,0.0,2,373,0.005361930294906166,0.0,1.3326472562893927,1.0,1.0
K562,ZNF263,TF ChIP-seq,pos,powered,3,29,0.10344827586206896,55,373,0.14745308310991956,0.6671328671328671,-0.39983183659940075,0.7831124161965132,1.0
K562,ZNF347,TF ChIP-seq,pos,powered,0,29,0.0,1,373,0.002680965147453083,0.0,2.0734910652665266,1.0,1.0
K562,ZNF512,TF ChIP-seq,pos,powered,1,29,0.034482758620689655,15,373,0.040214477211796246,0.8523809523809524,0.2837054848714441,1.0,1.0
K562,ZNF518B,TF ChIP-seq,pos,powered,1,29,0.034482758620689655,2,373,0.005361930294906166,6.625,2.9673627922076484,0.20164644359251122,1.0
K562,ZNF551,TF ChIP-seq,pos,powered,0,29,0.0,3,373,0.00804289544235925,0.0,0.8433317608863885,1.0,1.0
K562,ZSCAN29,TF ChIP-seq,pos,powered,0,29,0.0,15,373,0.040214477211796246,0.0,-1.3510100510468117,0.6139972137771575,1.0
K562,ZNF830,TF ChIP-seq,pos,powered,1,29,0.034482758620689655,15,373,0.040214477211796246,0.8523809523809524,0.2837054848714441,1.0,1.0
K562,ZNF83,TF ChIP-seq,pos,powered,2,29,0.06896551724137931,32,373,0.08579088471849866,0.7893518518518519,-0.06605766337566125,1.0,1.0
K562,ZNF79,TF ChIP-seq,pos,powered,0,29,0.0,10,373,0.02680965147453083,0.0,-0.7691489182210072,1.0,1.0
K562,ZNF785,TF ChIP-seq,pos,powered,0,29,0.0,2,373,0.005361930294906166,0.0,1.3326472562893927,1.0,1.0
K562,ZNF780A,TF ChIP-seq,pos,powered,0,29,0.0,4,373,0.010723860589812333,0.0,0.4768625033419974,1.0,1.0
K562,ZNF77,TF ChIP-seq,pos,powered,0,29,0.0,2,373,0.005361930294906166,0.0,1.3326472562893927,1.0,1.0
K562,ZNF766,TF ChIP-seq,pos,powered,3,29,0.10344827586206896,52,373,0.13941018766756033,0.7122781065088757,-0.30613612284377034,0.7816613736563428,1.0
K562,ZNF764,TF ChIP-seq,pos,powered,0,29,0.0,4,373,0.010723860589812333,0.0,0.4768625033419974,1.0,1.0
K562,ZNF76,TF ChIP-seq,pos,powered,1,29,0.034482758620689655,23,373,0.06166219839142091,0.5434782608695652,-0.34924573111059964,1.0,1.0
K562,ZNF75A,TF ChIP-seq,pos,powered,1,29,0.034482758620689655,8,373,0.021447721179624665,1.6294642857142858,1.1783372412585125,0.4938535334211557,1.0
K562,ZNF740,TF ChIP-seq,pos,powered,0,29,0.0,19,373,0.05093833780160858,0.0,-1.6984034509845733,0.3823935421856215,1.0
K562,ZNF707,TF ChIP-seq,pos,powered,0,29,0.0,9,373,0.024128686327077747,0.0,-0.6207955584784897,1.0,1.0
K562,ZNF699,TF ChIP-seq,pos,powered,0,29,0.0,4,373,0.010723860589812333,0.0,0.4768625033419974,1.0,1.0
K562,ZNF696,TF ChIP-seq,pos,powered,0,29,0.0,1,373,0.002680965147453083,0.0,2.0734910652665266,1.0,1.0
K562,ZNF695,TF ChIP-seq,pos,powered,0,29,0.0,9,373,0.024128686327077747,0.0,-0.6207955584784897,1.0,1.0
K562,ZNF668,TF ChIP-seq,pos,powered,0,29,0.0,13,373,0.03485254691689008,0.0,-1.1436751022844873,0.6114793049695191,1.0
K562,ZNF644,TF ChIP-seq,pos,powered,2,29,0.06896551724137931,31,373,0.08310991957104558,0.8172043010752689,-0.01675136428932463,1.0,1.0
K562,ZNF639,TF ChIP-seq,pos,powered,1,29,0.034482758620689655,12,373,0.032171581769437,1.0744047619047619,0.6060681337328075,1.0,1.0
K562,ZNF609,TF ChIP-seq,pos,powered,1,29,0.034482758620689655,9,373,0.024128686327077747,1.4444444444444444,1.013919977439766,0.5312027637793909,1.0
K562,ZNF592,TF ChIP-seq,pos,powered,5,29,0.1724137931034483,86,373,0.23056300268096513,0.6952519379844961,-0.422488307282898,0.6454230903454934,1.0
K562,ZNF589,TF ChIP-seq,pos,powered,3,29,0.10344827586206896,50,373,0.13404825737265416,0.7453846153846154,-0.24115511326488234,0.7824438106972098,1.0
K562,ZNF586,TF ChIP-seq,pos,powered,1,29,0.034482758620689655,2,373,0.005361930294906166,6.625,2.9673627922076484,0.20164644359251122,1.0
K562,ZNF584,TF ChIP-seq,pos,powered,2,29,0.06896551724137931,31,373,0.08310991957104558,0.8172043010752689,-0.01675136428932463,1.0,1.0
K562,ZNF583,TF ChIP-seq,pos,powered,0,29,0.0,26,373,0.06970509383378017,0.0,-2.1696943363141705,0.24075810619742044,1.0
K562,ZNF257,TF ChIP-seq,pos,powered,2,29,0.06896551724137931,8,373,0.021447721179624665,3.3796296296296298,1.9668331360648008,0.1577104601970379,1.0
K562,TSC22D4,TF ChIP-seq,pos,powered,0,29,0.0,4,373,0.010723860589812333,0.0,0.4768625033419974,1.0,1.0
K562,ZNF24,TF ChIP-seq,pos,powered,2,29,0.06896551724137931,35,373,0.0938337801608579,0.7153439153439154,-0.20616671456698252,1.0,1.0
K562,ZNF232,TF ChIP-seq,pos,powered,1,29,0.034482758620689655,8,373,0.021447721179624665,1.6294642857142858,1.1783372412585125,0.4938535334211557,1.0
K562,ZC3H8,TF ChIP-seq,pos,powered,1,29,0.034482758620689655,7,373,0.01876675603217158,1.8673469387755102,1.3628512790817078,0.45363915662448034,1.0
K562,ZC3H4,TF ChIP-seq,pos,powered,1,29,0.034482758620689655,8,373,0.021447721179624665,1.6294642857142858,1.1783372412585125,0.4938535334211557,1.0
K562,ZC3H11A,TF ChIP-seq,pos,powered,1,29,0.034482758620689655,8,373,0.021447721179624665,1.6294642857142858,1.1783372412585125,0.4938535334211557,1.0
K562,ZBTB9,TF ChIP-seq,pos,powered,3,29,0.10344827586206896,38,373,0.10187667560321716,1.0172064777327936,0.20281688299968706,1.0,1.0
K562,ZBTB7A,TF ChIP-seq,pos,powered,8,29,0.27586206896551724,78,373,0.20911528150134048,1.4407814407814408,0.5735916578341469,0.4793612339160376,1.0
K562,ZBTB49,TF ChIP-seq,pos,powered,0,29,0.0,2,373,0.005361930294906166,0.0,1.3326472562893927,1.0,1.0
K562,ZBTB43,TF ChIP-seq,pos,powered,1,29,0.034482758620689655,11,373,0.029490616621983913,1.1753246753246753,0.7303477154016985,0.5980820396236408,1.0
K562,ZBTB40,TF ChIP-seq,pos,powered,4,29,0.13793103448275862,40,373,0.10723860589812333,1.332,0.5391926077707772,0.5423825497918405,1.0
K562,ZBTB34,TF ChIP-seq,pos,powered,0,29,0.0,5,373,0.013404825737265416,0.0,0.18344614109593127,1.0,1.0
K562,ZBTB33,TF ChIP-seq,pos,powered,4,29,0.13793103448275862,36,373,0.09651474530831099,1.4977777777777779,0.7064187925289929,0.5139115236554198,1.0
K562,ZBTB2,TF ChIP-seq,pos,powered,5,29,0.1724137931034483,44,373,0.11796246648793565,1.5577651515151516,0.7331229985637431,0.3772654897355216,1.0
K562,ZEB2,TF ChIP-seq,pos,powered,5,29,0.1724137931034483,46,373,0.12332439678284182,1.4809782608695652,0.6609140598388703,0.3940078041932509,1.0
K562,ZBTB17,TF ChIP-seq,pos,powered,5,29,0.1724137931034483,34,373,0.09115281501340483,2.077205882352941,1.1434650819886518,0.18317391603050098,1.0
K562,PREB,TF ChIP-seq,pos,powered,1,29,0.034482758620689655,12,373,0.032171581769437,1.0744047619047619,0.6060681337328075,1.0,1.0
K562,YY1,TF ChIP-seq,pos,powered,6,29,0.20689655172413793,53,373,0.14209115281501342,1.5750615258408531,0.7285644266810489,0.40976632529461393,1.0
K562,YBX3,TF ChIP-seq,pos,powered,0,29,0.0,2,373,0.005361930294906166,0.0,1.3326472562893927,1.0,1.0
K562,YBX1,TF ChIP-seq,pos,powered,0,29,0.0,2,373,0.005361930294906166,0.0,1.3326472562893927,1.0,1.0
K562,XRCC5,TF ChIP-seq,pos,powered,3,29,0.10344827586206896,43,373,0.11528150134048257,0.8855098389982111,0.0049974331533682945,1.0,1.0
K562,XRCC4,TF ChIP-seq,pos,powered,0,29,0.0,1,373,0.002680965147453083,0.0,2.0734910652665266,1.0,1.0
K562,WHSC1,TF ChIP-seq,pos,powered,0,29,0.0,4,373,0.010723860589812333,0.0,0.4768625033419974,1.0,1.0
K562,VEZF1,TF ChIP-seq,pos,powered,9,29,0.3103448275862069,95,373,0.2546916890080429,1.3168421052631578,0.4344801981297848,0.5127181158677898,1.0
K562,USF2,TF ChIP-seq,pos,powered,1,29,0.034482758620689655,10,373,0.02680965147453083,1.2964285714285715,0.8655666176972485,0.5658841919691807,1.0
K562,USF1,TF ChIP-seq,pos,powered,4,29,0.13793103448275862,50,373,0.13404825737265416,1.0336,0.17691007871152958,1.0,1.0
K562,UBTF,TF ChIP-seq,pos,powered,3,29,0.10344827586206896,46,373,0.12332439678284182,0.8202341137123745,-0.10437324718881387,1.0,1.0
K562,ZBTB12,TF ChIP-seq,pos,powered,1,29,0.034482758620689655,28,373,0.07506702412868632,0.44005102040816324,-0.6482756272200686,0.7100566065543833,1.0
K562,ZFP1,TF ChIP-seq,pos,powered,1,29,0.034482758620689655,6,373,0.0160857908847185,2.1845238095238093,1.573233208139049,0.410348270127513,1.0
K562,ZFP36,TF ChIP-seq,pos,powered,3,29,0.10344827586206896,34,373,0.09115281501340483,1.1504524886877827,0.37817777496096777,0.7408092311114116,1.0
K562,ZFP91,TF ChIP-seq,pos,powered,3,29,0.10344827586206896,19,373,0.05093833780160858,2.1497975708502026,1.2636740658716727,0.20538016357066766,1.0
K562,ZNF23,TF ChIP-seq,pos,powered,0,29,0.0,7,373,0.01876675603217158,0.0,-0.2718642568365479,1.0,1.0
K562,ZNF224,TF ChIP-seq,pos,powered,0,29,0.0,3,373,0.00804289544235925,0.0,0.8433317608863885,1.0,1.0
K562,ZNF215,TF ChIP-seq,pos,powered,0,29,0.0,14,373,0.03753351206434316,0.0,-1.2507760840501154,0.6117097898588,1.0
K562,ZNF212,TF ChIP-seq,pos,powered,0,29,0.0,7,373,0.01876675603217158,0.0,-0.2718642568365479,1.0,1.0
K562,ZNF197,TF ChIP-seq,pos,powered,2,29,0.06896551724137931,31,373,0.08310991957104558,0.8172043010752689,-0.01675136428932463,1.0,1.0
K562,ZNF184,TF ChIP-seq,pos,powered,2,29,0.06896551724137931,11,373,0.029490616621983913,2.4377104377104377,1.5188436102079865,0.239447551903197,1.0
K562,ZNF175,TF ChIP-seq,pos,powered,1,29,0.034482758620689655,47,373,0.1260053619302949,0.24772036474164133,-1.4668439402281026,0.23052951467072957,1.0
K562,ZNF165,TF ChIP-seq,pos,powered,2,29,0.06896551724137931,11,373,0.029490616621983913,2.4377104377104377,1.5188436102079865,0.239447551903197,1.0
K562,ZNF148,TF ChIP-seq,pos,powered,4,29,0.13793103448275862,56,373,0.15013404825737264,0.9057142857142857,-0.012066521284842735,1.0,1.0
K562,ZNF146,TF ChIP-seq,pos,powered,0,29,0.0,1,373,0.002680965147453083,0.0,2.0734910652665266,1.0,1.0
K562,ZNF143,TF ChIP-seq,pos,powered,0,29,0.0,14,373,0.03753351206434316,0.0,-1.2507760840501154,0.6117097898588,1.0
K562,ZNF140,TF ChIP-seq,pos,powered,0,29,0.0,1,373,0.002680965147453083,0.0,2.0734910652665266,1.0,1.0
K562,ZNF134,TF ChIP-seq,pos,powered,1,29,0.034482758620689655,15,373,0.040214477211796246,0.8523809523809524,0.2837054848714441,1.0,1.0
K562,ZNF133,TF ChIP-seq,pos,powered,0,29,0.0,5,373,0.013404825737265416,0.0,0.18344614109593127,1.0,1.0
K562,ZNF124,TF ChIP-seq,pos,powered,0,29,0.0,2,373,0.005361930294906166,0.0,1.3326472562893927,1.0,1.0
K562,ZNF121,TF ChIP-seq,pos,powered,0,29,0.0,13,373,0.03485254691689008,0.0,-1.1436751022844873,0.6114793049695191,1.0
K562,ZNF12,TF ChIP-seq,pos,powered,2,29,0.06896551724137931,10,373,0.02680965147453083,2.688888888888889,1.6540625125035369,0.21170786777012415,1.0
K562,ZMYM3,TF ChIP-seq,pos,powered,2,29,0.06896551724137931,22,373,0.058981233243967826,1.1818181818181819,0.5060961641055634,0.6881382804734846,1.0
K562,ZMIZ1,TF ChIP-seq,pos,powered,3,29,0.10344827586206896,27,373,0.07238605898123325,1.4786324786324787,0.7347862961069591,0.4669626866633562,1.0
K562,ZKSCAN8,TF ChIP-seq,pos,powered,1,29,0.034482758620689655,31,373,0.08310991957104558,0.39400921658986177,-0.8052472590956128,0.7174490215565308,1.0
K562,ZKSCAN3,TF ChIP-seq,pos,powered,1,29,0.034482758620689655,5,373,0.013404825737265416,2.6285714285714286,1.8181616770141868,0.3637545367043465,1.0
K562,ZKSCAN1,TF ChIP-seq,pos,powered,2,29,0.06896551724137931,19,373,0.05093833780160858,1.3801169590643274,0.7248079797399706,0.6566844939001761,1.0
K562,ZHX1,TF ChIP-seq,pos,powered,1,29,0.034482758620689655,5,373,0.013404825737265416,2.6285714285714286,1.8181616770141868,0.3637545367043465,1.0
K562,ZFX,TF ChIP-seq,pos,powered,2,29,0.06896551724137931,54,373,0.1447721179624665,0.4375857338820302,-0.9079438224672292,0.4023161529988517,1.0
K562,ZFPM2,TF ChIP-seq,pos,powered,1,29,0.034482758620689655,5,373,0.013404825737265416,2.6285714285714286,1.8181616770141868,0.3637545367043465,1.0
K562,ZNF239,TF ChIP-seq,pos,powered,2,29,0.06896551724137931,20,373,0.05361930294906166,1.3074074074074074,0.6485827815540179,0.666768126437791,1.0
K562,PRDM10,TF ChIP-seq,pos,powered,5,29,0.1724137931034483,75,373,0.20107238605898123,0.8277777777777777,-0.1720958435381849,0.8138279696629472,1.0
K562,PBX2,TF ChIP-seq,pos,powered,3,29,0.10344827586206896,58,373,0.1554959785522788,0.626657824933687,-0.48943405710645066,0.5962822528645908,1.0
K562,POU5F1,TF ChIP-seq,pos,powered,0,29,0.0,3,373,0.00804289544235925,0.0,0.8433317608863885,1.0,1.0
K562,EZH2,TF ChIP-seq,pos,powered,0,29,0.0,1,373,0.002680965147453083,0.0,2.0734910652665266,1.0,1.0
K562,ETV6,TF ChIP-seq,pos,powered,0,29,0.0,4,373,0.010723860589812333,0.0,0.4768625033419974,1.0,1.0
K562,ETV1,TF ChIP-seq,pos,powered,3,29,0.10344827586206896,56,373,0.15013404825737264,0.6531593406593407,-0.43013171326125466,0.7842472930885078,1.0
K562,ETS2,TF ChIP-seq,pos,powered,0,29,0.0,3,373,0.00804289544235925,0.0,0.8433317608863885,1.0,1.0
K562,ESRRB,TF ChIP-seq,pos,powered,0,29,0.0,7,373,0.01876675603217158,0.0,-0.2718642568365479,1.0,1.0
K562,ESRRA,TF ChIP-seq,pos,powered,6,29,0.20689655172413793,74,373,0.19839142091152814,1.054054054054054,0.15309453879007898,1.0,1.0
K562,ERF,TF ChIP-seq,pos,powered,2,29,0.06896551724137931,22,373,0.058981233243967826,1.1818181818181819,0.5060961641055634,0.6881382804734846,1.0
K562,EP400,TF ChIP-seq,pos,powered,7,29,0.2413793103448276,71,373,0.1903485254691689,1.3533930857874519,0.49595749466241135,0.4713327937294245,1.0
K562,EP300,TF ChIP-seq,pos,powered,8,29,0.27586206896551724,71,373,0.1903485254691689,1.620389000670691,0.7421180819318088,0.3290893021771585,1.0
K562,ELK3,TF ChIP-seq,pos,powered,1,29,0.034482758620689655,2,373,0.005361930294906166,6.625,2.9673627922076484,0.20164644359251122,1.0
K562,ELK1,TF ChIP-seq,pos,powered,0,29,0.0,5,373,0.013404825737265416,0.0,0.18344614109593127,1.0,1.0
K562,FOS,TF ChIP-seq,pos,powered,1,29,0.034482758620689655,24,373,0.064343163538874,0.5193452380952381,-0.4134887121833573,1.0,1.0
K562,ELF4,TF ChIP-seq,pos,powered,4,29,0.13793103448275862,29,373,0.0777479892761394,1.8979310344827587,1.0432167828132668,0.28150651790145736,1.0
K562,ELF1,TF ChIP-seq,pos,powered,3,29,0.10344827586206896,37,373,0.09919571045576407,1.0478170478170479,0.24507847160884103,1.0,1.0
K562,EHMT2,TF ChIP-seq,pos,powered,2,29,0.06896551724137931,31,373,0.08310991957104558,0.8172043010752689,-0.01675136428932463,1.0,1.0
K562,EGR1,TF ChIP-seq,pos,powered,8,29,0.27586206896551724,66,373,0.1769436997319035,1.772005772005772,0.8703582512736541,0.21163593479667622,1.0
K562,E4F1,TF ChIP-seq,pos,powered,1,29,0.034482758620689655,5,373,0.013404825737265416,2.6285714285714286,1.8181616770141868,0.3637545367043465,1.0
K562,E2F7,TF ChIP-seq,pos,powered,1,29,0.034482758620689655,6,373,0.0160857908847185,2.1845238095238093,1.573233208139049,0.410348270127513,1.0
K562,E2F6,TF ChIP-seq,pos,powered,4,29,0.13793103448275862,68,373,0.18230563002680966,0.7176470588235294,-0.3455038536709804,0.801083033722197,1.0
K562,E2F5,TF ChIP-seq,pos,powered,4,29,0.13793103448275862,50,373,0.13404825737265416,1.0336,0.17691007871152958,1.0,1.0
K562,E2F4,TF ChIP-seq,pos,powered,0,29,0.0,8,373,0.021447721179624665,0.0,-0.45637829465974344,1.0,1.0
K562,E2F3,TF ChIP-seq,pos,powered,2,29,0.06896551724137931,22,373,0.058981233243967826,1.1818181818181819,0.5060961641055634,0.6881382804734846,1.0
K562,DPF2,TF ChIP-seq,pos,powered,10,29,0.3448275862068966,100,373,0.2680965147453083,1.436842105263158,0.5512605355301398,0.38987082628423303,1.0
K562,DNMT1,TF ChIP-seq,pos,powered,1,29,0.034482758620689655,4,373,0.010723860589812333,3.294642857142857,2.111578039260253,0.313615627912026,1.0
K562,ELF2,TF ChIP-seq,pos,powered,1,29,0.034482758620689655,20,373,0.05361930294906166,0.6303571428571428,-0.13991311325227035,1.0,1.0
K562,FOSL1,TF ChIP-seq,pos,powered,7,29,0.2413793103448276,94,373,0.2520107238605898,0.9443907156673114,-0.020500452099038734,1.0,1.0
K562,FOXA1,TF ChIP-seq,pos,powered,1,29,0.034482758620689655,2,373,0.005361930294906166,6.625,2.9673627922076484,0.20164644359251122,1.0
K562,FOXJ2,TF ChIP-seq,pos,powered,3,29,0.10344827586206896,30,373,0.08042895442359249,1.3192307692307692,0.5728634187496188,0.7211687423712618,1.0
K562,H3K4me3,Histone ChIP-seq,pos,powered,8,29,0.27586206896551724,68,373,0.18230563002680966,1.7086834733893557,0.8181945734064443,0.2209854487949551,1.0
K562,H3K4me2,Histone ChIP-seq,pos,powered,18,29,0.6206896551724138,188,373,0.5040214477211796,1.6102514506769825,0.662746072924076,0.2516276266839429,1.0
K562,H3K4me1,Histone ChIP-seq,pos,powered,17,29,0.5862068965517241,211,373,0.5656836461126006,1.0876777251184835,0.10520888196610903,1.0,1.0
K562,H3K36me3,Histone ChIP-seq,pos,powered,4,29,0.13793103448275862,27,373,0.07238605898123325,2.0503703703703704,1.152851488083371,0.26420504017888924,1.0
K562,H3K27me3,Histone ChIP-seq,pos,powered,0,29,0.0,9,373,0.024128686327077747,0.0,-0.6207955584784897,1.0,1.0
K562,GTF3C2,TF ChIP-seq,pos,powered,0,29,0.0,2,373,0.005361930294906166,0.0,1.3326472562893927,1.0,1.0
K562,GTF2I,TF ChIP-seq,pos,powered,3,29,0.10344827586206896,22,373,0.058981233243967826,1.8409090909090908,1.0449622502372655,0.410446595030893,1.0
K562,GTF2F1,TF ChIP-seq,pos,powered,0,29,0.0,6,373,0.0160857908847185,0.0,-0.06148232777920661,1.0,1.0
K562,GTF2E2,TF ChIP-seq,pos,powered,2,29,0.06896551724137931,24,373,0.064343163538874,1.0771604938271604,0.37500718262293103,1.0,1.0
K562,GTF2A2,TF ChIP-seq,pos,powered,0,29,0.0,14,373,0.03753351206434316,0.0,-1.2507760840501154,0.6117097898588,1.0
K562,GMEB1,TF ChIP-seq,pos,powered,1,29,0.034482758620689655,21,373,0.05630026809651475,0.5986394557823129,-0.21271282085952756,1.0,1.0
K562,GATAD2B,TF ChIP-seq,pos,powered,3,29,0.10344827586206896,31,373,0.08310991957104558,1.2729528535980148,0.5221147218423776,0.7254192188595046,1.0
K562,GATAD2A,TF ChIP-seq,pos,powered,5,29,0.1724137931034483,42,373,0.1126005361930295,1.6418650793650793,0.8081958984969749,0.36307645948266365,1.0
K562,GATA2,TF ChIP-seq,pos,powered,1,29,0.034482758620689655,38,373,0.10187667560321716,0.3148496240601504,-1.1245450979383034,0.33932446197128197,1.0
K562,GATA1,TF ChIP-seq,pos,powered,4,29,0.13793103448275862,34,373,0.09115281501340483,1.5952941176470588,0.7962429669373795,0.3389641511141591,1.0
K562,GABPB2,TF ChIP-seq,pos,powered,0,29,0.0,2,373,0.005361930294906166,0.0,1.3326472562893927,1.0,1.0
K562,GABPB1,TF ChIP-seq,pos,powered,4,29,0.13793103448275862,65,373,0.1742627345844504,0.7581538461538462,-0.26679666291721565,0.7998858601950929,1.0
K562,GABPA,TF ChIP-seq,pos,powered,3,29,0.10344827586206896,61,373,0.16353887399463807,0.5901639344262295,-0.5753676582953855,0.5975104744401929,1.0
K562,FUS,TF ChIP-seq,pos,powered,1,29,0.034482758620689655,6,373,0.0160857908847185,2.1845238095238093,1.573233208139049,0.410348270127513,1.0
K562,FOXP4,TF ChIP-seq,pos,powered,2,29,0.06896551724137931,10,373,0.02680965147453083,2.688888888888889,1.6540625125035369,0.21170786777012415,1.0
K562,FOXP1,TF ChIP-seq,pos,powered,2,29,0.06896551724137931,21,373,0.05630026809651475,1.2416225749559082,0.5757830739467608,0.6772912382344923,1.0
K562,FOXO4,TF ChIP-seq,pos,powered,2,29,0.06896551724137931,10,373,0.02680965147453083,2.688888888888889,1.6540625125035369,0.21170786777012415,1.0
K562,FOXM1,TF ChIP-seq,pos,powered,4,29,0.13793103448275862,28,373,0.07506702412868632,1.9714285714285715,1.0971515456943335,0.2723729397960848,1.0
K562,FOXK2,TF ChIP-seq,pos,powered,6,29,0.20689655172413793,50,373,0.13404825737265416,1.6852173913043478,0.8252612857041677,0.2684498809598126,1.0
K562,FOXK1,TF ChIP-seq,pos,powered,0,29,0.0,12,373,0.032171581769437,0.0,-1.0286474021854481,1.0,1.0
K562,DMTF1,TF ChIP-seq,pos,powered,1,29,0.034482758620689655,5,373,0.013404825737265416,2.6285714285714286,1.8181616770141868,0.3637545367043465,1.0
K562,DMBX1,TF ChIP-seq,pos,powered,3,29,0.10344827586206896,49,373,0.13136729222520108,0.7629513343799058,-0.2078474845860662,1.0,1.0
K562,DIDO1,TF ChIP-seq,pos,powered,0,29,0.0,13,373,0.03485254691689008,0.0,-1.1436751022844873,0.6114793049695191,1.0
K562,DEAF1,TF ChIP-seq,pos,powered,6,29,0.20689655172413793,63,373,0.16890080428954424,1.2836438923395446,0.43561563791177044,0.6096234934267352,1.0
K562,CBFA2T3,TF ChIP-seq,pos,powered,8,29,0.27586206896551724,109,373,0.29222520107238603,0.9226736566186108,-0.06646506093890614,1.0,1.0
K562,CBFA2T2,TF ChIP-seq,pos,powered,3,29,0.10344827586206896,86,373,0.23056300268096513,0.38506261180679785,-1.1877756143105822,0.1614862931683239,1.0
K562,CAMTA2,TF ChIP-seq,pos,powered,0,29,0.0,10,373,0.02680965147453083,0.0,-0.7691489182210072,1.0,1.0
K562,C11orf30,TF ChIP-seq,pos,powered,5,29,0.1724137931034483,55,373,0.14745308310991956,1.2045454545454546,0.3654554704282834,0.7856850454044534,1.0
K562,BRD9,TF ChIP-seq,pos,powered,4,29,0.13793103448275862,39,373,0.10455764075067024,1.3702564102564103,0.5795813119351747,0.5343837065174473,1.0
K562,BRD4,TF ChIP-seq,pos,powered,1,29,0.034482758620689655,19,373,0.05093833780160858,0.6654135338345865,-0.06368791506631766,1.0,1.0
K562,BMI1,TF ChIP-seq,pos,powered,0,29,0.0,7,373,0.01876675603217158,0.0,-0.2718642568365479,1.0,1.0
K562,BHLHE40,TF ChIP-seq,pos,powered,8,29,0.27586206896551724,77,373,0.2064343163538874,1.4644403215831787,0.5969619758200075,0.35371356935283504,1.0
K562,BCOR,TF ChIP-seq,pos,powered,6,29,0.20689655172413793,54,373,0.1447721179624665,1.541062801932367,0.6973386626335228,0.4136120630951426,1.0
K562,BCLAF1,TF ChIP-seq,pos,powered,1,29,0.034482758620689655,2,373,0.005361930294906166,6.625,2.9673627922076484,0.20164644359251122,1.0
K562,BCL6,TF ChIP-seq,pos,powered,1,29,0.034482758620689655,10,373,0.02680965147453083,1.2964285714285715,0.8655666176972485,0.5658841919691807,1.0
K562,ATF7,TF ChIP-seq,pos,powered,9,29,0.3103448275862069,100,373,0.2680965147453083,1.2285,0.3347208404391298,0.6654125938755671,1.0
K562,ATF6,TF ChIP-seq,pos,powered,1,29,0.034482758620689655,13,373,0.03485254691689008,0.989010989010989,0.4910404336337684,1.0,1.0
K562,ATF4,TF ChIP-seq,pos,powered,3,29,0.10344827586206896,31,373,0.08310991957104558,1.2729528535980148,0.5221147218423776,0.7254192188595046,1.0
K562,ATF1,TF ChIP-seq,pos,powered,7,29,0.2413793103448276,96,373,0.257372654155496,0.9180871212121212,-0.06107557675176834,1.0,1.0
K562,ASH1L,TF ChIP-seq,pos,powered,0,29,0.0,5,373,0.013404825737265416,0.0,0.18344614109593127,1.0,1.0
K562,ARNT,TF ChIP-seq,pos,powered,3,29,0.10344827586206896,40,373,0.10723860589812333,0.9605769230769231,0.12112741579436533,1.0,1.0
K562,ARID4B,TF ChIP-seq,pos,powered,0,29,0.0,11,373,0.029490616621983913,0.0,-0.9043678205165572,1.0,1.0
K562,ARID3B,TF ChIP-seq,pos,powered,0,29,0.0,5,373,0.013404825737265416,0.0,0.18344614109593127,1.0,1.0
K562,ARID3A,TF ChIP-seq,pos,powered,3,29,0.10344827586206896,22,373,0.058981233243967826,1.8409090909090908,1.0449622502372655,0.410446595030893,1.0
K562,ARID2,TF ChIP-seq,pos,powered,4,29,0.13793103448275862,37,373,0.09919571045576407,1.452972972972973,0.6631436635852529,0.520090105772591,1.0
K562,ARID1B,TF ChIP-seq,pos,powered,7,29,0.2413793103448276,107,373,0.2868632707774799,0.7909940526762956,-0.27516362755144064,0.6746397994143872,1.0
K562,ARHGAP35,TF ChIP-seq,pos,powered,1,29,0.034482758620689655,5,373,0.013404825737265416,2.6285714285714286,1.8181616770141868,0.3637545367043465,1.0
K562,AFF4,TF ChIP-seq,pos,powered,5,29,0.1724137931034483,30,373,0.08042895442359249,2.3819444444444446,1.3381507257773029,0.1594105234107121,1.0
K562,AFF1,TF ChIP-seq,pos,powered,4,29,0.13793103448275862,34,373,0.09115281501340483,1.5952941176470588,0.7962429669373795,0.3389641511141591,1.0
K562,CBFB,TF ChIP-seq,pos,powered,3,29,0.10344827586206896,24,373,0.064343163538874,1.6778846153846154,0.9138732687546332,0.43053496774806876,1.0
K562,H3K9ac,Histone ChIP-seq,pos,powered,13,29,0.4482758620689655,118,373,0.3163538873994638,1.7558262711864407,0.8189296148443774,0.15376821974088628,1.0
K562,CBX2,TF ChIP-seq,pos,powered,0,29,0.0,1,373,0.002680965147453083,0.0,2.0734910652665266,1.0,1.0
K562,CBX8,TF ChIP-seq,pos,powered,0,29,0.0,1,373,0.002680965147453083,0.0,2.0734910652665266,1.0,1.0
K562,DDX20,TF ChIP-seq,pos,powered,2,29,0.06896551724137931,23,373,0.06166219839142091,1.1272141706924315,0.4392501636956885,0.699207446444333,1.0
K562,DACH1,TF ChIP-seq,pos,powered,2,29,0.06896551724137931,42,373,0.1126005361930295,0.5837742504409171,-0.49595749466241124,0.7563670476356557,1.0
K562,CXXC5,TF ChIP-seq,pos,powered,8,29,0.27586206896551724,100,373,0.2680965147453083,1.04,0.10554341816186937,1.0,1.0
K562,CUX1,TF ChIP-seq,pos,powered,2,29,0.06896551724137931,12,373,0.032171581769437,2.228395061728395,1.3945640285390957,0.26741305180256325,1.0
K562,CTCFL,TF ChIP-seq,pos,powered,3,29,0.10344827586206896,44,373,0.11796246648793565,0.8627622377622378,-0.03216430846394106,1.0,1.0
K562,CTCF,TF ChIP-seq,pos,powered,11,29,0.3793103448275862,131,373,0.3512064343163539,1.1289228159457168,0.19703053821025066,0.8406306681232751,1.0
K562,CTBP1,TF ChIP-seq,pos,powered,11,29,0.3793103448275862,138,373,0.3699731903485255,1.040660225442834,0.07994967399165798,1.0,1.0
K562,CSDE1,TF ChIP-seq,pos,powered,0,29,0.0,1,373,0.002680965147453083,0.0,2.0734910652665266,1.0,1.0
K562,CREM,TF ChIP-seq,pos,powered,7,29,0.2413793103448276,103,373,0.2761394101876676,0.8340688437775816,-0.1989646743936662,0.8299392968608817,1.0
K562,CREBBP,TF ChIP-seq,pos,powered,0,29,0.0,1,373,0.002680965147453083,0.0,2.0734910652665266,1.0,1.0
K562,CREB5,TF ChIP-seq,pos,powered,1,29,0.034482758620689655,5,373,0.013404825737265416,2.6285714285714286,1.8181616770141868,0.3637545367043465,1.0
K562,CREB3L1,TF ChIP-seq,pos,powered,5,29,0.1724137931034483,45,373,0.12064343163538874,1.5185185185185186,0.6966766946457223,0.385340834021249,1.0
K562,CREB3,TF ChIP-seq,pos,powered,3,29,0.10344827586206896,28,373,0.07506702412868632,1.4217032967032968,0.6790863537179218,0.4803300227501382,1.0
K562,CREB1,TF ChIP-seq,pos,powered,4,29,0.13793103448275862,37,373,0.09919571045576407,1.452972972972973,0.6631436635852529,0.520090105772591,1.0
K562,CLOCK,TF ChIP-seq,pos,powered,1,29,0.034482758620689655,7,373,0.01876675603217158,1.8673469387755102,1.3628512790817078,0.45363915662448034,1.0
K562,CHD4,TF ChIP-seq,pos,powered,1,29,0.034482758620689655,9,373,0.024128686327077747,1.4444444444444444,1.013919977439766,0.5312027637793909,1.0
K562,CHD2,TF ChIP-seq,pos,powered,3,29,0.10344827586206896,20,373,0.05361930294906166,2.0365384615384614,1.18744886768572,0.22509981924635578,1.0
K562,CHD1,TF ChIP-seq,pos,powered,3,29,0.10344827586206896,20,373,0.05361930294906166,2.0365384615384614,1.18744886768572,0.22509981924635578,1.0
K562,CHCHD3,TF ChIP-seq,pos,powered,1,29,0.034482758620689655,2,373,0.005361930294906166,6.625,2.9673627922076484,0.20164644359251122,1.0
K562,CHAMP1,TF ChIP-seq,pos,powered,1,29,0.034482758620689655,7,373,0.01876675603217158,1.8673469387755102,1.3628512790817078,0.45363915662448034,1.0
K562,CEBPG,TF ChIP-seq,pos,powered,4,29,0.13793103448275862,35,373,0.0938337801608579,1.5451428571428572,0.7507645635411314,0.508457851180479,1.0
K562,CEBPB,TF ChIP-seq,pos,powered,5,29,0.1724137931034483,59,373,0.1581769436997319,1.1087570621468927,0.24682021809343482,0.7941665944205548,1.0
K562,CCNT2,TF ChIP-seq,pos,powered,5,29,0.1724137931034483,47,373,0.1260053619302949,1.4450354609929077,0.625805347737572,0.5623615698495408,1.0
K562,CCAR2,TF ChIP-seq,pos,powered,0,29,0.0,1,373,0.002680965147453083,0.0,2.0734910652665266,1.0,1.0
K562,CC2D1A,TF ChIP-seq,pos,powered,5,29,0.1724137931034483,64,373,0.17158176943699732,1.005859375,0.10729011831309955,1.0,1.0
K562,CBX5,TF ChIP-seq,pos,powered,0,29,0.0,12,373,0.032171581769437,0.0,-1.0286474021854481,1.0,1.0
K562,PPARD,TF ChIP-seq,pos,powered,0,29,0.0,2,373,0.005361930294906166,0.0,1.3326472562893927,1.0,1.0
K562,H3K9me1,Histone ChIP-seq,pos,powered,0,29,0.0,6,373,0.0160857908847185,0.0,-0.06148232777920661,1.0,1.0
K562,HDAC1,TF ChIP-seq,pos,powered,4,29,0.13793103448275862,30,373,0.08042895442359249,1.8293333333333333,0.9909286107260306,0.29152653086681735,1.0
K562,NFIX,TF ChIP-seq,pos,powered,0,29,0.0,4,373,0.010723860589812333,0.0,0.4768625033419974,1.0,1.0
K562,NFE2L1,TF ChIP-seq,pos,powered,0,29,0.0,12,373,0.032171581769437,0.0,-1.0286474021854481,1.0,1.0
K562,NFE2,TF ChIP-seq,pos,powered,4,29,0.13793103448275862,54,373,0.1447721179624665,0.9451851851851852,0.04898745564088488,1.0,1.0
K562,NFATC3,TF ChIP-seq,pos,powered,1,29,0.034482758620689655,17,373,0.045576407506702415,0.7478991596638656,0.10054773605533601,1.0,1.0
K562,NEUROD1,TF ChIP-seq,pos,powered,2,29,0.06896551724137931,39,373,0.10455764075067024,0.6343779677113011,-0.37734996617293926,0.7544484360439934,1.0
K562,NCOA6,TF ChIP-seq,pos,powered,1,29,0.034482758620689655,11,373,0.029490616621983913,1.1753246753246753,0.7303477154016985,0.5980820396236408,1.0
K562,NCOA4,TF ChIP-seq,pos,powered,0,29,0.0,6,373,0.0160857908847185,0.0,-0.06148232777920661,1.0,1.0
K562,NCOA2,TF ChIP-seq,pos,powered,0,29,0.0,9,373,0.024128686327077747,0.0,-0.6207955584784897,1.0,1.0
K562,NBN,TF ChIP-seq,pos,powered,4,29,0.13793103448275862,46,373,0.12332439678284182,1.137391304347826,0.31369194478759804,0.7714070260191807,1.0
K562,MYC,TF ChIP-seq,pos,powered,2,29,0.06896551724137931,28,373,0.07506702412868632,0.9126984126984127,0.1402202675862196,1.0,1.0
K562,MYBL2,TF ChIP-seq,pos,powered,0,29,0.0,4,373,0.010723860589812333,0.0,0.4768625033419974,1.0,1.0
K562,NFRKB,TF ChIP-seq,pos,powered,3,29,0.10344827586206896,36,373,0.09651474530831099,1.080128205128205,0.28835360055258097,0.7527616355937636,1.0
K562,MXI1,TF ChIP-seq,pos,powered,3,29,0.10344827586206896,19,373,0.05093833780160858,2.1497975708502026,1.2636740658716727,0.20538016357066766,1.0
K562,MTF1,TF ChIP-seq,pos,powered,0,29,0.0,5,373,0.013404825737265416,0.0,0.18344614109593127,1.0,1.0
K562,MTA2,TF ChIP-seq,pos,powered,3,29,0.10344827586206896,34,373,0.09115281501340483,1.1504524886877827,0.37817777496096777,0.7408092311114116,1.0
K562,MTA1,TF ChIP-seq,pos,powered,2,29,0.06896551724137931,40,373,0.10723860589812333,0.6166666666666667,-0.4177386703373369,0.754605404868171,1.0
K562,MNT,TF ChIP-seq,pos,powered,8,29,0.27586206896551724,86,373,0.23056300268096513,1.2713178294573644,0.39398800474325446,0.6485129240675465,1.0
K562,MLX,TF ChIP-seq,pos,powered,1,29,0.034482758620689655,4,373,0.010723860589812333,3.294642857142857,2.111578039260253,0.313615627912026,1.0
K562,MLLT1,TF ChIP-seq,pos,powered,5,29,0.1724137931034483,48,373,0.128686327077748,1.4105902777777777,0.5913226655005969,0.5655570250538134,1.0
K562,MITF,TF ChIP-seq,pos,powered,7,29,0.2413793103448276,55,373,0.14745308310991956,1.8396694214876033,0.9357711951850383,0.1835888788781841,1.0
K562,MIER1,TF ChIP-seq,pos,powered,2,29,0.06896551724137931,12,373,0.032171581769437,2.228395061728395,1.3945640285390957,0.26741305180256325,1.0
K562,MGA,TF ChIP-seq,pos,powered,5,29,0.1724137931034483,67,373,0.17962466487935658,0.9514925373134329,0.027649441162039795,1.0,1.0
K562,MEIS2,TF ChIP-seq,pos,powered,7,29,0.2413793103448276,94,373,0.2520107238605898,0.9443907156673114,-0.020500452099038734,1.0,1.0
K562,MEF2D,TF ChIP-seq,pos,powered,2,29,0.06896551724137931,38,373,0.10187667560321716,0.6530214424951267,-0.33604920313201503,0.7548049278615834,1.0
K562,MXD1,TF ChIP-seq,pos,powered,0,29,0.0,5,373,0.013404825737265416,0.0,0.18344614109593127,1.0,1.0
K562,NFXL1,TF ChIP-seq,pos,powered,2,29,0.06896551724137931,9,373,0.024128686327077747,2.9958847736625516,1.8024158722460544,0.18438848188149168,1.0
K562,NFYA,TF ChIP-seq,pos,powered,1,29,0.034482758620689655,8,373,0.021447721179624665,1.6294642857142858,1.1783372412585125,0.4938535334211557,1.0
K562,NFYB,TF ChIP-seq,pos,powered,1,29,0.034482758620689655,13,373,0.03485254691689008,0.989010989010989,0.4910404336337684,1.0,1.0
K562,POLR2H,TF ChIP-seq,pos,powered,3,29,0.10344827586206896,17,373,0.045576407506702415,2.416289592760181,1.4279097169933266,0.16745046733488844,1.0
K562,POLR2G,TF ChIP-seq,pos,powered,9,29,0.3103448275862069,75,373,0.20107238605898123,1.788,0.8735578907652279,0.16155164927144583,1.0
K562,POLR2AphosphoS2,TF ChIP-seq,pos,powered,3,29,0.10344827586206896,22,373,0.058981233243967826,1.8409090909090908,1.0449622502372655,0.410446595030893,1.0
K562,PKNOX1,TF ChIP-seq,pos,powered,9,29,0.3103448275862069,98,373,0.26273458445040215,1.2627551020408163,0.3742321979402831,0.6626528225395815,1.0
K562,PHTF2,TF ChIP-seq,pos,powered,1,29,0.034482758620689655,5,373,0.013404825737265416,2.6285714285714286,1.8181616770141868,0.3637545367043465,1.0
K562,PHF8,TF ChIP-seq,pos,powered,4,29,0.13793103448275862,47,373,0.1260053619302949,1.1097872340425532,0.27858323268629975,0.7750599677198684,1.0
K562,PHF21A,TF ChIP-seq,pos,powered,3,29,0.10344827586206896,31,373,0.08310991957104558,1.2729528535980148,0.5221147218423776,0.7254192188595046,1.0
K562,PHF20,TF ChIP-seq,pos,powered,2,29,0.06896551724137931,22,373,0.058981233243967826,1.1818181818181819,0.5060961641055634,0.6881382804734846,1.0
K562,PHB2,TF ChIP-seq,pos,powered,1,29,0.034482758620689655,10,373,0.02680965147453083,1.2964285714285715,0.8655666176972485,0.5658841919691807,1.0
K562,PHB,TF ChIP-seq,pos,powered,2,29,0.06896551724137931,8,373,0.021447721179624665,3.3796296296296298,1.9668331360648008,0.1577104601970379,1.0
K562,PCBP2,TF ChIP-seq,pos,powered,1,29,0.034482758620689655,3,373,0.00804289544235925,4.404761904761905,2.478047296804644,0.2596721406747598,1.0
K562,PCBP1,TF ChIP-seq,pos,powered,3,29,0.10344827586206896,22,373,0.058981233243967826,1.8409090909090908,1.0449622502372655,0.410446595030893,1.0
K562,ZSCAN32,TF ChIP-seq,pos,powered,1,29,0.034482758620689655,9,373,0.024128686327077747,1.4444444444444444,1.013919977439766,0.5312027637793909,1.0
K562,PATZ1,TF ChIP-seq,pos,powered,2,29,0.06896551724137931,12,373,0.032171581769437,2.228395061728395,1.3945640285390957,0.26741305180256325,1.0
K562,NUFIP1,TF ChIP-seq,pos,powered,1,29,0.034482758620689655,9,373,0.024128686327077747,1.4444444444444444,1.013919977439766,0.5312027637793909,1.0
K562,NRF1,TF ChIP-seq,pos,powered,4,29,0.13793103448275862,73,373,0.19571045576407506,0.6575342465753424,-0.47095150465436225,0.624693959395431,1.0
K562,NR4A1,TF ChIP-seq,pos,powered,0,29,0.0,19,373,0.05093833780160858,0.0,-1.6984034509845733,0.3823935421856215,1.0
K562,NR3C1,TF ChIP-seq,pos,powered,0,29,0.0,8,373,0.021447721179624665,0.0,-0.45637829465974344,1.0,1.0
K562,NR2F6,TF ChIP-seq,pos,powered,0,29,0.0,6,373,0.0160857908847185,0.0,-0.06148232777920661,1.0,1.0
K562,NR2F2,TF ChIP-seq,pos,powered,4,29,0.13793103448275862,51,373,0.13672922252010725,1.0101960784313726,0.14415448259821492,1.0,1.0
K562,NR2F1,TF ChIP-seq,pos,powered,9,29,0.3103448275862069,84,373,0.225201072386059,1.5482142857142858,0.666915610532554,0.35889960638836116,1.0
K562,NR2C2,TF ChIP-seq,pos,powered,8,29,0.27586206896551724,75,373,0.20107238605898123,1.5136507936507937,0.6443804684879676,0.3434688703577274,1.0
K562,NR2C1,TF ChIP-seq,pos,powered,3,29,0.10344827586206896,30,373,0.08042895442359249,1.3192307692307692,0.5728634187496188,0.7211687423712618,1.0
K562,NR1H2,TF ChIP-seq,pos,powered,1,29,0.034482758620689655,11,373,0.029490616621983913,1.1753246753246753,0.7303477154016985,0.5980820396236408,1.0
K562,NONO,TF ChIP-seq,pos,powered,3,29,0.10344827586206896,37,373,0.09919571045576407,1.0478170478170479,0.24507847160884103,1.0,1.0
K562,MEF2A,TF ChIP-seq,pos,powered,0,29,0.0,5,373,0.013404825737265416,0.0,0.18344614109593127,1.0,1.0
K562,MED1,TF ChIP-seq,pos,powered,0,29,0.0,2,373,0.005361930294906166,0.0,1.3326472562893927,1.0,1.0
K562,MECOM,TF ChIP-seq,pos,powered,2,29,0.06896551724137931,20,373,0.05361930294906166,1.3074074074074074,0.6485827815540179,0.666768126437791,1.0
K562,MCM7,TF ChIP-seq,pos,powered,0,29,0.0,2,373,0.005361930294906166,0.0,1.3326472562893927,1.0,1.0
K562,ILK,TF ChIP-seq,pos,powered,0,29,0.0,3,373,0.00804289544235925,0.0,0.8433317608863885,1.0,1.0
K562,IKZF1,TF ChIP-seq,pos,powered,11,29,0.3793103448275862,105,373,0.28150134048257375,1.5597883597883597,0.6617876797062906,0.28897343212411225,1.0
K562,IFI16,TF ChIP-seq,pos,powered,0,29,0.0,4,373,0.010723860589812333,0.0,0.4768625033419974,1.0,1.0
K562,ID3,TF ChIP-seq,pos,powered,1,29,0.034482758620689655,4,373,0.010723860589812333,3.294642857142857,2.111578039260253,0.313615627912026,1.0
K562,HSF4,TF ChIP-seq,pos,powered,0,29,0.0,5,373,0.013404825737265416,0.0,0.18344614109593127,1.0,1.0
K562,HOXB6,TF ChIP-seq,pos,powered,0,29,0.0,3,373,0.00804289544235925,0.0,0.8433317608863885,1.0,1.0
K562,HOMEZ,TF ChIP-seq,pos,powered,0,29,0.0,9,373,0.024128686327077747,0.0,-0.6207955584784897,1.0,1.0
K562,HNRNPLL,TF ChIP-seq,pos,powered,3,29,0.10344827586206896,28,373,0.07506702412868632,1.4217032967032968,0.6790863537179218,0.4803300227501382,1.0
K562,HNRNPL,TF ChIP-seq,pos,powered,2,29,0.06896551724137931,18,373,0.04825737265415549,1.4609053497942386,0.8048207653531683,0.6471710429643994,1.0
K562,HNRNPK,TF ChIP-seq,pos,powered,1,29,0.034482758620689655,10,373,0.02680965147453083,1.2964285714285715,0.8655666176972485,0.5658841919691807,1.0
K562,HNRNPH1,TF ChIP-seq,pos,powered,1,29,0.034482758620689655,2,373,0.005361930294906166,6.625,2.9673627922076484,0.20164644359251122,1.0
K562,HMGXB4,TF ChIP-seq,pos,powered,0,29,0.0,22,373,0.058981233243967826,0.0,-1.9171152666189808,0.38923223174292065,1.0
K562,HMGN3,TF ChIP-seq,pos,powered,3,29,0.10344827586206896,38,373,0.10187667560321716,1.0172064777327936,0.20281688299968706,1.0,1.0
K562,HMG20B,TF ChIP-seq,pos,powered,0,29,0.0,2,373,0.005361930294906166,0.0,1.3326472562893927,1.0,1.0
K562,HMBOX1,TF ChIP-seq,pos,powered,4,29,0.13793103448275862,57,373,0.15281501340482573,0.8870175438596491,-0.04192870204521714,1.0,1.0
K562,HLTF,TF ChIP-seq,pos,powered,4,29,0.13793103448275862,26,373,0.06970509383378017,2.1353846153846154,1.2104483725184874,0.257084090871623,1.0
K562,HIVEP1,TF ChIP-seq,pos,powered,0,29,0.0,14,373,0.03753351206434316,0.0,-1.2507760840501154,0.6117097898588,1.0
K562,HINFP,TF ChIP-seq,pos,powered,1,29,0.034482758620689655,20,373,0.05361930294906166,0.6303571428571428,-0.13991311325227035,1.0,1.0
K562,HEY1,TF ChIP-seq,pos,powered,0,29,0.0,8,373,0.021447721179624665,0.0,-0.45637829465974344,1.0,1.0
K562,HES1,TF ChIP-seq,pos,powered,1,29,0.034482758620689655,36,373,0.09651474530831099,0.3343253968253968,-1.0390083803854095,0.4999682511706887,1.0
K562,HDGF,TF ChIP-seq,pos,powered,2,29,0.06896551724137931,29,373,0.0777479892761394,0.8786717752234994,0.08628550470515269,1.0,1.0
K562,HDAC8,TF ChIP-seq,pos,powered,2,29,0.06896551724137931,32,373,0.08579088471849866,0.7893518518518519,-0.06605766337566125,1.0,1.0
K562,HDAC6,TF ChIP-seq,pos,powered,0,29,0.0,1,373,0.002680965147453083,0.0,2.0734910652665266,1.0,1.0
K562,HDAC3,TF ChIP-seq,pos,powered,1,29,0.034482758620689655,24,373,0.064343163538874,0.5193452380952381,-0.4134887121833573,1.0,1.0
K562,HDAC2,TF ChIP-seq,pos,powered,2,29,0.06896551724137931,13,373,0.03485254691689008,2.051282051282051,1.2795363284400567,0.2954339948024437,1.0
K562,IRF1,TF ChIP-seq,pos,powered,0,29,0.0,24,373,0.064343163538874,0.0,-2.048204248101613,0.2411142701122939,1.0
K562,HCFC1,TF ChIP-seq,pos,powered,3,29,0.10344827586206896,29,373,0.0777479892761394,1.3687002652519893,0.6251515908368551,0.49414260310927294,1.0
K562,IRF2,TF ChIP-seq,pos,powered,1,29,0.034482758620689655,17,373,0.045576407506702415,0.7478991596638656,0.10054773605533601,1.0,1.0
K562,JUNB,TF ChIP-seq,pos,powered,0,29,0.0,10,373,0.02680965147453083,0.0,-0.7691489182210072,1.0,1.0
K562,MCM3,TF ChIP-seq,pos,powered,1,29,0.034482758620689655,2,373,0.005361930294906166,6.625,2.9673627922076484,0.20164644359251122,1.0
K562,MCM2,TF ChIP-seq,pos,powered,0,29,0.0,1,373,0.002680965147453083,0.0,2.0734910652665266,1.0,1.0
K562,MBD2,TF ChIP-seq,pos,powered,2,29,0.06896551724137931,36,373,0.09651474530831099,0.6934156378600823,-0.2505124855791212,1.0,1.0
K562,MBD1,TF ChIP-seq,pos,powered,2,29,0.06896551724137931,9,373,0.024128686327077747,2.9958847736625516,1.8024158722460544,0.18438848188149168,1.0
K562,MAZ,TF ChIP-seq,pos,powered,6,29,0.20689655172413793,76,373,0.2037533512064343,1.0194508009153318,0.10520888196610903,1.0,1.0
K562,MAX,TF ChIP-seq,pos,powered,9,29,0.3103448275862069,111,373,0.2975871313672922,1.0621621621621622,0.12564922145868207,0.8366553705390187,1.0
K562,MAFK,TF ChIP-seq,pos,powered,3,29,0.10344827586206896,50,373,0.13404825737265416,0.7453846153846154,-0.24115511326488234,0.7824438106972098,1.0
K562,MAFG,TF ChIP-seq,pos,powered,2,29,0.06896551724137931,55,373,0.14745308310991956,0.42828282828282827,-0.9386979227311028,0.4040905900921501,1.0
K562,MAFF,TF ChIP-seq,pos,powered,2,29,0.06896551724137931,32,373,0.08579088471849866,0.7893518518518519,-0.06605766337566125,1.0,1.0
K562,LEF1,TF ChIP-seq,pos,powered,3,29,0.10344827586206896,52,373,0.13941018766756033,0.7122781065088757,-0.30613612284377034,0.7816613736563428,1.0
K562,LCOR,TF ChIP-seq,pos,powered,3,29,0.10344827586206896,33,373,0.08847184986595175,1.1888111888111887,0.42485626504870355,0.7352918959210065,1.0
K562,LARP7,TF ChIP-seq,pos,powered,2,29,0.06896551724137931,12,373,0.032171581769437,2.228395061728395,1.3945640285390957,0.26741305180256325,1.0
K562,L3MBTL2,TF ChIP-seq,pos,powered,8,29,0.27586206896551724,120,373,0.32171581769436997,0.8031746031746032,-0.2658493126783796,0.6836533306274641,1.0
K562,KLF6,TF ChIP-seq,pos,powered,1,29,0.034482758620689655,23,373,0.06166219839142091,0.5434782608695652,-0.34924573111059964,1.0,1.0
K562,KLF16,TF ChIP-seq,pos,powered,4,29,0.13793103448275862,63,373,0.16890080428954424,0.7873015873015873,-0.21273556908086766,0.8004234607967975,1.0
K562,KLF13,TF ChIP-seq,pos,powered,3,29,0.10344827586206896,32,373,0.08579088471849866,1.2295673076923077,0.47280842275604096,0.7301447938972485,1.0
K562,KLF1,TF ChIP-seq,pos,powered,1,29,0.034482758620689655,32,373,0.08579088471849866,0.38058035714285715,-0.8545535581819494,0.494364308323396,1.0
K562,KHSRP,TF ChIP-seq,pos,powered,1,29,0.034482758620689655,6,373,0.0160857908847185,2.1845238095238093,1.573233208139049,0.410348270127513,1.0
K562,KDM5B,TF ChIP-seq,pos,powered,5,29,0.1724137931034483,36,373,0.09651474530831099,1.9502314814814814,1.0536409075802649,0.19980246980972613,1.0
K562,KDM2B,TF ChIP-seq,pos,powered,0,29,0.0,10,373,0.02680965147453083,0.0,-0.7691489182210072,1.0,1.0
K562,KDM1A,TF ChIP-seq,pos,powered,7,29,0.2413793103448276,57,373,0.15281501340482573,1.7639553429027113,0.87560913776281,0.19683545649044443,1.0
K562,KAT8,TF ChIP-seq,pos,powered,0,29,0.0,6,373,0.0160857908847185,0.0,-0.06148232777920661,1.0,1.0
K562,KAT7,TF ChIP-seq,pos,powered,4,29,0.13793103448275862,31,373,0.08310991957104558,1.7651612903225806,0.9401799138187894,0.3023558957435787,1.0
K562,KAT2B,TF ChIP-seq,pos,powered,0,29,0.0,1,373,0.002680965147453083,0.0,2.0734910652665266,1.0,1.0
K562,JUND,TF ChIP-seq,pos,powered,11,29,0.3793103448275862,117,373,0.3136729222520107,1.3371320037986705,0.44040665947011737,0.5352197332987251,1.0
K562,IRF9,TF ChIP-seq,pos,powered,2,29,0.06896551724137931,21,373,0.05630026809651475,1.2416225749559082,0.5757830739467608,0.6772912382344923,1.0
K562,ZZZ3,TF ChIP-seq,pos,powered,0,29,0.0,1,373,0.002680965147453083,0.0,2.0734910652665266,1.0,1.0
WTC11,POLR2AphosphoS5,TF ChIP-seq,neg,all,23,47,0.48936170212765956,74,655,0.11297709923664122,7.524211711711712,2.9043458685734858,1.5735177616411523e-09,2.5333635962422553e-07
WTC11,TAF7,TF ChIP-seq,neg,all,16,47,0.3404255319148936,38,655,0.05801526717557252,8.380305602716469,3.0706229816356756,4.1792587482676073e-08,3.364303292355424e-06
WTC11,POLR2A,TF ChIP-seq,neg,all,21,47,0.44680851063829785,89,655,0.13587786259541984,5.1365600691443385,2.360460668695158,8.198571431529213e-07,4.399900001587344e-05
WTC11,H4K91ac,Histone ChIP-seq,neg,all,10,47,0.2127659574468085,16,655,0.024427480916030534,10.79391891891892,3.4399051618060628,1.641246297728597e-06,6.606016348357603e-05
WTC11,NFATC4,TF ChIP-seq,neg,all,9,47,0.19148936170212766,16,655,0.024427480916030534,9.458881578947368,3.2575474022718676,1.1376522898571721e-05,0.00026304268991474936
WTC11,ZNF416,TF ChIP-seq,neg,all,10,47,0.2127659574468085,21,655,0.03206106870229008,8.159588159588159,3.0467103314218873,1.0639448151699528e-05,0.00026304268991474936
WTC11,SIN3A,TF ChIP-seq,neg,all,24,47,0.5106382978723404,133,655,0.20305343511450383,4.095456031382805,2.0287122877182617,1.1436638691945625e-05,0.00026304268991474936
WTC11,H2BK5ac,Histone ChIP-seq,neg,all,33,47,0.7021276595744681,253,655,0.38625954198473283,3.7453416149068324,1.8751112313288392,4.0303904386175416e-05,0.0008111160757717803
WTC11,TAF1,TF ChIP-seq,neg,all,19,47,0.40425531914893614,101,655,0.15419847328244274,3.722065063649222,1.9022199376740405,7.168330360669749e-05,0.0012823346534086995
WTC11,H3K9ac,Histone ChIP-seq,neg,all,21,47,0.44680851063829785,120,655,0.183206106870229,3.6009615384615383,1.850197728659193,8.136501519016985e-05,0.0013099767445617346
WTC11,H3K4ac,Histone ChIP-seq,neg,all,6,47,0.1276595744680851,8,655,0.012213740458015267,11.835365853658537,3.576673828117744,0.0001309157621424973,0.0017564531420785055
WTC11,H3K18ac,Histone ChIP-seq,neg,all,23,47,0.48936170212765956,145,655,0.22137404580152673,3.3706896551724137,1.7507708155319468,0.00012310418878678643,0.0017564531420785055
WTC11,H2AK5ac,Histone ChIP-seq,neg,all,24,47,0.5106382978723404,158,655,0.24122137404580152,3.282333516785911,1.7103346777291748,0.00019107784053923321,0.00216291802526093
WTC11,MYC,TF ChIP-seq,neg,all,10,47,0.2127659574468085,32,655,0.04885496183206107,5.261824324324325,2.4253766690840948,0.00020151410173238475,0.00216291802526093
WTC11,ZNF281,TF ChIP-seq,neg,all,12,47,0.2553191489361702,46,655,0.07022900763358779,4.539130434782609,2.2064326697822234,0.00017898050100864543,0.00216291802526093
WTC11,H4K5ac,Histone ChIP-seq,neg,all,21,47,0.44680851063829785,130,655,0.1984732824427481,3.2618343195266273,1.7079852575311927,0.0003021882990041055,0.0030407697587288116
WTC11,H3K14ac,Histone ChIP-seq,neg,all,21,47,0.44680851063829785,132,655,0.2015267175572519,3.200174825174825,1.6805414776191456,0.0003299061105632193,0.0031244049294516653
WTC11,TCF12,TF ChIP-seq,neg,all,14,47,0.2978723404255319,67,655,0.10229007633587786,3.723202170963365,1.915974812657413,0.00036117580523233284,0.0032305169245780883
WTC11,ZNF425,TF ChIP-seq,neg,all,5,47,0.10638297872340426,7,655,0.010687022900763359,11.020408163265307,3.4841128511427764,0.0006050129378630681,0.005126688578734419
WTC11,ZNF671,TF ChIP-seq,neg,all,6,47,0.1276595744680851,13,655,0.01984732824427481,7.227016885553471,2.898065428711939,0.0009127125363566357,0.0073473359176709175
WTC11,ZBTB43,TF ChIP-seq,neg,all,10,47,0.2127659574468085,44,655,0.06717557251908397,3.753071253071253,1.9439739898438684,0.0017684953679181319,0.013558464487372345
WTC11,CREB1,TF ChIP-seq,neg,all,5,47,0.10638297872340426,10,655,0.015267175572519083,7.678571428571429,2.9919965450280257,0.0019664248094824937,0.01439065428757643
WTC11,FOXP1,TF ChIP-seq,neg,all,12,47,0.2553191489361702,63,655,0.09618320610687023,3.221768707482993,1.7160957272834982,0.0022164422237281006,0.015515095566096706
WTC11,H2BK120ac,Histone ChIP-seq,neg,all,14,47,0.2978723404255319,79,655,0.12061068702290076,3.0932105868814728,1.650185647037216,0.0025988914978243094,0.016457498238135495
WTC11,AFF4,TF ChIP-seq,neg,all,5,47,0.10638297872340426,11,655,0.016793893129770993,6.96969696969697,2.8585152748042337,0.0027171991959113683,0.016457498238135495
WTC11,ERG,TF ChIP-seq,neg,all,6,47,0.1276595744680851,17,655,0.025954198473282442,5.492109038737446,2.5146600795519247,0.0027599531206811082,0.016457498238135495
WTC11,EGR1,TF ChIP-seq,neg,all,10,47,0.2127659574468085,47,655,0.0717557251908397,3.496262219666475,1.84275657666566,0.0027329309658327555,0.016457498238135495
WTC11,PRRX2,TF ChIP-seq,neg,all,5,47,0.10638297872340426,12,655,0.0183206106870229,6.378968253968254,2.7359808309455724,0.0036569440061352643,0.02030234430992336
WTC11,PHF8,TF ChIP-seq,neg,all,11,47,0.23404255319148937,58,655,0.08854961832061069,3.1451149425287355,1.686167580461702,0.003641009750402585,0.02030234430992336
WTC11,BRCA1,TF ChIP-seq,neg,all,4,47,0.0851063829787234,7,655,0.010687022900763359,8.611295681063122,3.161053674236765,0.004123364680243294,0.022128723783972345
WTC11,E2F5,TF ChIP-seq,neg,all,9,47,0.19148936170212766,43,655,0.06564885496183206,3.3708690330477356,1.7967635107898887,0.005078693514547224,0.024049107524767736
WTC11,NFE2L1,TF ChIP-seq,neg,all,9,47,0.19148936170212766,43,655,0.06564885496183206,3.3708690330477356,1.7967635107898887,0.005078693514547224,0.024049107524767736
WTC11,SP4,TF ChIP-seq,neg,all,9,47,0.19148936170212766,43,655,0.06564885496183206,3.3708690330477356,1.7967635107898887,0.005078693514547224,0.024049107524767736
WTC11,H2BK12ac,Histone ChIP-seq,neg,all,28,47,0.5957446808510638,247,655,0.37709923664122136,2.4342637971446837,1.270395348481205,0.00485015223820592,0.024049107524767736
WTC11,AR,TF ChIP-seq,neg,all,5,47,0.10638297872340426,14,655,0.021374045801526718,5.450680272108843,2.517365142461706,0.006202556952974797,0.026989504579160602
WTC11,E2F4,TF ChIP-seq,neg,all,5,47,0.10638297872340426,14,655,0.021374045801526718,5.450680272108843,2.517365142461706,0.006202556952974797,0.026989504579160602
WTC11,GTF2F1,TF ChIP-seq,neg,all,5,47,0.10638297872340426,14,655,0.021374045801526718,5.450680272108843,2.517365142461706,0.006202556952974797,0.026989504579160602
WTC11,EMX1,TF ChIP-seq,neg,all,6,47,0.1276595744680851,21,655,0.03206106870229008,4.418118466898955,2.2086118859331756,0.006578433030611285,0.02715712097252351
WTC11,TBP,TF ChIP-seq,neg,all,17,47,0.3617021276595745,120,655,0.183206106870229,2.526388888888889,1.3503991079023745,0.006475232078900631,0.02715712097252351
WTC11,JUND,TF ChIP-seq,neg,all,10,47,0.2127659574468085,55,655,0.08396946564885496,2.9484029484029484,1.5991033016384075,0.007481908676376944,0.0301146824224172
WTC11,H2BK15ac,Histone ChIP-seq,neg,all,17,47,0.3617021276595745,127,655,0.19389312977099238,2.3559055118110237,1.249951903905905,0.008778653543519232,0.034472273670892596
WTC11,NRF1,TF ChIP-seq,neg,all,6,47,0.1276595744680851,23,655,0.035114503816793895,4.021208907741252,2.0757331046982026,0.009518327964287652,0.03560732218330024
WTC11,CHD1,TF ChIP-seq,neg,all,7,47,0.14893617021276595,31,655,0.04732824427480916,3.52258064516129,1.8763184308319347,0.009811206309085595,0.03560732218330024
WTC11,CHD2,TF ChIP-seq,neg,all,8,47,0.1702127659574468,39,655,0.059541984732824425,3.239973701512163,1.7478584292989725,0.009342059919751912,0.03560732218330024
WTC11,E2F6,TF ChIP-seq,neg,all,16,47,0.3404255319148936,114,655,0.17404580152671756,2.449349179400113,1.3087279353699202,0.009952357131978328,0.03560732218330024
WTC11,TP53,TF ChIP-seq,neg,all,7,47,0.14893617021276595,33,655,0.050381679389312976,3.2984848484848484,1.7828814292215647,0.013060350581650665,0.04571122703577733
WTC11,H3K56ac,Histone ChIP-seq,neg,all,5,47,0.10638297872340426,19,655,0.02900763358778626,3.9849624060150375,2.078655167538705,0.01755898018723245,0.06014884702434946
WTC11,SAP30,TF ChIP-seq,neg,all,6,47,0.1276595744680851,27,655,0.04122137404580153,3.4037940379403793,1.8398095076900156,0.018045214050213854,0.0605266554600923
WTC11,SP1,TF ChIP-seq,neg,all,15,47,0.3191489361702128,115,655,0.17557251908396945,2.2010869565217392,1.1582302636770134,0.019496060200660015,0.06210543515665744
WTC11,BACH1,TF ChIP-seq,neg,all,10,47,0.2127659574468085,61,655,0.09312977099236641,2.6318121400088614,1.4365172266892954,0.01967315026701571,0.06210543515665744
WTC11,ZNF232,TF ChIP-seq,neg,all,8,47,0.1702127659574468,45,655,0.06870229007633588,2.780626780626781,1.5297349378619434,0.019248649649850128,0.06210543515665744
WTC11,CBFB,TF ChIP-seq,neg,all,4,47,0.0851063829787234,13,655,0.01984732824427481,4.59391771019678,2.299646647511356,0.022033241896220083,0.0643739064535942
WTC11,CTCF,TF ChIP-seq,neg,all,22,47,0.46808510638297873,198,655,0.30229007633587784,2.031111111111111,1.0240604903866262,0.02239092398385885,0.0643739064535942
WTC11,KAT7,TF ChIP-seq,neg,all,6,47,0.1276595744680851,28,655,0.042748091603053436,3.2770034843205575,1.78598192146756,0.02080835767433079,0.0643739064535942
WTC11,H3K23me2,Histone ChIP-seq,neg,all,16,47,0.3404255319148936,125,655,0.19083969465648856,2.1883870967741936,1.1467795828225298,0.02194394647758294,0.0643739064535942
WTC11,SRF,TF ChIP-seq,neg,all,4,47,0.0851063829787234,13,655,0.01984732824427481,4.59391771019678,2.299646647511356,0.022033241896220083,0.0643739064535942
WTC11,MXI1,TF ChIP-seq,neg,all,6,47,0.1276595744680851,29,655,0.044274809160305344,3.1589571068124473,1.7339279367541867,0.023849070857219788,0.06686569121791677
WTC11,ZNF184,TF ChIP-seq,neg,all,7,47,0.14893617021276595,38,655,0.05801526717557252,2.841447368421053,1.5705493785010323,0.024503576284826648,0.06686569121791677
WTC11,ZMAT4,TF ChIP-seq,neg,all,3,47,0.06382978723404255,7,655,0.010687022900763359,6.311688311688312,2.7656936597343873,0.024215770085075833,0.06686569121791677
WTC11,FOXK1,TF ChIP-seq,neg,all,10,47,0.2127659574468085,66,655,0.10076335877862595,2.411957411957412,1.3115642997614525,0.02624646421675439,0.07042801231495761
WTC11,TCF7,TF ChIP-seq,neg,all,4,47,0.0851063829787234,14,655,0.021374045801526718,4.259136212624584,2.1943059655556945,0.026954027400050932,0.07114095756406885
WTC11,ZNF263,TF ChIP-seq,neg,all,6,47,0.1276595744680851,31,655,0.04732824427480916,2.945712037765539,1.6346781249022084,0.030806925667021586,0.07889297640137019
WTC11,H3K27ac,Histone ChIP-seq,neg,all,27,47,0.574468085106383,264,655,0.4030534351145038,1.9994318181818183,0.9895522940835908,0.030871164678797032,0.07889297640137019
WTC11,E2F1,TF ChIP-seq,neg,all,4,47,0.0851063829787234,15,655,0.022900763358778626,3.9689922480620154,2.0958399555483553,0.03248775285260456,0.08172700326983334
WTC11,H2AFZ,Histone ChIP-seq,neg,all,9,47,0.19148936170212766,227,655,0.3465648854961832,0.446556920936703,-1.1054303682248747,0.036640994538535115,0.09075692493391006
WTC11,ZNF532,TF ChIP-seq,neg,all,4,47,0.0851063829787234,16,655,0.024427480916030534,3.7151162790697674,2.0033879351167676,0.038645339007715496,0.09427120576124538
WTC11,H4K20me1,Histone ChIP-seq,neg,all,5,47,0.10638297872340426,25,655,0.03816793893129771,3.0,1.6779679008563197,0.0433801595596951,0.10424187595687927
WTC11,H3K23ac,Histone ChIP-seq,neg,all,3,47,0.06382978723404255,10,655,0.015267175572519083,4.3977272727272725,2.2735773536196366,0.05006038349467939,0.11852531974475561
WTC11,H3K27me3,Histone ChIP-seq,neg,all,4,47,0.0851063829787234,133,655,0.20305343511450383,0.36509879349536634,-1.3044271991257248,0.05548329091100657,0.129461012125682
WTC11,RBBP5,TF ChIP-seq,neg,all,12,47,0.2553191489361702,97,655,0.1480916030534351,1.9723122238586157,1.0121922270037467,0.05988352542604446,0.13773210847990225
WTC11,H4K8ac,Histone ChIP-seq,neg,all,5,47,0.10638297872340426,28,655,0.042748091603053436,2.6658163265306123,1.5106223171729882,0.06205814463436239,0.14072339839623021
WTC11,MAX,TF ChIP-seq,neg,all,15,47,0.3191489361702128,132,655,0.2015267175572519,1.8572443181818181,0.9140256748386676,0.0637231734181201,0.14249209611551855
WTC11,H3K4me3,Histone ChIP-seq,neg,all,26,47,0.5531914893617021,267,655,0.4076335877862595,1.7991795969324058,0.8400314069803019,0.06527967477648912,0.1439729813563664
WTC11,ARID4B,TF ChIP-seq,neg,all,7,47,0.14893617021276595,43,655,0.06564885496183206,2.4906976744186045,1.3826631307650983,0.06899621373229224,0.14811187214532068
WTC11,H3K4me2,Histone ChIP-seq,neg,all,28,47,0.5957446808510638,296,655,0.45190839694656487,1.7873399715504978,0.8254474611957874,0.0686244465853671,0.14811187214532068
WTC11,CREM,TF ChIP-seq,neg,all,7,47,0.14893617021276595,44,655,0.06717557251908397,2.4301136363636364,1.3475158502848827,0.07119225856572868,0.1508151793300305
WTC11,MYBL2,TF ChIP-seq,neg,all,7,47,0.14893617021276595,46,655,0.07022900763358779,2.3168478260869567,1.2793641922360743,0.07679534061913795,0.1605720758400157
WTC11,YY1,TF ChIP-seq,neg,all,14,47,0.2978723404255319,124,655,0.18931297709923664,1.816715542521994,0.8858157541328234,0.08576893825158247,0.17703588536544584
WTC11,USF1,TF ChIP-seq,neg,all,9,47,0.19148936170212766,70,655,0.10687022900763359,1.9793233082706767,1.0351149808511055,0.09134287818099296,0.18615447325493503
WTC11,JUN,TF ChIP-seq,neg,all,4,47,0.0851063829787234,23,655,0.035114503816793895,2.5561172901921134,1.4773143234976192,0.09916887660303336,0.19711344608751077
WTC11,NR3C1,TF ChIP-seq,neg,all,3,47,0.06382978723404255,14,655,0.021374045801526718,3.1217532467532467,1.7989459510533168,0.09864092530813212,0.19711344608751077
WTC11,ZNF121,TF ChIP-seq,neg,all,7,47,0.14893617021276595,53,655,0.08091603053435115,1.9877358490566037,1.0603910374400707,0.10854266399164729,0.21311425491042946
WTC11,H3K4me1,Histone ChIP-seq,neg,all,36,47,0.7659574468085106,423,655,0.6458015267175573,1.7949709864603483,0.8011313494861995,0.11249061056521718,0.2182046783253008
WTC11,ZBTB33,TF ChIP-seq,neg,all,4,47,0.0851063829787234,26,655,0.03969465648854962,2.250447227191413,1.2971236187494015,0.1337730608294061,0.256398366589695
WTC11,EP300,TF ChIP-seq,neg,all,2,47,0.0425531914893617,8,655,0.012213740458015267,3.5944444444444446,2.065406996012243,0.14008197458627672,0.2622464873068669
WTC11,RFX5,TF ChIP-seq,neg,all,2,47,0.0425531914893617,8,655,0.012213740458015267,3.5944444444444446,2.065406996012243,0.14008197458627672,0.2622464873068669
WTC11,KDM1A,TF ChIP-seq,neg,all,8,47,0.1702127659574468,67,655,0.10229007633587786,1.8002296211251436,0.9077651010608497,0.14479962282759765,0.2679625204050945
WTC11,POU5F1,TF ChIP-seq,neg,all,0,47,0.0,32,655,0.04885496183206107,0.0,-2.3079776715297324,0.15871528073900332,0.2903768204429492
WTC11,MLX,TF ChIP-seq,neg,all,2,47,0.0425531914893617,9,655,0.013740458015267175,3.1901234567901233,1.902712501055335,0.16415565291391868,0.2936562235460101
WTC11,REST,TF ChIP-seq,neg,all,2,47,0.0425531914893617,9,655,0.013740458015267175,3.1901234567901233,1.902712501055335,0.16415565291391868,0.2936562235460101
WTC11,RAD21,TF ChIP-seq,neg,all,26,47,0.5531914893617021,290,655,0.44274809160305345,1.5582922824302134,0.6329889424090098,0.17177042326421688,0.30390151808284527
WTC11,TEAD1,TF ChIP-seq,neg,all,9,47,0.19148936170212766,82,655,0.1251908396946565,1.6550064184852376,0.7784684345186933,0.18210797711097562,0.3186889599442074
WTC11,SIX4,TF ChIP-seq,neg,all,5,47,0.10638297872340426,36,655,0.0549618320610687,2.046957671957672,1.1351765957601798,0.1844520818183753,0.31932027067482177
WTC11,H3T11ph,Histone ChIP-seq,neg,all,3,47,0.06382978723404255,20,655,0.030534351145038167,2.164772727272727,1.2858178014780814,0.19465965164224555,0.33340642462129294
WTC11,ZBTB21,TF ChIP-seq,neg,all,5,47,0.10638297872340426,38,655,0.05801526717557252,1.9329573934837092,1.0535494682767343,0.19835664574482964,0.33396111466948764
WTC11,ETV6,TF ChIP-seq,neg,all,10,47,0.2127659574468085,93,655,0.14198473282442747,1.6332461493751815,0.7523135584996422,0.19913209321907338,0.33396111466948764
WTC11,USF2,TF ChIP-seq,neg,all,8,47,0.1702127659574468,69,655,0.10534351145038168,1.7421033073206986,0.8607283183782375,0.22124769679390366,0.36722555859606687
WTC11,HMGXB4,TF ChIP-seq,neg,all,11,47,0.23404255319148937,108,655,0.1648854961832061,1.547582304526749,0.6689013192210522,0.2280545092315133,0.37466097945177185
WTC11,TEAD4,TF ChIP-seq,neg,all,3,47,0.06382978723404255,22,655,0.03358778625954199,1.9617768595041323,1.1469692039023411,0.23076003263804318,0.37527641671439343
WTC11,ZNF512,TF ChIP-seq,neg,all,2,47,0.0425531914893617,12,655,0.0183206106870229,2.3814814814814813,1.5000736031346433,0.23972129067015743,0.38212997819698363
WTC11,ZNF138,TF ChIP-seq,neg,all,2,47,0.0425531914893617,12,655,0.0183206106870229,2.3814814814814813,1.5000736031346433,0.23972129067015743,0.38212997819698363
WTC11,SIRT6,TF ChIP-seq,neg,all,1,47,0.02127659574468085,3,655,0.004580152671755725,4.72463768115942,2.5882828590127676,0.24255783173821788,0.38286089127306944
WTC11,ESRRA,TF ChIP-seq,neg,all,4,47,0.0851063829787234,30,655,0.04580152671755725,1.937984496124031,1.0851102421965175,0.2758408904914027,0.43116877057394015
WTC11,CTBP2,TF ChIP-seq,neg,all,4,47,0.0851063829787234,32,655,0.04885496183206107,1.811046511627907,0.9888594423947996,0.29236625449652404,0.44171235442136864
WTC11,FOSL1,TF ChIP-seq,neg,all,1,47,0.02127659574468085,4,655,0.0061068702290076335,3.5380434782608696,2.223500056738947,0.29356038461544376,0.44171235442136864
WTC11,ZKSCAN8,TF ChIP-seq,neg,all,2,47,0.0425531914893617,14,655,0.021374045801526718,2.034920634920635,1.2814579146507765,0.2912116118455266,0.44171235442136864
WTC11,ATF1,TF ChIP-seq,neg,all,2,47,0.0425531914893617,14,655,0.021374045801526718,2.034920634920635,1.2814579146507765,0.2912116118455266,0.44171235442136864
WTC11,H3K79me1,Histone ChIP-seq,neg,all,4,47,0.0851063829787234,33,655,0.050381679389312976,1.7533474277660324,0.9428223420912548,0.30171122454651333,0.44977321437026524
WTC11,H3K36me3,Histone ChIP-seq,neg,all,7,47,0.14893617021276595,65,655,0.09923664122137404,1.5884615384615384,0.7394108405836007,0.3142865961399777,0.4642214860416185
WTC11,STAT6,TF ChIP-seq,neg,all,1,47,0.02127659574468085,5,655,0.007633587786259542,2.8260869565217392,1.931777317693623,0.34119691535156177,0.494889219563977
WTC11,TRERF1,TF ChIP-seq,neg,all,1,47,0.02127659574468085,5,655,0.007633587786259542,2.8260869565217392,1.931777317693623,0.34119691535156177,0.494889219563977
WTC11,PRDM15,TF ChIP-seq,neg,all,5,47,0.10638297872340426,43,655,0.06564885496183206,1.6943521594684385,0.8656632205408001,0.36107395434014167,0.5190438093639537
WTC11,ZNF317,TF ChIP-seq,neg,all,2,47,0.0425531914893617,17,655,0.025954198473282442,1.6679738562091504,1.0033932474464233,0.3675888599366546,0.5237328004407202
WTC11,IRF2,TF ChIP-seq,neg,all,1,47,0.02127659574468085,6,655,0.00916030534351145,2.351449275362319,1.6885496869199137,0.3856850546884534,0.5353042569382844
WTC11,ATF3,TF ChIP-seq,neg,all,1,47,0.02127659574468085,6,655,0.00916030534351145,2.351449275362319,1.6885496869199137,0.3856850546884534,0.5353042569382844
WTC11,NR1H2,TF ChIP-seq,neg,all,1,47,0.02127659574468085,6,655,0.00916030534351145,2.351449275362319,1.6885496869199137,0.3856850546884534,0.5353042569382844
WTC11,KDM5A,TF ChIP-seq,neg,all,1,47,0.02127659574468085,7,655,0.010687022900763359,2.012422360248447,1.4798758582563056,0.4272286553066443,0.58789584191769
WTC11,TGIF2,TF ChIP-seq,neg,all,6,47,0.1276595744680851,60,655,0.0916030534351145,1.451219512195122,0.6244947473836868,0.4335393630021811,0.5915240461300945
WTC11,GABPB1,TF ChIP-seq,neg,all,6,47,0.1276595744680851,63,655,0.09618320610687023,1.3751451800232288,0.547386943807623,0.44839356977138395,0.606650123808343
WTC11,ATF2,TF ChIP-seq,neg,all,1,47,0.02127659574468085,8,655,0.012213740458015267,1.7581521739130435,1.2970772309367018,0.4660186455092201,0.6200743960907805
WTC11,PREB,TF ChIP-seq,neg,all,1,47,0.02127659574468085,8,655,0.012213740458015267,1.7581521739130435,1.2970772309367018,0.4660186455092201,0.6200743960907805
WTC11,SP2,TF ChIP-seq,neg,all,1,47,0.02127659574468085,9,655,0.013740458015267175,1.5603864734299517,1.1343827359797938,0.5022338311673248,0.6573955025848722
WTC11,HMGA2,TF ChIP-seq,neg,all,1,47,0.02127659574468085,9,655,0.013740458015267175,1.5603864734299517,1.1343827359797938,0.5022338311673248,0.6573955025848722
WTC11,GABPA,TF ChIP-seq,neg,all,4,47,0.0851063829787234,39,655,0.059541984732824425,1.4692903995229576,0.6911578418193202,0.5213921630343051,0.6769688568429284
WTC11,ZNF219,TF ChIP-seq,neg,all,1,47,0.02127659574468085,11,655,0.016793893129770993,1.2727272727272727,0.8542782819177629,0.5675988740250023,0.731067349744203
WTC11,SMAD4,TF ChIP-seq,neg,all,1,47,0.02127659574468085,12,655,0.0183206106870229,1.164855072463768,0.7317438380591019,0.5970522840551833,0.7568930530148387
WTC11,ASH2L,TF ChIP-seq,neg,all,12,47,0.2553191489361702,148,655,0.22595419847328244,1.1745173745173745,0.2670539615418153,0.5946596807746696,0.7568930530148387
WTC11,HDAC2,TF ChIP-seq,neg,all,7,47,0.14893617021276595,81,655,0.12366412213740458,1.2401234567901234,0.38447552113892947,0.6467207737269953,0.8134534732034864
WTC11,IRF1,TF ChIP-seq,neg,all,2,47,0.0425531914893617,21,655,0.03206106870229008,1.3417989417989418,0.6973450538276741,0.6621435590052406,0.8263962248049902
WTC11,OTX2,TF ChIP-seq,neg,all,2,47,0.0425531914893617,22,655,0.03358778625954199,1.2787878787878788,0.6294811674998009,0.6713379617344952,0.8314262449173364
WTC11,RELA,TF ChIP-seq,neg,all,2,47,0.0425531914893617,23,655,0.035114503816793895,1.221256038647343,0.5644662725927011,0.6808714230214497,0.8367961763851405
WTC11,GTF2I,TF ChIP-seq,neg,all,1,47,0.02127659574468085,31,655,0.04732824427480916,0.4375876577840112,-0.6449184722788345,0.7158933654374795,0.873172968450259
WTC11,SMAD3,TF ChIP-seq,neg,all,3,47,0.06382978723404255,36,655,0.0549618320610687,1.1723484848484849,0.4167574043517906,0.7397038686221187,0.8954309988583542
WTC11,H3K9me3,Histone ChIP-seq,neg,all,2,47,0.0425531914893617,43,655,0.06564885496183206,0.6325581395348837,-0.3702440072701293,0.7603849832853373,0.9135968829025322
WTC11,H3K79me2,Histone ChIP-seq,neg,all,4,47,0.0851063829787234,46,655,0.07022900763358779,1.2315470171890799,0.4393051051057648,0.7662312235169524,0.9138016813794765
WTC11,CEBPB,TF ChIP-seq,neg,all,5,47,0.10638297872340426,61,655,0.09312977099236641,1.1592505854800936,0.32305917690601144,0.7942644099929307,0.935439133586423
WTC11,FOXP4,TF ChIP-seq,neg,all,5,47,0.10638297872340426,62,655,0.09465648854961832,1.1386328725038402,0.2973606174794153,0.7959947906915525,0.935439133586423
WTC11,ZNF396,TF ChIP-seq,neg,all,0,47,0.0,1,655,0.0015267175572519084,0.0,2.1994312728931367,1.0,1.0
WTC11,ZNF143,TF ChIP-seq,neg,all,2,47,0.0425531914893617,31,655,0.04732824427480916,0.8946236559139785,0.12341129279670693,1.0,1.0
WTC11,ZNF423,TF ChIP-seq,neg,all,4,47,0.0851063829787234,62,655,0.09465648854961832,0.8897224306076519,-0.025698559426596296,1.0,1.0
WTC11,KDM4A,TF ChIP-seq,neg,all,8,47,0.1702127659574468,115,655,0.17557251908396945,0.9632107023411371,0.010083859391829056,1.0,1.0
WTC11,SIX5,TF ChIP-seq,neg,all,0,47,0.0,13,655,0.01984732824427481,0.0,-0.9971904664131759,1.0,1.0
WTC11,ATF6,TF ChIP-seq,neg,all,0,47,0.0,5,655,0.007633587786259542,0.0,0.31611801974955034,1.0,1.0
WTC11,BCL11A,TF ChIP-seq,neg,all,0,47,0.0,2,655,0.0030534351145038168,0.0,1.460259722577123,1.0,1.0
WTC11,CHD7,TF ChIP-seq,neg,all,1,47,0.02127659574468085,27,655,0.04122137404580153,0.5056360708534622,-0.43978708949102713,1.0,1.0
WTC11,ELF4,TF ChIP-seq,neg,all,1,47,0.02127659574468085,14,655,0.021374045801526718,0.9953416149068323,0.5131281495752352,1.0,1.0
WTC11,EZH2,TF ChIP-seq,neg,all,3,47,0.06382978723404255,49,655,0.07480916030534351,0.8432282003710575,-0.05337129386789302,1.0,1.0
WTC11,FOXJ3,TF ChIP-seq,neg,all,0,47,0.0,5,655,0.007633587786259542,0.0,0.31611801974955034,1.0,1.0
WTC11,H2BK20ac,Histone ChIP-seq,neg,all,10,47,0.2127659574468085,140,655,0.21374045801526717,0.9942084942084942,0.038901029430061775,1.0,1.0
WTC11,HDAC6,TF ChIP-seq,neg,all,0,47,0.0,2,655,0.0030534351145038168,0.0,1.460259722577123,1.0,1.0
WTC11,JAZF1,TF ChIP-seq,neg,all,0,47,0.0,1,655,0.0015267175572519084,0.0,2.1994312728931367,1.0,1.0
WTC11,MAFK,TF ChIP-seq,neg,all,3,47,0.06382978723404255,52,655,0.07938931297709924,0.7906468531468531,-0.1454140658198948,1.0,1.0
WTC11,MXD4,TF ChIP-seq,neg,all,0,47,0.0,4,655,0.0061068702290076335,0.0,0.6078407587948742,1.0,1.0
WTC11,NANOG,TF ChIP-seq,neg,all,2,47,0.0425531914893617,37,655,0.05648854961832061,0.7423423423423423,-0.1420554508308451,1.0,1.0
WTC11,NFYB,TF ChIP-seq,neg,all,2,47,0.0425531914893617,29,655,0.044274809160305344,0.9593869731800766,0.2226611046486854,1.0,1.0
WTC11,NR2C2,TF ChIP-seq,neg,all,1,47,0.02127659574468085,20,655,0.030534351145038167,0.6902173913043478,0.0,1.0,1.0
WTC11,RNF2,TF ChIP-seq,neg,all,1,47,0.02127659574468085,19,655,0.02900763358778626,0.7276887871853547,0.07441817465223445,1.0,1.0
WTC11,RORB,TF ChIP-seq,neg,all,0,47,0.0,2,655,0.0030534351145038168,0.0,1.460259722577123,1.0,1.0
WTC11,RXRA,TF ChIP-seq,neg,all,1,47,0.02127659574468085,15,655,0.022900763358778626,0.927536231884058,0.4146621395678961,1.0,1.0
WTC11,SUZ12,TF ChIP-seq,neg,all,3,47,0.06382978723404255,48,655,0.0732824427480916,0.8622159090909091,-0.02155075260277811,1.0,1.0
WTC11,ZSCAN18,TF ChIP-seq,neg,all,0,47,0.0,9,655,0.013740458015267175,0.0,-0.48127656196427904,1.0,1.0
WTC11,POLR2AphosphoS5,TF ChIP-seq,neg,powered,23,47,0.48936170212765956,63,476,0.1323529411764706,6.282407407407407,2.642937839961538,4.1027793226935173e-08,6.5234191230826925e-06
WTC11,TAF7,TF ChIP-seq,neg,powered,16,47,0.3404255319148936,29,476,0.06092436974789916,7.955506117908787,2.9902150186483145,1.40730945599231e-07,1.1188110175138864e-05
WTC11,H4K91ac,Histone ChIP-seq,neg,powered,10,47,0.2127659574468085,12,476,0.025210084033613446,10.45045045045045,3.379177328890808,3.8140616142707743e-06,0.00020214526555635103
WTC11,NFATC4,TF ChIP-seq,neg,powered,9,47,0.19148936170212766,10,476,0.02100840336134454,11.036842105263158,3.454556820821683,8.37175765442274e-06,0.0003327773667633039
WTC11,POLR2A,TF ChIP-seq,neg,powered,21,47,0.44680851063829785,77,476,0.16176470588235295,4.185314685314685,2.064271587792638,1.4965500097962648e-05,0.0004759029031152122
WTC11,ZNF416,TF ChIP-seq,neg,powered,10,47,0.2127659574468085,17,476,0.03571428571428571,7.297297297297297,2.8781367666269477,3.524942318596275e-05,0.0009341097144280129
WTC11,SIN3A,TF ChIP-seq,neg,powered,24,47,0.5106382978723404,110,476,0.23109243697478993,3.4719367588932806,1.7898878211799512,8.363817607640061e-05,0.0018997814280210998
WTC11,ZNF671,TF ChIP-seq,neg,powered,6,47,0.1276595744680851,6,476,0.012605042016806723,11.463414634146341,3.5030114813816122,0.00023545689487194886,0.0037437646284639867
WTC11,ZNF425,TF ChIP-seq,neg,powered,5,47,0.10638297872340426,3,476,0.0063025210084033615,18.76984126984127,4.129906375910377,0.00021771653531999516,0.0037437646284639867
WTC11,H3K4ac,Histone ChIP-seq,neg,powered,6,47,0.1276595744680851,6,476,0.012605042016806723,11.463414634146341,3.5030114813816122,0.00023545689487194886,0.0037437646284639867
WTC11,H3K9ac,Histone ChIP-seq,neg,powered,21,47,0.44680851063829785,98,476,0.20588235294117646,3.1153846153846154,1.640441970668254,0.00043289398640588477,0.0062572858035032436
WTC11,TCF12,TF ChIP-seq,neg,powered,14,47,0.2978723404255319,49,476,0.10294117647058823,3.696969696969697,1.9023157943634503,0.00048322506631223787,0.006402732128637152
WTC11,MYC,TF ChIP-seq,neg,powered,10,47,0.2127659574468085,26,476,0.0546218487394958,4.6777546777546775,2.250961573533219,0.0005683373212666084,0.006951202621645442
WTC11,H2BK5ac,Histone ChIP-seq,neg,powered,33,47,0.7021276595744681,209,476,0.43907563025210083,3.011278195488722,1.560696842919358,0.0006503078139983478,0.007385638744695522
WTC11,TAF1,TF ChIP-seq,neg,powered,19,47,0.40425531914893614,84,476,0.17647058823529413,3.1666666666666665,1.6681816121943116,0.0007420778171011847,0.007866024861272558
WTC11,H3K18ac,Histone ChIP-seq,neg,powered,23,47,0.48936170212765956,118,476,0.24789915966386555,2.9074858757062145,1.5369650673660749,0.0008430998118685967,0.00837830438044418
WTC11,H4K5ac,Histone ChIP-seq,neg,powered,21,47,0.44680851063829785,106,476,0.22268907563025211,2.8193033381712627,1.4969644122188943,0.0012111181539609963,0.010135146656831495
WTC11,H2AK5ac,Histone ChIP-seq,neg,powered,24,47,0.5106382978723404,129,476,0.2710084033613445,2.806875631951466,1.4841818723618867,0.001160092535198012,0.010135146656831495
WTC11,ZNF281,TF ChIP-seq,neg,powered,12,47,0.2553191489361702,41,476,0.0861344537815126,3.637630662020906,1.8855985475219825,0.001152517036044039,0.010135146656831495
WTC11,ERG,TF ChIP-seq,neg,powered,6,47,0.1276595744680851,10,476,0.02100840336134454,6.819512195121951,2.798816134867166,0.001539651383176311,0.012240228496251672
WTC11,H2BK120ac,Histone ChIP-seq,neg,powered,14,47,0.2978723404255319,57,476,0.11974789915966387,3.1185539606592236,1.6589287541652478,0.002553651811254264,0.019334792285210855
WTC11,PRRX2,TF ChIP-seq,neg,powered,5,47,0.10638297872340426,8,476,0.01680672268907563,6.964285714285714,2.834483078908443,0.003530110001328924,0.025513067736877223
WTC11,H3K14ac,Histone ChIP-seq,neg,powered,21,47,0.44680851063829785,117,476,0.24579831932773108,2.478303747534517,1.311675314013197,0.004949345363173968,0.034215039684550475
WTC11,EMX1,TF ChIP-seq,neg,powered,6,47,0.1276595744680851,14,476,0.029411764705882353,4.829268292682927,2.32072884707027,0.00562350860492652,0.037255744507638196
WTC11,EGR1,TF ChIP-seq,neg,powered,10,47,0.2127659574468085,39,476,0.0819327731092437,3.0284130284130284,1.6328571908254677,0.00737483116987625,0.04509992907732015
WTC11,CREB1,TF ChIP-seq,neg,powered,5,47,0.10638297872340426,10,476,0.02100840336134454,5.5476190476190474,2.523456530572594,0.007166770428916785,0.04509992907732015
WTC11,BRCA1,TF ChIP-seq,neg,powered,4,47,0.0851063829787234,6,476,0.012605042016806723,7.286821705426356,2.9045927001810288,0.008066779122179917,0.04750436594172618
WTC11,AFF4,TF ChIP-seq,neg,powered,5,47,0.10638297872340426,11,476,0.023109243697478993,5.032467532467533,2.389116084001376,0.009724551813344275,0.053317370286956545
WTC11,AR,TF ChIP-seq,neg,powered,5,47,0.10638297872340426,11,476,0.023109243697478993,5.032467532467533,2.389116084001376,0.009724551813344275,0.053317370286956545
WTC11,H2AFZ,Histone ChIP-seq,neg,powered,9,47,0.19148936170212766,183,476,0.38445378151260506,0.37920621225194134,-1.3412785869844763,0.010463431718092171,0.0554561881058885
WTC11,NRF1,TF ChIP-seq,neg,powered,6,47,0.1276595744680851,17,476,0.03571428571428571,3.951219512195122,2.0400383211382356,0.011860391200423525,0.060832329060236785
WTC11,CHD1,TF ChIP-seq,neg,powered,7,47,0.14893617021276595,23,476,0.04831932773109244,3.4467391304347825,1.837410481574779,0.01238731591802789,0.06154947596770107
WTC11,GTF2F1,TF ChIP-seq,neg,powered,5,47,0.10638297872340426,12,476,0.025210084033613446,4.603174603174603,2.2657192791075236,0.012852410705543575,0.061925251581255406
WTC11,SP4,TF ChIP-seq,neg,powered,9,47,0.19148936170212766,37,476,0.07773109243697479,2.810099573257468,1.5320416373962074,0.014950997945297938,0.06991790215595212
WTC11,ZBTB43,TF ChIP-seq,neg,powered,10,47,0.2127659574468085,41,476,0.0861344537815126,2.867501647989453,1.5549882095348193,0.01629682273623912,0.07134879434920105
WTC11,E2F4,TF ChIP-seq,neg,powered,5,47,0.10638297872340426,13,476,0.0273109243697479,4.23992673992674,2.1515787089616576,0.016603178559248043,0.07134879434920105
WTC11,H3K27me3,Histone ChIP-seq,neg,powered,4,47,0.0851063829787234,113,476,0.23739495798319327,0.2988269191191603,-1.5937554277777364,0.016178007950534923,0.07134879434920105
WTC11,JUND,TF ChIP-seq,neg,powered,10,47,0.2127659574468085,42,476,0.08823529411764706,2.7927927927927927,1.5173201629595778,0.017193745177912133,0.0719422495602113
WTC11,ZMAT4,TF ChIP-seq,neg,powered,3,47,0.06382978723404255,4,476,0.008403361344537815,8.045454545454545,3.045867008757329,0.01844045735922635,0.07518032615684589
WTC11,CTCF,TF ChIP-seq,neg,powered,22,47,0.46808510638297873,141,476,0.296218487394958,2.0907801418439718,1.0649384677264802,0.020257319132540134,0.08052284355184704
WTC11,FOXP1,TF ChIP-seq,neg,powered,12,47,0.2553191489361702,58,476,0.12184873949579832,2.470935960591133,1.3328281632369818,0.02158588737918133,0.08371112422658125
WTC11,TP53,TF ChIP-seq,neg,powered,7,47,0.14893617021276595,27,476,0.05672268907563025,2.910185185185185,1.5978581847136815,0.024667823816390544,0.09233430527636834
WTC11,TBP,TF ChIP-seq,neg,powered,17,47,0.3617021276595745,98,476,0.20588235294117646,2.1857142857142855,1.1406433499114357,0.024970912747697097,0.09233430527636834
WTC11,BACH1,TF ChIP-seq,neg,powered,10,47,0.2127659574468085,48,476,0.10084033613445378,2.40990990990991,1.3067372842082516,0.027776435336585272,0.1003739367844786
WTC11,NFE2L1,TF ChIP-seq,neg,powered,9,47,0.19148936170212766,39,476,0.0819327731092437,2.6538461538461537,1.4504994312912725,0.028420197731957586,0.10041803198625014
WTC11,H3K56ac,Histone ChIP-seq,neg,powered,5,47,0.10638297872340426,16,476,0.03361344537815126,3.4226190476190474,1.8527039092324777,0.032039461783786215,0.10188548847244017
WTC11,KAT7,TF ChIP-seq,neg,powered,6,47,0.1276595744680851,22,476,0.046218487394957986,3.0199556541019956,1.6616836746586,0.03116154840048425,0.10188548847244017
WTC11,PHF8,TF ChIP-seq,neg,powered,11,47,0.23404255319148937,53,476,0.11134453781512606,2.438679245283019,1.3184885701080473,0.031887319142272996,0.10188548847244017
WTC11,H2BK12ac,Histone ChIP-seq,neg,powered,28,47,0.5957446808510638,201,476,0.4222689075630252,2.0162346163917255,0.9987602753456836,0.030130793118401816,0.10188548847244017
WTC11,MXI1,TF ChIP-seq,neg,powered,6,47,0.1276595744680851,22,476,0.046218487394957986,3.0199556541019956,1.6616836746586,0.03116154840048425,0.10188548847244017
WTC11,E2F5,TF ChIP-seq,neg,powered,9,47,0.19148936170212766,42,476,0.08823529411764706,2.4473684210526314,1.3349624034253824,0.03528079402145896,0.10999306371396028
WTC11,SRF,TF ChIP-seq,neg,powered,4,47,0.0851063829787234,11,476,0.023109243697478993,3.9323467230443976,2.066056907095365,0.03738428073796712,0.11007593772845874
WTC11,CBFB,TF ChIP-seq,neg,powered,4,47,0.0851063829787234,11,476,0.023109243697478993,3.9323467230443976,2.066056907095365,0.03738428073796712,0.11007593772845874
WTC11,ZNF532,TF ChIP-seq,neg,powered,4,47,0.0851063829787234,11,476,0.023109243697478993,3.9323467230443976,2.066056907095365,0.03738428073796712,0.11007593772845874
WTC11,E2F6,TF ChIP-seq,neg,powered,16,47,0.3404255319148936,96,476,0.20168067226890757,2.043010752688172,1.046409802094002,0.03865600124756517,0.11175098542477932
WTC11,SAP30,TF ChIP-seq,neg,powered,6,47,0.1276595744680851,24,476,0.05042016806722689,2.7560975609756095,1.532464424649527,0.04269266981093425,0.12121668749890262
WTC11,ZNF232,TF ChIP-seq,neg,powered,8,47,0.1702127659574468,35,476,0.07352941176470588,2.5846153846153848,1.4202046012170204,0.043959826268810634,0.12262477853931388
WTC11,CHD2,TF ChIP-seq,neg,powered,8,47,0.1702127659574468,36,476,0.07563025210084033,2.507122507122507,1.3768557431136328,0.04660546187269546,0.12776324892687205
WTC11,TCF7,TF ChIP-seq,neg,powered,4,47,0.0851063829787234,13,476,0.0273109243697479,3.3130590339892665,1.8285195320556464,0.05698935335611252,0.15358147768850663
WTC11,H3K23me2,Histone ChIP-seq,neg,powered,16,47,0.3404255319148936,103,476,0.21638655462184875,1.8690886313811463,0.9185916711484489,0.06698516489430834,0.1751680425213189
WTC11,H3K23ac,Histone ChIP-seq,neg,powered,3,47,0.06382978723404255,8,476,0.01680672268907563,3.9886363636363638,2.116063887500054,0.0672028339232733,0.1751680425213189
WTC11,ZNF184,TF ChIP-seq,neg,powered,7,47,0.14893617021276595,32,476,0.06722689075630252,2.428125,1.3407123885252095,0.07146281368981411,0.18326753833355552
WTC11,H4K20me1,Histone ChIP-seq,neg,powered,5,47,0.10638297872340426,21,476,0.04411764705882353,2.5793650793650795,1.4550831715995483,0.07340384050680032,0.18525731175525795
WTC11,H2BK15ac,Histone ChIP-seq,neg,powered,17,47,0.3617021276595745,113,476,0.23739495798319327,1.820353982300885,0.8778087460107595,0.0756890310220159,0.18803993644532077
WTC11,E2F1,TF ChIP-seq,neg,powered,4,47,0.0851063829787234,15,476,0.031512605042016806,2.8589147286821706,1.622972032852483,0.08119592398117519,0.19861772173856698
WTC11,H3K27ac,Histone ChIP-seq,neg,powered,27,47,0.574468085106383,207,476,0.43487394957983194,1.7543478260869565,0.8009816454247942,0.08988425406633103,0.21653933934161568
WTC11,RAD21,TF ChIP-seq,neg,powered,26,47,0.5531914893617021,202,476,0.42436974789915966,1.6793965110796794,0.7405399410943129,0.09262721100067592,0.21700849393819072
WTC11,CREM,TF ChIP-seq,neg,powered,7,47,0.14893617021276595,36,476,0.07563025210084033,2.138888888888889,1.16021424276429,0.09280866407419477,0.21700849393819072
WTC11,H4K8ac,Histone ChIP-seq,neg,powered,5,47,0.10638297872340426,23,476,0.04831932773109244,2.3447204968944098,1.3204105713504808,0.09563000227608007,0.2203647878535758
WTC11,SP1,TF ChIP-seq,neg,powered,15,47,0.3191489361702128,101,476,0.21218487394957983,1.7404084158415842,0.8191616776875162,0.0992144480839938,0.2253585320765002
WTC11,ZNF263,TF ChIP-seq,neg,powered,6,47,0.1276595744680851,28,476,0.058823529411764705,2.341463414634146,1.301474447548687,0.10954139213107836,0.24297370924975908
WTC11,FOXK1,TF ChIP-seq,neg,powered,10,47,0.2127659574468085,59,476,0.12394957983193278,1.9102153000458084,0.9743133563363504,0.1100258306036645,0.24297370924975908
WTC11,YY1,TF ChIP-seq,neg,powered,14,47,0.2978723404255319,96,476,0.20168067226890757,1.6792929292929293,0.7711874109052648,0.13399780935688677,0.29185824229787666
WTC11,H3K4me1,Histone ChIP-seq,neg,powered,36,47,0.7659574468085106,311,476,0.6533613445378151,1.7363344051446945,0.7538616566062202,0.1453975022257258,0.31240814667419464
WTC11,REST,TF ChIP-seq,neg,powered,2,47,0.0425531914893617,6,476,0.012605042016806723,3.4814814814814814,1.9917446492761106,0.15626338495824527,0.3269194501100131
WTC11,EP300,TF ChIP-seq,neg,powered,2,47,0.0425531914893617,6,476,0.012605042016806723,3.4814814814814814,1.9917446492761106,0.15626338495824527,0.3269194501100131
WTC11,RBBP5,TF ChIP-seq,neg,powered,12,47,0.2553191489361702,81,476,0.17016806722689076,1.6719576719576719,0.772914800511757,0.16107120869455724,0.33260158678486496
WTC11,ARID4B,TF ChIP-seq,neg,powered,7,47,0.14893617021276595,39,476,0.0819327731092437,1.9608974358974358,1.036399051266482,0.1694540719237122,0.33263206710950916
WTC11,NR3C1,TF ChIP-seq,neg,powered,3,47,0.06382978723404255,13,476,0.0273109243697479,2.4283216783216783,1.4331595175532685,0.16626959104174577,0.33263206710950916
WTC11,MYBL2,TF ChIP-seq,neg,powered,7,47,0.14893617021276595,39,476,0.0819327731092437,1.9608974358974358,1.036399051266482,0.1694540719237122,0.33263206710950916
WTC11,H3T11ph,Histone ChIP-seq,neg,powered,3,47,0.06382978723404255,13,476,0.0273109243697479,2.4283216783216783,1.4331595175532685,0.16626959104174577,0.33263206710950916
WTC11,ZNF121,TF ChIP-seq,neg,powered,7,47,0.14893617021276595,41,476,0.0861344537815126,1.8567073170731707,0.9585300699758337,0.18004028925167032,0.34910251208555587
WTC11,KDM1A,TF ChIP-seq,neg,powered,8,47,0.1702127659574468,49,476,0.10294117647058823,1.7875457875457876,0.8941060827668871,0.21458159265267307,0.41106594255150625
WTC11,MAX,TF ChIP-seq,neg,powered,15,47,0.3191489361702128,114,476,0.23949579831932774,1.488486842105263,0.5944618941637737,0.21989100777693021,0.4162222647206179
WTC11,RFX5,TF ChIP-seq,neg,powered,2,47,0.0425531914893617,8,476,0.01680672268907563,2.6,1.5985758510975134,0.22422080937118452,0.4194248081178628
WTC11,USF2,TF ChIP-seq,neg,powered,8,47,0.1702127659574468,55,476,0.11554621848739496,1.5701631701631702,0.7086550476652127,0.24809122659849042,0.45340810378344804
WTC11,SIRT6,TF ChIP-seq,neg,powered,1,47,0.02127659574468085,2,476,0.004201680672268907,5.1521739130434785,2.614139871746872,0.24652475419641273,0.45340810378344804
WTC11,MLX,TF ChIP-seq,neg,powered,2,47,0.0425531914893617,9,476,0.018907563025210083,2.3061728395061727,1.4350284960200796,0.2591136928040538,0.45776752395382836
WTC11,USF1,TF ChIP-seq,neg,powered,9,47,0.19148936170212766,61,476,0.12815126050420167,1.6113028472821398,0.7373311341797888,0.2583424945308107,0.45776752395382836
WTC11,JUN,TF ChIP-seq,neg,powered,4,47,0.0851063829787234,20,476,0.04201680672268908,2.1209302325581394,1.2039005509597225,0.2587277574869141,0.45776752395382836
WTC11,TEAD1,TF ChIP-seq,neg,powered,9,47,0.19148936170212766,65,476,0.13655462184873948,1.4975708502024292,0.6324665916328597,0.2795190080666615,0.48631215926085786
WTC11,H3K4me2,Histone ChIP-seq,neg,powered,28,47,0.5957446808510638,240,476,0.5042016806722689,1.449122807017544,0.5232910848718465,0.2844467346620112,0.48631215926085786
WTC11,H3K4me3,Histone ChIP-seq,neg,powered,26,47,0.5531914893617021,220,476,0.46218487394957986,1.4406926406926408,0.5198358699106347,0.2837422615096459,0.48631215926085786
WTC11,H3K36me3,Histone ChIP-seq,neg,powered,7,47,0.14893617021276595,46,476,0.09663865546218488,1.6358695652173914,0.7777512090127064,0.30570941370132254,0.5116610187211609
WTC11,ZBTB33,TF ChIP-seq,neg,powered,4,47,0.0851063829787234,24,476,0.05042016806722689,1.751937984496124,0.9340456434489436,0.3036145629458397,0.5116610187211609
WTC11,TRERF1,TF ChIP-seq,neg,powered,1,47,0.02127659574468085,3,476,0.0063025210084033615,3.427536231884058,2.1256693830239057,0.3146273244901985,0.5211015061868912
WTC11,ATF1,TF ChIP-seq,neg,powered,2,47,0.0425531914893617,11,476,0.023109243697478993,1.878787878787879,1.153208856190447,0.32895055228706804,0.5283145233701396
WTC11,ZNF138,TF ChIP-seq,neg,powered,2,47,0.0425531914893617,11,476,0.023109243697478993,1.878787878787879,1.153208856190447,0.32895055228706804,0.5283145233701396
WTC11,ZNF512,TF ChIP-seq,neg,powered,2,47,0.0425531914893617,11,476,0.023109243697478993,1.878787878787879,1.153208856190447,0.32895055228706804,0.5283145233701396
WTC11,STAT6,TF ChIP-seq,neg,powered,1,47,0.02127659574468085,4,476,0.008403361344537815,2.5652173913043477,1.7600492072792475,0.37669382882345614,0.5864162911432461
WTC11,SIX4,TF ChIP-seq,neg,powered,5,47,0.10638297872340426,33,476,0.06932773109243698,1.598124098124098,0.7767417863428869,0.3711815382372786,0.5864162911432461
WTC11,ZBTB21,TF ChIP-seq,neg,powered,5,47,0.10638297872340426,34,476,0.07142857142857142,1.5476190476190477,0.7310498706917863,0.37987973577203993,0.5864162911432461
WTC11,FOSL1,TF ChIP-seq,neg,powered,1,47,0.02127659574468085,4,476,0.008403361344537815,2.5652173913043477,1.7600492072792475,0.37669382882345614,0.5864162911432461
WTC11,PRDM15,TF ChIP-seq,neg,powered,5,47,0.10638297872340426,35,476,0.07352941176470588,1.5,0.6865631906433795,0.38954328154025486,0.593866803545305
WTC11,POU5F1,TF ChIP-seq,neg,powered,0,47,0.0,18,476,0.037815126050420166,0.0,-1.9385310503648432,0.3921761910204844,0.593866803545305
WTC11,NR1H2,TF ChIP-seq,neg,powered,1,47,0.02127659574468085,5,476,0.01050420168067227,2.0478260869565217,1.4674860316509242,0.43324863586071,0.6319865422188339
WTC11,ETV6,TF ChIP-seq,neg,powered,10,47,0.2127659574468085,81,476,0.17016806722689076,1.3179846513179847,0.44230446252459377,0.42634749161085644,0.6319865422188339
WTC11,ATF3,TF ChIP-seq,neg,powered,1,47,0.02127659574468085,5,476,0.01050420168067227,2.0478260869565217,1.4674860316509242,0.43324863586071,0.6319865422188339
WTC11,TEAD4,TF ChIP-seq,neg,powered,3,47,0.06382978723404255,18,476,0.037815126050420166,1.7348484848484849,0.962946049057311,0.42282120309355986,0.6319865422188339
WTC11,IRF2,TF ChIP-seq,neg,powered,1,47,0.02127659574468085,6,476,0.012605042016806723,1.7028985507246377,1.2234148842005694,0.4847714871461,0.6944024005065758
WTC11,PREB,TF ChIP-seq,neg,powered,1,47,0.02127659574468085,6,476,0.012605042016806723,1.7028985507246377,1.2234148842005694,0.4847714871461,0.6944024005065758
WTC11,H3K79me1,Histone ChIP-seq,neg,powered,4,47,0.0851063829787234,28,476,0.058823529411764705,1.4883720930232558,0.7030556663481036,0.5169095432498343,0.7209527840063479
WTC11,CTBP2,TF ChIP-seq,neg,powered,4,47,0.0851063829787234,27,476,0.05672268907563025,1.5469422911283377,0.7577990975833718,0.5103845834965254,0.7209527840063479
WTC11,ESRRA,TF ChIP-seq,neg,powered,4,47,0.0851063829787234,28,476,0.058823529411764705,1.4883720930232558,0.7030556663481036,0.5169095432498343,0.7209527840063479
WTC11,KDM5A,TF ChIP-seq,neg,powered,1,47,0.02127659574468085,7,476,0.014705882352941176,1.4565217391304348,1.0138944416583808,0.5317012160300794,0.7351347247720228
WTC11,HMGXB4,TF ChIP-seq,neg,powered,11,47,0.23404255319148937,92,476,0.19327731092436976,1.2753623188405796,0.38919572462251,0.5634426186488521,0.772304968665237
WTC11,HMGA2,TF ChIP-seq,neg,powered,1,47,0.02127659574468085,8,476,0.01680672268907563,1.2717391304347827,0.8302460860219723,0.5744391633050043,0.7740324319109805
WTC11,ATF2,TF ChIP-seq,neg,powered,1,47,0.02127659574468085,8,476,0.01680672268907563,1.2717391304347827,0.8302460860219723,0.5744391633050043,0.7740324319109805
WTC11,SIX5,TF ChIP-seq,neg,powered,0,47,0.0,11,476,0.023109243697478993,0.0,-1.2307802068291671,0.6103375169681543,0.8154929848566096
WTC11,GABPB1,TF ChIP-seq,neg,powered,6,47,0.1276595744680851,49,476,0.10294117647058823,1.2752613240418118,0.435824276487818,0.6165584715868394,0.8169399748525622
WTC11,ZKSCAN8,TF ChIP-seq,neg,powered,2,47,0.0425531914893617,13,476,0.0273109243697479,1.5829059829059828,0.9156714811507283,0.6357947606449145,0.8354658425003421
WTC11,ZNF317,TF ChIP-seq,neg,powered,2,47,0.0425531914893617,14,476,0.029411764705882353,1.4666666666666666,0.8094620149647686,0.6466922402476653,0.8428202147490063
WTC11,KDM4A,TF ChIP-seq,neg,powered,8,47,0.1702127659574468,98,476,0.20588235294117646,0.7912087912087912,-0.2742202363974082,0.7042335529433947,0.8965410222625791
WTC11,GTF2I,TF ChIP-seq,neg,powered,1,47,0.02127659574468085,21,476,0.04411764705882353,0.47101449275362317,-0.5491538212869224,0.7100627384589469,0.8965410222625791
WTC11,NR2C2,TF ChIP-seq,neg,powered,1,47,0.02127659574468085,20,476,0.04201680672268908,0.4956521739130435,-0.4772772650207368,0.7104664704722325,0.8965410222625791
WTC11,OTX2,TF ChIP-seq,neg,powered,2,47,0.0425531914893617,18,476,0.037815126050420166,1.1308641975308642,0.4454580126547706,0.6984775044462386,0.8965410222625791
WTC11,H3K79me2,Histone ChIP-seq,neg,powered,4,47,0.0851063829787234,33,476,0.06932773109243698,1.2487667371388302,0.4536826094368756,0.7630581658491237,0.9553247903150446
WTC11,GABPA,TF ChIP-seq,neg,powered,4,47,0.0851063829787234,35,476,0.07352941176470588,1.172093023255814,0.36350401373736796,0.7695364457030489,0.955908553646756
WTC11,CEBPB,TF ChIP-seq,neg,powered,5,47,0.10638297872340426,43,476,0.09033613445378151,1.1987818383167221,0.3669853698727021,0.7896386332673848,0.9657887899193398
WTC11,EZH2,TF ChIP-seq,neg,powered,3,47,0.06382978723404255,43,476,0.09033613445378151,0.6865750528541226,-0.35143382153568703,0.7868449008342175,0.9657887899193398
WTC11,ZNF423,TF ChIP-seq,neg,powered,4,47,0.0851063829787234,50,476,0.10504201680672269,0.7925581395348837,-0.19482804583992047,0.8057751361077554,0.9733503547180847
WTC11,TGIF2,TF ChIP-seq,neg,powered,6,47,0.1276595744680851,53,476,0.11134453781512606,1.1679705476300046,0.31015145972521896,0.8080644454263345,0.9733503547180847
WTC11,HDAC2,TF ChIP-seq,neg,powered,7,47,0.14893617021276595,65,476,0.13655462184873948,1.1065384615384615,0.2183662116080692,0.8242854017278439,0.9854239013137381
WTC11,ATF6,TF ChIP-seq,neg,powered,0,47,0.0,4,476,0.008403361344537815,0.0,0.14438990933517493,1.0,1.0
WTC11,ASH2L,TF ChIP-seq,neg,powered,12,47,0.2553191489361702,115,476,0.2415966386554622,1.0762732919254658,0.14021186580510284,0.8588325488599184,1.0
WTC11,CHD7,TF ChIP-seq,neg,powered,1,47,0.02127659574468085,16,476,0.03361344537815126,0.625,-0.15153308365399312,1.0,1.0
WTC11,ELF4,TF ChIP-seq,neg,powered,1,47,0.02127659574468085,13,476,0.0273109243697479,0.774247491638796,0.14734171607518687,1.0,1.0
WTC11,FOXJ3,TF ChIP-seq,neg,powered,0,47,0.0,3,476,0.0063025210084033615,0.0,0.510010085079833,1.0,1.0
WTC11,ZNF219,TF ChIP-seq,neg,powered,1,47,0.02127659574468085,11,476,0.023109243697478993,0.9189723320158103,0.3848790911149057,1.0,1.0
WTC11,FOXP4,TF ChIP-seq,neg,powered,5,47,0.10638297872340426,53,476,0.11134453781512606,0.9501347708894878,0.034791855430647035,1.0,1.0
WTC11,ZNF143,TF ChIP-seq,neg,powered,2,47,0.0425531914893617,26,476,0.0546218487394958,0.7692307692307693,-0.0984037040609945,1.0,1.0
WTC11,BCL11A,TF ChIP-seq,neg,powered,0,47,0.0,1,476,0.0021008403361344537,0.0,1.7384834218084595,1.0,1.0
WTC11,ZNF396,TF ChIP-seq,neg,powered,0,47,0.0,1,476,0.0021008403361344537,0.0,1.7384834218084595,1.0,1.0
WTC11,SUZ12,TF ChIP-seq,neg,powered,3,47,0.06382978723404255,38,476,0.07983193277310924,0.7858851674641149,-0.15873201715896199,1.0,1.0
WTC11,SP2,TF ChIP-seq,neg,powered,1,47,0.02127659574468085,9,476,0.018907563025210083,1.1280193236714975,0.6666987309445384,1.0,1.0
WTC11,H3K9me3,Histone ChIP-seq,neg,powered,2,47,0.0425531914893617,24,476,0.05042016806722689,0.837037037037037,0.02119759254402553,1.0,1.0
WTC11,HDAC6,TF ChIP-seq,neg,powered,0,47,0.0,2,476,0.004201680672268907,0.0,0.9984805738027991,1.0,1.0
WTC11,IRF1,TF ChIP-seq,neg,powered,2,47,0.0425531914893617,20,476,0.04201680672268908,1.0133333333333334,0.2910525000548044,1.0,1.0
WTC11,MAFK,TF ChIP-seq,neg,powered,3,47,0.06382978723404255,36,476,0.07563025210084033,0.8333333333333334,-0.07520485886839731,1.0,1.0
WTC11,MXD4,TF ChIP-seq,neg,powered,0,47,0.0,1,476,0.0021008403361344537,0.0,1.7384834218084595,1.0,1.0
WTC11,NANOG,TF ChIP-seq,neg,powered,2,47,0.0425531914893617,28,476,0.058823529411764705,0.7111111111111111,-0.20979238455681437,1.0,1.0
WTC11,NFYB,TF ChIP-seq,neg,powered,2,47,0.0425531914893617,26,476,0.0546218487394958,0.7692307692307693,-0.0984037040609945,1.0,1.0
WTC11,RELA,TF ChIP-seq,neg,powered,2,47,0.0425531914893617,22,476,0.046218487394957986,0.9171717171717172,0.15041684255309853,1.0,1.0
WTC11,RNF2,TF ChIP-seq,neg,powered,1,47,0.02127659574468085,15,476,0.031512605042016806,0.6681159420289855,-0.058205783127976134,1.0,1.0
WTC11,RXRA,TF ChIP-seq,neg,powered,1,47,0.02127659574468085,11,476,0.023109243697478993,0.9189723320158103,0.3848790911149057,1.0,1.0
WTC11,SMAD3,TF ChIP-seq,neg,powered,3,47,0.06382978723404255,32,476,0.06722689075630252,0.9460227272727273,0.1052932868925218,1.0,1.0
WTC11,SMAD4,TF ChIP-seq,neg,powered,1,47,0.02127659574468085,9,476,0.018907563025210083,1.1280193236714975,0.6666987309445384,1.0,1.0
WTC11,H2BK20ac,Histone ChIP-seq,neg,powered,10,47,0.2127659574468085,106,476,0.22268907563025211,0.9433962264150944,-0.037881155637125075,1.0,1.0
WTC11,ZSCAN18,TF ChIP-seq,neg,powered,0,47,0.0,1,476,0.0021008403361344537,0.0,1.7384834218084595,1.0,1.0
WTC11,KDM5A,TF ChIP-seq,pos,all,4,25,0.16,7,655,0.010687022900763359,17.632653061224488,4.177732415383395,0.0003963488408081592,0.06381216337011364
WTC11,MXI1,TF ChIP-seq,pos,all,5,25,0.2,29,655,0.044274809160305344,5.396551724137931,2.510407263979233,0.005967001113196576,0.4803435896123244
WTC11,FOXP1,TF ChIP-seq,pos,all,7,25,0.28,63,655,0.09618320610687023,3.654320987654321,1.9194238869930242,0.009605394730396111,0.5154895171979247
WTC11,AFF4,TF ChIP-seq,pos,all,2,25,0.08,11,655,0.016793893129770993,5.090909090909091,2.575813835514363,0.07899930921435423,0.641821797696363
WTC11,HDAC2,TF ChIP-seq,pos,all,7,25,0.28,81,655,0.12366412213740458,2.7558299039780523,1.5148721583946045,0.03232921694367119,0.641821797696363
WTC11,H2BK12ac,Histone ChIP-seq,pos,all,15,25,0.6,247,655,0.37709923664122136,2.477732793522267,1.2847864407868266,0.03459290204788772,0.641821797696363
WTC11,KAT7,TF ChIP-seq,pos,all,3,25,0.12,28,655,0.042748091603053436,3.0535714285714284,1.776083460401322,0.0999032925276843,0.641821797696363
WTC11,POLR2A,TF ChIP-seq,pos,all,8,25,0.32,89,655,0.13587786259541984,2.9927296761401188,1.6202961928616322,0.01727222255912456,0.641821797696363
WTC11,POLR2AphosphoS5,TF ChIP-seq,pos,all,6,25,0.24,74,655,0.11297709923664122,2.4793741109530583,1.3795043602899006,0.1031106109018194,0.641821797696363
WTC11,PRRX2,TF ChIP-seq,pos,all,2,25,0.08,12,655,0.0183206106870229,4.659420289855072,2.453279391655702,0.09012567586800271,0.641821797696363
WTC11,RBBP5,TF ChIP-seq,pos,all,7,25,0.28,97,655,0.1480916030534351,2.2371134020618557,1.215520386713273,0.08649793659340126,0.641821797696363
WTC11,SRF,TF ChIP-seq,pos,all,2,25,0.08,13,655,0.01984732824427481,4.294314381270903,2.340004385127497,0.10169411576360719,0.641821797696363
WTC11,STAT6,TF ChIP-seq,pos,all,2,25,0.08,5,655,0.007633587786259542,11.304347826086957,3.653312871290223,0.02435018309527402,0.641821797696363
WTC11,TAF7,TF ChIP-seq,pos,all,4,25,0.16,38,655,0.05801526717557252,3.092731829573935,1.747169032517353,0.06157865945292931,0.641821797696363
WTC11,ZBTB21,TF ChIP-seq,pos,all,4,25,0.16,38,655,0.05801526717557252,3.092731829573935,1.747169032517353,0.06157865945292931,0.641821797696363
WTC11,RNF2,TF ChIP-seq,pos,all,3,25,0.12,19,655,0.02900763358778626,4.564593301435407,2.344116310767039,0.04258719050187987,0.641821797696363
WTC11,H3K27ac,Histone ChIP-seq,pos,all,15,25,0.6,264,655,0.4030534351145038,2.221590909090909,1.1276234727851298,0.06173153450082577,0.641821797696363
WTC11,ZNF184,TF ChIP-seq,pos,all,4,25,0.16,38,655,0.05801526717557252,3.092731829573935,1.747169032517353,0.06157865945292931,0.641821797696363
WTC11,ZBTB43,TF ChIP-seq,pos,all,4,25,0.16,44,655,0.06717557251908397,2.645021645021645,1.5241355043012033,0.09207634180713148,0.641821797696363
WTC11,CBFB,TF ChIP-seq,pos,all,2,25,0.08,13,655,0.01984732824427481,4.294314381270903,2.340004385127497,0.10169411576360719,0.641821797696363
WTC11,CHD2,TF ChIP-seq,pos,all,4,25,0.16,39,655,0.059541984732824425,3.0085470085470085,1.7078365829659505,0.066209478275251,0.641821797696363
WTC11,ARID4B,TF ChIP-seq,pos,all,4,25,0.16,43,655,0.06564885496183206,2.7109634551495017,1.559282784781419,0.08654786223295514,0.641821797696363
WTC11,ZNF281,TF ChIP-seq,pos,all,4,25,0.16,46,655,0.07022900763358779,2.5217391304347827,1.4559838462523953,0.10364824062177291,0.641821797696363
WTC11,ZNF138,TF ChIP-seq,pos,all,2,25,0.08,12,655,0.0183206106870229,4.659420289855072,2.453279391655702,0.09012567586800271,0.641821797696363
WTC11,ZMAT4,TF ChIP-seq,pos,all,2,25,0.08,7,655,0.010687022900763359,8.049689440993788,3.2014114118529062,0.039895277198405216,0.641821797696363
WTC11,BACH1,TF ChIP-seq,pos,all,5,25,0.2,61,655,0.09312977099236641,2.4344262295081966,1.3748981084256293,0.08490184049818364,0.641821797696363
WTC11,AR,TF ChIP-seq,pos,all,2,25,0.08,14,655,0.021374045801526718,3.981366459627329,2.2346637031718353,0.11366018194993056,0.6535460462121008
WTC11,E2F4,TF ChIP-seq,pos,all,2,25,0.08,14,655,0.021374045801526718,3.981366459627329,2.2346637031718353,0.11366018194993056,0.6535460462121008
WTC11,ZNF121,TF ChIP-seq,pos,all,4,25,0.16,53,655,0.08091603053435115,2.1635220125786163,1.2370106914563914,0.1492042705421587,0.8007295852429185
WTC11,ASH2L,TF ChIP-seq,pos,all,9,25,0.36,148,655,0.22595419847328244,1.9269425675675675,0.976478285356905,0.14437095555113352,0.8007295852429185
WTC11,H3K4me2,Histone ChIP-seq,pos,all,15,25,0.6,296,655,0.45190839694656487,1.8192567567567568,0.839838553501409,0.1569887482906019,0.8153286604769969
WTC11,ZNF425,TF ChIP-seq,pos,all,1,25,0.04,7,655,0.010687022900763359,3.857142857142857,2.404324825249129,0.26010278242812873,0.8292031153119962
WTC11,IRF2,TF ChIP-seq,pos,all,1,25,0.04,6,655,0.00916030534351145,4.506944444444445,2.612998653912737,0.23155736508353503,0.8292031153119962
WTC11,IRF1,TF ChIP-seq,pos,all,2,25,0.08,21,655,0.03206106870229008,2.6252587991718426,1.650550842348733,0.20530844736090886,0.8292031153119962
WTC11,HMGXB4,TF ChIP-seq,pos,all,6,25,0.24,108,655,0.1648854961832061,1.5994152046783625,0.7502014213229002,0.28720834096548165,0.8292031153119962
WTC11,H3K4me1,Histone ChIP-seq,pos,all,19,25,0.76,423,655,0.6458015267175573,1.7368006304176518,0.7198312473843513,0.2897211228642747,0.8292031153119962
WTC11,JUND,TF ChIP-seq,pos,all,4,25,0.16,55,655,0.08396946564885496,2.0779220779220777,1.1792648160957426,0.2625931478147028,0.8292031153119962
WTC11,MAFK,TF ChIP-seq,pos,all,0,25,0.0,52,655,0.07938931297709924,0.0,-2.1494608988825967,0.24771023384365293,0.8292031153119962
WTC11,USF2,TF ChIP-seq,pos,all,5,25,0.2,69,655,0.10534351145038168,2.1231884057971016,1.1789258393242146,0.177878684701462,0.8292031153119962
WTC11,MLX,TF ChIP-seq,pos,all,1,25,0.04,9,655,0.013740458015267175,2.990740740740741,2.0588317029726166,0.31417012443497994,0.8292031153119962
WTC11,NRF1,TF ChIP-seq,pos,all,2,25,0.08,23,655,0.035114503816793895,2.389413988657845,1.51767206111376,0.23303970556842402,0.8292031153119962
WTC11,PREB,TF ChIP-seq,pos,all,1,25,0.04,8,655,0.012213740458015267,3.3697916666666665,2.221526197929525,0.2876287205818443,0.8292031153119962
WTC11,RELA,TF ChIP-seq,pos,all,2,25,0.08,23,655,0.035114503816793895,2.389413988657845,1.51767206111376,0.23303970556842402,0.8292031153119962
WTC11,REST,TF ChIP-seq,pos,all,1,25,0.04,9,655,0.013740458015267175,2.990740740740741,2.0588317029726166,0.31417012443497994,0.8292031153119962
WTC11,H3K4ac,Histone ChIP-seq,pos,all,1,25,0.04,8,655,0.012213740458015267,3.3697916666666665,2.221526197929525,0.2876287205818443,0.8292031153119962
WTC11,SIN3A,TF ChIP-seq,pos,all,8,25,0.32,133,655,0.20305343511450383,1.8469703670942061,0.9267711195860642,0.20446596562334576,0.8292031153119962
WTC11,SP2,TF ChIP-seq,pos,all,1,25,0.04,9,655,0.013740458015267175,2.990740740740741,2.0588317029726166,0.31417012443497994,0.8292031153119962
WTC11,ZBTB33,TF ChIP-seq,pos,all,2,25,0.08,26,655,0.03969465648854962,2.1036789297658864,1.3374813563655423,0.27511411828839916,0.8292031153119962
WTC11,TGIF2,TF ChIP-seq,pos,all,4,25,0.16,60,655,0.0916030534351145,1.8888888888888888,1.042754707329734,0.28215263756183806,0.8292031153119962
WTC11,USF1,TF ChIP-seq,pos,all,5,25,0.2,70,655,0.10687022900763359,2.0892857142857144,1.155853622121635,0.18123319040723532,0.8292031153119962
WTC11,MAX,TF ChIP-seq,pos,all,8,25,0.32,132,655,0.2015267175572519,1.8645276292335116,0.9403770017856199,0.20307546146951827,0.8292031153119962
WTC11,PHF8,TF ChIP-seq,pos,all,4,25,0.16,58,655,0.08854961832061069,1.9605911330049262,1.0960904300249208,0.2735434264470416,0.8292031153119962
WTC11,KDM4A,TF ChIP-seq,pos,all,7,25,0.28,115,655,0.17557251908396945,1.826086956521739,0.9238389962981614,0.1861452365002096,0.8292031153119962
WTC11,ZSCAN18,TF ChIP-seq,pos,all,1,25,0.04,9,655,0.013740458015267175,2.990740740740741,2.0588317029726166,0.31417012443497994,0.8292031153119962
WTC11,FOXK1,TF ChIP-seq,pos,all,4,25,0.16,66,655,0.10076335877862595,1.6998556998557,0.8917258142187875,0.3133669257720768,0.8292031153119962
WTC11,FOSL1,TF ChIP-seq,pos,all,1,25,0.04,4,655,0.0061068702290076335,6.78125,3.1479490237317704,0.1712623521269509,0.8292031153119962
WTC11,H2AK5ac,Histone ChIP-seq,pos,all,9,25,0.36,158,655,0.24122137404580152,1.7693829113924051,0.853747079376736,0.23356802275359562,0.8292031153119962
WTC11,EP300,TF ChIP-seq,pos,all,1,25,0.04,8,655,0.012213740458015267,3.3697916666666665,2.221526197929525,0.2876287205818443,0.8292031153119962
WTC11,EMX1,TF ChIP-seq,pos,all,2,25,0.08,21,655,0.03206106870229008,2.6252587991718426,1.650550842348733,0.20530844736090886,0.8292031153119962
WTC11,BRCA1,TF ChIP-seq,pos,all,1,25,0.04,7,655,0.010687022900763359,3.857142857142857,2.404324825249129,0.26010278242812873,0.8292031153119962
WTC11,E2F5,TF ChIP-seq,pos,all,3,25,0.12,43,655,0.06564885496183206,1.9408033826638478,1.1311243637691342,0.23546392906076793,0.8292031153119962
WTC11,CHD1,TF ChIP-seq,pos,all,2,25,0.08,31,655,0.04732824427480916,1.7503506311360448,1.076617081317766,0.34514581203147193,0.8820392974137615
WTC11,CREB1,TF ChIP-seq,pos,all,1,25,0.04,10,655,0.015267175572519083,2.6875,1.9122085191343783,0.3397607914336745,0.8820392974137615
WTC11,TEAD1,TF ChIP-seq,pos,all,5,25,0.2,82,655,0.1251908396946565,1.7469512195121952,0.8992070757892228,0.35271316460030977,0.8872940546976543
WTC11,MYC,TF ChIP-seq,pos,all,2,25,0.08,32,655,0.04885496183206107,1.6929347826086956,1.0292171800109406,0.3589858396576783,0.8889966458080604
WTC11,ZNF219,TF ChIP-seq,pos,all,1,25,0.04,11,655,0.016793893129770993,2.4393939393939394,1.778727248910586,0.3644334075983353,0.8889966458080604
WTC11,TCF7,TF ChIP-seq,pos,all,1,25,0.04,14,655,0.021374045801526718,1.9077380952380953,1.4375771165680584,0.43325386634298446,0.8942804164259037
WTC11,H3K79me2,Histone ChIP-seq,pos,all,0,25,0.0,46,655,0.07022900763358779,0.0,-1.960101742459315,0.4034413860862585,0.8942804164259037
WTC11,NR3C1,TF ChIP-seq,pos,all,1,25,0.04,14,655,0.021374045801526718,1.9077380952380953,1.4375771165680584,0.43325386634298446,0.8942804164259037
WTC11,H2BK5ac,Histone ChIP-seq,pos,all,12,25,0.48,253,655,0.38625954198473283,1.4667072058376407,0.555971723609895,0.40459012110438614,0.8942804164259037
WTC11,SP1,TF ChIP-seq,pos,all,6,25,0.24,115,655,0.17557251908396945,1.482837528604119,0.6414392655974365,0.4231987714150082,0.8942804164259037
WTC11,ELF4,TF ChIP-seq,pos,all,1,25,0.04,14,655,0.021374045801526718,1.9077380952380953,1.4375771165680584,0.43325386634298446,0.8942804164259037
WTC11,H3K9me3,Histone ChIP-seq,pos,all,0,25,0.0,43,655,0.06564885496183206,0.0,-1.856802803930291,0.39504895634703274,0.8942804164259037
WTC11,ETV6,TF ChIP-seq,pos,all,5,25,0.2,93,655,0.14198473282442747,1.510752688172043,0.6906944402359763,0.38750789317905726,0.8942804164259037
WTC11,EZH2,TF ChIP-seq,pos,all,3,25,0.12,49,655,0.07480916030534351,1.686456400742115,0.93050904076883,0.4292623540329735,0.8942804164259037
WTC11,ATF1,TF ChIP-seq,pos,all,1,25,0.04,14,655,0.021374045801526718,1.9077380952380953,1.4375771165680584,0.43325386634298446,0.8942804164259037
WTC11,ZNF512,TF ChIP-seq,pos,all,1,25,0.04,12,655,0.0183206106870229,2.232638888888889,1.656192805051925,0.3882195824636672,0.8942804164259037
WTC11,ZNF671,TF ChIP-seq,pos,all,1,25,0.04,13,655,0.01984732824427481,2.0576923076923075,1.54291779852372,0.41114988297102617,0.8942804164259037
WTC11,E2F1,TF ChIP-seq,pos,all,1,25,0.04,15,655,0.022900763358778626,1.7777777777777777,1.3391111065607193,0.45456011196918794,0.9207891113140824
WTC11,H2BK20ac,Histone ChIP-seq,pos,all,7,25,0.28,140,655,0.21374045801526717,1.4305555555555556,0.572839527126751,0.4575349621436434,0.9207891113140824
WTC11,H4K91ac,Histone ChIP-seq,pos,all,1,25,0.04,16,655,0.024427480916030534,1.6640625,1.2466590861291316,0.4750962523317941,0.9215722484990223
WTC11,NFATC4,TF ChIP-seq,pos,all,1,25,0.04,16,655,0.024427480916030534,1.6640625,1.2466590861291316,0.4750962523317941,0.9215722484990223
WTC11,ZNF532,TF ChIP-seq,pos,all,1,25,0.04,16,655,0.024427480916030534,1.6640625,1.2466590861291316,0.4750962523317941,0.9215722484990223
WTC11,ZNF317,TF ChIP-seq,pos,all,1,25,0.04,17,655,0.025954198473282442,1.5637254901960784,1.1595124493637055,0.4948890029980158,0.9373779939138888
WTC11,ERG,TF ChIP-seq,pos,all,1,25,0.04,17,655,0.025954198473282442,1.5637254901960784,1.1595124493637055,0.4948890029980158,0.9373779939138888
WTC11,CTCF,TF ChIP-seq,pos,all,9,25,0.36,198,655,0.30229007633587784,1.2982954545454546,0.40816613011357916,0.514719889229019,0.9636035135566519
WTC11,H3K4me3,Histone ChIP-seq,pos,all,12,25,0.48,267,655,0.4076335877862595,1.3414001728608471,0.4273443947304569,0.5361589871205588,0.9922022635219535
WTC11,MXD4,TF ChIP-seq,pos,all,0,25,0.0,4,655,0.0061068702290076335,0.0,1.5052710251543264,1.0,1.0
WTC11,YY1,TF ChIP-seq,pos,all,5,25,0.2,124,655,0.18931297709923664,1.0705645161290323,0.19580356348223732,0.7996188708320868,1.0
WTC11,H3K9ac,Histone ChIP-seq,pos,all,5,25,0.2,120,655,0.183206106870229,1.1145833333333333,0.2537330425395077,0.7940926490700506,1.0
WTC11,CREM,TF ChIP-seq,pos,all,1,25,0.04,44,655,0.06717557251908397,0.5785984848484849,-0.24927208583306307,1.0,1.0
WTC11,TRERF1,TF ChIP-seq,pos,all,0,25,0.0,5,655,0.007633587786259542,0.0,1.2135482861090023,1.0,1.0
WTC11,TP53,TF ChIP-seq,pos,all,1,25,0.04,33,655,0.050381679389312976,0.7853535353535354,0.1860934931036188,1.0,1.0
WTC11,CTBP2,TF ChIP-seq,pos,all,1,25,0.04,32,655,0.04885496183206107,0.8111979166666666,0.2321305934071636,1.0,1.0
WTC11,TEAD4,TF ChIP-seq,pos,all,1,25,0.04,22,655,0.03358778625954199,1.1988636363636365,0.7856003694170828,0.5835763635591517,1.0
WTC11,H3T11ph,Histone ChIP-seq,pos,all,0,25,0.0,20,655,0.030534351145038167,0.0,-0.7182290315846205,1.0,1.0
WTC11,H4K20me1,Histone ChIP-seq,pos,all,0,25,0.0,25,655,0.03816793893129771,0.0,-1.0444981236147712,1.0,1.0
WTC11,TCF12,TF ChIP-seq,pos,all,2,25,0.08,67,655,0.10229007633587786,0.763140817650876,-0.1085777488026617,1.0,1.0
WTC11,TBP,TF ChIP-seq,pos,all,4,25,0.16,120,655,0.183206106870229,0.8492063492063492,-0.10448632473949127,1.0,1.0
WTC11,TAF1,TF ChIP-seq,pos,all,5,25,0.2,101,655,0.15419847328244274,1.3712871287128714,0.5515873469957474,0.571612237862955,1.0
WTC11,SUZ12,TF ChIP-seq,pos,all,1,25,0.04,48,655,0.0732824427480916,0.5269097222222222,-0.3829195870880364,1.0,1.0
WTC11,CHD7,TF ChIP-seq,pos,all,0,25,0.0,27,655,0.04122137404580153,0.0,-1.1580161210756474,0.6174943320442772,1.0
WTC11,H3K79me1,Histone ChIP-seq,pos,all,1,25,0.04,33,655,0.050381679389312976,0.7853535353535354,0.1860934931036188,1.0,1.0
WTC11,CEBPB,TF ChIP-seq,pos,all,3,25,0.12,61,655,0.09312977099236641,1.3278688524590163,0.5885203201343454,0.7222615034179487,1.0
WTC11,ZKSCAN8,TF ChIP-seq,pos,all,0,25,0.0,14,655,0.021374045801526718,0.0,-0.2051008820093853,1.0,1.0
WTC11,H3K36me3,Histone ChIP-seq,pos,all,2,25,0.08,65,655,0.09923664122137404,0.7892976588628763,-0.060290508930568136,1.0,1.0
WTC11,H3K23ac,Histone ChIP-seq,pos,all,0,25,0.0,10,655,0.015267175572519083,0.0,0.2695305205569347,1.0,1.0
WTC11,H3K18ac,Histone ChIP-seq,pos,all,6,25,0.24,145,655,0.22137404580152673,1.1107078039927405,0.22592930724836152,0.8078809707240597,1.0
WTC11,ZNF423,TF ChIP-seq,pos,all,2,25,0.08,62,655,0.09465648854961832,0.8316970546984572,0.014659178189544774,1.0,1.0
WTC11,ZNF416,TF ChIP-seq,pos,all,1,25,0.04,21,655,0.03206106870229008,1.257936507936508,0.8534642557449559,0.5671299324200978,1.0
WTC11,ZNF396,TF ChIP-seq,pos,all,0,25,0.0,1,655,0.0015267175572519084,0.0,3.096861539252589,1.0,1.0
WTC11,H3K14ac,Histone ChIP-seq,pos,all,4,25,0.16,132,655,0.2015267175572519,0.7546897546897547,-0.27414257577953866,0.8002840843997114,1.0
WTC11,ATF2,TF ChIP-seq,pos,all,0,25,0.0,8,655,0.012213740458015267,0.0,0.5788481993520813,1.0,1.0
WTC11,ZNF263,TF ChIP-seq,pos,all,0,25,0.0,31,655,0.04732824427480916,0.0,-1.3631475038634548,0.6220513089577691,1.0
WTC11,ZNF232,TF ChIP-seq,pos,all,2,25,0.08,45,655,0.06870229007633588,1.178743961352657,0.5133920879984321,0.6886853122950295,1.0
WTC11,ATF3,TF ChIP-seq,pos,all,0,25,0.0,6,655,0.00916030534351145,0.0,0.9703206553352933,1.0,1.0
WTC11,ZNF143,TF ChIP-seq,pos,all,1,25,0.04,31,655,0.04732824427480916,0.8387096774193549,0.279530494713989,1.0,1.0
WTC11,ATF6,TF ChIP-seq,pos,all,0,25,0.0,5,655,0.007633587786259542,0.0,1.2135482861090023,1.0,1.0
WTC11,BCL11A,TF ChIP-seq,pos,all,0,25,0.0,2,655,0.0030534351145038168,0.0,2.3576899889365754,1.0,1.0
WTC11,H3K56ac,Histone ChIP-seq,pos,all,0,25,0.0,19,655,0.02900763358778626,0.0,-0.6438108569323862,1.0,1.0
WTC11,H4K5ac,Histone ChIP-seq,pos,all,6,25,0.24,130,655,0.1984732824427481,1.2753036437246963,0.4246784566711377,0.6115194022666827,1.0
WTC11,H4K8ac,Histone ChIP-seq,pos,all,0,25,0.0,28,655,0.042748091603053436,0.0,-1.211843707298103,0.6179065382544273,1.0
WTC11,SP4,TF ChIP-seq,pos,all,2,25,0.08,43,655,0.06564885496183206,1.237613751263903,0.5829617812509296,0.678036822562891,1.0
WTC11,E2F6,TF ChIP-seq,pos,all,5,25,0.2,114,655,0.17404580152671756,1.1864035087719298,0.3434933535305968,0.7876671180276391,1.0
WTC11,JUN,TF ChIP-seq,pos,all,1,25,0.04,23,655,0.035114503816793895,1.144927536231884,0.7205854745099831,0.5994220118255467,1.0
WTC11,H2AFZ,Histone ChIP-seq,pos,all,10,25,0.4,227,655,0.3465648854961832,1.2569750367107195,0.3515497714183264,0.6695538133785851,1.0
WTC11,FOXJ3,TF ChIP-seq,pos,all,0,25,0.0,5,655,0.007633587786259542,0.0,1.2135482861090023,1.0,1.0
WTC11,OTX2,TF ChIP-seq,pos,all,1,25,0.04,22,655,0.03358778625954199,1.1988636363636365,0.7856003694170828,0.5835763635591517,1.0
WTC11,KDM1A,TF ChIP-seq,pos,all,2,25,0.08,67,655,0.10229007633587786,0.763140817650876,-0.1085777488026617,1.0,1.0
WTC11,GTF2I,TF ChIP-seq,pos,all,1,25,0.04,31,655,0.04732824427480916,0.8387096774193549,0.279530494713989,1.0,1.0
WTC11,NR2C2,TF ChIP-seq,pos,all,0,25,0.0,20,655,0.030534351145038167,0.0,-0.7182290315846205,1.0,1.0
WTC11,NR1H2,TF ChIP-seq,pos,all,0,25,0.0,6,655,0.00916030534351145,0.0,0.9703206553352933,1.0,1.0
WTC11,NFYB,TF ChIP-seq,pos,all,1,25,0.04,29,655,0.044274809160305344,0.8994252873563219,0.3787803065659673,1.0,1.0
WTC11,NFE2L1,TF ChIP-seq,pos,all,2,25,0.08,43,655,0.06564885496183206,1.237613751263903,0.5829617812509296,0.678036822562891,1.0
WTC11,GTF2F1,TF ChIP-seq,pos,all,0,25,0.0,14,655,0.021374045801526718,0.0,-0.2051008820093853,1.0,1.0
WTC11,NANOG,TF ChIP-seq,pos,all,1,25,0.04,37,655,0.05648854961832061,0.6959459459459459,0.014063751086436658,1.0,1.0
WTC11,GABPB1,TF ChIP-seq,pos,all,2,25,0.08,63,655,0.09618320610687023,0.8171152518978606,-0.010674099776819483,1.0,1.0
WTC11,MYBL2,TF ChIP-seq,pos,all,2,25,0.08,46,655,0.07022900763358779,1.1512287334593572,0.4796628427219057,0.6941161321975157,1.0
WTC11,FOXP4,TF ChIP-seq,pos,all,3,25,0.12,62,655,0.09465648854961832,1.3042521994134897,0.562821760707749,0.724143724212658,1.0
WTC11,POU5F1,TF ChIP-seq,pos,all,0,25,0.0,32,655,0.04885496183206107,0.0,-1.41054740517028,0.6242868024829948,1.0
WTC11,PRDM15,TF ChIP-seq,pos,all,2,25,0.08,43,655,0.06564885496183206,1.237613751263903,0.5829617812509296,0.678036822562891,1.0
WTC11,JAZF1,TF ChIP-seq,pos,all,0,25,0.0,1,655,0.0015267175572519084,0.0,3.096861539252589,1.0,1.0
WTC11,ESRRA,TF ChIP-seq,pos,all,1,25,0.04,30,655,0.04580152671755725,0.8680555555555556,0.32838139320888154,1.0,1.0
WTC11,HDAC6,TF ChIP-seq,pos,all,0,25,0.0,2,655,0.0030534351145038168,0.0,2.3576899889365754,1.0,1.0
WTC11,SMAD4,TF ChIP-seq,pos,all,0,25,0.0,12,655,0.0183206106870229,0.0,0.013514806474481637,1.0,1.0
WTC11,SMAD3,TF ChIP-seq,pos,all,2,25,0.08,36,655,0.0549618320610687,1.4951690821256038,0.8524751564703094,0.6445662454352243,1.0
WTC11,SIX5,TF ChIP-seq,pos,all,0,25,0.0,13,655,0.01984732824427481,0.0,-0.0997602000537237,1.0,1.0
WTC11,SIX4,TF ChIP-seq,pos,all,1,25,0.04,36,655,0.0549618320610687,0.7164351851851852,0.05538856986653228,1.0,1.0
WTC11,SIRT6,TF ChIP-seq,pos,all,0,25,0.0,3,655,0.004580152671755725,0.0,1.870053827428147,1.0,1.0
WTC11,EGR1,TF ChIP-seq,pos,all,2,25,0.08,47,655,0.0717557251908397,1.1248843663274746,0.4465970875925054,0.699601391430261,1.0
WTC11,GABPA,TF ChIP-seq,pos,all,2,25,0.08,39,655,0.059541984732824425,1.3734671125975473,0.7315155794354612,0.6579888624779452,1.0
WTC11,SAP30,TF ChIP-seq,pos,all,1,25,0.04,27,655,0.04122137404580153,0.9691358024691358,0.48466187750179607,1.0,1.0
WTC11,RORB,TF ChIP-seq,pos,all,0,25,0.0,2,655,0.0030534351145038168,0.0,2.3576899889365754,1.0,1.0
WTC11,HMGA2,TF ChIP-seq,pos,all,0,25,0.0,9,655,0.013740458015267175,0.0,0.41615370439517335,1.0,1.0
WTC11,RFX5,TF ChIP-seq,pos,all,0,25,0.0,8,655,0.012213740458015267,0.0,0.5788481993520813,1.0,1.0
WTC11,H2BK15ac,Histone ChIP-seq,pos,all,6,25,0.24,127,655,0.19389312977099238,1.3128885205138832,0.46644372380266885,0.6065243950946698,1.0
WTC11,H2BK120ac,Histone ChIP-seq,pos,all,3,25,0.12,79,655,0.12061068702290076,0.9942462600690449,0.17379566809534588,1.0,1.0
WTC11,H3K23me2,Histone ChIP-seq,pos,all,5,25,0.2,125,655,0.19083969465648856,1.06,0.18154500098320644,0.8011370408828211,1.0
WTC11,RAD21,TF ChIP-seq,pos,all,11,25,0.44,290,655,0.44274809160305345,0.9889162561576355,-0.0030857965226507847,1.0,1.0
WTC11,RXRA,TF ChIP-seq,pos,all,0,25,0.0,15,655,0.022900763358778626,0.0,-0.30356689201672415,1.0,1.0
WTC11,H3K27me3,Histone ChIP-seq,pos,all,5,25,0.2,133,655,0.20305343511450383,0.981203007518797,0.07047090929990485,1.0,1.0
WTC11,KDM5A,TF ChIP-seq,pos,powered,4,25,0.16,7,476,0.014705882352941176,12.761904761904763,3.71175099878547,0.001264974839654176,0.20113099950501395
WTC11,MXI1,TF ChIP-seq,pos,powered,5,25,0.2,22,476,0.046218487394957986,5.159090909090909,2.438163001883646,0.007802196669809091,0.6202746352498227
WTC11,AFF4,TF ChIP-seq,pos,powered,2,25,0.08,11,476,0.023109243697478993,3.675889328063241,2.106414644711506,0.13314596989174682,0.9851272723584737
WTC11,HDAC2,TF ChIP-seq,pos,powered,7,25,0.28,65,476,0.13655462184873948,2.458974358974359,1.348762848863744,0.07129125106738786,0.9851272723584737
WTC11,KAT7,TF ChIP-seq,pos,powered,3,25,0.12,22,476,0.046218487394957986,2.8140495867768593,1.6517852135923619,0.12186802011756209,0.9851272723584737
WTC11,POLR2A,TF ChIP-seq,pos,powered,8,25,0.32,77,476,0.16176470588235295,2.4385026737967914,1.3241071119591121,0.053090656094032115,0.9851272723584737
WTC11,POLR2AphosphoS5,TF ChIP-seq,pos,powered,6,25,0.24,63,476,0.1323529411764706,2.0701754385964914,1.1180963316779526,0.13630691818796492,0.9851272723584737
WTC11,PRRX2,TF ChIP-seq,pos,powered,2,25,0.08,8,476,0.01680672268907563,5.086956521739131,2.5517816396185724,0.0841616902906902,0.9851272723584737
WTC11,RNF2,TF ChIP-seq,pos,powered,3,25,0.12,15,476,0.031512605042016806,4.1909090909090905,2.2114923529868284,0.05450819533213318,0.9851272723584737
WTC11,SRF,TF ChIP-seq,pos,powered,2,25,0.08,11,476,0.023109243697478993,3.675889328063241,2.106414644711506,0.13314596989174682,0.9851272723584737
WTC11,STAT6,TF ChIP-seq,pos,powered,2,25,0.08,4,476,0.008403361344537815,10.26086956521739,3.4815847608758475,0.031726692533566275,0.9851272723584737
WTC11,TAF7,TF ChIP-seq,pos,powered,4,25,0.16,29,476,0.06092436974789916,2.935960591133005,1.666761069529992,0.07359192302843953,0.9851272723584737
WTC11,ZBTB21,TF ChIP-seq,pos,powered,4,25,0.16,34,476,0.07142857142857142,2.4761904761904763,1.4246694349324052,0.1118453777228179,0.9851272723584737
WTC11,ZMAT4,TF ChIP-seq,pos,powered,2,25,0.08,4,476,0.008403361344537815,10.26086956521739,3.4815847608758475,0.031726692533566275,0.9851272723584737
WTC11,ZNF138,TF ChIP-seq,pos,powered,2,25,0.08,11,476,0.023109243697478993,3.675889328063241,2.106414644711506,0.13314596989174682,0.9851272723584737
WTC11,ZNF184,TF ChIP-seq,pos,powered,4,25,0.16,32,476,0.06722689075630252,2.642857142857143,1.5173320425415298,0.09558111049319146,0.9851272723584737
WTC11,H2BK12ac,Histone ChIP-seq,pos,powered,15,25,0.6,201,476,0.4222689075630252,2.0522388059701493,1.013151367651305,0.09774431747095622,0.9851272723584737
WTC11,FOXP1,TF ChIP-seq,pos,powered,7,25,0.28,58,476,0.12184873949579832,2.8026819923371646,1.536156322946508,0.031735581301333686,0.9851272723584737
WTC11,ZSCAN18,TF ChIP-seq,pos,powered,1,25,0.04,1,476,0.0021008403361344537,19.791666666666668,4.278591686745355,0.09740518962075849,0.9851272723584737
WTC11,CBFB,TF ChIP-seq,pos,powered,2,25,0.08,11,476,0.023109243697478993,3.675889328063241,2.106414644711506,0.13314596989174682,0.9851272723584737
WTC11,AR,TF ChIP-seq,pos,powered,2,25,0.08,11,476,0.023109243697478993,3.675889328063241,2.106414644711506,0.13314596989174682,0.9851272723584737
WTC11,CHD2,TF ChIP-seq,pos,powered,4,25,0.16,36,476,0.07563025210084033,2.328042328042328,1.3368338967806106,0.12931793939293756,0.9851272723584737
WTC11,BACH1,TF ChIP-seq,pos,powered,5,25,0.2,48,476,0.10084033613445378,2.2291666666666665,1.2451181659445858,0.1690427723011973,1.0
WTC11,RXRA,TF ChIP-seq,pos,powered,0,25,0.0,11,476,0.023109243697478993,0.0,-0.33334994046971483,1.0,1.0
WTC11,SAP30,TF ChIP-seq,pos,powered,1,25,0.04,24,476,0.05042016806722689,0.7847222222222222,0.17731679446130744,1.0,1.0
WTC11,SIN3A,TF ChIP-seq,pos,powered,8,25,0.32,110,476,0.23109243697478993,1.5657754010695186,0.6879466530477533,0.33385547857996517,1.0
WTC11,SIRT6,TF ChIP-seq,pos,powered,0,25,0.0,2,476,0.004201680672268907,0.0,1.8959108401622515,1.0,1.0
WTC11,CTCF,TF ChIP-seq,pos,powered,9,25,0.36,141,476,0.296218487394958,1.336436170212766,0.4490441074534332,0.5059272752754206,1.0
WTC11,SIX4,TF ChIP-seq,pos,powered,1,25,0.04,33,476,0.06932773109243698,0.5593434343434344,-0.30304623955076054,1.0,1.0
WTC11,SIX5,TF ChIP-seq,pos,powered,0,25,0.0,11,476,0.023109243697478993,0.0,-0.33334994046971483,1.0,1.0
WTC11,SMAD3,TF ChIP-seq,pos,powered,2,25,0.08,32,476,0.06722689075630252,1.2065217391304348,0.5410110390110404,0.6834840961327859,1.0
WTC11,SMAD4,TF ChIP-seq,pos,powered,0,25,0.0,9,476,0.018907563025210083,0.0,-0.051530300640082065,1.0,1.0
WTC11,SP1,TF ChIP-seq,pos,powered,6,25,0.24,101,476,0.21218487394957983,1.1724856696195936,0.3023706796079393,0.802075959432583,1.0
WTC11,SP2,TF ChIP-seq,pos,powered,1,25,0.04,9,476,0.018907563025210083,2.162037037037037,1.5911476979373615,0.4034916448615792,1.0
WTC11,SP4,TF ChIP-seq,pos,powered,2,25,0.08,37,476,0.07773109243697479,1.0317273795534665,0.31823990785724804,1.0,1.0
WTC11,RFX5,TF ChIP-seq,pos,powered,0,25,0.0,8,476,0.01680672268907563,0.0,0.11201705443735191,1.0,1.0
WTC11,REST,TF ChIP-seq,pos,powered,1,25,0.04,6,476,0.012605042016806723,3.263888888888889,2.1478638511933923,0.302699581730853,1.0
WTC11,RBBP5,TF ChIP-seq,pos,powered,7,25,0.28,81,476,0.17016806722689076,1.8964334705075445,0.9762429602212831,0.1761198898626633,1.0
WTC11,ATF6,TF ChIP-seq,pos,powered,0,25,0.0,4,476,0.008403361344537815,0.0,1.0418201756946268,1.0,1.0
WTC11,RAD21,TF ChIP-seq,pos,powered,11,25,0.44,202,476,0.42436974789915966,1.0657708628005658,0.10446520216265245,1.0,1.0
WTC11,BCL11A,TF ChIP-seq,pos,powered,0,25,0.0,1,476,0.0021008403361344537,0.0,2.6359136881679115,1.0,1.0
WTC11,PREB,TF ChIP-seq,pos,powered,1,25,0.04,6,476,0.012605042016806723,3.263888888888889,2.1478638511933923,0.302699581730853,1.0
WTC11,PRDM15,TF ChIP-seq,pos,powered,2,25,0.08,35,476,0.07352941176470588,1.0956521739130434,0.40386175135350905,0.706081326676548,1.0
WTC11,POU5F1,TF ChIP-seq,pos,powered,0,25,0.0,18,476,0.037815126050420166,0.0,-1.041100784005391,1.0,1.0
WTC11,BRCA1,TF ChIP-seq,pos,powered,1,25,0.04,6,476,0.012605042016806723,3.263888888888889,2.1478638511933923,0.302699581730853,1.0
WTC11,PHF8,TF ChIP-seq,pos,powered,4,25,0.16,53,476,0.11134453781512606,1.5202156334231807,0.7284114196712661,0.511852407599194,1.0
WTC11,OTX2,TF ChIP-seq,pos,powered,1,25,0.04,18,476,0.037815126050420166,1.0601851851851851,0.6015772145720526,1.0,1.0
WTC11,NRF1,TF ChIP-seq,pos,powered,2,25,0.08,17,476,0.03571428571428571,2.347826086956522,1.4819772775537932,0.24378773063198858,1.0
WTC11,NR3C1,TF ChIP-seq,pos,powered,1,25,0.04,13,476,0.0273109243697479,1.483974358974359,1.0717906830680102,0.5163311491091226,1.0
WTC11,NR2C2,TF ChIP-seq,pos,powered,0,25,0.0,20,476,0.04201680672268908,0.0,-1.1955062966053573,0.6149203931340153,1.0
WTC11,NR1H2,TF ChIP-seq,pos,powered,0,25,0.0,5,476,0.01050420168067227,0.0,0.7492570000663037,1.0,1.0
WTC11,NFYB,TF ChIP-seq,pos,powered,1,25,0.04,26,476,0.0546218487394958,0.7211538461538461,0.057715497856287434,1.0,1.0
WTC11,RELA,TF ChIP-seq,pos,powered,2,25,0.08,22,476,0.046218487394957986,1.7944664031620554,1.1036226310741575,0.33959940620060963,1.0
WTC11,ATF3,TF ChIP-seq,pos,powered,0,25,0.0,5,476,0.01050420168067227,0.0,0.7492570000663037,1.0,1.0
WTC11,SUZ12,TF ChIP-seq,pos,powered,1,25,0.04,38,476,0.07983193277310924,0.48026315789473684,-0.5201008516442205,0.7106599120055246,1.0
WTC11,TAF1,TF ChIP-seq,pos,powered,5,25,0.2,84,476,0.17647058823529413,1.1666666666666667,0.31754902151601866,0.7880895108434547,1.0
WTC11,ZNF532,TF ChIP-seq,pos,powered,1,25,0.04,11,476,0.023109243697478993,1.7613636363636365,1.3093280581077287,0.4627482627085733,1.0
WTC11,ZNF512,TF ChIP-seq,pos,powered,1,25,0.04,11,476,0.023109243697478993,1.7613636363636365,1.3093280581077287,0.4627482627085733,1.0
WTC11,ZNF425,TF ChIP-seq,pos,powered,1,25,0.04,3,476,0.0063025210084033615,6.569444444444445,3.050118350016729,0.18566626555662846,1.0
WTC11,ZNF423,TF ChIP-seq,pos,powered,2,25,0.08,50,476,0.10504201680672269,0.7408695652173913,-0.15447030822377963,1.0,1.0
WTC11,ZNF416,TF ChIP-seq,pos,powered,1,25,0.04,17,476,0.03571428571428571,1.125,0.684890690950016,0.6085203364364956,1.0
WTC11,ZNF396,TF ChIP-seq,pos,powered,0,25,0.0,1,476,0.0021008403361344537,0.0,2.6359136881679115,1.0,1.0
WTC11,ZNF317,TF ChIP-seq,pos,powered,1,25,0.04,14,476,0.029411764705882353,1.375,0.9655812168820503,0.5411601455614264,1.0
WTC11,ZNF281,TF ChIP-seq,pos,powered,4,25,0.16,41,476,0.0861344537815126,2.0209059233449476,1.1351497239921542,0.26720707286908296,1.0
WTC11,ZNF263,TF ChIP-seq,pos,powered,0,25,0.0,28,476,0.058823529411764705,0.0,-1.6963511812169763,0.3861899707460622,1.0
WTC11,ZNF232,TF ChIP-seq,pos,powered,2,25,0.08,35,476,0.07352941176470588,1.0956521739130434,0.40386175135350905,0.706081326676548,1.0
WTC11,ZNF219,TF ChIP-seq,pos,powered,1,25,0.04,11,476,0.023109243697478993,1.7613636363636365,1.3093280581077287,0.4627482627085733,1.0
WTC11,ZNF143,TF ChIP-seq,pos,powered,1,25,0.04,26,476,0.0546218487394958,0.7211538461538461,0.057715497856287434,1.0,1.0
WTC11,ARID4B,TF ChIP-seq,pos,powered,4,25,0.16,39,476,0.0819327731092437,2.1343101343101343,1.2130187052828028,0.2577143432370965,1.0
WTC11,ZNF121,TF ChIP-seq,pos,powered,4,25,0.16,41,476,0.0861344537815126,2.0209059233449476,1.1351497239921542,0.26720707286908296,1.0
WTC11,ASH2L,TF ChIP-seq,pos,powered,9,25,0.36,115,476,0.2415966386554622,1.7657608695652174,0.8496361896201923,0.23191535019210258,1.0
WTC11,ZKSCAN8,TF ChIP-seq,pos,powered,0,25,0.0,13,476,0.0273109243697479,0.0,-0.5708873155094333,1.0,1.0
WTC11,ZBTB43,TF ChIP-seq,pos,powered,4,25,0.16,41,476,0.0861344537815126,2.0209059233449476,1.1351497239921542,0.26720707286908296,1.0
WTC11,ATF2,TF ChIP-seq,pos,powered,0,25,0.0,8,476,0.01680672268907563,0.0,0.11201705443735191,1.0,1.0
WTC11,TBP,TF ChIP-seq,pos,powered,4,25,0.16,98,476,0.20588235294117646,0.7346938775510204,-0.3142420827304302,0.7991928642251449,1.0
WTC11,TCF12,TF ChIP-seq,pos,powered,2,25,0.08,49,476,0.10294117647058823,0.7577639751552795,-0.1222367670966245,1.0,1.0
WTC11,TCF7,TF ChIP-seq,pos,powered,1,25,0.04,13,476,0.0273109243697479,1.483974358974359,1.0717906830680102,0.5163311491091226,1.0
WTC11,TEAD1,TF ChIP-seq,pos,powered,5,25,0.2,65,476,0.13655462184873948,1.5807692307692307,0.7532052329033889,0.3732737060566752,1.0
WTC11,TEAD4,TF ChIP-seq,pos,powered,1,25,0.04,18,476,0.037815126050420166,1.0601851851851851,0.6015772145720526,1.0,1.0
WTC11,NFE2L1,TF ChIP-seq,pos,powered,2,25,0.08,39,476,0.0819327731092437,0.9743589743589743,0.23669770175231322,1.0,1.0
WTC11,TGIF2,TF ChIP-seq,pos,powered,4,25,0.16,53,476,0.11134453781512606,1.5202156334231807,0.7284114196712661,0.511852407599194,1.0
WTC11,TRERF1,TF ChIP-seq,pos,powered,0,25,0.0,3,476,0.0063025210084033615,0.0,1.4074403514392853,1.0,1.0
WTC11,USF1,TF ChIP-seq,pos,powered,5,25,0.2,61,476,0.12815126050420167,1.7008196721311475,0.8580697754503182,0.3558524343888003,1.0
WTC11,USF2,TF ChIP-seq,pos,powered,5,25,0.2,55,476,0.11554621848739496,1.9136363636363636,1.0268525686111898,0.20529109025579234,1.0
WTC11,YY1,TF ChIP-seq,pos,powered,5,25,0.2,96,476,0.20168067226890757,0.9895833333333334,0.08117522025467862,1.0,1.0
WTC11,ATF1,TF ChIP-seq,pos,powered,1,25,0.04,11,476,0.023109243697478993,1.7613636363636365,1.3093280581077287,0.4627482627085733,1.0
WTC11,ZBTB33,TF ChIP-seq,pos,powered,2,25,0.08,24,476,0.05042016806722689,1.6376811594202898,0.9744033810650844,0.37730166005217464,1.0
WTC11,TP53,TF ChIP-seq,pos,powered,1,25,0.04,27,476,0.05672268907563025,0.6929012345679012,0.0010702485957356466,1.0,1.0
WTC11,NFATC4,TF ChIP-seq,pos,powered,1,25,0.04,10,476,0.02100840336134454,1.9416666666666667,1.4436685046789464,0.4338637607036576,1.0
WTC11,NANOG,TF ChIP-seq,pos,powered,1,25,0.04,28,476,0.058823529411764705,0.6666666666666666,-0.05367318263953247,1.0,1.0
WTC11,MYC,TF ChIP-seq,pos,powered,2,25,0.08,26,476,0.0546218487394958,1.5050167224080269,0.8548020844600644,0.6431337039221291,1.0
WTC11,H3K23ac,Histone ChIP-seq,pos,powered,0,25,0.0,8,476,0.01680672268907563,0.0,0.11201705443735191,1.0,1.0
WTC11,H3K18ac,Histone ChIP-seq,pos,powered,6,25,0.24,118,476,0.24789915966386555,0.9580731489741302,0.012123559082489304,1.0,1.0
WTC11,H3K14ac,Histone ChIP-seq,pos,powered,4,25,0.16,117,476,0.24579831932773108,0.5844525844525844,-0.6430087393854874,0.472232296843093,1.0
WTC11,H2BK5ac,Histone ChIP-seq,pos,powered,12,25,0.48,209,476,0.43907563025210083,1.1792418108207583,0.24155733520041375,0.6858933976990608,1.0
WTC11,H2BK20ac,Histone ChIP-seq,pos,powered,7,25,0.28,106,476,0.22268907563025211,1.3574423480083857,0.49605734205956425,0.469718146139637,1.0
WTC11,H2BK15ac,Histone ChIP-seq,pos,powered,6,25,0.24,113,476,0.23739495798319327,1.0144387517466231,0.0943005659075233,1.0,1.0
WTC11,CREB1,TF ChIP-seq,pos,powered,1,25,0.04,10,476,0.02100840336134454,1.9416666666666667,1.4436685046789464,0.4338637607036576,1.0
WTC11,H2BK120ac,Histone ChIP-seq,pos,powered,3,25,0.12,57,476,0.11974789915966387,1.0023923444976077,0.18253877522337736,1.0,1.0
WTC11,H2AK5ac,Histone ChIP-seq,pos,powered,9,25,0.36,129,476,0.2710084033613445,1.5130813953488371,0.6275942740094479,0.3598516290046404,1.0
WTC11,H2AFZ,Histone ChIP-seq,pos,powered,10,25,0.4,183,476,0.38445378151260506,1.0673952641165756,0.1157015526587244,1.0,1.0
WTC11,GTF2I,TF ChIP-seq,pos,powered,1,25,0.04,21,476,0.04411764705882353,0.9027777777777778,0.3752951457059007,1.0,1.0
WTC11,GTF2F1,TF ChIP-seq,pos,powered,0,25,0.0,12,476,0.025210084033613446,0.0,-0.45674674536356735,1.0,1.0
WTC11,GABPB1,TF ChIP-seq,pos,powered,2,25,0.08,49,476,0.10294117647058823,0.7577639751552795,-0.1222367670966245,1.0,1.0
WTC11,GABPA,TF ChIP-seq,pos,powered,2,25,0.08,35,476,0.07352941176470588,1.0956521739130434,0.40386175135350905,0.706081326676548,1.0
WTC11,FOXP4,TF ChIP-seq,pos,powered,3,25,0.12,53,476,0.11134453781512606,1.088336192109777,0.30025299865898114,0.7515562327349348,1.0
WTC11,CREM,TF ChIP-seq,pos,powered,1,25,0.04,36,476,0.07563025210084033,0.5092592592592593,-0.43657369335365553,1.0,1.0
WTC11,FOXK1,TF ChIP-seq,pos,powered,4,25,0.16,59,476,0.12394957983193278,1.3462469733656175,0.5544748707936855,0.5395912851965994,1.0
WTC11,E2F1,TF ChIP-seq,pos,powered,1,25,0.04,15,476,0.031512605042016806,1.2805555555555554,0.866243183864847,0.5647630187321351,1.0
WTC11,E2F4,TF ChIP-seq,pos,powered,2,25,0.08,13,476,0.0273109243697479,3.096989966555184,1.8688772696717872,0.1687251987768701,1.0
WTC11,E2F5,TF ChIP-seq,pos,powered,3,25,0.12,42,476,0.08823529411764706,1.4090909090909092,0.6693232564046279,0.48298218471795046,1.0
WTC11,E2F6,TF ChIP-seq,pos,powered,5,25,0.2,96,476,0.20168067226890757,0.9895833333333334,0.08117522025467862,1.0,1.0
WTC11,EGR1,TF ChIP-seq,pos,powered,2,25,0.08,39,476,0.0819327731092437,0.9743589743589743,0.23669770175231322,1.0,1.0
WTC11,ELF4,TF ChIP-seq,pos,powered,1,25,0.04,13,476,0.0273109243697479,1.483974358974359,1.0717906830680102,0.5163311491091226,1.0
WTC11,H3K23me2,Histone ChIP-seq,pos,powered,5,25,0.2,103,476,0.21638655462184875,0.9053398058252428,-0.04664291069087454,1.0,1.0
WTC11,EMX1,TF ChIP-seq,pos,powered,2,25,0.08,14,476,0.029411764705882353,2.869565217391304,1.7626678034858274,0.18711704800079884,1.0
WTC11,ERG,TF ChIP-seq,pos,powered,1,25,0.04,10,476,0.02100840336134454,1.9416666666666667,1.4436685046789464,0.4338637607036576,1.0
WTC11,ESRRA,TF ChIP-seq,pos,powered,1,25,0.04,28,476,0.058823529411764705,0.6666666666666666,-0.05367318263953247,1.0,1.0
WTC11,ETV6,TF ChIP-seq,pos,powered,5,25,0.2,81,476,0.17016806722689076,1.2191358024691359,0.3806853442609277,0.7845430652391495,1.0
WTC11,EZH2,TF ChIP-seq,pos,powered,3,25,0.12,43,476,0.09033613445378151,1.3731501057082451,0.632446513101036,0.4924056760880074,1.0
WTC11,FOSL1,TF ChIP-seq,pos,powered,1,25,0.04,4,476,0.008403361344537815,4.916666666666667,2.6844981742720706,0.22662872704774376,1.0
WTC11,FOXJ3,TF ChIP-seq,pos,powered,0,25,0.0,3,476,0.0063025210084033615,0.0,1.4074403514392853,1.0,1.0
WTC11,EP300,TF ChIP-seq,pos,powered,1,25,0.04,6,476,0.012605042016806723,3.263888888888889,2.1478638511933923,0.302699581730853,1.0
WTC11,CTBP2,TF ChIP-seq,pos,powered,1,25,0.04,27,476,0.05672268907563025,0.6929012345679012,0.0010702485957356466,1.0,1.0
WTC11,H3K27ac,Histone ChIP-seq,pos,powered,15,25,0.6,207,476,0.43487394957983194,1.9492753623188406,0.9390528241263333,0.14701040811752103,1.0
WTC11,H3K36me3,Histone ChIP-seq,pos,powered,2,25,0.08,46,476,0.09663865546218488,0.8128544423440454,-0.021950140501462496,1.0,1.0
WTC11,MYBL2,TF ChIP-seq,pos,powered,2,25,0.08,39,476,0.0819327731092437,0.9743589743589743,0.23669770175231322,1.0,1.0
WTC11,CEBPB,TF ChIP-seq,pos,powered,3,25,0.12,43,476,0.09033613445378151,1.3731501057082451,0.632446513101036,0.4924056760880074,1.0
WTC11,MXD4,TF ChIP-seq,pos,powered,0,25,0.0,1,476,0.0021008403361344537,0.0,2.6359136881679115,1.0,1.0
WTC11,MLX,TF ChIP-seq,pos,powered,1,25,0.04,9,476,0.018907563025210083,2.162037037037037,1.5911476979373615,0.4034916448615792,1.0
WTC11,MAX,TF ChIP-seq,pos,powered,8,25,0.32,114,476,0.23949579831932774,1.4943240454076367,0.6208132211107258,0.3466975548590109,1.0
WTC11,MAFK,TF ChIP-seq,pos,powered,0,25,0.0,36,476,0.07563025210084033,0.0,-2.0792516919310993,0.24333482194768338,1.0
WTC11,CHD1,TF ChIP-seq,pos,powered,2,25,0.08,23,476,0.04831932773109244,1.712665406427221,1.0377091320606102,0.3585325702078309,1.0
WTC11,ZNF671,TF ChIP-seq,pos,powered,1,25,0.04,6,476,0.012605042016806723,3.263888888888889,2.1478638511933923,0.302699581730853,1.0
WTC11,KDM1A,TF ChIP-seq,pos,powered,2,25,0.08,49,476,0.10294117647058823,0.7577639751552795,-0.1222367670966245,1.0,1.0
WTC11,JUND,TF ChIP-seq,pos,powered,4,25,0.16,42,476,0.08823529411764706,1.9682539682539681,1.097481677416913,0.2727129826490644,1.0
WTC11,JUN,TF ChIP-seq,pos,powered,1,25,0.04,20,476,0.04201680672268908,0.95,0.4471717019720862,1.0,1.0
WTC11,IRF2,TF ChIP-seq,pos,powered,1,25,0.04,6,476,0.012605042016806723,3.263888888888889,2.1478638511933923,0.302699581730853,1.0
WTC11,IRF1,TF ChIP-seq,pos,powered,2,25,0.08,20,476,0.04201680672268908,1.982608695652174,1.2442582885758635,0.3013795306550034,1.0
WTC11,HMGXB4,TF ChIP-seq,pos,powered,6,25,0.24,92,476,0.19327731092436976,1.3180778032036613,0.4704958267243583,0.6042942359449325,1.0
WTC11,HMGA2,TF ChIP-seq,pos,powered,0,25,0.0,8,476,0.01680672268907563,0.0,0.11201705443735191,1.0,1.0
WTC11,HDAC6,TF ChIP-seq,pos,powered,0,25,0.0,2,476,0.004201680672268907,0.0,1.8959108401622515,1.0,1.0
WTC11,CHD7,TF ChIP-seq,pos,powered,0,25,0.0,16,476,0.03361344537815126,0.0,-0.8697621152386135,1.0,1.0
WTC11,H3K4ac,Histone ChIP-seq,pos,powered,1,25,0.04,6,476,0.012605042016806723,3.263888888888889,2.1478638511933923,0.302699581730853,1.0
WTC11,H3K4me1,Histone ChIP-seq,pos,powered,19,25,0.76,311,476,0.6533613445378151,1.680064308681672,0.672561554504372,0.38682729228967305,1.0
WTC11,H3K4me2,Histone ChIP-seq,pos,powered,15,25,0.6,240,476,0.5042016806722689,1.475,0.5376821771774682,0.41433461526799964,1.0
WTC11,H3K4me3,Histone ChIP-seq,pos,powered,12,25,0.48,220,476,0.46218487394957986,1.0741258741258741,0.10714885766078963,1.0,1.0
WTC11,H3K56ac,Histone ChIP-seq,pos,powered,0,25,0.0,16,476,0.03361344537815126,0.0,-0.8697621152386135,1.0,1.0
WTC11,H3K79me1,Histone ChIP-seq,pos,powered,1,25,0.04,28,476,0.058823529411764705,0.6666666666666666,-0.05367318263953247,1.0,1.0
WTC11,H3K27me3,Histone ChIP-seq,pos,powered,5,25,0.2,113,476,0.23739495798319327,0.8030973451327433,-0.21885731935210698,0.8113919463061081,1.0
WTC11,H3K79me2,Histone ChIP-seq,pos,powered,0,25,0.0,33,476,0.06932773109243698,0.0,-1.9457242381282043,0.39676301298347755,1.0
WTC11,H3K9me3,Histone ChIP-seq,pos,powered,0,25,0.0,24,476,0.05042016806722689,0.0,-1.4653612041161361,0.6237033653564727,1.0
WTC11,H3T11ph,Histone ChIP-seq,pos,powered,0,25,0.0,13,476,0.0273109243697479,0.0,-0.5708873155094333,1.0,1.0
WTC11,H4K20me1,Histone ChIP-seq,pos,powered,0,25,0.0,21,476,0.04411764705882353,0.0,-1.267382852871543,0.6158410616327594,1.0
WTC11,H4K5ac,Histone ChIP-seq,pos,powered,6,25,0.24,106,476,0.22268907563025211,1.102284011916584,0.2136576113588395,0.8077723811407802,1.0
WTC11,H4K8ac,Histone ChIP-seq,pos,powered,0,25,0.0,23,476,0.04831932773109244,0.0,-1.4020554531206104,0.6203189059039154,1.0
WTC11,H4K91ac,Histone ChIP-seq,pos,powered,1,25,0.04,12,476,0.025210084033613446,1.6111111111111112,1.1859312532138764,0.4902151204433088,1.0
WTC11,H3K9ac,Histone ChIP-seq,pos,powered,5,25,0.2,98,476,0.20588235294117646,0.9642857142857143,0.043977284548568876,1.0,1.0
WTC11,KDM4A,TF ChIP-seq,pos,powered,7,25,0.28,98,476,0.20588235294117646,1.5,0.6395349005089241,0.4474529765630385,1.0
