chrom	chromStart	chromEnd	name	EffectSize	strandPerturbationTarget	PerturbationTargetID	chrTSS	startTSS	endTSS	strandGene	EffectSize95ConfidenceIntervalLow	EffectSize95ConfidenceIntervalHigh	measuredGeneSymbol	measuredEnsemblID	guideSpacerSeq	guideSeq	Significant	pValue	pValueAdjusted	ValidConnection	Notes	Reference	distToTSS	avgGeneExpr	nPertCells	include_in_fdr	sceptre_adj_p_value_wo_pos_controls	significant_wo_pos_controls	power_at_effect_size_2	power_at_effect_size_3	power_at_effect_size_5	power_at_effect_size_10	power_at_effect_size_15	power_at_effect_size_20	power_at_effect_size_25	power_at_effect_size_50	power_at_effect_size_2_wo_pos_controls	power_at_effect_size_3_wo_pos_controls	power_at_effect_size_5_wo_pos_controls	power_at_effect_size_10_wo_pos_controls	power_at_effect_size_15_wo_pos_controls	power_at_effect_size_20_wo_pos_controls	power_at_effect_size_25_wo_pos_controls	power_at_effect_size_50_wo_pos_controls	mean_sim_pert_cells
chr1	3803663	3805727	AL805961.1|chr1:3803663-3805727:.	0.09404383860434597	.	chr1:3803663-3805727	chr1	3976133	3976134	+	NA	NA	AL805961.1	ENSG00000284668	NA	GTTGAACTTCTAATCGGGTGNGG;CACCCGATTAGAAGTTCAACNGG	FALSE	0.3	0.8076923076923077	TRUE	NA	Morris et al., 2023	-171438	NA	154	TRUE	0.8076923076923077	FALSE	0.04	0.04	0.1	0.17	0.33	0.39	0.56	0.97	0.04	0.04	0.1	0.17	0.33	0.39	0.56	0.97	310
chr1	3803663	3805727	C1orf174|chr1:3803663-3805727:.	0.07027063322798893	.	chr1:3803663-3805727	chr1	3900293	3900294	-	NA	NA	C1orf174	ENSG00000198912	NA	GTTGAACTTCTAATCGGGTGNGG;CACCCGATTAGAAGTTCAACNGG	FALSE	0.472	0.892972972972973	TRUE	NA	Morris et al., 2023	95598	NA	190	TRUE	0.892972972972973	FALSE	0.11	0.13	0.18	0.21	0.35	0.54	0.74	0.97	0.11	0.13	0.18	0.21	0.35	0.54	0.74	0.97	310
chr1	3803663	3805727	CEP104|chr1:3803663-3805727:.	0.08589504310844376	.	chr1:3803663-3805727	chr1	3857214	3857215	-	NA	NA	CEP104	ENSG00000116198	NA	GTTGAACTTCTAATCGGGTGNGG;CACCCGATTAGAAGTTCAACNGG	FALSE	0.384	0.8582156133828998	TRUE	NA	Morris et al., 2023	52519	NA	154	TRUE	0.8582156133828998	FALSE	0.03	0.11	0.14	0.2	0.39	0.52	0.79	0.99	0.03	0.11	0.14	0.2	0.39	0.52	0.79	0.99	310
chr1	3803663	3805727	DFFB|chr1:3803663-3805727:.	-0.5002011257300456	.	chr1:3803663-3805727	chr1	3857267	3857268	+	NA	NA	DFFB	ENSG00000169598	NA	GTTGAACTTCTAATCGGGTGNGG;CACCCGATTAGAAGTTCAACNGG	FALSE	0.064	0.518095238095238	TRUE	NA	Morris et al., 2023	-52572	NA	28	TRUE	0.518095238095238	FALSE	0.02	0.03	0.03	0.11	0.06	0.06	0.19	0.68	0.02	0.03	0.03	0.11	0.06	0.06	0.19	0.68	310
chr1	3803663	3805727	LRRC47|chr1:3803663-3805727:.	-0.05232914192889918	.	chr1:3803663-3805727	chr1	3796504	3796505	-	NA	NA	LRRC47	ENSG00000130764	NA	GTTGAACTTCTAATCGGGTGNGG;CACCCGATTAGAAGTTCAACNGG	FALSE	0.604	0.9545118733509236	TRUE	NA	Morris et al., 2023	-8191	NA	183	TRUE	0.9545118733509235	FALSE	0.06	0.08	0.22	0.26	0.47	0.62	0.8	1	0.06	0.08	0.22	0.26	0.47	0.62	0.8	1	310
chr1	3803663	3805727	SMIM1|chr1:3803663-3805727:.	-0.07571639361655302	.	chr1:3803663-3805727	chr1	3772761	3772762	+	NA	NA	SMIM1	ENSG00000235169	NA	GTTGAACTTCTAATCGGGTGNGG;CACCCGATTAGAAGTTCAACNGG	FALSE	0.304	0.8111210762331839	TRUE	NA	Morris et al., 2023	31934	NA	260	TRUE	0.8111210762331839	FALSE	0.18	0.19	0.23	0.37	0.52	0.69	0.88	1	0.18	0.19	0.23	0.37	0.52	0.69	0.88	1	310
chr1	3803663	3805727	TP73|chr1:3803663-3805727:.	-0.5155150917105158	.	chr1:3803663-3805727	chr1	3652520	3652521	+	NA	NA	TP73	ENSG00000078900	NA	GTTGAACTTCTAATCGGGTGNGG;CACCCGATTAGAAGTTCAACNGG	FALSE	0.124	0.6863255813953488	TRUE	NA	Morris et al., 2023	152175	NA	18	TRUE	0.6863255813953488	FALSE	0.01	0.02	0.02	0.02	0.02	0.05	0.04	0.48	0.01	0.02	0.02	0.02	0.02	0.05	0.04	0.48	310
chr1	3803663	3805727	TPRG1L|chr1:3803663-3805727:.	-0.32544246367153473	.	chr1:3803663-3805727	chr1	3625002	3625003	+	NA	NA	TPRG1L	ENSG00000158109	NA	GTTGAACTTCTAATCGGGTGNGG;CACCCGATTAGAAGTTCAACNGG	FALSE	0.14	0.6923636363636364	TRUE	NA	Morris et al., 2023	179693	NA	37	TRUE	0.6923636363636364	FALSE	0.04	0.03	0.04	0.04	0.03	0.14	0.22	0.7	0.04	0.03	0.04	0.04	0.03	0.14	0.22	0.7	310
chr1	3803663	3805727	WRAP73|chr1:3803663-3805727:.	-0.10898464265166564	.	chr1:3803663-3805727	chr1	3652761	3652762	-	NA	NA	WRAP73	ENSG00000116213	NA	GTTGAACTTCTAATCGGGTGNGG;CACCCGATTAGAAGTTCAACNGG	FALSE	0.248	0.7748837209302325	TRUE	NA	Morris et al., 2023	-151934	NA	140	TRUE	0.7748837209302325	FALSE	0.11	0.09	0.08	0.35	0.37	0.51	0.68	1	0.11	0.09	0.08	0.35	0.37	0.51	0.68	1	310
chr1	12038207	12039433	AGTRAP|chr1:12038207-12039433:.	0.16235267552200838	.	chr1:12038207-12039433	chr1	11736084	11736085	+	NA	NA	AGTRAP	ENSG00000177674	NA	GGATCGTGATGTGATCAGTTNGG;GATCGTGATGTGATCAGTTGNGG	TRUE	0.00313136668838454	0.07166012229187711	TRUE	NA	Morris et al., 2023	302736	NA	338	TRUE	0.07166012229187697	TRUE	0.17	0.18	0.25	0.5	0.6	0.82	0.87	1	0.17	0.18	0.25	0.5	0.6	0.82	0.87	1	410
chr1	12038207	12039433	AL109811.2|chr1:12038207-12039433:.	0.4122895594479945	.	chr1:12038207-12039433	chr1	11099675	11099676	+	NA	NA	AL109811.2	ENSG00000230337	NA	GGATCGTGATGTGATCAGTTNGG;GATCGTGATGTGATCAGTTGNGG	FALSE	0.1	0.6329787234042553	TRUE	NA	Morris et al., 2023	939145	NA	28	TRUE	0.6329787234042553	FALSE	0.02	0.04	0.01	0.02	0.06	0.03	0.14	0.51	0.02	0.04	0.01	0.02	0.06	0.03	0.14	0.51	410
chr1	12038207	12039433	CLCN6|chr1:12038207-12039433:.	-0.1984166070193667	.	chr1:12038207-12039433	chr1	11806096	11806097	+	NA	NA	CLCN6	ENSG00000011021	NA	GGATCGTGATGTGATCAGTTNGG;GATCGTGATGTGATCAGTTGNGG	FALSE	0.124	0.6863255813953488	TRUE	NA	Morris et al., 2023	232724	NA	79	TRUE	0.6863255813953488	FALSE	0.05	0.08	0.07	0.14	0.16	0.29	0.51	0.98	0.05	0.08	0.07	0.14	0.16	0.29	0.51	0.98	410
chr1	12038207	12039433	DHRS3|chr1:12038207-12039433:.	-0.01962129658909028	.	chr1:12038207-12039433	chr1	12617731	12617732	-	NA	NA	DHRS3	ENSG00000162496	NA	GGATCGTGATGTGATCAGTTNGG;GATCGTGATGTGATCAGTTGNGG	FALSE	0.9	0.9882502266545784	TRUE	NA	Morris et al., 2023	578911	NA	122	TRUE	0.9882502266545784	FALSE	0.02	0.05	0.1	0.15	0.21	0.35	0.52	1	0.02	0.05	0.1	0.15	0.21	0.35	0.52	1	410
chr1	12038207	12039433	EXOSC10|chr1:12038207-12039433:.	-0.01076991006574561	.	chr1:12038207-12039433	chr1	11099881	11099882	-	NA	NA	EXOSC10	ENSG00000171824	NA	GGATCGTGATGTGATCAGTTNGG;GATCGTGATGTGATCAGTTGNGG	FALSE	0.852	0.9832432432432432	TRUE	NA	Morris et al., 2023	-938939	NA	211	TRUE	0.9832432432432433	FALSE	0.1	0.15	0.16	0.35	0.54	0.76	0.86	1	0.1	0.15	0.16	0.35	0.54	0.76	0.86	1	410
chr1	12038207	12039433	FBXO2|chr1:12038207-12039433:.	-0.16257750549584227	.	chr1:12038207-12039433	chr1	11655785	11655786	-	NA	NA	FBXO2	ENSG00000116661	NA	GGATCGTGATGTGATCAGTTNGG;GATCGTGATGTGATCAGTTGNGG	FALSE	0.556	0.9425742574257426	TRUE	NA	Morris et al., 2023	-383035	NA	24	TRUE	0.9425742574257426	FALSE	0.01	0.02	0.04	0.03	0.04	0.08	0.06	0.54	0.01	0.02	0.04	0.03	0.04	0.08	0.06	0.54	410
chr1	12038207	12039433	FBXO44|chr1:12038207-12039433:.	0.19188344253674927	.	chr1:12038207-12039433	chr1	11654375	11654376	+	NA	NA	FBXO44	ENSG00000132879	NA	GGATCGTGATGTGATCAGTTNGG;GATCGTGATGTGATCAGTTGNGG	FALSE	0.284	0.7951999999999999	TRUE	NA	Morris et al., 2023	384445	NA	70	TRUE	0.7951999999999999	FALSE	0.06	0.03	0.03	0.07	0.14	0.27	0.42	0.87	0.06	0.03	0.03	0.07	0.14	0.27	0.42	0.87	410
chr1	12038207	12039433	FBXO6|chr1:12038207-12039433:.	-0.1594485368089975	.	chr1:12038207-12039433	chr1	11664124	11664125	+	NA	NA	FBXO6	ENSG00000116663	NA	GGATCGTGATGTGATCAGTTNGG;GATCGTGATGTGATCAGTTGNGG	FALSE	0.148	0.6923636363636364	TRUE	NA	Morris et al., 2023	374696	NA	123	TRUE	0.6923636363636364	FALSE	0.05	0.05	0.08	0.17	0.29	0.47	0.67	0.99	0.05	0.05	0.08	0.17	0.29	0.47	0.67	0.99	410
chr1	12038207	12039433	KIAA2013|chr1:12038207-12039433:.	0.11456956408383444	.	chr1:12038207-12039433	chr1	11926428	11926429	-	NA	NA	KIAA2013	ENSG00000116685	NA	GGATCGTGATGTGATCAGTTNGG;GATCGTGATGTGATCAGTTGNGG	FALSE	0.364	0.8476712328767123	TRUE	NA	Morris et al., 2023	-112392	NA	132	TRUE	0.8476712328767123	FALSE	0.07	0.06	0.13	0.2	0.32	0.42	0.63	1	0.07	0.06	0.13	0.2	0.32	0.42	0.63	1	410
chr1	12038207	12039433	MAD2L2|chr1:12038207-12039433:.	0.03989403104989764	.	chr1:12038207-12039433	chr1	11691650	11691651	-	NA	NA	MAD2L2	ENSG00000116670	NA	GGATCGTGATGTGATCAGTTNGG;GATCGTGATGTGATCAGTTGNGG	FALSE	0.3	0.8076923076923077	TRUE	NA	Morris et al., 2023	-347170	NA	379	TRUE	0.8076923076923077	FALSE	0.27	0.2	0.3	0.54	0.75	0.82	0.92	1	0.27	0.2	0.3	0.54	0.75	0.82	0.92	1	410
chr1	12038207	12039433	MFN2|chr1:12038207-12039433:.	0.05722093869921962	.	chr1:12038207-12039433	chr1	11980181	11980182	+	NA	NA	MFN2	ENSG00000116688	NA	GGATCGTGATGTGATCAGTTNGG;GATCGTGATGTGATCAGTTGNGG	FALSE	0.452	0.8920193861066237	TRUE	NA	Morris et al., 2023	58639	NA	199	TRUE	0.8920193861066237	FALSE	0.13	0.13	0.15	0.3	0.47	0.58	0.78	1	0.13	0.13	0.15	0.3	0.47	0.58	0.78	1	410
chr1	12038207	12039433	MIIP|chr1:12038207-12039433:.	-0.13160280046322237	.	chr1:12038207-12039433	chr1	12019466	12019467	+	NA	NA	MIIP	ENSG00000116691	NA	GGATCGTGATGTGATCAGTTNGG;GATCGTGATGTGATCAGTTGNGG	FALSE	0.044	0.4513793103448276	TRUE	NA	Morris et al., 2023	19354	NA	299	TRUE	0.4513793103448276	FALSE	0.26	0.24	0.27	0.45	0.66	0.84	0.82	1	0.26	0.24	0.27	0.45	0.66	0.84	0.82	1	410
chr1	12038207	12039433	MTHFR|chr1:12038207-12039433:.	0.02414422217334899	.	chr1:12038207-12039433	chr1	11806920	11806921	-	NA	NA	MTHFR	ENSG00000177000	NA	GGATCGTGATGTGATCAGTTNGG;GATCGTGATGTGATCAGTTGNGG	FALSE	0.724	0.9686652078774618	TRUE	NA	Morris et al., 2023	-231900	NA	270	TRUE	0.9686652078774618	FALSE	0.12	0.19	0.22	0.3	0.5	0.75	0.86	1	0.12	0.19	0.22	0.3	0.5	0.75	0.86	1	410
chr1	12038207	12039433	MTOR|chr1:12038207-12039433:.	0.01407160349106484	.	chr1:12038207-12039433	chr1	11262507	11262508	-	NA	NA	MTOR	ENSG00000198793	NA	GGATCGTGATGTGATCAGTTNGG;GATCGTGATGTGATCAGTTGNGG	FALSE	0.88	0.9882502266545784	TRUE	NA	Morris et al., 2023	-776313	NA	190	TRUE	0.9882502266545784	FALSE	0.07	0.15	0.16	0.36	0.43	0.59	0.83	1	0.07	0.15	0.16	0.36	0.43	0.59	0.83	1	410
chr1	12038207	12039433	PLOD1|chr1:12038207-12039433:.	0.11738488894039369	.	chr1:12038207-12039433	chr1	11934205	11934206	+	NA	NA	PLOD1	ENSG00000083444	NA	GGATCGTGATGTGATCAGTTNGG;GATCGTGATGTGATCAGTTGNGG	FALSE	0.284	0.7951999999999999	TRUE	NA	Morris et al., 2023	104615	NA	172	TRUE	0.7951999999999999	FALSE	0.1	0.13	0.13	0.3	0.38	0.56	0.74	1	0.1	0.13	0.13	0.3	0.38	0.56	0.74	1	410
chr1	12038207	12039433	SRM|chr1:12038207-12039433:.	0.07240602697197351	.	chr1:12038207-12039433	chr1	11060024	11060025	-	NA	NA	SRM	ENSG00000116649	NA	GGATCGTGATGTGATCAGTTNGG;GATCGTGATGTGATCAGTTGNGG	TRUE	0.01116902476547313	0.1820704037111374	TRUE	NA	Morris et al., 2023	-978796	NA	394	TRUE	0.1820704037111373	TRUE	0.15	0.17	0.31	0.55	0.72	0.85	0.93	1	0.15	0.17	0.31	0.55	0.72	0.85	0.93	1	410
chr1	12038207	12039433	TNFRSF1B|chr1:12038207-12039433:.	0.10969467882394011	.	chr1:12038207-12039433	chr1	12167003	12167004	+	NA	NA	TNFRSF1B	ENSG00000028137	NA	GGATCGTGATGTGATCAGTTNGG;GATCGTGATGTGATCAGTTGNGG	FALSE	0.252	0.7748837209302325	TRUE	NA	Morris et al., 2023	-128183	NA	119	TRUE	0.7748837209302325	FALSE	0.06	0.1	0.09	0.09	0.3	0.41	0.6	0.98	0.06	0.1	0.09	0.09	0.3	0.41	0.6	0.98	410
chr1	12038207	12039433	TNFRSF8|chr1:12038207-12039433:.	-0.895117258699131	.	chr1:12038207-12039433	chr1	12063377	12063378	+	NA	NA	TNFRSF8	ENSG00000120949	NA	GGATCGTGATGTGATCAGTTNGG;GATCGTGATGTGATCAGTTGNGG	TRUE	4.2161043952194943e-4	0.01467236696639432	TRUE	NA	Morris et al., 2023	-24557	NA	20	TRUE	0.014672366966394328	TRUE	0.01	0.02	0.02	0.07	0.09	0.1	0.24	0.83	0.01	0.02	0.02	0.07	0.09	0.1	0.24	0.83	410
chr1	12038207	12039433	UBIAD1|chr1:12038207-12039433:.	-0.00813590421319321	.	chr1:12038207-12039433	chr1	11273206	11273207	+	NA	NA	UBIAD1	ENSG00000120942	NA	GGATCGTGATGTGATCAGTTNGG;GATCGTGATGTGATCAGTTGNGG	FALSE	0.984	0.9999658411614004	TRUE	NA	Morris et al., 2023	765614	NA	170	TRUE	0.9999658411614004	FALSE	0.09	0.11	0.14	0.28	0.38	0.58	0.76	1	0.09	0.11	0.14	0.28	0.38	0.58	0.76	1	410
chr1	12038207	12039433	VPS13D|chr1:12038207-12039433:.	-0.07073591699519433	.	chr1:12038207-12039433	chr1	12230030	12230031	+	NA	NA	VPS13D	ENSG00000048707	NA	GGATCGTGATGTGATCAGTTNGG;GATCGTGATGTGATCAGTTGNGG	FALSE	0.44	0.8844594594594595	TRUE	NA	Morris et al., 2023	-191210	NA	161	TRUE	0.8844594594594595	FALSE	0.13	0.1	0.11	0.27	0.44	0.59	0.72	1	0.13	0.1	0.11	0.27	0.44	0.59	0.72	1	410
chr1	26321184	26321972	AL020996.1|chr1:26321184-26321972:.	0.18976657539092567	.	chr1:26321184-26321972	chr1	25820797	25820798	-	NA	NA	AL020996.1	ENSG00000228172	NA	GATGCATCACCCTACCTGTCNGG;GTGGGACTGTGCGTTCCCTANGG	FALSE	0.52	0.9280945347119646	TRUE	NA	Morris et al., 2023	-500781	NA	17	TRUE	0.9280945347119646	FALSE	0.02	0	0.01	0	0	0.02	0.04	0.13	0.02	0	0.01	0	0	0.02	0.04	0.13	837
chr1	26321184	26321972	AL033528.2|chr1:26321184-26321972:.	0.13677833847237242	.	chr1:26321184-26321972	chr1	25859613	25859614	+	NA	NA	AL033528.2	ENSG00000236528	NA	GATGCATCACCCTACCTGTCNGG;GTGGGACTGTGCGTTCCCTANGG	FALSE	0.848	0.9832432432432432	TRUE	NA	Morris et al., 2023	461965	NA	8	TRUE	0.9832432432432433	FALSE	0	0.01	0	0	0	0.03	0.02	0.09	0	0.01	0	0	0	0.03	0.02	0.09	837
chr1	26321184	26321972	AL391650.1|chr1:26321184-26321972:.	0.00376829767782815	.	chr1:26321184-26321972	chr1	26171831	26171832	-	NA	NA	AL391650.1	ENSG00000236782	NA	GATGCATCACCCTACCTGTCNGG;GTGGGACTGTGCGTTCCCTANGG	FALSE	0.912	0.9882502266545784	TRUE	NA	Morris et al., 2023	-149747	NA	11	TRUE	0.9882502266545784	FALSE	0.02	0.02	0	0.02	0.02	0.02	0.08	0.17	0.02	0.02	0	0.02	0.02	0.02	0.08	0.17	837
chr1	26321184	26321972	AL512408.1|chr1:26321184-26321972:.	0.1607062538878079	.	chr1:26321184-26321972	chr1	26694131	26694132	-	NA	NA	AL512408.1	ENSG00000260063	NA	GATGCATCACCCTACCTGTCNGG;GTGGGACTGTGCGTTCCCTANGG	FALSE	0.712	0.9686652078774618	TRUE	NA	Morris et al., 2023	372553	NA	9	TRUE	0.9686652078774618	FALSE	0.01	0.01	0.01	0.01	0.01	0.04	0.01	0.06	0.01	0.01	0.01	0.01	0.01	0.04	0.01	0.06	837
chr1	26321184	26321972	AL606491.1|chr1:26321184-26321972:.	1.3569199401861542	.	chr1:26321184-26321972	chr1	25581478	25581479	+	NA	NA	AL606491.1	ENSG00000225643	NA	GATGCATCACCCTACCTGTCNGG;GTGGGACTGTGCGTTCCCTANGG	FALSE	0.01719074427875068	0.24646970712907612	TRUE	NA	Morris et al., 2023	740100	NA	7	TRUE	0.246469707129076	FALSE	0	0	0	0	0	0	0	0	0	0	0	0	0	0	0	0	837
chr1	26321184	26321972	ARID1A|chr1:26321184-26321972:.	-6.672300875121273e-4	.	chr1:26321184-26321972	chr1	26693236	26693237	+	NA	NA	ARID1A	ENSG00000117713	NA	GATGCATCACCCTACCTGTCNGG;GTGGGACTGTGCGTTCCCTANGG	FALSE	0.968	0.9999658411614004	TRUE	NA	Morris et al., 2023	-371658	NA	549	TRUE	0.9999658411614004	FALSE	0.24	0.39	0.36	0.43	0.68	0.82	0.91	1	0.24	0.39	0.36	0.43	0.68	0.82	0.91	1	837
chr1	26321184	26321972	AUNIP|chr1:26321184-26321972:.	-0.05988576597505357	.	chr1:26321184-26321972	chr1	25859458	25859459	-	NA	NA	AUNIP	ENSG00000127423	NA	GATGCATCACCCTACCTGTCNGG;GTGGGACTGTGCGTTCCCTANGG	FALSE	0.392	0.8646605504587156	TRUE	NA	Morris et al., 2023	-462120	NA	221	TRUE	0.8646605504587156	FALSE	0.18	0.22	0.22	0.31	0.47	0.53	0.82	0.99	0.18	0.22	0.22	0.31	0.47	0.53	0.82	0.99	837
chr1	26321184	26321972	CD52|chr1:26321184-26321972:.	-1.6806507017957049	.	chr1:26321184-26321972	chr1	26317957	26317958	+	NA	NA	CD52	ENSG00000169442	NA	GATGCATCACCCTACCTGTCNGG;GTGGGACTGTGCGTTCCCTANGG	TRUE	1.767048427695066e-28	2.6284845361964113e-26	TRUE	NA	Morris et al., 2023	3621	NA	150	TRUE	2.628484536196411e-26	TRUE	0.05	0.1	0.13	0.25	0.49	0.59	0.7	1	0.05	0.1	0.13	0.25	0.49	0.59	0.7	1	837
chr1	26321184	26321972	CEP85|chr1:26321184-26321972:.	-0.16325621981936878	.	chr1:26321184-26321972	chr1	26234200	26234201	+	NA	NA	CEP85	ENSG00000130695	NA	GATGCATCACCCTACCTGTCNGG;GTGGGACTGTGCGTTCCCTANGG	FALSE	0.036	0.3930275229357798	TRUE	NA	Morris et al., 2023	87378	NA	270	TRUE	0.3930275229357798	FALSE	0.2	0.23	0.2	0.34	0.47	0.71	0.8	1	0.2	0.23	0.2	0.34	0.47	0.71	0.8	1	837
chr1	26321184	26321972	CNKSR1|chr1:26321184-26321972:.	-0.03783923838782144	.	chr1:26321184-26321972	chr1	26177403	26177404	+	NA	NA	CNKSR1	ENSG00000142675	NA	GATGCATCACCCTACCTGTCNGG;GTGGGACTGTGCGTTCCCTANGG	FALSE	0.98	0.9999658411614004	TRUE	NA	Morris et al., 2023	144175	NA	15	TRUE	0.9999658411614004	FALSE	0	0.01	0.04	0.01	0.02	0	0.09	0.33	0	0.01	0.04	0.01	0.02	0	0.09	0.33	837
chr1	26321184	26321972	CRYBG2|chr1:26321184-26321972:.	-0.16917510154680304	.	chr1:26321184-26321972	chr1	26360080	26360081	-	NA	NA	CRYBG2	ENSG00000176092	NA	GATGCATCACCCTACCTGTCNGG;GTGGGACTGTGCGTTCCCTANGG	FALSE	0.208	0.7410778443113772	overlaps target gene exon	NA	Morris et al., 2023	38502	NA	133	TRUE	0.7410778443113772	FALSE	0.05	0.11	0.13	0.2	0.31	0.43	0.57	0.98	0.05	0.11	0.13	0.2	0.31	0.43	0.57	0.98	837
chr1	26321184	26321972	DHDDS|chr1:26321184-26321972:.	-0.09229046098351557	.	chr1:26321184-26321972	chr1	26432282	26432283	+	NA	NA	DHDDS	ENSG00000117682	NA	GATGCATCACCCTACCTGTCNGG;GTGGGACTGTGCGTTCCCTANGG	FALSE	0.216	0.7445810055865922	TRUE	NA	Morris et al., 2023	-110704	NA	257	TRUE	0.7445810055865922	FALSE	0.14	0.12	0.19	0.38	0.47	0.66	0.79	1	0.14	0.12	0.19	0.38	0.47	0.66	0.79	1	837
chr1	26321184	26321972	FAM110D|chr1:26321184-26321972:.	0.01913304100492396	.	chr1:26321184-26321972	chr1	26159020	26159021	+	NA	NA	FAM110D	ENSG00000197245	NA	GATGCATCACCCTACCTGTCNGG;GTGGGACTGTGCGTTCCCTANGG	FALSE	0.928	0.9930935251798562	TRUE	NA	Morris et al., 2023	162558	NA	96	TRUE	0.9930935251798562	FALSE	0.04	0.06	0.1	0.13	0.23	0.33	0.5	0.98	0.04	0.06	0.1	0.13	0.23	0.33	0.5	0.98	837
chr1	26321184	26321972	GPATCH3|chr1:26321184-26321972:.	0.04093423683176112	.	chr1:26321184-26321972	chr1	26900466	26900467	-	NA	NA	GPATCH3	ENSG00000198746	NA	GATGCATCACCCTACCTGTCNGG;GTGGGACTGTGCGTTCCCTANGG	FALSE	0.62	0.9568447837150128	TRUE	NA	Morris et al., 2023	578888	NA	287	TRUE	0.9568447837150128	FALSE	0.15	0.16	0.15	0.28	0.55	0.72	0.81	1	0.15	0.16	0.15	0.28	0.55	0.72	0.81	1	837
chr1	26321184	26321972	GPN2|chr1:26321184-26321972:.	-0.00584409824242726	.	chr1:26321184-26321972	chr1	26890297	26890298	-	NA	NA	GPN2	ENSG00000142751	NA	GATGCATCACCCTACCTGTCNGG;GTGGGACTGTGCGTTCCCTANGG	FALSE	0.932	0.9945	TRUE	NA	Morris et al., 2023	568719	NA	378	TRUE	0.9945	FALSE	0.17	0.26	0.27	0.45	0.53	0.71	0.83	1	0.17	0.26	0.27	0.45	0.53	0.71	0.83	1	837
chr1	26321184	26321972	HMGN2|chr1:26321184-26321972:.	-0.02001263268193032	.	chr1:26321184-26321972	chr1	26472450	26472451	+	NA	NA	HMGN2	ENSG00000198830	NA	GATGCATCACCCTACCTGTCNGG;GTGGGACTGTGCGTTCCCTANGG	FALSE	0.32	0.822462203023758	TRUE	NA	Morris et al., 2023	-150872	NA	832	TRUE	0.822462203023758	FALSE	0.29	0.37	0.4	0.64	0.65	0.86	0.96	1	0.29	0.37	0.4	0.64	0.65	0.86	0.96	1	837
chr1	26321184	26321972	KDF1|chr1:26321184-26321972:.	-0.2267816900317028	.	chr1:26321184-26321972	chr1	26960406	26960407	-	NA	NA	KDF1	ENSG00000175707	NA	GATGCATCACCCTACCTGTCNGG;GTGGGACTGTGCGTTCCCTANGG	FALSE	0.408	0.868550983899821	TRUE	NA	Morris et al., 2023	638828	NA	24	TRUE	0.868550983899821	FALSE	0	0	0.02	0.06	0.05	0.06	0.23	0.56	0	0	0.02	0.06	0.05	0.06	0.23	0.56	837
chr1	26321184	26321972	LDLRAP1|chr1:26321184-26321972:.	0.12859328473953102	.	chr1:26321184-26321972	chr1	25543580	25543581	+	NA	NA	LDLRAP1	ENSG00000157978	NA	GATGCATCACCCTACCTGTCNGG;GTGGGACTGTGCGTTCCCTANGG	FALSE	0.2	0.7410778443113772	TRUE	NA	Morris et al., 2023	777998	NA	174	TRUE	0.7410778443113772	FALSE	0.11	0.13	0.16	0.18	0.28	0.49	0.64	1	0.11	0.13	0.16	0.18	0.28	0.49	0.64	1	837
chr1	26321184	26321972	MACO1|chr1:26321184-26321972:.	-0.01186028572479219	.	chr1:26321184-26321972	chr1	25430858	25430859	+	NA	NA	MACO1	ENSG00000204178	NA	GATGCATCACCCTACCTGTCNGG;GTGGGACTGTGCGTTCCCTANGG	FALSE	0.756	0.9714285714285714	TRUE	NA	Morris et al., 2023	890720	NA	564	TRUE	0.9714285714285714	FALSE	0.31	0.32	0.24	0.46	0.65	0.89	0.95	1	0.31	0.32	0.24	0.46	0.65	0.89	0.95	1	837
chr1	26321184	26321972	MTFR1L|chr1:26321184-26321972:.	0.03961724223320878	.	chr1:26321184-26321972	chr1	25818640	25818641	+	NA	NA	MTFR1L	ENSG00000117640	NA	GATGCATCACCCTACCTGTCNGG;GTGGGACTGTGCGTTCCCTANGG	FALSE	0.46	0.8920193861066237	TRUE	NA	Morris et al., 2023	502938	NA	470	TRUE	0.8920193861066237	FALSE	0.28	0.25	0.37	0.45	0.58	0.83	0.91	1	0.28	0.25	0.37	0.45	0.58	0.83	0.91	1	837
chr1	26321184	26321972	NUDC|chr1:26321184-26321972:.	-0.01765802307976161	.	chr1:26321184-26321972	chr1	26900238	26900239	+	NA	NA	NUDC	ENSG00000090273	NA	GATGCATCACCCTACCTGTCNGG;GTGGGACTGTGCGTTCCCTANGG	FALSE	0.592	0.9545118733509236	TRUE	NA	Morris et al., 2023	-578660	NA	817	TRUE	0.9545118733509235	FALSE	0.36	0.48	0.41	0.6	0.79	0.88	0.95	1	0.36	0.48	0.41	0.6	0.79	0.88	0.95	1	837
chr1	26321184	26321972	PAFAH2|chr1:26321184-26321972:.	-0.02028754428459533	.	chr1:26321184-26321972	chr1	25998157	25998158	-	NA	NA	PAFAH2	ENSG00000158006	NA	GATGCATCACCCTACCTGTCNGG;GTGGGACTGTGCGTTCCCTANGG	FALSE	0.828	0.9832432432432432	TRUE	NA	Morris et al., 2023	-323421	NA	96	TRUE	0.9832432432432433	FALSE	0.04	0.08	0.09	0.2	0.23	0.28	0.46	0.94	0.04	0.08	0.09	0.2	0.23	0.28	0.46	0.94	837
chr1	26321184	26321972	PAQR7|chr1:26321184-26321972:.	-0.18859474279854016	.	chr1:26321184-26321972	chr1	25871253	25871254	-	NA	NA	PAQR7	ENSG00000182749	NA	GATGCATCACCCTACCTGTCNGG;GTGGGACTGTGCGTTCCCTANGG	FALSE	0.64	0.95795	TRUE	NA	Morris et al., 2023	-450325	NA	15	TRUE	0.9579500000000001	FALSE	0	0.01	0.02	0.02	0.01	0.01	0.09	0.35	0	0.01	0.02	0.02	0.01	0.01	0.09	0.35	837
chr1	26321184	26321972	PDIK1L|chr1:26321184-26321972:.	-0.21738731736103611	.	chr1:26321184-26321972	chr1	26111165	26111166	+	NA	NA	PDIK1L	ENSG00000175087	NA	GATGCATCACCCTACCTGTCNGG;GTGGGACTGTGCGTTCCCTANGG	FALSE	0.02478253193315867	0.31043382105746126	TRUE	NA	Morris et al., 2023	210413	NA	178	TRUE	0.31043382105746126	FALSE	0.12	0.13	0.19	0.33	0.4	0.56	0.71	0.98	0.12	0.13	0.19	0.33	0.4	0.56	0.71	0.98	837
chr1	26321184	26321972	PIGV|chr1:26321184-26321972:.	-0.09894294740145028	.	chr1:26321184-26321972	chr1	26787472	26787473	+	NA	NA	PIGV	ENSG00000060642	NA	GATGCATCACCCTACCTGTCNGG;GTGGGACTGTGCGTTCCCTANGG	FALSE	0.364	0.8476712328767123	TRUE	NA	Morris et al., 2023	-465894	NA	93	TRUE	0.8476712328767123	FALSE	0.04	0.08	0.06	0.2	0.2	0.31	0.53	0.96	0.04	0.08	0.06	0.2	0.2	0.31	0.53	0.96	837
chr1	26321184	26321972	RHCE|chr1:26321184-26321972:.	-0.03286619001770469	.	chr1:26321184-26321972	chr1	25430192	25430193	-	NA	NA	RHCE	ENSG00000188672	NA	GATGCATCACCCTACCTGTCNGG;GTGGGACTGTGCGTTCCCTANGG	FALSE	0.652	0.9614374225526642	TRUE	NA	Morris et al., 2023	-891386	NA	384	TRUE	0.9614374225526642	FALSE	0.2	0.24	0.28	0.41	0.65	0.75	0.86	1	0.2	0.24	0.28	0.41	0.65	0.75	0.86	1	837
chr1	26321184	26321972	RPS6KA1|chr1:26321184-26321972:.	-0.11478151615319332	.	chr1:26321184-26321972	chr1	26529761	26529762	+	NA	NA	RPS6KA1	ENSG00000117676	NA	GATGCATCACCCTACCTGTCNGG;GTGGGACTGTGCGTTCCCTANGG	FALSE	0.36	0.8433070866141731	TRUE	NA	Morris et al., 2023	-208183	NA	118	TRUE	0.8433070866141731	FALSE	0.05	0.06	0.14	0.21	0.25	0.41	0.58	1	0.05	0.06	0.14	0.21	0.25	0.41	0.58	1	837
chr1	26321184	26321972	RSRP1|chr1:26321184-26321972:.	-0.05000127416483624	.	chr1:26321184-26321972	chr1	25338213	25338214	-	NA	NA	RSRP1	ENSG00000117616	NA	GATGCATCACCCTACCTGTCNGG;GTGGGACTGTGCGTTCCCTANGG	FALSE	0.16	0.6923636363636364	TRUE	NA	Morris et al., 2023	-983365	NA	666	TRUE	0.6923636363636364	FALSE	0.26	0.42	0.35	0.54	0.79	0.87	0.93	1	0.26	0.42	0.35	0.54	0.79	0.87	0.93	1	837
chr1	26321184	26321972	SELENON|chr1:26321184-26321972:.	-0.0047815211129385	.	chr1:26321184-26321972	chr1	25800176	25800177	+	NA	NA	SELENON	ENSG00000162430	NA	GATGCATCACCCTACCTGTCNGG;GTGGGACTGTGCGTTCCCTANGG	FALSE	0.888	0.9882502266545784	TRUE	NA	Morris et al., 2023	521402	NA	115	TRUE	0.9882502266545784	FALSE	0.05	0.04	0.15	0.18	0.21	0.46	0.57	0.99	0.05	0.04	0.15	0.18	0.21	0.46	0.57	0.99	837
chr1	26321184	26321972	SFN|chr1:26321184-26321972:.	0.0260643720124829	.	chr1:26321184-26321972	chr1	26863138	26863139	+	NA	NA	SFN	ENSG00000175793	NA	GATGCATCACCCTACCTGTCNGG;GTGGGACTGTGCGTTCCCTANGG	FALSE	0.936	0.9945	TRUE	NA	Morris et al., 2023	-541560	NA	25	TRUE	0.9945	FALSE	0.01	0	0.01	0.03	0.04	0.02	0.11	0.4	0.01	0	0.01	0.03	0.04	0.02	0.11	0.4	837
chr1	26321184	26321972	SH3BGRL3|chr1:26321184-26321972:.	-0.1827391778831919	.	chr1:26321184-26321972	chr1	26279176	26279177	+	NA	NA	SH3BGRL3	ENSG00000142669	NA	GATGCATCACCCTACCTGTCNGG;GTGGGACTGTGCGTTCCCTANGG	TRUE	0.0051045759047579	0.09958107092888376	TRUE	NA	Morris et al., 2023	42402	NA	809	TRUE	0.09958107092888362	TRUE	0.28	0.2	0.37	0.53	0.64	0.82	0.93	1	0.28	0.2	0.37	0.53	0.64	0.82	0.93	1	837
chr1	26321184	26321972	SLC9A1|chr1:26321184-26321972:.	-0.09579146097919766	.	chr1:26321184-26321972	chr1	27166981	27166982	-	NA	NA	SLC9A1	ENSG00000090020	NA	GATGCATCACCCTACCTGTCNGG;GTGGGACTGTGCGTTCCCTANGG	FALSE	0.512	0.9245523520485583	TRUE	NA	Morris et al., 2023	845403	NA	81	TRUE	0.9245523520485585	FALSE	0.01	0.08	0.05	0.11	0.24	0.23	0.55	0.95	0.01	0.08	0.05	0.11	0.24	0.23	0.55	0.95	837
chr1	26321184	26321972	STMN1|chr1:26321184-26321972:.	0.04897672315111645	.	chr1:26321184-26321972	chr1	25906991	25906992	-	NA	NA	STMN1	ENSG00000117632	NA	GATGCATCACCCTACCTGTCNGG;GTGGGACTGTGCGTTCCCTANGG	FALSE	0.048	0.4687878787878788	TRUE	NA	Morris et al., 2023	-414587	NA	828	TRUE	0.4687878787878788	FALSE	0.36	0.3	0.38	0.51	0.75	0.92	0.94	1	0.36	0.3	0.38	0.51	0.75	0.92	0.94	1	837
chr1	26321184	26321972	TMEM50A|chr1:26321184-26321972:.	-1.904637402674325e-4	.	chr1:26321184-26321972	chr1	25337917	25337918	+	NA	NA	TMEM50A	ENSG00000183726	NA	GATGCATCACCCTACCTGTCNGG;GTGGGACTGTGCGTTCCCTANGG	FALSE	0.8	0.9812923076923078	TRUE	NA	Morris et al., 2023	983661	NA	818	TRUE	0.9812923076923078	FALSE	0.37	0.45	0.41	0.62	0.77	0.89	0.94	1	0.37	0.45	0.41	0.62	0.77	0.89	0.94	1	837
chr1	26321184	26321972	TRIM63|chr1:26321184-26321972:.	-0.26868760348470033	.	chr1:26321184-26321972	chr1	26068436	26068437	-	NA	NA	TRIM63	ENSG00000158022	NA	GATGCATCACCCTACCTGTCNGG;GTGGGACTGTGCGTTCCCTANGG	FALSE	0.54	0.9408491947291362	TRUE	NA	Morris et al., 2023	-253142	NA	10	TRUE	0.9408491947291362	FALSE	0.01	0	0.02	0.01	0.03	0.03	0.02	0.28	0.01	0	0.02	0.01	0.03	0.03	0.02	0.28	837
chr1	26321184	26321972	TRNP1|chr1:26321184-26321972:.	-0.12479576537480153	.	chr1:26321184-26321972	chr1	26993707	26993708	+	NA	NA	TRNP1	ENSG00000253368	NA	GATGCATCACCCTACCTGTCNGG;GTGGGACTGTGCGTTCCCTANGG	FALSE	0.68	0.9686652078774618	TRUE	NA	Morris et al., 2023	-672129	NA	20	TRUE	0.9686652078774618	FALSE	0.01	0.01	0.02	0.02	0.04	0.1	0.06	0.55	0.01	0.01	0.02	0.02	0.04	0.1	0.06	0.55	837
chr1	26321184	26321972	UBXN11|chr1:26321184-26321972:.	-0.03297503916622979	.	chr1:26321184-26321972	chr1	26318363	26318364	-	NA	NA	UBXN11	ENSG00000158062	NA	GATGCATCACCCTACCTGTCNGG;GTGGGACTGTGCGTTCCCTANGG	FALSE	0.736	0.9686652078774618	TRUE	NA	Morris et al., 2023	-3215	NA	164	TRUE	0.9686652078774618	FALSE	0.07	0.11	0.14	0.17	0.44	0.54	0.73	0.99	0.07	0.11	0.14	0.17	0.44	0.54	0.73	0.99	837
chr1	26321184	26321972	WDTC1|chr1:26321184-26321972:.	-0.08675085904271973	.	chr1:26321184-26321972	chr1	27234516	27234517	+	NA	NA	WDTC1	ENSG00000142784	NA	GATGCATCACCCTACCTGTCNGG;GTGGGACTGTGCGTTCCCTANGG	FALSE	0.364	0.8476712328767123	TRUE	NA	Morris et al., 2023	-912938	NA	176	TRUE	0.8476712328767123	FALSE	0.01	0.03	0.12	0.18	0.22	0.35	0.46	0.94	0.01	0.03	0.12	0.18	0.22	0.35	0.46	0.94	837
chr1	26321184	26321972	ZDHHC18|chr1:26321184-26321972:.	0.00708615966117776	.	chr1:26321184-26321972	chr1	26826710	26826711	+	NA	NA	ZDHHC18	ENSG00000204160	NA	GATGCATCACCCTACCTGTCNGG;GTGGGACTGTGCGTTCCCTANGG	FALSE	0.992	1	TRUE	NA	Morris et al., 2023	-505132	NA	90	TRUE	1	FALSE	0.06	0.03	0.08	0.09	0.2	0.31	0.54	0.95	0.06	0.03	0.08	0.09	0.2	0.31	0.54	0.95	837
chr1	26321184	26321972	ZNF593|chr1:26321184-26321972:.	-0.01806318515386218	.	chr1:26321184-26321972	chr1	26169871	26169872	+	NA	NA	ZNF593	ENSG00000142684	NA	GATGCATCACCCTACCTGTCNGG;GTGGGACTGTGCGTTCCCTANGG	FALSE	0.448	0.8920193861066237	TRUE	NA	Morris et al., 2023	151707	NA	807	TRUE	0.8920193861066237	FALSE	0.26	0.4	0.46	0.67	0.81	0.86	0.99	1	0.26	0.4	0.46	0.67	0.81	0.86	0.99	1	837
chr1	161185204	161186433	AL139011.1|chr1:161185204-161186433:.	-0.00887026012999303	.	chr1:161185204-161186433	chr1	160261744	160261745	+	NA	NA	AL139011.1	ENSG00000228606	NA	CAATGGGGAAGGTACTCAATNGG;TGGCCCCAGCAACAGTCAATNGG	FALSE	0.936	0.9945	TRUE	NA	Morris et al., 2023	924074	NA	14	TRUE	0.9945	FALSE	0.01	0	0.02	0.02	0	0.04	0.04	0.28	0.01	0	0.02	0.02	0	0.04	0.04	0.28	922
chr1	161185204	161186433	AL590714.1|chr1:161185204-161186433:.	-0.45573317612473474	.	chr1:161185204-161186433	chr1	161159349	161159350	-	NA	NA	AL590714.1	ENSG00000224985	NA	CAATGGGGAAGGTACTCAATNGG;TGGCCCCAGCAACAGTCAATNGG	FALSE	0.34	0.8308008213552361	TRUE	NA	Morris et al., 2023	-26469	NA	7	TRUE	0.8308008213552361	FALSE	0	0	0	0	0	0.01	0.01	0.04	0	0	0	0	0	0.01	0.01	0.04	922
chr1	161185204	161186433	AL592295.4|chr1:161185204-161186433:.	0.28219058834435007	.	chr1:161185204-161186433	chr1	161399409	161399410	+	NA	NA	AL592295.4	ENSG00000283696	NA	CAATGGGGAAGGTACTCAATNGG;TGGCCCCAGCAACAGTCAATNGG	FALSE	0.436	0.8808828522920205	TRUE	NA	Morris et al., 2023	-213591	NA	8	TRUE	0.8808828522920205	FALSE	0	0	0.01	0.02	0.01	0	0.01	0.01	0	0	0.01	0.02	0.01	0	0.01	0.01	922
chr1	161185204	161186433	APOA2|chr1:161185204-161186433:.	-0.09044747749680848	.	chr1:161185204-161186433	chr1	161223631	161223632	-	NA	NA	APOA2	ENSG00000158874	NA	CAATGGGGAAGGTACTCAATNGG;TGGCCCCAGCAACAGTCAATNGG	FALSE	0.788	0.9807284079084286	TRUE	NA	Morris et al., 2023	37813	NA	12	TRUE	0.9807284079084286	FALSE	0.02	0	0.01	0.01	0	0.02	0	0.12	0.02	0	0.01	0.01	0	0.02	0	0.12	922
chr1	161185204	161186433	ATF6|chr1:161185204-161186433:.	-0.01137189469390509	.	chr1:161185204-161186433	chr1	161766294	161766295	+	NA	NA	ATF6	ENSG00000118217	NA	CAATGGGGAAGGTACTCAATNGG;TGGCCCCAGCAACAGTCAATNGG	FALSE	0.912	0.9882502266545784	TRUE	NA	Morris et al., 2023	-580476	NA	416	TRUE	0.9882502266545784	FALSE	0.19	0.16	0.37	0.48	0.59	0.75	0.85	1	0.19	0.16	0.37	0.48	0.59	0.75	0.85	1	922
chr1	161185204	161186433	B4GALT3|chr1:161185204-161186433:.	-0.1005158587350722	.	chr1:161185204-161186433	chr1	161177968	161177969	-	NA	NA	B4GALT3	ENSG00000158850	NA	CAATGGGGAAGGTACTCAATNGG;TGGCCCCAGCAACAGTCAATNGG	FALSE	0.028	0.3332	TRUE	NA	Morris et al., 2023	-7850	NA	507	TRUE	0.3332	FALSE	0.16	0.24	0.29	0.54	0.67	0.83	0.94	1	0.16	0.24	0.29	0.54	0.67	0.83	0.94	1	922
chr1	161185204	161186433	CD84|chr1:161185204-161186433:.	0.105008704729058	.	chr1:161185204-161186433	chr1	160579516	160579517	-	NA	NA	CD84	ENSG00000066294	NA	CAATGGGGAAGGTACTCAATNGG;TGGCCCCAGCAACAGTCAATNGG	FALSE	0.708	0.9686652078774618	TRUE	NA	Morris et al., 2023	-606302	NA	26	TRUE	0.9686652078774618	FALSE	0.01	0.02	0	0	0.03	0.08	0.14	0.41	0.01	0.02	0	0	0.03	0.08	0.14	0.41	922
chr1	161185204	161186433	COPA|chr1:161185204-161186433:.	-0.01755928730527745	.	chr1:161185204-161186433	chr1	160343400	160343401	-	NA	NA	COPA	ENSG00000122218	NA	CAATGGGGAAGGTACTCAATNGG;TGGCCCCAGCAACAGTCAATNGG	FALSE	0.66	0.9625	TRUE	NA	Morris et al., 2023	-842418	NA	683	TRUE	0.9625	FALSE	0.24	0.3	0.41	0.47	0.72	0.82	0.94	1	0.24	0.3	0.41	0.47	0.72	0.82	0.94	1	922
chr1	161185204	161186433	DCAF8|chr1:161185204-161186433:.	-5.307263361014058e-4	.	chr1:161185204-161186433	chr1	160262531	160262532	-	NA	NA	DCAF8	ENSG00000132716	NA	CAATGGGGAAGGTACTCAATNGG;TGGCCCCAGCAACAGTCAATNGG	FALSE	0.972	0.9999658411614004	TRUE	NA	Morris et al., 2023	-923287	NA	412	TRUE	0.9999658411614004	FALSE	0.17	0.14	0.27	0.43	0.62	0.76	0.92	0.99	0.17	0.14	0.27	0.43	0.62	0.76	0.92	0.99	922
chr1	161185204	161186433	DEDD|chr1:161185204-161186433:.	0.01514450766849573	.	chr1:161185204-161186433	chr1	161132688	161132689	-	NA	NA	DEDD	ENSG00000158796	NA	CAATGGGGAAGGTACTCAATNGG;TGGCCCCAGCAACAGTCAATNGG	FALSE	0.916	0.9882502266545784	TRUE	NA	Morris et al., 2023	-53130	NA	333	TRUE	0.9882502266545784	FALSE	0.11	0.16	0.23	0.32	0.61	0.69	0.78	1	0.11	0.16	0.23	0.32	0.61	0.69	0.78	1	922
chr1	161185204	161186433	DUSP12|chr1:161185204-161186433:.	-0.01270365375786894	.	chr1:161185204-161186433	chr1	161749758	161749759	+	NA	NA	DUSP12	ENSG00000081721	NA	CAATGGGGAAGGTACTCAATNGG;TGGCCCCAGCAACAGTCAATNGG	FALSE	0.744	0.9686652078774618	TRUE	NA	Morris et al., 2023	-563940	NA	576	TRUE	0.9686652078774618	FALSE	0.18	0.2	0.36	0.54	0.71	0.82	0.94	1	0.18	0.2	0.36	0.54	0.71	0.82	0.94	1	922
chr1	161185204	161186433	F11R|chr1:161185204-161186433:.	0.00884889740442534	.	chr1:161185204-161186433	chr1	161021348	161021349	-	NA	NA	F11R	ENSG00000158769	NA	CAATGGGGAAGGTACTCAATNGG;TGGCCCCAGCAACAGTCAATNGG	FALSE	0.928	0.9930935251798562	TRUE	NA	Morris et al., 2023	-164470	NA	487	TRUE	0.9930935251798562	FALSE	0.18	0.27	0.25	0.36	0.61	0.74	0.97	1	0.18	0.27	0.25	0.36	0.61	0.74	0.97	1	922
chr1	161185204	161186433	FCGR2A|chr1:161185204-161186433:.	-0.11834499623541594	.	chr1:161185204-161186433	chr1	161505430	161505431	+	NA	NA	FCGR2A	ENSG00000143226	NA	CAATGGGGAAGGTACTCAATNGG;TGGCCCCAGCAACAGTCAATNGG	FALSE	0.388	0.8582156133828998	TRUE	NA	Morris et al., 2023	-319612	NA	137	TRUE	0.8582156133828998	FALSE	0.06	0.04	0.1	0.21	0.2	0.4	0.54	1	0.06	0.04	0.1	0.21	0.2	0.4	0.54	1	922
chr1	161185204	161186433	FCGR3B|chr1:161185204-161186433:.	0.8290409981267555	.	chr1:161185204-161186433	chr1	161631963	161631964	-	NA	NA	FCGR3B	ENSG00000162747	NA	CAATGGGGAAGGTACTCAATNGG;TGGCCCCAGCAACAGTCAATNGG	FALSE	0.104	0.647958115183246	TRUE	NA	Morris et al., 2023	446145	NA	8	TRUE	0.647958115183246	FALSE	0	0	0	0.01	0	0	0	0	0	0	0	0.01	0	0	0	0	922
chr1	161185204	161186433	FCRLA|chr1:161185204-161186433:.	-0.10914531649794856	.	chr1:161185204-161186433	chr1	161706972	161706973	+	NA	NA	FCRLA	ENSG00000132185	NA	CAATGGGGAAGGTACTCAATNGG;TGGCCCCAGCAACAGTCAATNGG	FALSE	0.644	0.95795	TRUE	NA	Morris et al., 2023	-521154	NA	23	TRUE	0.9579500000000001	FALSE	0.01	0.01	0.01	0.01	0.05	0.05	0.05	0.34	0.01	0.01	0.01	0.01	0.05	0.05	0.05	0.34	922
chr1	161185204	161186433	FCRLB|chr1:161185204-161186433:.	-0.0492984595968271	.	chr1:161185204-161186433	chr1	161721563	161721564	+	NA	NA	FCRLB	ENSG00000162746	NA	CAATGGGGAAGGTACTCAATNGG;TGGCCCCAGCAACAGTCAATNGG	FALSE	0.632	0.9568447837150128	TRUE	NA	Morris et al., 2023	-535745	NA	116	TRUE	0.9568447837150128	FALSE	0.03	0.04	0.12	0.1	0.23	0.33	0.46	0.97	0.03	0.04	0.12	0.1	0.23	0.33	0.46	0.97	922
chr1	161185204	161186433	HSPA6|chr1:161185204-161186433:.	-0.1628948278466673	.	chr1:161185204-161186433	chr1	161524540	161524541	+	NA	NA	HSPA6	ENSG00000173110	NA	CAATGGGGAAGGTACTCAATNGG;TGGCCCCAGCAACAGTCAATNGG	FALSE	0.88	0.9882502266545784	TRUE	NA	Morris et al., 2023	-338722	NA	7	TRUE	0.9882502266545784	FALSE	0	0	0.02	0.01	0.01	0	0.01	0.04	0	0	0.02	0.01	0.01	0	0.01	0.04	922
chr1	161185204	161186433	MPZ|chr1:161185204-161186433:.	-0.01208360240498906	.	chr1:161185204-161186433	chr1	161309972	161309973	-	NA	NA	MPZ	ENSG00000158887	NA	CAATGGGGAAGGTACTCAATNGG;TGGCCCCAGCAACAGTCAATNGG	FALSE	0.972	0.9999658411614004	TRUE	NA	Morris et al., 2023	124154	NA	56	TRUE	0.9999658411614004	FALSE	0.02	0.01	0.04	0.07	0.09	0.3	0.29	0.83	0.02	0.01	0.04	0.07	0.09	0.3	0.29	0.83	922
chr1	161185204	161186433	NCSTN|chr1:161185204-161186433:.	0.02982127764889108	.	chr1:161185204-161186433	chr1	160343272	160343273	+	NA	NA	NCSTN	ENSG00000162736	NA	CAATGGGGAAGGTACTCAATNGG;TGGCCCCAGCAACAGTCAATNGG	FALSE	0.704	0.9686652078774618	TRUE	NA	Morris et al., 2023	842546	NA	300	TRUE	0.9686652078774618	FALSE	0.1	0.14	0.16	0.31	0.55	0.71	0.8	1	0.1	0.14	0.16	0.31	0.55	0.71	0.8	1	922
chr1	161185204	161186433	NDUFS2|chr1:161185204-161186433:.	-0.04774222716502629	.	chr1:161185204-161186433	chr1	161197104	161197105	+	NA	NA	NDUFS2	ENSG00000158864	NA	CAATGGGGAAGGTACTCAATNGG;TGGCCCCAGCAACAGTCAATNGG	FALSE	0.276	0.7951999999999999	TRUE	NA	Morris et al., 2023	-11286	NA	706	TRUE	0.7951999999999999	FALSE	0.22	0.26	0.33	0.52	0.74	0.91	0.95	1	0.22	0.26	0.33	0.52	0.74	0.91	0.95	1	922
chr1	161185204	161186433	NIT1|chr1:161185204-161186433:.	0.07366439602869734	.	chr1:161185204-161186433	chr1	161118086	161118087	+	NA	NA	NIT1	ENSG00000158793	NA	CAATGGGGAAGGTACTCAATNGG;TGGCCCCAGCAACAGTCAATNGG	FALSE	0.208	0.7410778443113772	TRUE	NA	Morris et al., 2023	67732	NA	414	TRUE	0.7410778443113772	FALSE	0.2	0.19	0.31	0.44	0.53	0.74	0.88	1	0.2	0.19	0.31	0.44	0.53	0.74	0.88	1	922
chr1	161185204	161186433	NOS1AP|chr1:161185204-161186433:.	0.58074064808652	.	chr1:161185204-161186433	chr1	162069774	162069775	+	NA	NA	NOS1AP	ENSG00000198929	NA	CAATGGGGAAGGTACTCAATNGG;TGGCCCCAGCAACAGTCAATNGG	FALSE	0.128	0.6923636363636364	TRUE	NA	Morris et al., 2023	-883956	NA	16	TRUE	0.6923636363636364	FALSE	0	0	0	0.03	0	0.02	0.03	0.08	0	0	0	0.03	0	0.02	0.03	0.08	922
chr1	161185204	161186433	PEA15|chr1:161185204-161186433:.	-0.04121701100373531	.	chr1:161185204-161186433	chr1	160205337	160205338	+	NA	NA	PEA15	ENSG00000162734	NA	CAATGGGGAAGGTACTCAATNGG;TGGCCCCAGCAACAGTCAATNGG	FALSE	0.496	0.9066666666666666	TRUE	NA	Morris et al., 2023	980481	NA	360	TRUE	0.9066666666666666	FALSE	0.11	0.15	0.25	0.31	0.45	0.7	0.73	1	0.11	0.15	0.25	0.31	0.45	0.7	0.73	1	922
chr1	161185204	161186433	PEX19|chr1:161185204-161186433:.	-0.088094576099637	.	chr1:161185204-161186433	chr1	160286348	160286349	-	NA	NA	PEX19	ENSG00000162735	NA	CAATGGGGAAGGTACTCAATNGG;TGGCCCCAGCAACAGTCAATNGG	FALSE	0.172	0.708235294117647	TRUE	NA	Morris et al., 2023	-899470	NA	272	TRUE	0.708235294117647	FALSE	0.12	0.1	0.21	0.37	0.46	0.6	0.81	1	0.12	0.1	0.21	0.37	0.46	0.6	0.81	1	922
chr1	161185204	161186433	PFDN2|chr1:161185204-161186433:.	-0.07109984651678314	.	chr1:161185204-161186433	chr1	161118111	161118112	-	NA	NA	PFDN2	ENSG00000143256	NA	CAATGGGGAAGGTACTCAATNGG;TGGCCCCAGCAACAGTCAATNGG	TRUE	0.00500952627712114	0.09935560449623604	TRUE	NA	Morris et al., 2023	-67707	NA	891	TRUE	0.09935560449623593	TRUE	0.35	0.38	0.37	0.65	0.75	0.89	0.97	1	0.35	0.38	0.37	0.65	0.75	0.89	0.97	1	922
chr1	161185204	161186433	PPOX|chr1:161185204-161186433:.	-0.02372653729916182	.	chr1:161185204-161186433	chr1	161166410	161166411	+	NA	NA	PPOX	ENSG00000143224	NA	CAATGGGGAAGGTACTCAATNGG;TGGCCCCAGCAACAGTCAATNGG	FALSE	0.736	0.9686652078774618	TRUE	NA	Morris et al., 2023	19408	NA	460	TRUE	0.9686652078774618	FALSE	0.09	0.13	0.27	0.48	0.61	0.68	0.8	1	0.09	0.13	0.27	0.48	0.61	0.68	0.8	1	922
chr1	161185204	161186433	SDHC|chr1:161185204-161186433:.	-0.04175494755167941	.	chr1:161185204-161186433	chr1	161314257	161314258	+	NA	NA	SDHC	ENSG00000143252	NA	CAATGGGGAAGGTACTCAATNGG;TGGCCCCAGCAACAGTCAATNGG	FALSE	0.08	0.5633136094674557	TRUE	NA	Morris et al., 2023	-128439	NA	846	TRUE	0.5633136094674557	FALSE	0.36	0.44	0.41	0.63	0.75	0.97	0.95	1	0.36	0.44	0.41	0.63	0.75	0.97	0.95	1	922
chr1	161185204	161186433	SLAMF7|chr1:161185204-161186433:.	0.05450199108915754	.	chr1:161185204-161186433	chr1	160739057	160739058	+	NA	NA	SLAMF7	ENSG00000026751	NA	CAATGGGGAAGGTACTCAATNGG;TGGCCCCAGCAACAGTCAATNGG	FALSE	0.804	0.9812923076923078	TRUE	NA	Morris et al., 2023	446761	NA	11	TRUE	0.9812923076923078	FALSE	0.02	0	0	0	0.02	0.02	0.01	0.14	0.02	0	0	0	0.02	0.02	0.01	0.14	922
chr1	161185204	161186433	TOMM40L|chr1:161185204-161186433:.	-0.03940443213646993	.	chr1:161185204-161186433	chr1	161225939	161225940	+	NA	NA	TOMM40L	ENSG00000158882	NA	CAATGGGGAAGGTACTCAATNGG;TGGCCCCAGCAACAGTCAATNGG	FALSE	0.732	0.9686652078774618	TRUE	NA	Morris et al., 2023	-40121	NA	112	TRUE	0.9686652078774618	FALSE	0.05	0.08	0.09	0.2	0.33	0.31	0.48	0.98	0.05	0.08	0.09	0.2	0.33	0.31	0.48	0.98	922
chr1	161185204	161186433	UFC1|chr1:161185204-161186433:.	-0.0014766569883684	.	chr1:161185204-161186433	chr1	161152776	161152777	+	NA	NA	UFC1	ENSG00000143222	NA	CAATGGGGAAGGTACTCAATNGG;TGGCCCCAGCAACAGTCAATNGG	FALSE	0.884	0.9882502266545784	TRUE	NA	Morris et al., 2023	33042	NA	907	TRUE	0.9882502266545784	FALSE	0.33	0.33	0.54	0.67	0.8	0.92	0.96	1	0.33	0.33	0.54	0.67	0.8	0.92	0.96	1	922
chr1	161185204	161186433	USF1|chr1:161185204-161186433:.	0.0513462812586547	.	chr1:161185204-161186433	chr1	161045977	161045978	-	NA	NA	USF1	ENSG00000158773	NA	CAATGGGGAAGGTACTCAATNGG;TGGCCCCAGCAACAGTCAATNGG	FALSE	0.636	0.95795	TRUE	NA	Morris et al., 2023	-139841	NA	140	TRUE	0.9579500000000001	FALSE	0.06	0.08	0.09	0.23	0.31	0.43	0.53	1	0.06	0.08	0.09	0.23	0.31	0.43	0.53	1	922
chr1	161185204	161186433	USP21|chr1:161185204-161186433:.	-0.13638847984207736	.	chr1:161185204-161186433	chr1	161159450	161159451	+	NA	NA	USP21	ENSG00000143258	NA	CAATGGGGAAGGTACTCAATNGG;TGGCCCCAGCAACAGTCAATNGG	FALSE	0.12	0.6767772511848341	TRUE	NA	Morris et al., 2023	26368	NA	234	TRUE	0.6767772511848341	FALSE	0.1	0.14	0.14	0.28	0.36	0.58	0.79	1	0.1	0.14	0.14	0.28	0.36	0.58	0.79	1	922
chr1	161185204	161186433	VANGL2|chr1:161185204-161186433:.	0.18616396111948497	.	chr1:161185204-161186433	chr1	160400586	160400587	+	NA	NA	VANGL2	ENSG00000162738	NA	CAATGGGGAAGGTACTCAATNGG;TGGCCCCAGCAACAGTCAATNGG	FALSE	0.344	0.8349193548387097	TRUE	NA	Morris et al., 2023	785232	NA	52	TRUE	0.8349193548387097	FALSE	0	0.02	0.02	0.06	0.06	0.11	0.19	0.71	0	0.02	0.02	0.06	0.06	0.11	0.19	0.71	922
chr1	182330138	182330815	DHX9|chr1:182330138-182330815:.	0.05365128652581896	.	chr1:182330138-182330815	chr1	182839369	182839370	+	NA	NA	DHX9	ENSG00000135829	NA	GGACCATCAAATCCTAGGGTNGG;GACCATCAAATCCTAGGGTTNGG	FALSE	0.116	0.6604784688995216	TRUE	NA	Morris et al., 2023	-508893	NA	522	TRUE	0.6604784688995216	FALSE	0.24	0.35	0.35	0.58	0.66	0.88	0.91	1	0.24	0.35	0.35	0.58	0.66	0.88	0.91	1	598
chr1	182330138	182330815	GLUL|chr1:182330138-182330815:.	-0.13806632972300625	.	chr1:182330138-182330815	chr1	182392206	182392207	-	NA	NA	GLUL	ENSG00000135821	NA	GGACCATCAAATCCTAGGGTNGG;GACCATCAAATCCTAGGGTTNGG	TRUE	9.197112864354068e-4	0.02545247513623567	TRUE	NA	Morris et al., 2023	61730	NA	561	TRUE	0.025452475136235674	TRUE	0.32	0.19	0.38	0.49	0.76	0.85	0.94	1	0.32	0.19	0.38	0.49	0.76	0.85	0.94	1	598
chr1	182330138	182330815	LAMC1|chr1:182330138-182330815:.	0.1289485180261165	.	chr1:182330138-182330815	chr1	183023460	183023461	+	NA	NA	LAMC1	ENSG00000135862	NA	GGACCATCAAATCCTAGGGTNGG;GACCATCAAATCCTAGGGTTNGG	FALSE	0.816	0.9832432432432432	TRUE	NA	Morris et al., 2023	-692984	NA	8	TRUE	0.9832432432432433	FALSE	0	0	0	0	0.01	0.02	0.02	0.06	0	0	0	0	0.01	0.02	0.02	0.06	598
chr1	182330138	182330815	NPL|chr1:182330138-182330815:.	-0.1342291268568917	.	chr1:182330138-182330815	chr1	182789293	182789294	+	NA	NA	NPL	ENSG00000135838	NA	GGACCATCAAATCCTAGGGTNGG;GACCATCAAATCCTAGGGTTNGG	FALSE	0.092	0.6015384615384615	TRUE	NA	Morris et al., 2023	-458817	NA	258	TRUE	0.6015384615384615	FALSE	0.09	0.1	0.14	0.3	0.46	0.64	0.8	0.99	0.09	0.1	0.14	0.3	0.46	0.64	0.8	0.99	598
chr1	182330138	182330815	RGS16|chr1:182330138-182330815:.	0.5074671966114419	.	chr1:182330138-182330815	chr1	182604408	182604409	-	NA	NA	RGS16	ENSG00000143333	NA	GGACCATCAAATCCTAGGGTNGG;GACCATCAAATCCTAGGGTTNGG	FALSE	0.1	0.6329787234042553	TRUE	NA	Morris et al., 2023	273932	NA	28	TRUE	0.6329787234042553	FALSE	0.01	0.01	0.01	0.02	0.03	0.04	0.05	0.29	0.01	0.01	0.01	0.02	0.03	0.04	0.05	0.29	598
chr1	182330138	182330815	RNASEL|chr1:182330138-182330815:.	-0.30823395418304544	.	chr1:182330138-182330815	chr1	182589256	182589257	-	NA	NA	RNASEL	ENSG00000135828	NA	GGACCATCAAATCCTAGGGTNGG;GACCATCAAATCCTAGGGTTNGG	FALSE	0.032	0.3626666666666667	TRUE	NA	Morris et al., 2023	258780	NA	99	TRUE	0.3626666666666667	FALSE	0.03	0.06	0.04	0.15	0.23	0.39	0.49	0.99	0.03	0.06	0.04	0.15	0.23	0.39	0.49	0.99	598
chr1	198633564	198634324	C1orf53|chr1:198633564-198634324:.	-0.2649632819765826	.	chr1:198633564-198634324	chr1	197902647	197902648	+	NA	NA	C1orf53	ENSG00000203724	NA	CCATTTAATACACTTCCACCNGG;CCAGGTGGAAGTGTATTAAANGG	FALSE	0.048	0.4687878787878788	TRUE	NA	Morris et al., 2023	731297	NA	97	TRUE	0.4687878787878788	FALSE	0.04	0.09	0.06	0.18	0.26	0.41	0.53	0.98	0.04	0.09	0.06	0.18	0.26	0.41	0.53	0.98	493
chr1	198633564	198634324	DENND1B|chr1:198633564-198634324:.	-0.12122276930768772	.	chr1:198633564-198634324	chr1	197775696	197775697	-	NA	NA	DENND1B	ENSG00000213047	NA	CCATTTAATACACTTCCACCNGG;CCAGGTGGAAGTGTATTAAANGG	FALSE	0.38	0.8582156133828998	TRUE	NA	Morris et al., 2023	-858248	NA	103	TRUE	0.8582156133828998	FALSE	0.05	0.05	0.09	0.16	0.29	0.5	0.6	0.99	0.05	0.05	0.09	0.16	0.29	0.5	0.6	0.99	493
chr1	198633564	198634324	NEK7|chr1:198633564-198634324:.	-0.14354238775872963	.	chr1:198633564-198634324	chr1	198156963	198156964	+	NA	NA	NEK7	ENSG00000151414	NA	CCATTTAATACACTTCCACCNGG;CCAGGTGGAAGTGTATTAAANGG	FALSE	0.164	0.6945195729537368	TRUE	NA	Morris et al., 2023	476981	NA	142	TRUE	0.6945195729537368	FALSE	0.04	0.07	0.12	0.23	0.34	0.51	0.62	0.99	0.04	0.07	0.12	0.23	0.34	0.51	0.62	0.99	493
chr1	198633564	198634324	PTPRC|chr1:198633564-198634324:.	-1.942159352813695	.	chr1:198633564-198634324	chr1	198638457	198638458	+	NA	NA	PTPRC	ENSG00000081237	NA	CCATTTAATACACTTCCACCNGG;CCAGGTGGAAGTGTATTAAANGG	TRUE	3.0828566215145976e-44	1.5007906552918786e-41	TRUE	NA	Morris et al., 2023	-4513	NA	138	TRUE	1.500790655291879e-41	TRUE	0.14	0.15	0.22	0.33	0.52	0.73	0.8	1	0.14	0.15	0.22	0.33	0.52	0.73	0.8	1	493
chr1	198641303	198641996	C1orf53|chr1:198641303-198641996:.	0.33318396499765335	.	chr1:198641303-198641996	chr1	197902647	197902648	+	NA	NA	C1orf53	ENSG00000203724	NA	GCCGTGGCAAAGATTAACTTNGG;CATTGATGGCTCTCTACATTNGG	TRUE	0.00398823219880186	0.08629084211953136	TRUE	NA	Morris et al., 2023	739002	NA	137	TRUE	0.08629084211953116	TRUE	0.02	0.03	0.12	0.13	0.31	0.43	0.61	1	0.02	0.03	0.12	0.13	0.31	0.43	0.61	1	497
chr1	198641303	198641996	DENND1B|chr1:198641303-198641996:.	0.26162017964980055	.	chr1:198641303-198641996	chr1	197775696	197775697	-	NA	NA	DENND1B	ENSG00000213047	NA	GCCGTGGCAAAGATTAACTTNGG;CATTGATGGCTCTCTACATTNGG	FALSE	0.028	0.3332	TRUE	NA	Morris et al., 2023	-865953	NA	126	TRUE	0.3332	FALSE	0.04	0.07	0.13	0.15	0.33	0.54	0.56	0.98	0.04	0.07	0.13	0.15	0.33	0.54	0.56	0.98	497
chr1	198641303	198641996	NEK7|chr1:198641303-198641996:.	-0.10951857342929784	.	chr1:198641303-198641996	chr1	198156963	198156964	+	NA	NA	NEK7	ENSG00000151414	NA	GCCGTGGCAAAGATTAACTTNGG;CATTGATGGCTCTCTACATTNGG	FALSE	0.264	0.7834413965087282	TRUE	NA	Morris et al., 2023	484686	NA	146	TRUE	0.7834413965087282	FALSE	0.04	0.07	0.09	0.2	0.39	0.65	0.76	0.98	0.04	0.07	0.09	0.2	0.39	0.65	0.76	0.98	497
chr1	198641303	198641996	PTPRC|chr1:198641303-198641996:.	-0.8166399452036077	.	chr1:198641303-198641996	chr1	198638457	198638458	+	NA	NA	PTPRC	ENSG00000081237	NA	GCCGTGGCAAAGATTAACTTNGG;CATTGATGGCTCTCTACATTNGG	TRUE	3.404367359208147e-16	3.116305505736688e-14	overlaps target gene intron	NA	Morris et al., 2023	3192	NA	205	TRUE	3.116305505736688e-14	TRUE	0.12	0.05	0.16	0.3	0.56	0.68	0.87	1	0.12	0.05	0.16	0.3	0.56	0.68	0.87	1	497
chr1	198649912	198651029	C1orf53|chr1:198649912-198651029:.	0.14606160475609253	.	chr1:198649912-198651029	chr1	197902647	197902648	+	NA	NA	C1orf53	ENSG00000203724	NA	TAACAGCCCAAACATAACTCNGG;AGAAATCCGTTGGAGATAAGNGG	FALSE	0.132	0.6923636363636364	TRUE	NA	Morris et al., 2023	747823	NA	147	TRUE	0.6923636363636364	FALSE	0.08	0.15	0.12	0.2	0.34	0.58	0.59	0.99	0.08	0.15	0.12	0.2	0.34	0.58	0.59	0.99	600
chr1	198649912	198651029	DENND1B|chr1:198649912-198651029:.	0.04833085482649624	.	chr1:198649912-198651029	chr1	197775696	197775697	-	NA	NA	DENND1B	ENSG00000213047	NA	TAACAGCCCAAACATAACTCNGG;AGAAATCCGTTGGAGATAAGNGG	FALSE	0.652	0.9614374225526642	TRUE	NA	Morris et al., 2023	-874774	NA	147	TRUE	0.9614374225526642	FALSE	0.1	0.16	0.11	0.24	0.37	0.53	0.61	0.99	0.1	0.16	0.11	0.24	0.37	0.53	0.61	0.99	600
chr1	198649912	198651029	NEK7|chr1:198649912-198651029:.	-0.00509471170636111	.	chr1:198649912-198651029	chr1	198156963	198156964	+	NA	NA	NEK7	ENSG00000151414	NA	TAACAGCCCAAACATAACTCNGG;AGAAATCCGTTGGAGATAAGNGG	FALSE	0.964	0.9999658411614004	TRUE	NA	Morris et al., 2023	493507	NA	180	TRUE	0.9999658411614004	FALSE	0.16	0.2	0.21	0.3	0.52	0.55	0.67	0.99	0.16	0.2	0.21	0.3	0.52	0.55	0.67	0.99	600
chr1	198649912	198651029	PTPRC|chr1:198649912-198651029:.	-0.4208373469340511	.	chr1:198649912-198651029	chr1	198638457	198638458	+	NA	NA	PTPRC	ENSG00000081237	NA	TAACAGCCCAAACATAACTCNGG;AGAAATCCGTTGGAGATAAGNGG	TRUE	9.210685375000502e-7	5.1234079592487235e-5	overlaps target gene intron	NA	Morris et al., 2023	12013	NA	319	TRUE	5.1234079592487235e-5	TRUE	0.18	0.17	0.19	0.4	0.49	0.62	0.84	1	0.18	0.17	0.19	0.4	0.49	0.62	0.84	1	600
chr1	198668874	198669521	C1orf53|chr1:198668874-198669521:.	0.01308004827818698	.	chr1:198668874-198669521	chr1	197902647	197902648	+	NA	NA	C1orf53	ENSG00000203724	NA	GTACCCAAAACTAGCAGATTNGG;AGTACCCAAAACTAGCAGATNGG	FALSE	0.848	0.9832432432432432	TRUE	NA	Morris et al., 2023	766550	NA	134	TRUE	0.9832432432432433	FALSE	0.07	0.05	0.06	0.16	0.42	0.45	0.65	1	0.07	0.05	0.06	0.16	0.42	0.45	0.65	1	602
chr1	198668874	198669521	DENND1B|chr1:198668874-198669521:.	-0.02559324112920458	.	chr1:198668874-198669521	chr1	197775696	197775697	-	NA	NA	DENND1B	ENSG00000213047	NA	GTACCCAAAACTAGCAGATTNGG;AGTACCCAAAACTAGCAGATNGG	FALSE	0.828	0.9832432432432432	TRUE	NA	Morris et al., 2023	-893501	NA	136	TRUE	0.9832432432432433	FALSE	0.04	0.07	0.05	0.16	0.38	0.5	0.69	1	0.04	0.07	0.05	0.16	0.38	0.5	0.69	1	602
chr1	198668874	198669521	NEK7|chr1:198668874-198669521:.	-0.06932150939306347	.	chr1:198668874-198669521	chr1	198156963	198156964	+	NA	NA	NEK7	ENSG00000151414	NA	GTACCCAAAACTAGCAGATTNGG;AGTACCCAAAACTAGCAGATNGG	FALSE	0.432	0.8808828522920205	TRUE	NA	Morris et al., 2023	512234	NA	171	TRUE	0.8808828522920205	FALSE	0.04	0.07	0.14	0.27	0.37	0.47	0.81	1	0.04	0.07	0.14	0.27	0.37	0.47	0.81	1	602
chr1	198668874	198669521	PTPRC|chr1:198668874-198669521:.	-0.17691739290067565	.	chr1:198668874-198669521	chr1	198638457	198638458	+	NA	NA	PTPRC	ENSG00000081237	NA	GTACCCAAAACTAGCAGATTNGG;AGTACCCAAAACTAGCAGATNGG	FALSE	0.01512328456974092	0.2307270338204064	overlaps target gene intron	NA	Morris et al., 2023	30740	NA	346	TRUE	0.23072703382040635	FALSE	0.14	0.19	0.19	0.32	0.4	0.77	0.93	1	0.14	0.19	0.19	0.32	0.4	0.77	0.93	1	602
chr1	198681062	198681708	C1orf53|chr1:198681062-198681708:.	-0.09300566461612304	.	chr1:198681062-198681708	chr1	197902647	197902648	+	NA	NA	C1orf53	ENSG00000203724	NA	GTAGGGTCGTATTTCATATGNGG;TGAAATACGACCCTACCAGTNGG	FALSE	0.452	0.8920193861066237	TRUE	NA	Morris et al., 2023	778738	NA	120	TRUE	0.8920193861066237	FALSE	0.06	0.07	0.09	0.17	0.36	0.37	0.66	0.98	0.06	0.07	0.09	0.17	0.36	0.37	0.66	0.98	547
chr1	198681062	198681708	DENND1B|chr1:198681062-198681708:.	0.15683734715371878	.	chr1:198681062-198681708	chr1	197775696	197775697	-	NA	NA	DENND1B	ENSG00000213047	NA	GTAGGGTCGTATTTCATATGNGG;TGAAATACGACCCTACCAGTNGG	FALSE	0.148	0.6923636363636364	TRUE	NA	Morris et al., 2023	-905689	NA	148	TRUE	0.6923636363636364	FALSE	0.04	0.1	0.1	0.2	0.27	0.52	0.63	0.97	0.04	0.1	0.1	0.2	0.27	0.52	0.63	0.97	547
chr1	198681062	198681708	NEK7|chr1:198681062-198681708:.	0.11259176114725045	.	chr1:198681062-198681708	chr1	198156963	198156964	+	NA	NA	NEK7	ENSG00000151414	NA	GTAGGGTCGTATTTCATATGNGG;TGAAATACGACCCTACCAGTNGG	FALSE	0.236	0.7610840108401083	TRUE	NA	Morris et al., 2023	524422	NA	184	TRUE	0.7610840108401083	FALSE	0.04	0.11	0.11	0.25	0.41	0.53	0.79	1	0.04	0.11	0.11	0.25	0.41	0.53	0.79	1	547
chr1	198681062	198681708	PTPRC|chr1:198681062-198681708:.	-0.5715453717285724	.	chr1:198681062-198681708	chr1	198638457	198638458	+	NA	NA	PTPRC	ENSG00000081237	NA	GTAGGGTCGTATTTCATATGNGG;TGAAATACGACCCTACCAGTNGG	TRUE	1.3017039339955188e-10	8.60570934141482e-9	overlaps target gene intron	NA	Morris et al., 2023	42928	NA	291	TRUE	8.605709341414818e-9	TRUE	0.11	0.14	0.14	0.31	0.56	0.66	0.83	1	0.11	0.14	0.14	0.31	0.56	0.66	0.83	1	547
chr1	207647062	207649041	CD46|chr1:207647062-207649041:.	-0.20146333498064423	.	chr1:207647062-207649041	chr1	207752057	207752058	+	NA	NA	CD46	ENSG00000117335	NA	CATTATCTTCTTCAACTTCCNGG	FALSE	0.224	0.7445810055865922	TRUE	NA	Morris et al., 2023	-104006	NA	35	TRUE	0.7445810055865922	FALSE	0.06	0.03	0.07	0.1	0.24	0.24	0.34	0.88	0.06	0.03	0.07	0.1	0.24	0.24	0.34	0.88	55
chr1	207647062	207649041	CD55|chr1:207647062-207649041:.	-1.1260749085659465	.	chr1:207647062-207649041	chr1	207321376	207321377	+	NA	NA	CD55	ENSG00000196352	NA	CATTATCTTCTTCAACTTCCNGG	FALSE	0.052	0.4687878787878788	TRUE	NA	Morris et al., 2023	326675	NA	8	TRUE	0.4687878787878788	FALSE	0.02	0.02	0	0.02	0.03	0.05	0.09	0.36	0.02	0.02	0	0.02	0.03	0.05	0.09	0.36	55
chr1	207647062	207649041	CR1L|chr1:207647062-207649041:.	-0.05941623991380845	.	chr1:207647062-207649041	chr1	207645113	207645114	+	NA	NA	CR1L	ENSG00000197721	NA	CATTATCTTCTTCAACTTCCNGG	FALSE	0.788	0.9807284079084286	overlaps target gene intron	NA	Morris et al., 2023	2938	NA	24	TRUE	0.9807284079084286	FALSE	0	0.01	0.02	0.08	0.09	0.1	0.18	0.64	0	0.01	0.02	0.08	0.09	0.1	0.18	0.64	55
chr1	207647062	207649041	MAPKAPK2|chr1:207647062-207649041:.	0.0823609498128326	.	chr1:207647062-207649041	chr1	206684944	206684945	+	NA	NA	MAPKAPK2	ENSG00000162889	NA	CATTATCTTCTTCAACTTCCNGG	FALSE	0.848	0.9832432432432432	TRUE	NA	Morris et al., 2023	963107	NA	19	TRUE	0.9832432432432433	FALSE	0.01	0.03	0.01	0.05	0.08	0.12	0.09	0.47	0.01	0.03	0.01	0.05	0.08	0.12	0.09	0.47	55
chr1	207647062	207649041	PFKFB2|chr1:207647062-207649041:.	0.03237916081007341	.	chr1:207647062-207649041	chr1	207034366	207034367	+	NA	NA	PFKFB2	ENSG00000123836	NA	CATTATCTTCTTCAACTTCCNGG	FALSE	0.98	0.9999658411614004	TRUE	NA	Morris et al., 2023	613685	NA	15	TRUE	0.9999658411614004	FALSE	0.03	0.02	0.01	0.04	0.05	0.07	0.1	0.37	0.03	0.02	0.01	0.04	0.05	0.07	0.1	0.37	55
chr1	207647062	207649041	YOD1|chr1:207647062-207649041:.	-0.2499968055010567	.	chr1:207647062-207649041	chr1	207052980	207052981	-	NA	NA	YOD1	ENSG00000180667	NA	CATTATCTTCTTCAACTTCCNGG	FALSE	0.38	0.8582156133828998	TRUE	NA	Morris et al., 2023	-595071	NA	21	TRUE	0.8582156133828998	FALSE	0.02	0.01	0.05	0.05	0.07	0.12	0.18	0.66	0.02	0.01	0.05	0.05	0.07	0.12	0.18	0.66	55
chr1	226349668	226350836	ACBD3|chr1:226349668-226350836:.	-0.06109680180200622	.	chr1:226349668-226350836	chr1	226186730	226186731	-	NA	NA	ACBD3	ENSG00000182827	NA	CTTATCTTCAGTCAGCCGGCNGG;GAACTGTACAGCGTTCTTATNGG	FALSE	0.712	0.9686652078774618	TRUE	NA	Morris et al., 2023	-163522	NA	36	TRUE	0.9686652078774618	FALSE	0.01	0.03	0.03	0.04	0.11	0.08	0.24	0.82	0.01	0.03	0.03	0.04	0.11	0.08	0.24	0.82	70
chr1	226349668	226350836	CDC42BPA|chr1:226349668-226350836:.	0.14437222802066962	.	chr1:226349668-226350836	chr1	227318474	227318475	-	NA	NA	CDC42BPA	ENSG00000143776	NA	CTTATCTTCAGTCAGCCGGCNGG;GAACTGTACAGCGTTCTTATNGG	FALSE	0.356	0.8388910891089109	TRUE	NA	Morris et al., 2023	968222	NA	48	TRUE	0.8388910891089109	FALSE	0.03	0.01	0.03	0.04	0.11	0.18	0.32	0.9	0.03	0.01	0.03	0.04	0.11	0.18	0.32	0.9	70
chr1	226349668	226350836	COQ8A|chr1:226349668-226350836:.	-0.15217221019197957	.	chr1:226349668-226350836	chr1	226897536	226897537	+	NA	NA	COQ8A	ENSG00000163050	NA	CTTATCTTCAGTCAGCCGGCNGG;GAACTGTACAGCGTTCTTATNGG	FALSE	0.736	0.9686652078774618	TRUE	NA	Morris et al., 2023	-547284	NA	11	TRUE	0.9686652078774618	FALSE	0	0	0.03	0	0.03	0.03	0.02	0.23	0	0	0.03	0	0.03	0.03	0.02	0.23	70
chr1	226349668	226350836	EPHX1|chr1:226349668-226350836:.	0.2725343164717191	.	chr1:226349668-226350836	chr1	225810092	225810093	+	NA	NA	EPHX1	ENSG00000143819	NA	CTTATCTTCAGTCAGCCGGCNGG;GAACTGTACAGCGTTCTTATNGG	FALSE	0.28	0.7951999999999999	TRUE	NA	Morris et al., 2023	540160	NA	22	TRUE	0.7951999999999999	FALSE	0.01	0.02	0.03	0	0.03	0.07	0.07	0.52	0.01	0.02	0.03	0	0.03	0.07	0.07	0.52	70
chr1	226349668	226350836	H3F3A|chr1:226349668-226350836:.	0.08455355985924218	.	chr1:226349668-226350836	chr1	226061851	226061852	+	NA	NA	H3F3A	ENSG00000163041	NA	CTTATCTTCAGTCAGCCGGCNGG;GAACTGTACAGCGTTCTTATNGG	FALSE	0.152	0.6923636363636364	TRUE	NA	Morris et al., 2023	288401	NA	70	TRUE	0.6923636363636364	FALSE	0.09	0.11	0.06	0.24	0.32	0.65	0.83	1	0.09	0.11	0.06	0.24	0.32	0.65	0.83	1	70
chr1	226349668	226350836	LBR|chr1:226349668-226350836:.	-0.116563158612632	.	chr1:226349668-226350836	chr1	225428925	225428926	-	NA	NA	LBR	ENSG00000143815	NA	CTTATCTTCAGTCAGCCGGCNGG;GAACTGTACAGCGTTCTTATNGG	FALSE	0.484	0.8985335413416536	TRUE	NA	Morris et al., 2023	-921327	NA	47	TRUE	0.8985335413416536	FALSE	0.04	0.12	0.03	0.06	0.2	0.3	0.47	0.96	0.04	0.12	0.03	0.06	0.2	0.3	0.47	0.96	70
chr1	226349668	226350836	LIN9|chr1:226349668-226350836:.	-0.511993860523906	.	chr1:226349668-226350836	chr1	226309869	226309870	-	NA	NA	LIN9	ENSG00000183814	NA	CTTATCTTCAGTCAGCCGGCNGG;GAACTGTACAGCGTTCTTATNGG	FALSE	0.08	0.5633136094674557	TRUE	NA	Morris et al., 2023	-40383	NA	20	TRUE	0.5633136094674557	FALSE	0	0.02	0.02	0.02	0.05	0.07	0.11	0.56	0	0.02	0.02	0.02	0.05	0.07	0.11	0.56	70
chr1	226349668	226350836	PARP1|chr1:226349668-226350836:.	0.0390803334285712	.	chr1:226349668-226350836	chr1	226408079	226408080	-	NA	NA	PARP1	ENSG00000143799	NA	CTTATCTTCAGTCAGCCGGCNGG;GAACTGTACAGCGTTCTTATNGG	FALSE	0.488	0.9017391304347826	TRUE	NA	Morris et al., 2023	57827	NA	68	TRUE	0.9017391304347826	FALSE	0.05	0.07	0.17	0.19	0.33	0.57	0.76	0.99	0.05	0.07	0.17	0.19	0.33	0.57	0.76	0.99	70
chr1	226349668	226350836	PSEN2|chr1:226349668-226350836:.	0.0841997269352075	.	chr1:226349668-226350836	chr1	226870184	226870185	+	NA	NA	PSEN2	ENSG00000143801	NA	CTTATCTTCAGTCAGCCGGCNGG;GAACTGTACAGCGTTCTTATNGG	FALSE	0.736	0.9686652078774618	TRUE	NA	Morris et al., 2023	-519932	NA	14	TRUE	0.9686652078774618	FALSE	0	0	0.01	0.03	0.01	0.02	0.04	0.2	0	0	0.01	0.03	0.01	0.02	0.04	0.2	70
chr1	226349668	226350836	PYCR2|chr1:226349668-226350836:.	-0.0440600019669406	.	chr1:226349668-226350836	chr1	225924340	225924341	-	NA	NA	PYCR2	ENSG00000143811	NA	CTTATCTTCAGTCAGCCGGCNGG;GAACTGTACAGCGTTCTTATNGG	FALSE	0.816	0.9832432432432432	TRUE	NA	Morris et al., 2023	-425912	NA	63	TRUE	0.9832432432432433	FALSE	0.02	0.07	0.04	0.19	0.26	0.51	0.62	1	0.02	0.07	0.04	0.19	0.26	0.51	0.62	1	70
chr1	226349668	226350836	SDE2|chr1:226349668-226350836:.	0.04200327238659665	.	chr1:226349668-226350836	chr1	225999331	225999332	-	NA	NA	SDE2	ENSG00000143751	NA	CTTATCTTCAGTCAGCCGGCNGG;GAACTGTACAGCGTTCTTATNGG	FALSE	0.7	0.9686652078774618	TRUE	NA	Morris et al., 2023	-350921	NA	37	TRUE	0.9686652078774618	FALSE	0	0.03	0.04	0.07	0.13	0.16	0.17	0.85	0	0.03	0.04	0.07	0.13	0.16	0.17	0.85	70
chr1	226349668	226350836	SRP9|chr1:226349668-226350836:.	0.08150683115679813	.	chr1:226349668-226350836	chr1	225777813	225777814	+	NA	NA	SRP9	ENSG00000143742	NA	CTTATCTTCAGTCAGCCGGCNGG;GAACTGTACAGCGTTCTTATNGG	FALSE	0.184	0.7226402640264026	TRUE	NA	Morris et al., 2023	572439	NA	70	TRUE	0.7226402640264026	FALSE	0.08	0.11	0.18	0.2	0.55	0.51	0.81	1	0.08	0.11	0.18	0.2	0.55	0.51	0.81	1	70
chr1	226349668	226350836	TMEM63A|chr1:226349668-226350836:.	-0.6242040031977272	.	chr1:226349668-226350836	chr1	225882369	225882370	-	NA	NA	TMEM63A	ENSG00000196187	NA	CTTATCTTCAGTCAGCCGGCNGG;GAACTGTACAGCGTTCTTATNGG	FALSE	0.172	0.708235294117647	TRUE	NA	Morris et al., 2023	-467883	NA	11	TRUE	0.708235294117647	FALSE	0.02	0	0	0	0.02	0.02	0.06	0.29	0.02	0	0	0	0.02	0.02	0.06	0.29	70
chr10	69334099	69335586	AIFM2|chr10:69334099-69335586:.	0.0598764606657185	.	chr10:69334099-69335586	chr10	70132934	70132935	-	NA	NA	AIFM2	ENSG00000042286	NA	TAGTGAACACCTAAGGCCGANGG;ATGTAGGAGTCGATCTGCCTNGG	FALSE	0.512	0.9245523520485583	TRUE	NA	Morris et al., 2023	798092	NA	134	TRUE	0.9245523520485585	FALSE	0.09	0.09	0.13	0.2	0.44	0.43	0.68	0.99	0.09	0.09	0.13	0.2	0.44	0.43	0.68	0.99	332
chr10	69334099	69335586	AL513534.1|chr10:69334099-69335586:.	-0.5384868313111317	.	chr10:69334099-69335586	chr10	68698500	68698501	+	NA	NA	AL513534.1	ENSG00000260400	NA	TAGTGAACACCTAAGGCCGANGG;ATGTAGGAGTCGATCTGCCTNGG	FALSE	0.216	0.7445810055865922	TRUE	NA	Morris et al., 2023	636342	NA	8	TRUE	0.7445810055865922	FALSE	0.01	0.01	0	0.02	0.03	0.04	0.11	0.26	0.01	0.01	0	0.02	0.03	0.04	0.11	0.26	332
chr10	69334099	69335586	CCAR1|chr10:69334099-69335586:.	0.01560404889355382	.	chr10:69334099-69335586	chr10	68721012	68721013	+	NA	NA	CCAR1	ENSG00000060339	NA	TAGTGAACACCTAAGGCCGANGG;ATGTAGGAGTCGATCTGCCTNGG	FALSE	0.92	0.989873417721519	TRUE	NA	Morris et al., 2023	613830	NA	279	TRUE	0.989873417721519	FALSE	0.24	0.27	0.31	0.44	0.61	0.82	0.9	0.99	0.24	0.27	0.31	0.44	0.61	0.82	0.9	0.99	332
chr10	69334099	69335586	DDX21|chr10:69334099-69335586:.	0.04228303996500049	.	chr10:69334099-69335586	chr10	68956128	68956129	+	NA	NA	DDX21	ENSG00000165732	NA	TAGTGAACACCTAAGGCCGANGG;ATGTAGGAGTCGATCTGCCTNGG	FALSE	0.092	0.6015384615384615	TRUE	NA	Morris et al., 2023	378714	NA	326	TRUE	0.6015384615384615	FALSE	0.2	0.26	0.35	0.46	0.63	0.79	0.83	1	0.2	0.26	0.35	0.46	0.63	0.79	0.83	1	332
chr10	69334099	69335586	DDX50|chr10:69334099-69335586:.	0.06395940606745137	.	chr10:69334099-69335586	chr10	68901278	68901279	+	NA	NA	DDX50	ENSG00000107625	NA	TAGTGAACACCTAAGGCCGANGG;ATGTAGGAGTCGATCTGCCTNGG	FALSE	0.452	0.8920193861066237	TRUE	NA	Morris et al., 2023	433564	NA	189	TRUE	0.8920193861066237	FALSE	0.13	0.2	0.22	0.36	0.46	0.63	0.76	1	0.13	0.2	0.22	0.36	0.46	0.63	0.76	1	332
chr10	69334099	69335586	DNA2|chr10:69334099-69335586:.	-0.11760585193196826	.	chr10:69334099-69335586	chr10	68472121	68472122	-	NA	NA	DNA2	ENSG00000138346	NA	TAGTGAACACCTAAGGCCGANGG;ATGTAGGAGTCGATCTGCCTNGG	FALSE	0.48	0.8985335413416536	TRUE	NA	Morris et al., 2023	-862721	NA	81	TRUE	0.8985335413416536	FALSE	0.05	0.05	0.11	0.16	0.24	0.31	0.44	0.99	0.05	0.05	0.11	0.16	0.24	0.31	0.44	0.99	332
chr10	69334099	69335586	FAM241B|chr10:69334099-69335586:.	0.1931883187260244	.	chr10:69334099-69335586	chr10	69630251	69630252	+	NA	NA	FAM241B	ENSG00000171224	NA	TAGTGAACACCTAAGGCCGANGG;ATGTAGGAGTCGATCTGCCTNGG	FALSE	0.292	0.8043518518518519	TRUE	NA	Morris et al., 2023	-295409	NA	57	TRUE	0.8043518518518519	FALSE	0.05	0.04	0.07	0.09	0.11	0.16	0.34	0.8	0.05	0.04	0.07	0.09	0.11	0.16	0.34	0.8	332
chr10	69334099	69335586	HK1|chr10:69334099-69335586:.	-0.15328084620966587	.	chr10:69334099-69335586	chr10	69269984	69269985	+	NA	NA	HK1	ENSG00000156515	NA	TAGTGAACACCTAAGGCCGANGG;ATGTAGGAGTCGATCTGCCTNGG	FALSE	0.01824345439324568	0.25572420853238376	overlaps target gene intron	NA	Morris et al., 2023	64858	NA	255	TRUE	0.25572420853238376	FALSE	0.26	0.18	0.25	0.46	0.6	0.66	0.85	1	0.26	0.18	0.25	0.46	0.6	0.66	0.85	1	332
chr10	69334099	69335586	KIF1BP|chr10:69334099-69335586:.	0.1582329750980287	.	chr10:69334099-69335586	chr10	68988721	68988722	+	NA	NA	KIF1BP	ENSG00000198954	NA	TAGTGAACACCTAAGGCCGANGG;ATGTAGGAGTCGATCTGCCTNGG	FALSE	0.204	0.7410778443113772	TRUE	NA	Morris et al., 2023	346121	NA	89	TRUE	0.7410778443113772	FALSE	0.04	0.11	0.09	0.15	0.24	0.33	0.39	0.93	0.04	0.11	0.09	0.15	0.24	0.33	0.39	0.93	332
chr10	69334099	69335586	PPA1|chr10:69334099-69335586:.	0.05244728069411408	.	chr10:69334099-69335586	chr10	70233911	70233912	-	NA	NA	PPA1	ENSG00000180817	NA	TAGTGAACACCTAAGGCCGANGG;ATGTAGGAGTCGATCTGCCTNGG	FALSE	0.088	0.591638418079096	TRUE	NA	Morris et al., 2023	899069	NA	320	TRUE	0.591638418079096	FALSE	0.2	0.21	0.25	0.47	0.59	0.74	0.89	1	0.2	0.21	0.25	0.47	0.59	0.74	0.89	1	332
chr10	69334099	69335586	RUFY2|chr10:69334099-69335586:.	-0.05618098633096524	.	chr10:69334099-69335586	chr10	68407294	68407295	-	NA	NA	RUFY2	ENSG00000204130	NA	TAGTGAACACCTAAGGCCGANGG;ATGTAGGAGTCGATCTGCCTNGG	FALSE	0.824	0.9832432432432432	TRUE	NA	Morris et al., 2023	-927548	NA	66	TRUE	0.9832432432432433	FALSE	0.06	0.04	0.08	0.04	0.21	0.3	0.43	0.93	0.06	0.04	0.08	0.04	0.21	0.3	0.43	0.93	332
chr10	69334099	69335586	SAR1A|chr10:69334099-69335586:.	-0.01157717084968568	.	chr10:69334099-69335586	chr10	70170523	70170524	-	NA	NA	SAR1A	ENSG00000079332	NA	TAGTGAACACCTAAGGCCGANGG;ATGTAGGAGTCGATCTGCCTNGG	FALSE	0.96	0.9999658411614004	TRUE	NA	Morris et al., 2023	835681	NA	241	TRUE	0.9999658411614004	FALSE	0.17	0.25	0.23	0.43	0.55	0.67	0.77	0.99	0.17	0.25	0.23	0.43	0.55	0.67	0.77	0.99	332
chr10	69334099	69335586	SLC25A16|chr10:69334099-69335586:.	-0.09127435993579036	.	chr10:69334099-69335586	chr10	68527474	68527475	-	NA	NA	SLC25A16	ENSG00000122912	NA	TAGTGAACACCTAAGGCCGANGG;ATGTAGGAGTCGATCTGCCTNGG	FALSE	0.64	0.95795	TRUE	NA	Morris et al., 2023	-807368	NA	54	TRUE	0.9579500000000001	FALSE	0.02	0.07	0.06	0.11	0.12	0.19	0.36	0.88	0.02	0.07	0.06	0.11	0.12	0.19	0.36	0.88	332
chr10	69334099	69335586	SRGN|chr10:69334099-69335586:.	-0.03242567634552373	.	chr10:69334099-69335586	chr10	69088106	69088107	+	NA	NA	SRGN	ENSG00000122862	NA	TAGTGAACACCTAAGGCCGANGG;ATGTAGGAGTCGATCTGCCTNGG	FALSE	0.66	0.9625	TRUE	NA	Morris et al., 2023	246736	NA	271	TRUE	0.9625	FALSE	0.09	0.14	0.23	0.41	0.45	0.55	0.79	1	0.09	0.14	0.23	0.41	0.45	0.55	0.79	1	332
chr10	69334099	69335586	STOX1|chr10:69334099-69335586:.	0.4848516783363994	.	chr10:69334099-69335586	chr10	68827541	68827542	+	NA	NA	STOX1	ENSG00000165730	NA	TAGTGAACACCTAAGGCCGANGG;ATGTAGGAGTCGATCTGCCTNGG	FALSE	0.304	0.8111210762331839	TRUE	NA	Morris et al., 2023	507301	NA	9	TRUE	0.8111210762331839	FALSE	0	0.01	0.03	0.01	0.02	0.01	0.01	0.08	0	0.01	0.03	0.01	0.02	0.01	0.01	0.08	332
chr10	69334099	69335586	SUPV3L1|chr10:69334099-69335586:.	-0.21851479748676417	.	chr10:69334099-69335586	chr10	69180232	69180233	+	NA	NA	SUPV3L1	ENSG00000156502	NA	TAGTGAACACCTAAGGCCGANGG;ATGTAGGAGTCGATCTGCCTNGG	FALSE	0.032	0.3626666666666667	TRUE	NA	Morris et al., 2023	154610	NA	132	TRUE	0.3626666666666667	FALSE	0.1	0.14	0.16	0.22	0.41	0.46	0.63	0.99	0.1	0.14	0.16	0.22	0.41	0.46	0.63	0.99	332
chr10	69334099	69335586	TET1|chr10:69334099-69335586:.	0.03083694976825979	.	chr10:69334099-69335586	chr10	68560656	68560657	+	NA	NA	TET1	ENSG00000138336	NA	TAGTGAACACCTAAGGCCGANGG;ATGTAGGAGTCGATCTGCCTNGG	FALSE	0.744	0.9686652078774618	TRUE	NA	Morris et al., 2023	774186	NA	197	TRUE	0.9686652078774618	FALSE	0.2	0.19	0.13	0.25	0.48	0.64	0.72	1	0.2	0.19	0.13	0.25	0.48	0.64	0.72	1	332
chr10	69334099	69335586	TYSND1|chr10:69334099-69335586:.	-0.33242972364214385	.	chr10:69334099-69335586	chr10	70146676	70146677	-	NA	NA	TYSND1	ENSG00000156521	NA	TAGTGAACACCTAAGGCCGANGG;ATGTAGGAGTCGATCTGCCTNGG	FALSE	0.536	0.938	TRUE	NA	Morris et al., 2023	811834	NA	8	TRUE	0.9380000000000001	FALSE	0.01	0	0.01	0	0	0.03	0.03	0.18	0.01	0	0.01	0	0	0.03	0.03	0.18	332
chr10	69334099	69335586	VPS26A|chr10:69334099-69335586:.	0.066414705375615	.	chr10:69334099-69335586	chr10	69123512	69123513	+	NA	NA	VPS26A	ENSG00000122958	NA	TAGTGAACACCTAAGGCCGANGG;ATGTAGGAGTCGATCTGCCTNGG	FALSE	0.312	0.8124288840262582	TRUE	NA	Morris et al., 2023	211330	NA	255	TRUE	0.8124288840262582	FALSE	0.26	0.21	0.32	0.47	0.52	0.68	0.81	1	0.26	0.21	0.32	0.47	0.52	0.68	0.81	1	332
chr10	92755668	92757563	BTAF1|chr10:92755668-92757563:.	0.07881203749793686	.	chr10:92755668-92757563	chr10	91923769	91923770	+	NA	NA	BTAF1	ENSG00000095564	NA	TTTCTGAAAGCGCGAGCTAGNGG;CTAGCTCGCGCTTTCAGAAANGG	FALSE	0.272	0.7951999999999999	TRUE	NA	Morris et al., 2023	832846	NA	228	TRUE	0.7951999999999999	FALSE	0.07	0.08	0.17	0.21	0.46	0.61	0.74	1	0.07	0.08	0.17	0.21	0.46	0.61	0.74	1	948
chr10	92755668	92757563	CEP55|chr10:92755668-92757563:.	0.05739624703195312	.	chr10:92755668-92757563	chr10	93496632	93496633	+	NA	NA	CEP55	ENSG00000138180	NA	TTTCTGAAAGCGCGAGCTAGNGG;CTAGCTCGCGCTTTCAGAAANGG	FALSE	0.62	0.9568447837150128	TRUE	NA	Morris et al., 2023	-740017	NA	190	TRUE	0.9568447837150128	FALSE	0.1	0.11	0.11	0.14	0.41	0.47	0.69	0.99	0.1	0.11	0.11	0.14	0.41	0.47	0.69	0.99	948
chr10	92755668	92757563	CPEB3|chr10:92755668-92757563:.	0.2715313323401567	.	chr10:92755668-92757563	chr10	92291087	92291088	-	NA	NA	CPEB3	ENSG00000107864	NA	TTTCTGAAAGCGCGAGCTAGNGG;CTAGCTCGCGCTTTCAGAAANGG	FALSE	0.236	0.7610840108401083	TRUE	NA	Morris et al., 2023	-465528	NA	32	TRUE	0.7610840108401083	FALSE	0.02	0.02	0	0.06	0.02	0.13	0.11	0.54	0.02	0.02	0	0.06	0.02	0.13	0.11	0.54	948
chr10	92755668	92757563	CYP26A1|chr10:92755668-92757563:.	-0.9210926044405	.	chr10:92755668-92757563	chr10	93073475	93073476	+	NA	NA	CYP26A1	ENSG00000095596	NA	TTTCTGAAAGCGCGAGCTAGNGG;CTAGCTCGCGCTTTCAGAAANGG	TRUE	0.00745692565300906	0.13651910041662751	TRUE	NA	Morris et al., 2023	-316860	NA	46	TRUE	0.1365191004166274	TRUE	0.01	0.01	0.01	0.01	0.09	0.09	0.19	0.74	0.01	0.01	0.01	0.01	0.09	0.09	0.19	0.74	948
chr10	92755668	92757563	EXOC6|chr10:92755668-92757563:.	-0.3923732833824097	.	chr10:92755668-92757563	chr10	92834713	92834714	+	NA	NA	EXOC6	ENSG00000138190	NA	TTTCTGAAAGCGCGAGCTAGNGG;CTAGCTCGCGCTTTCAGAAANGG	TRUE	4.07695320629173e-10	2.5534601660458732e-8	TRUE	NA	Morris et al., 2023	-78098	NA	377	TRUE	2.553460166045873e-8	TRUE	0.22	0.19	0.24	0.41	0.6	0.65	0.87	1	0.22	0.19	0.24	0.41	0.6	0.65	0.87	1	948
chr10	92755668	92757563	FGFBP3|chr10:92755668-92757563:.	-0.03379059253917083	.	chr10:92755668-92757563	chr10	91909483	91909484	-	NA	NA	FGFBP3	ENSG00000174721	NA	TTTCTGAAAGCGCGAGCTAGNGG;CTAGCTCGCGCTTTCAGAAANGG	FALSE	0.84	0.9832432432432432	TRUE	NA	Morris et al., 2023	-847132	NA	86	TRUE	0.9832432432432433	FALSE	0.05	0.01	0.02	0.09	0.15	0.27	0.36	0.93	0.05	0.01	0.02	0.09	0.15	0.27	0.36	0.93	948
chr10	92755668	92757563	FRA10AC1|chr10:92755668-92757563:.	-0.02828335545095728	.	chr10:92755668-92757563	chr10	93702572	93702573	-	NA	NA	FRA10AC1	ENSG00000148690	NA	TTTCTGAAAGCGCGAGCTAGNGG;CTAGCTCGCGCTTTCAGAAANGG	FALSE	0.76	0.9714285714285714	TRUE	NA	Morris et al., 2023	945957	NA	383	TRUE	0.9714285714285714	FALSE	0.18	0.17	0.21	0.42	0.49	0.65	0.82	1	0.18	0.17	0.21	0.42	0.49	0.65	0.82	1	948
chr10	92755668	92757563	HHEX|chr10:92755668-92757563:.	-0.9882530816545562	.	chr10:92755668-92757563	chr10	92689951	92689952	+	NA	NA	HHEX	ENSG00000152804	NA	TTTCTGAAAGCGCGAGCTAGNGG;CTAGCTCGCGCTTTCAGAAANGG	TRUE	3.7835058536770056e-44	1.5007906552918786e-41	TRUE	NA	Morris et al., 2023	66664	NA	348	TRUE	1.500790655291879e-41	TRUE	0.16	0.26	0.16	0.46	0.56	0.85	0.9	1	0.16	0.26	0.16	0.46	0.56	0.85	0.9	1	948
chr10	92755668	92757563	IDE|chr10:92755668-92757563:.	-0.10450300825415092	.	chr10:92755668-92757563	chr10	92574076	92574077	-	NA	NA	IDE	ENSG00000119912	NA	TTTCTGAAAGCGCGAGCTAGNGG;CTAGCTCGCGCTTTCAGAAANGG	FALSE	0.168	0.708235294117647	TRUE	NA	Morris et al., 2023	-182539	NA	256	TRUE	0.708235294117647	FALSE	0.11	0.14	0.19	0.28	0.48	0.65	0.78	1	0.11	0.14	0.19	0.28	0.48	0.65	0.78	1	948
chr10	92755668	92757563	KIF11|chr10:92755668-92757563:.	-0.17994282581890708	.	chr10:92755668-92757563	chr10	92593286	92593287	+	NA	NA	KIF11	ENSG00000138160	NA	TTTCTGAAAGCGCGAGCTAGNGG;CTAGCTCGCGCTTTCAGAAANGG	FALSE	0.01869580348093898	0.25572420853238376	TRUE	NA	Morris et al., 2023	163329	NA	273	TRUE	0.25572420853238376	FALSE	0.08	0.14	0.27	0.34	0.45	0.58	0.81	0.99	0.08	0.14	0.27	0.34	0.45	0.58	0.81	0.99	948
chr10	92755668	92757563	MARCH5|chr10:92755668-92757563:.	-0.04710669412507407	.	chr10:92755668-92757563	chr10	92291163	92291164	+	NA	NA	MARCH5	ENSG00000198060	NA	TTTCTGAAAGCGCGAGCTAGNGG;CTAGCTCGCGCTTTCAGAAANGG	FALSE	0.376	0.8582156133828998	TRUE	NA	Morris et al., 2023	465452	NA	410	TRUE	0.8582156133828998	FALSE	0.18	0.15	0.18	0.45	0.6	0.88	0.85	1	0.18	0.15	0.18	0.45	0.6	0.88	0.85	1	948
chr10	92755668	92757563	TNKS2|chr10:92755668-92757563:.	-0.01946737127362152	.	chr10:92755668-92757563	chr10	91798312	91798313	+	NA	NA	TNKS2	ENSG00000107854	NA	TTTCTGAAAGCGCGAGCTAGNGG;CTAGCTCGCGCTTTCAGAAANGG	FALSE	0.752	0.9714285714285714	TRUE	NA	Morris et al., 2023	958303	NA	270	TRUE	0.9714285714285714	FALSE	0.14	0.11	0.17	0.33	0.51	0.62	0.71	1	0.14	0.11	0.17	0.33	0.51	0.62	0.71	1	948
chr10	92755668	92757563	TNKS2-AS1|chr10:92755668-92757563:.	0.9495343672268072	.	chr10:92755668-92757563	chr10	91798291	91798292	-	NA	NA	TNKS2-AS1	ENSG00000228701	NA	TTTCTGAAAGCGCGAGCTAGNGG;CTAGCTCGCGCTTTCAGAAANGG	FALSE	0.076	0.5582716049382715	TRUE	NA	Morris et al., 2023	-958324	NA	7	TRUE	0.5582716049382715	FALSE	0	0	0	0	0.02	0	0.02	0.01	0	0	0	0	0.02	0	0.02	0.01	948
chr10	95297094	95297909	ALDH18A1|chr10:95297094-95297909:.	-0.166465663417652	.	chr10:95297094-95297909	chr10	95656706	95656707	-	NA	NA	ALDH18A1	ENSG00000059573	NA	GTATCAGTTATGGCCAGACCNGG;GTCAGCTTCAGTATCAGTTANGG	FALSE	0.324	0.8234599156118144	TRUE	NA	Morris et al., 2023	359205	NA	68	TRUE	0.8234599156118144	FALSE	0.03	0.01	0.05	0.13	0.18	0.29	0.5	0.97	0.03	0.01	0.05	0.13	0.18	0.29	0.5	0.97	309
chr10	95297094	95297909	CCNJ|chr10:95297094-95297909:.	0.1473475175939254	.	chr10:95297094-95297909	chr10	96043394	96043395	+	NA	NA	CCNJ	ENSG00000107443	NA	GTATCAGTTATGGCCAGACCNGG;GTCAGCTTCAGTATCAGTTANGG	FALSE	0.484	0.8985335413416536	TRUE	NA	Morris et al., 2023	-745893	NA	28	TRUE	0.8985335413416536	FALSE	0.01	0.05	0.02	0.02	0.08	0.08	0.12	0.6	0.01	0.05	0.02	0.02	0.08	0.08	0.12	0.6	309
chr10	95297094	95297909	ENTPD1|chr10:95297094-95297909:.	0.04351487188050651	.	chr10:95297094-95297909	chr10	95711779	95711780	+	NA	NA	ENTPD1	ENSG00000138185	NA	GTATCAGTTATGGCCAGACCNGG;GTCAGCTTCAGTATCAGTTANGG	FALSE	0.796	0.9812923076923078	TRUE	NA	Morris et al., 2023	-414278	NA	8	TRUE	0.9812923076923078	FALSE	0	0.01	0	0.02	0	0.02	0.01	0.04	0	0.01	0	0.02	0	0.02	0.01	0.04	309
chr10	95297094	95297909	ENTPD1-AS1|chr10:95297094-95297909:.	0.29572033389114205	.	chr10:95297094-95297909	chr10	96090238	96090239	-	NA	NA	ENTPD1-AS1	ENSG00000226688	NA	GTATCAGTTATGGCCAGACCNGG;GTCAGCTTCAGTATCAGTTANGG	FALSE	0.06	0.49930069930069926	TRUE	NA	Morris et al., 2023	792737	NA	83	TRUE	0.49930069930069926	FALSE	0.06	0.05	0.05	0.11	0.23	0.25	0.38	0.95	0.06	0.05	0.05	0.11	0.23	0.25	0.38	0.95	309
chr10	95297094	95297909	HELLS|chr10:95297094-95297909:.	-0.1316075316379507	.	chr10:95297094-95297909	chr10	94501434	94501435	+	NA	NA	HELLS	ENSG00000119969	NA	GTATCAGTTATGGCCAGACCNGG;GTCAGCTTCAGTATCAGTTANGG	FALSE	0.276	0.7951999999999999	TRUE	NA	Morris et al., 2023	796067	NA	114	TRUE	0.7951999999999999	FALSE	0.08	0.14	0.11	0.19	0.23	0.39	0.66	0.98	0.08	0.14	0.11	0.19	0.23	0.39	0.66	0.98	309
chr10	95297094	95297909	NOC3L|chr10:95297094-95297909:.	0.03089157289604735	.	chr10:95297094-95297909	chr10	94362959	94362960	-	NA	NA	NOC3L	ENSG00000173145	NA	GTATCAGTTATGGCCAGACCNGG;GTCAGCTTCAGTATCAGTTANGG	FALSE	0.732	0.9686652078774618	TRUE	NA	Morris et al., 2023	-934542	NA	173	TRUE	0.9686652078774618	FALSE	0.09	0.07	0.16	0.3	0.42	0.6	0.77	1	0.09	0.07	0.16	0.3	0.42	0.6	0.77	1	309
chr10	95297094	95297909	PDLIM1|chr10:95297094-95297909:.	-1.0952070287006834	.	chr10:95297094-95297909	chr10	95291024	95291025	-	NA	NA	PDLIM1	ENSG00000107438	NA	GTATCAGTTATGGCCAGACCNGG;GTCAGCTTCAGTATCAGTTANGG	TRUE	1.0313556697430654e-42	3.0682831174856195e-40	TRUE	NA	Morris et al., 2023	-6477	NA	210	TRUE	3.0682831174856195e-40	TRUE	0.12	0.27	0.24	0.36	0.52	0.8	0.91	1	0.12	0.27	0.24	0.36	0.52	0.8	0.91	1	309
chr10	95297094	95297909	SORBS1|chr10:95297094-95297909:.	-0.07881167516838117	.	chr10:95297094-95297909	chr10	95561414	95561415	-	NA	NA	SORBS1	ENSG00000095637	NA	GTATCAGTTATGGCCAGACCNGG;GTCAGCTTCAGTATCAGTTANGG	FALSE	0.76	0.9714285714285714	TRUE	NA	Morris et al., 2023	263913	NA	46	TRUE	0.9714285714285714	FALSE	0	0.05	0.04	0.07	0.08	0.2	0.21	0.85	0	0.05	0.04	0.07	0.08	0.2	0.21	0.85	309
chr10	95297094	95297909	TBC1D12|chr10:95297094-95297909:.	0.0954349020377352	.	chr10:95297094-95297909	chr10	94402504	94402505	+	NA	NA	TBC1D12	ENSG00000108239	NA	GTATCAGTTATGGCCAGACCNGG;GTCAGCTTCAGTATCAGTTANGG	FALSE	0.748	0.9706870229007634	TRUE	NA	Morris et al., 2023	894997	NA	46	TRUE	0.9706870229007634	FALSE	0.03	0.02	0.04	0.05	0.11	0.17	0.3	0.68	0.03	0.02	0.04	0.05	0.11	0.17	0.3	0.68	309
chr10	95297094	95297909	TCTN3|chr10:95297094-95297909:.	-0.00660632532264582	.	chr10:95297094-95297909	chr10	95694143	95694144	-	NA	NA	TCTN3	ENSG00000119977	NA	GTATCAGTTATGGCCAGACCNGG;GTCAGCTTCAGTATCAGTTANGG	FALSE	0.94	0.9960819234194124	TRUE	NA	Morris et al., 2023	396642	NA	80	TRUE	0.9960819234194123	FALSE	0.06	0.05	0.08	0.1	0.24	0.46	0.55	0.98	0.06	0.05	0.08	0.1	0.24	0.46	0.55	0.98	309
chr10	95297094	95297909	ZNF518A|chr10:95297094-95297909:.	0.05566676065939002	.	chr10:95297094-95297909	chr10	96129715	96129716	+	NA	NA	ZNF518A	ENSG00000177853	NA	GTATCAGTTATGGCCAGACCNGG;GTCAGCTTCAGTATCAGTTANGG	FALSE	0.628	0.9568447837150128	TRUE	NA	Morris et al., 2023	-832214	NA	155	TRUE	0.9568447837150128	FALSE	0.09	0.11	0.18	0.3	0.34	0.54	0.72	0.98	0.09	0.11	0.18	0.3	0.34	0.54	0.72	0.98	309
chr10	124627835	124628534	ABRAXAS2|chr10:124627835-124628534:.	-0.19810312771702351	.	chr10:124627835-124628534	chr10	124801785	124801786	+	NA	NA	ABRAXAS2	ENSG00000165660	NA	GCCGTAGCTCATGAGTTCTANGG;CTATTACGTGTTCACCCTGCNGG	FALSE	0.16	0.6923636363636364	TRUE	NA	Morris et al., 2023	-173601	NA	95	TRUE	0.6923636363636364	FALSE	0.08	0.08	0.07	0.17	0.29	0.43	0.49	0.96	0.08	0.08	0.07	0.17	0.29	0.43	0.49	0.96	411
chr10	124627835	124628534	AL731577.1|chr10:124627835-124628534:.	-0.18998662868825456	.	chr10:124627835-124628534	chr10	124946432	124946433	-	NA	NA	AL731577.1	ENSG00000226899	NA	GCCGTAGCTCATGAGTTCTANGG;CTATTACGTGTTCACCCTGCNGG	FALSE	0.484	0.8985335413416536	TRUE	NA	Morris et al., 2023	318248	NA	10	TRUE	0.8985335413416536	FALSE	0.01	0	0.01	0.02	0	0.01	0.02	0.06	0.01	0	0.01	0.02	0	0.01	0.02	0.06	411
chr10	124627835	124628534	CTBP2|chr10:124627835-124628534:.	-0.02368876772108885	.	chr10:124627835-124628534	chr10	125161170	125161171	-	NA	NA	CTBP2	ENSG00000175029	NA	GCCGTAGCTCATGAGTTCTANGG;CTATTACGTGTTCACCCTGCNGG	FALSE	0.952	0.9999658411614004	TRUE	NA	Morris et al., 2023	532986	NA	38	TRUE	0.9999658411614004	FALSE	0.04	0.02	0.07	0.08	0.1	0.12	0.27	0.73	0.04	0.02	0.07	0.08	0.1	0.12	0.27	0.73	411
chr10	124627835	124628534	EEF1AKMT2|chr10:124627835-124628534:.	-0.11091806262492354	.	chr10:124627835-124628534	chr10	124791870	124791871	-	NA	NA	EEF1AKMT2	ENSG00000203791	NA	GCCGTAGCTCATGAGTTCTANGG;CTATTACGTGTTCACCCTGCNGG	FALSE	0.232	0.7605509641873278	TRUE	NA	Morris et al., 2023	163686	NA	171	TRUE	0.7605509641873278	FALSE	0.11	0.08	0.21	0.3	0.4	0.53	0.7	1	0.11	0.08	0.21	0.3	0.4	0.53	0.7	1	411
chr10	124627835	124628534	FAM53B|chr10:124627835-124628534:.	-0.02136146061750121	.	chr10:124627835-124628534	chr10	124744269	124744270	-	NA	NA	FAM53B	ENSG00000189319	NA	GCCGTAGCTCATGAGTTCTANGG;CTATTACGTGTTCACCCTGCNGG	FALSE	0.872	0.9882502266545784	overlaps target gene intron	NA	Morris et al., 2023	116085	NA	40	TRUE	0.9882502266545784	FALSE	0.04	0.02	0.06	0.02	0.09	0.1	0.21	0.67	0.04	0.02	0.06	0.02	0.09	0.1	0.21	0.67	411
chr10	124627835	124628534	LHPP|chr10:124627835-124628534:.	0.0699457799361567	.	chr10:124627835-124628534	chr10	124461834	124461835	+	NA	NA	LHPP	ENSG00000107902	NA	GCCGTAGCTCATGAGTTCTANGG;CTATTACGTGTTCACCCTGCNGG	FALSE	0.616	0.9568447837150128	TRUE	NA	Morris et al., 2023	166350	NA	61	TRUE	0.9568447837150128	FALSE	0.07	0.04	0.06	0.09	0.17	0.27	0.3	0.89	0.07	0.04	0.06	0.09	0.17	0.27	0.3	0.89	411
chr10	124627835	124628534	OAT|chr10:124627835-124628534:.	0.01943076442858826	.	chr10:124627835-124628534	chr10	124418976	124418977	-	NA	NA	OAT	ENSG00000065154	NA	GCCGTAGCTCATGAGTTCTANGG;CTATTACGTGTTCACCCTGCNGG	FALSE	0.352	0.8360878243512974	TRUE	NA	Morris et al., 2023	-209208	NA	373	TRUE	0.8360878243512974	FALSE	0.24	0.23	0.37	0.4	0.53	0.73	0.89	1	0.24	0.23	0.37	0.4	0.53	0.73	0.89	1	411
chr11	5297568	5298376	AC104389.4|chr11:5297568-5298376:.	7.041724431200991e-4	.	chr11:5297568-5298376	chr11	5678434	5678435	-	NA	NA	AC104389.4	ENSG00000239920	NA	CTAGATAAAGGGAACGGCGTNGG;GCTAGATAAAGGGAACGGCGNGG	FALSE	0.96	0.9999658411614004	overlaps target gene intron	NA	Morris et al., 2023	380462	NA	112	TRUE	0.9999658411614004	FALSE	0.05	0.08	0.03	0.13	0.23	0.4	0.66	1	0.05	0.08	0.03	0.13	0.23	0.4	0.66	1	237
chr11	5297568	5298376	BGLT3|chr11:5297568-5298376:.	0.26388484637346865	.	chr11:5297568-5298376	chr11	5245546	5245547	-	NA	NA	BGLT3	ENSG00000260629	NA	CTAGATAAAGGGAACGGCGTNGG;GCTAGATAAAGGGAACGGCGNGG	FALSE	0.18	0.7187919463087248	TRUE	NA	Morris et al., 2023	-52426	NA	45	TRUE	0.7187919463087248	FALSE	0	0.01	0	0.07	0.04	0.14	0.23	0.85	0	0.01	0	0.07	0.04	0.14	0.23	0.85	237
chr11	5297568	5298376	FAM160A2|chr11:5297568-5298376:.	0.15943820753277516	.	chr11:5297568-5298376	chr11	6234711	6234712	-	NA	NA	FAM160A2	ENSG00000051009	NA	CTAGATAAAGGGAACGGCGTNGG;GCTAGATAAAGGGAACGGCGNGG	FALSE	0.416	0.8730864197530864	TRUE	NA	Morris et al., 2023	936739	NA	43	TRUE	0.8730864197530864	FALSE	0.03	0.01	0.02	0.06	0.06	0.15	0.26	0.7	0.03	0.01	0.02	0.06	0.06	0.15	0.26	0.7	237
chr11	5297568	5298376	HBB|chr11:5297568-5298376:.	-0.15496908476621885	.	chr11:5297568-5298376	chr11	5229395	5229396	-	NA	NA	HBB	ENSG00000244734	NA	CTAGATAAAGGGAACGGCGTNGG;GCTAGATAAAGGGAACGGCGNGG	FALSE	0.728	0.9686652078774618	TRUE	NA	Morris et al., 2023	-68577	NA	14	TRUE	0.9686652078774618	FALSE	0.03	0.01	0	0	0.03	0.03	0.03	0.19	0.03	0.01	0	0	0.03	0.03	0.03	0.19	237
chr11	5297568	5298376	HBD|chr11:5297568-5298376:.	-0.09465654461965034	.	chr11:5297568-5298376	chr11	5243657	5243658	-	NA	NA	HBD	ENSG00000223609	NA	CTAGATAAAGGGAACGGCGTNGG;GCTAGATAAAGGGAACGGCGNGG	FALSE	0.852	0.9832432432432432	TRUE	NA	Morris et al., 2023	-54315	NA	212	TRUE	0.9832432432432433	FALSE	0.05	0.03	0.1	0.12	0.34	0.47	0.61	1	0.05	0.03	0.1	0.12	0.34	0.47	0.61	1	237
chr11	5297568	5298376	HBE1|chr11:5297568-5298376:.	0.10405807083584406	.	chr11:5297568-5298376	chr11	5505652	5505653	-	NA	NA	HBE1	ENSG00000213931	NA	CTAGATAAAGGGAACGGCGTNGG;GCTAGATAAAGGGAACGGCGNGG	FALSE	0.052	0.4687878787878788	overlaps target gene intron	NA	Morris et al., 2023	207680	NA	237	TRUE	0.4687878787878788	FALSE	0.17	0.19	0.28	0.36	0.54	0.69	0.89	1	0.17	0.19	0.28	0.36	0.54	0.69	0.89	1	237
chr11	5297568	5298376	HBG1|chr11:5297568-5298376:.	5.511841834913156e-4	.	chr11:5297568-5298376	chr11	5249859	5249860	-	NA	NA	HBG1	ENSG00000213934	NA	CTAGATAAAGGGAACGGCGTNGG;GCTAGATAAAGGGAACGGCGNGG	FALSE	0.704	0.9686652078774618	TRUE	NA	Morris et al., 2023	-48113	NA	237	TRUE	0.9686652078774618	FALSE	0.28	0.17	0.25	0.46	0.65	0.76	0.88	1	0.28	0.17	0.25	0.46	0.65	0.76	0.88	1	237
chr11	5297568	5298376	HBG2|chr11:5297568-5298376:.	0.06965552883372439	.	chr11:5297568-5298376	chr11	5505605	5505606	-	NA	NA	HBG2	ENSG00000196565	NA	CTAGATAAAGGGAACGGCGTNGG;GCTAGATAAAGGGAACGGCGNGG	FALSE	0.112	0.6565517241379311	overlaps target gene intron	NA	Morris et al., 2023	207633	NA	237	TRUE	0.6565517241379311	FALSE	0.11	0.18	0.25	0.5	0.58	0.8	0.95	1	0.11	0.18	0.25	0.5	0.58	0.8	0.95	1	237
chr11	5297568	5298376	OR51B4|chr11:5297568-5298376:.	-0.0740842427975743	.	chr11:5297568-5298376	chr11	5301946	5301947	-	NA	NA	OR51B4	ENSG00000183251	NA	CTAGATAAAGGGAACGGCGTNGG;GCTAGATAAAGGGAACGGCGNGG	FALSE	0.62	0.9568447837150128	TRUE	NA	Morris et al., 2023	3974	NA	52	TRUE	0.9568447837150128	FALSE	0	0.04	0.03	0.07	0.09	0.22	0.33	0.96	0	0.04	0.03	0.07	0.09	0.22	0.33	0.96	237
chr11	5297568	5298376	OR51B5|chr11:5297568-5298376:.	-0.10247765665744524	.	chr11:5297568-5298376	chr11	5505652	5505653	-	NA	NA	OR51B5	ENSG00000167355	NA	CTAGATAAAGGGAACGGCGTNGG;GCTAGATAAAGGGAACGGCGNGG	FALSE	0.088	0.591638418079096	TRUE	NA	Morris et al., 2023	207680	NA	200	TRUE	0.591638418079096	FALSE	0.08	0.15	0.15	0.31	0.47	0.7	0.77	1	0.08	0.15	0.15	0.31	0.47	0.7	0.77	1	237
chr11	5297568	5298376	OR51I1|chr11:5297568-5298376:.	0.5484774036062152	.	chr11:5297568-5298376	chr11	5441514	5441515	-	NA	NA	OR51I1	ENSG00000167359	NA	CTAGATAAAGGGAACGGCGTNGG;GCTAGATAAAGGGAACGGCGNGG	FALSE	0.164	0.6945195729537368	TRUE	NA	Morris et al., 2023	143542	NA	14	TRUE	0.6945195729537368	FALSE	0.01	0.02	0.01	0.02	0.04	0.02	0.03	0.17	0.01	0.02	0.01	0.02	0.04	0.02	0.03	0.17	237
chr11	5297568	5298376	TRIM21|chr11:5297568-5298376:.	-0.04895254384391334	.	chr11:5297568-5298376	chr11	4393696	4393697	-	NA	NA	TRIM21	ENSG00000132109	NA	CTAGATAAAGGGAACGGCGTNGG;GCTAGATAAAGGGAACGGCGNGG	FALSE	0.896	0.9882502266545784	TRUE	NA	Morris et al., 2023	-904276	NA	44	TRUE	0.9882502266545784	FALSE	0.01	0.06	0.03	0.06	0.1	0.16	0.33	0.83	0.01	0.06	0.03	0.06	0.1	0.16	0.33	0.83	237
chr11	5297568	5298376	TRIM5|chr11:5297568-5298376:.	0.1280803509431223	.	chr11:5297568-5298376	chr11	5938619	5938620	-	NA	NA	TRIM5	ENSG00000132256	NA	CTAGATAAAGGGAACGGCGTNGG;GCTAGATAAAGGGAACGGCGNGG	FALSE	0.472	0.892972972972973	TRUE	NA	Morris et al., 2023	640647	NA	62	TRUE	0.892972972972973	FALSE	0.02	0.03	0.04	0.09	0.15	0.21	0.39	0.92	0.02	0.03	0.04	0.09	0.15	0.21	0.39	0.92	237
chr11	5297568	5298376	TRIM6|chr11:5297568-5298376:.	0.24458260771489823	.	chr11:5297568-5298376	chr11	5596109	5596110	+	NA	NA	TRIM6	ENSG00000121236	NA	CTAGATAAAGGGAACGGCGTNGG;GCTAGATAAAGGGAACGGCGNGG	FALSE	0.328	0.8234599156118144	TRUE	NA	Morris et al., 2023	-298137	NA	24	TRUE	0.8234599156118144	FALSE	0.03	0.05	0.01	0.05	0.05	0.04	0.12	0.56	0.03	0.05	0.01	0.05	0.05	0.04	0.12	0.56	237
chr11	5297568	5298376	TRIM68|chr11:5297568-5298376:.	-0.30540297801358207	.	chr11:5297568-5298376	chr11	4608259	4608260	-	NA	NA	TRIM68	ENSG00000167333	NA	CTAGATAAAGGGAACGGCGTNGG;GCTAGATAAAGGGAACGGCGNGG	FALSE	0.3	0.8076923076923077	TRUE	NA	Morris et al., 2023	-689713	NA	23	TRUE	0.8076923076923077	FALSE	0.03	0.01	0.02	0.03	0.06	0.11	0.13	0.59	0.03	0.01	0.02	0.03	0.06	0.11	0.13	0.59	237
chr11	33890988	33892546	CAPRIN1|chr11:33890988-33892546:.	-0.04504970041732137	.	chr11:33890988-33892546	chr11	34051683	34051684	+	NA	NA	CAPRIN1	ENSG00000135387	NA	CGTCATTGCCTAAGGTTGTTNGG;AACCTTAGGCAATGACGAAGNGG	FALSE	0.716	0.9686652078774618	overlaps potential promoter	NA	Morris et al., 2023	-159916	NA	231	TRUE	0.9686652078774618	FALSE	0.16	0.17	0.24	0.41	0.56	0.69	0.86	1	0.16	0.17	0.24	0.41	0.56	0.69	0.86	1	281
chr11	33890988	33892546	CAT|chr11:33890988-33892546:.	0.08218658009940938	.	chr11:33890988-33892546	chr11	34438925	34438926	+	NA	NA	CAT	ENSG00000121691	NA	CGTCATTGCCTAAGGTTGTTNGG;AACCTTAGGCAATGACGAAGNGG	FALSE	0.236	0.7610840108401083	overlaps potential promoter	NA	Morris et al., 2023	-547158	NA	217	TRUE	0.7610840108401083	FALSE	0.17	0.09	0.14	0.33	0.43	0.62	0.9	1	0.17	0.09	0.14	0.33	0.43	0.62	0.9	1	281
chr11	33890988	33892546	CD59|chr11:33890988-33892546:.	-0.14360565897453004	.	chr11:33890988-33892546	chr11	33736491	33736492	-	NA	NA	CD59	ENSG00000085063	NA	CGTCATTGCCTAAGGTTGTTNGG;AACCTTAGGCAATGACGAAGNGG	FALSE	0.264	0.7834413965087282	overlaps potential promoter	NA	Morris et al., 2023	-155276	NA	244	TRUE	0.7834413965087282	FALSE	0.1	0.12	0.22	0.24	0.63	0.78	0.79	1	0.1	0.12	0.22	0.24	0.63	0.78	0.79	1	281
chr11	33890988	33892546	CSTF3|chr11:33890988-33892546:.	0.0129196855681278	.	chr11:33890988-33892546	chr11	33162371	33162372	-	NA	NA	CSTF3	ENSG00000176102	NA	CGTCATTGCCTAAGGTTGTTNGG;AACCTTAGGCAATGACGAAGNGG	FALSE	0.76	0.9714285714285714	overlaps potential promoter	NA	Morris et al., 2023	-729396	NA	161	TRUE	0.9714285714285714	FALSE	0.06	0.06	0.11	0.25	0.45	0.65	0.75	1	0.06	0.06	0.11	0.25	0.45	0.65	0.75	1	281
chr11	33890988	33892546	DEPDC7|chr11:33890988-33892546:.	-0.18257567473885716	.	chr11:33890988-33892546	chr11	33015864	33015865	+	NA	NA	DEPDC7	ENSG00000121690	NA	CGTCATTGCCTAAGGTTGTTNGG;AACCTTAGGCAATGACGAAGNGG	FALSE	0.552	0.942439024390244	overlaps potential promoter	NA	Morris et al., 2023	875903	NA	19	TRUE	0.942439024390244	FALSE	0.01	0.05	0.02	0.03	0.05	0.07	0.07	0.43	0.01	0.05	0.02	0.03	0.05	0.07	0.07	0.43	281
chr11	33890988	33892546	EHF|chr11:33890988-33892546:.	0.3375196948367414	.	chr11:33890988-33892546	chr11	34621093	34621094	+	NA	NA	EHF	ENSG00000135373	NA	CGTCATTGCCTAAGGTTGTTNGG;AACCTTAGGCAATGACGAAGNGG	FALSE	0.356	0.8388910891089109	overlaps potential promoter	NA	Morris et al., 2023	-729326	NA	13	TRUE	0.8388910891089109	FALSE	0	0.03	0.01	0.03	0.02	0.02	0.02	0.14	0	0.03	0.01	0.03	0.02	0.02	0.02	0.14	281
chr11	33890988	33892546	FBXO3|chr11:33890988-33892546:.	-0.3264351087034494	.	chr11:33890988-33892546	chr11	33774543	33774544	-	NA	NA	FBXO3	ENSG00000110429	NA	CGTCATTGCCTAAGGTTGTTNGG;AACCTTAGGCAATGACGAAGNGG	FALSE	0.072	0.5492307692307692	overlaps potential promoter	NA	Morris et al., 2023	-117224	NA	59	TRUE	0.5492307692307692	FALSE	0.04	0.05	0.04	0.09	0.19	0.31	0.35	0.97	0.04	0.05	0.04	0.09	0.19	0.31	0.35	0.97	281
chr11	33890988	33892546	HIPK3|chr11:33890988-33892546:.	-0.10299300017321712	.	chr11:33890988-33892546	chr11	33256672	33256673	+	NA	NA	HIPK3	ENSG00000110422	NA	CGTCATTGCCTAAGGTTGTTNGG;AACCTTAGGCAATGACGAAGNGG	FALSE	0.628	0.9568447837150128	overlaps potential promoter	NA	Morris et al., 2023	635095	NA	37	TRUE	0.9568447837150128	FALSE	0.01	0.02	0.06	0.05	0.11	0.06	0.22	0.79	0.01	0.02	0.06	0.05	0.11	0.06	0.22	0.79	281
chr11	33890988	33892546	LINC00294|chr11:33890988-33892546:.	0.3449509638892705	.	chr11:33890988-33892546	chr11	33076149	33076150	+	NA	NA	LINC00294	ENSG00000280798	NA	CGTCATTGCCTAAGGTTGTTNGG;AACCTTAGGCAATGACGAAGNGG	FALSE	0.348	0.8349193548387097	overlaps potential promoter	NA	Morris et al., 2023	815618	NA	15	TRUE	0.8349193548387097	FALSE	0.01	0.01	0	0	0.01	0.02	0.03	0.25	0.01	0.01	0	0	0.01	0.02	0.03	0.25	281
chr11	33890988	33892546	LMO2|chr11:33890988-33892546:.	-0.0862752660706555	.	chr11:33890988-33892546	chr11	33892289	33892290	-	NA	NA	LMO2	ENSG00000135363	NA	CGTCATTGCCTAAGGTTGTTNGG;AACCTTAGGCAATGACGAAGNGG	FALSE	0.444	0.888	overlaps target gene exon	NA	Morris et al., 2023	522	NA	97	TRUE	0.888	FALSE	0.03	0.08	0.06	0.19	0.2	0.38	0.46	0.98	0.03	0.08	0.06	0.19	0.2	0.38	0.46	0.98	281
chr11	33890988	33892546	NAT10|chr11:33890988-33892546:.	-0.08584988653360359	.	chr11:33890988-33892546	chr11	34105602	34105603	+	NA	NA	NAT10	ENSG00000135372	NA	CGTCATTGCCTAAGGTTGTTNGG;AACCTTAGGCAATGACGAAGNGG	FALSE	0.456	0.8920193861066237	overlaps potential promoter	NA	Morris et al., 2023	-213835	NA	109	TRUE	0.8920193861066237	FALSE	0.07	0.1	0.07	0.15	0.31	0.4	0.6	0.99	0.07	0.1	0.07	0.15	0.31	0.4	0.6	0.99	281
chr11	33890988	33892546	QSER1|chr11:33890988-33892546:.	-0.09746911583682304	.	chr11:33890988-33892546	chr11	32892820	32892821	+	NA	NA	QSER1	ENSG00000060749	NA	CGTCATTGCCTAAGGTTGTTNGG;AACCTTAGGCAATGACGAAGNGG	FALSE	0.424	0.8808828522920205	overlaps potential promoter	NA	Morris et al., 2023	998947	NA	104	TRUE	0.8808828522920205	FALSE	0.05	0.04	0.06	0.18	0.32	0.46	0.59	1	0.05	0.04	0.06	0.18	0.32	0.46	0.59	1	281
chr11	33890988	33892546	TCP11L1|chr11:33890988-33892546:.	0.14829765016201746	.	chr11:33890988-33892546	chr11	33039417	33039418	+	NA	NA	TCP11L1	ENSG00000176148	NA	CGTCATTGCCTAAGGTTGTTNGG;AACCTTAGGCAATGACGAAGNGG	FALSE	0.632	0.9568447837150128	overlaps potential promoter	NA	Morris et al., 2023	852350	NA	22	TRUE	0.9568447837150128	FALSE	0.01	0.02	0.01	0.04	0.02	0.02	0.16	0.44	0.01	0.02	0.01	0.04	0.02	0.02	0.16	0.44	281
chr11	57432648	57433148	CLP1|chr11:57432648-57433148:.	0.01238246527284214	.	chr11:57432648-57433148	chr11	57648992	57648993	+	NA	NA	CLP1	ENSG00000172409	NA	CTATATGGTGAGTCCGCCCTNGG;CCTATATGGTGAGTCCGCCCNGG	FALSE	0.976	0.9999658411614004	TRUE	NA	Morris et al., 2023	-216094	NA	20	TRUE	0.9999658411614004	FALSE	0.01	0.02	0.01	0.02	0.02	0.08	0.09	0.5	0.01	0.02	0.01	0.02	0.02	0.08	0.09	0.5	112
chr11	57432648	57433148	CTNND1|chr11:57432648-57433148:.	0.06082595839857374	.	chr11:57432648-57433148	chr11	57753243	57753244	+	NA	NA	CTNND1	ENSG00000198561	NA	CTATATGGTGAGTCCGCCCTNGG;CCTATATGGTGAGTCCGCCCNGG	FALSE	0.828	0.9832432432432432	TRUE	NA	Morris et al., 2023	-320345	NA	50	TRUE	0.9832432432432433	FALSE	0.03	0.04	0.06	0.09	0.08	0.2	0.3	0.84	0.03	0.04	0.06	0.09	0.08	0.2	0.3	0.84	112
chr11	57432648	57433148	MED19|chr11:57432648-57433148:.	0.05992516418796526	.	chr11:57432648-57433148	chr11	57712323	57712324	-	NA	NA	MED19	ENSG00000156603	NA	CTATATGGTGAGTCCGCCCTNGG;CCTATATGGTGAGTCCGCCCNGG	FALSE	0.72	0.9686652078774618	TRUE	NA	Morris et al., 2023	279425	NA	69	TRUE	0.9686652078774618	FALSE	0.04	0.05	0.06	0.11	0.17	0.29	0.38	0.91	0.04	0.05	0.06	0.11	0.17	0.29	0.38	0.91	112
chr11	57432648	57433148	SELENOH|chr11:57432648-57433148:.	0.05029127203633399	.	chr11:57432648-57433148	chr11	57741250	57741251	+	NA	NA	SELENOH	ENSG00000211450	NA	CTATATGGTGAGTCCGCCCTNGG;CCTATATGGTGAGTCCGCCCNGG	FALSE	0.332	0.8248016701461379	TRUE	NA	Morris et al., 2023	-308352	NA	111	TRUE	0.8248016701461379	FALSE	0.14	0.19	0.21	0.41	0.54	0.56	0.7	1	0.14	0.19	0.21	0.41	0.54	0.56	0.7	1	112
chr11	57432648	57433148	SLC43A1|chr11:57432648-57433148:.	-0.117358473745788	.	chr11:57432648-57433148	chr11	57515786	57515787	-	NA	NA	SLC43A1	ENSG00000149150	NA	CTATATGGTGAGTCCGCCCTNGG;CCTATATGGTGAGTCCGCCCNGG	FALSE	0.732	0.9686652078774618	TRUE	NA	Morris et al., 2023	82888	NA	24	TRUE	0.9686652078774618	FALSE	0.03	0.02	0.02	0.01	0.06	0.09	0.17	0.67	0.03	0.02	0.02	0.01	0.06	0.09	0.17	0.67	112
chr11	57432648	57433148	SLC43A3|chr11:57432648-57433148:.	-0.59988203312743	.	chr11:57432648-57433148	chr11	57427580	57427581	-	NA	NA	SLC43A3	ENSG00000134802	NA	CTATATGGTGAGTCCGCCCTNGG;CCTATATGGTGAGTCCGCCCNGG	TRUE	1.0511515838748133e-4	0.00390896995253446	TRUE	NA	Morris et al., 2023	-5318	NA	65	TRUE	0.003908969952534462	TRUE	0.03	0.05	0.07	0.17	0.27	0.34	0.5	0.98	0.03	0.05	0.07	0.17	0.27	0.34	0.5	0.98	112
chr11	57432648	57433148	SSRP1|chr11:57432648-57433148:.	-0.09950872542428368	.	chr11:57432648-57433148	chr11	57335877	57335878	-	NA	NA	SSRP1	ENSG00000149136	NA	CTATATGGTGAGTCCGCCCTNGG;CCTATATGGTGAGTCCGCCCNGG	FALSE	0.332	0.8248016701461379	TRUE	NA	Morris et al., 2023	-97021	NA	104	TRUE	0.8248016701461379	FALSE	0.05	0.1	0.08	0.24	0.29	0.5	0.62	0.99	0.05	0.1	0.08	0.24	0.29	0.5	0.62	0.99	112
chr11	57432648	57433148	TIMM10|chr11:57432648-57433148:.	0.03954291645244323	.	chr11:57432648-57433148	chr11	57530803	57530804	-	NA	NA	TIMM10	ENSG00000134809	NA	CTATATGGTGAGTCCGCCCTNGG;CCTATATGGTGAGTCCGCCCNGG	FALSE	0.632	0.9568447837150128	TRUE	NA	Morris et al., 2023	97905	NA	104	TRUE	0.9568447837150128	FALSE	0.07	0.09	0.17	0.2	0.35	0.41	0.6	0.99	0.07	0.09	0.17	0.2	0.35	0.41	0.6	0.99	112
chr11	57432648	57433148	TMX2|chr11:57432648-57433148:.	-0.13144897329335614	.	chr11:57432648-57433148	chr11	57712600	57712601	+	NA	NA	TMX2	ENSG00000213593	NA	CTATATGGTGAGTCCGCCCTNGG;CCTATATGGTGAGTCCGCCCNGG	FALSE	0.212	0.7441887905604719	TRUE	NA	Morris et al., 2023	-279702	NA	88	TRUE	0.7441887905604719	FALSE	0.08	0.1	0.04	0.23	0.28	0.44	0.5	0.96	0.08	0.1	0.04	0.23	0.28	0.44	0.5	0.96	112
chr11	57432648	57433148	TNKS1BP1|chr11:57432648-57433148:.	-0.2471012596993698	.	chr11:57432648-57433148	chr11	57324952	57324953	-	NA	NA	TNKS1BP1	ENSG00000149115	NA	CTATATGGTGAGTCCGCCCTNGG;CCTATATGGTGAGTCCGCCCNGG	FALSE	0.596	0.9545118733509236	TRUE	NA	Morris et al., 2023	-107946	NA	11	TRUE	0.9545118733509235	FALSE	0	0	0.01	0	0.03	0.03	0.07	0.3	0	0	0.01	0	0.03	0.03	0.07	0.3	112
chr11	57432648	57433148	UBE2L6|chr11:57432648-57433148:.	-0.09513026702762994	.	chr11:57432648-57433148	chr11	57568284	57568285	-	NA	NA	UBE2L6	ENSG00000156587	NA	CTATATGGTGAGTCCGCCCTNGG;CCTATATGGTGAGTCCGCCCNGG	FALSE	0.792	0.9807284079084286	TRUE	NA	Morris et al., 2023	135386	NA	42	TRUE	0.9807284079084286	FALSE	0.02	0.06	0.03	0.07	0.17	0.21	0.19	0.82	0.02	0.06	0.03	0.07	0.17	0.21	0.19	0.82	112
chr11	57432648	57433148	ZDHHC5|chr11:57432648-57433148:.	-0.7479996855662849	.	chr11:57432648-57433148	chr11	57667747	57667748	+	NA	NA	ZDHHC5	ENSG00000156599	NA	CTATATGGTGAGTCCGCCCTNGG;CCTATATGGTGAGTCCGCCCNGG	FALSE	0.01551522477562938	0.23206239625588293	TRUE	NA	Morris et al., 2023	-234849	NA	17	TRUE	0.2320623962558828	FALSE	0.01	0	0.04	0.05	0.02	0.09	0.18	0.64	0.01	0	0.04	0.05	0.02	0.09	0.18	0.64	112
chr11	114216234	114217571	C11orf71|chr11:114216234-114217571:.	-0.3306494757066507	.	chr11:114216234-114217571	chr11	114400511	114400512	-	NA	NA	C11orf71	ENSG00000180425	NA	TAGAAGCCTTATCTGTCCCCNGG;CTACTATGTGCTTAAATGCTNGG	FALSE	0.04	0.42123893805309737	TRUE	NA	Morris et al., 2023	183609	NA	65	TRUE	0.42123893805309737	FALSE	0.04	0.05	0.1	0.16	0.2	0.31	0.37	0.95	0.04	0.05	0.1	0.16	0.2	0.31	0.37	0.95	252
chr11	114216234	114217571	NNMT|chr11:114216234-114217571:.	-0.35692259606445376	.	chr11:114216234-114217571	chr11	114257787	114257788	+	NA	NA	NNMT	ENSG00000166741	NA	TAGAAGCCTTATCTGTCCCCNGG;CTACTATGTGCTTAAATGCTNGG	FALSE	0.688	0.9686652078774618	TRUE	NA	Morris et al., 2023	-40885	NA	33	TRUE	0.9686652078774618	FALSE	0.01	0.01	0	0.02	0.04	0.03	0.15	0.54	0.01	0.01	0	0.02	0.04	0.03	0.15	0.54	252
chr11	114216234	114217571	RBM7|chr11:114216234-114217571:.	-0.30555488387028706	.	chr11:114216234-114217571	chr11	114400030	114400031	+	NA	NA	RBM7	ENSG00000076053	NA	TAGAAGCCTTATCTGTCCCCNGG;CTACTATGTGCTTAAATGCTNGG	TRUE	0.00483041978411689	0.09742711089998492	TRUE	NA	Morris et al., 2023	-183128	NA	119	TRUE	0.09742711089998474	TRUE	0.07	0.11	0.1	0.21	0.36	0.59	0.76	0.99	0.07	0.11	0.1	0.21	0.36	0.59	0.76	0.99	252
chr11	114216234	114217571	REXO2|chr11:114216234-114217571:.	-0.00750398831138543	.	chr11:114216234-114217571	chr11	114439386	114439387	+	NA	NA	REXO2	ENSG00000076043	NA	TAGAAGCCTTATCTGTCCCCNGG;CTACTATGTGCTTAAATGCTNGG	FALSE	0.888	0.9882502266545784	TRUE	NA	Morris et al., 2023	-222484	NA	244	TRUE	0.9882502266545784	FALSE	0.15	0.18	0.24	0.47	0.67	0.83	0.9	1	0.15	0.18	0.24	0.47	0.67	0.83	0.9	1	252
chr11	114216234	114217571	TTC12|chr11:114216234-114217571:.	-0.465466445817289	.	chr11:114216234-114217571	chr11	113314529	113314530	+	NA	NA	TTC12	ENSG00000149292	NA	TAGAAGCCTTATCTGTCCCCNGG;CTACTATGTGCTTAAATGCTNGG	FALSE	0.308	0.8124288840262582	TRUE	NA	Morris et al., 2023	902373	NA	11	TRUE	0.8124288840262582	FALSE	0.02	0	0.01	0.05	0.02	0.08	0.03	0.36	0.02	0	0.01	0.05	0.02	0.08	0.03	0.36	252
chr11	114216234	114217571	USP28|chr11:114216234-114217571:.	-0.02822410854976653	.	chr11:114216234-114217571	chr11	113875570	113875571	-	NA	NA	USP28	ENSG00000048028	NA	TAGAAGCCTTATCTGTCCCCNGG;CTACTATGTGCTTAAATGCTNGG	FALSE	0.908	0.9882502266545784	TRUE	NA	Morris et al., 2023	-341332	NA	63	TRUE	0.9882502266545784	FALSE	0.05	0.04	0.06	0.08	0.21	0.27	0.39	0.91	0.05	0.04	0.06	0.08	0.21	0.27	0.39	0.91	252
chr11	114216234	114217571	ZW10|chr11:114216234-114217571:.	0.04854754232670677	.	chr11:114216234-114217571	chr11	113773811	113773812	-	NA	NA	ZW10	ENSG00000086827	NA	TAGAAGCCTTATCTGTCCCCNGG;CTACTATGTGCTTAAATGCTNGG	FALSE	0.804	0.9812923076923078	TRUE	NA	Morris et al., 2023	-443091	NA	71	TRUE	0.9812923076923078	FALSE	0.03	0.03	0.06	0.07	0.18	0.27	0.39	0.92	0.03	0.03	0.06	0.07	0.18	0.27	0.39	0.92	252
chr12	54304142	54304642	AAAS|chr12:54304142-54304642:.	-0.02471662959346672	.	chr12:54304142-54304642	chr12	53324864	53324865	-	NA	NA	AAAS	ENSG00000094914	NA	CAAGCATCGGGGTAACCGCCNGG;CGGGCGGTTACCCCGATGCTNGG	FALSE	0.732	0.9686652078774618	TRUE	NA	Morris et al., 2023	-979528	NA	312	TRUE	0.9686652078774618	FALSE	0.3	0.26	0.26	0.33	0.58	0.75	0.82	1	0.3	0.26	0.26	0.33	0.58	0.75	0.82	1	544
chr12	54304142	54304642	AMHR2|chr12:54304142-54304642:.	0.1272863100723831	.	chr12:54304142-54304642	chr12	53423855	53423856	+	NA	NA	AMHR2	ENSG00000135409	NA	CAAGCATCGGGGTAACCGCCNGG;CGGGCGGTTACCCCGATGCTNGG	TRUE	0.00988989667348139	0.16812824344918362	TRUE	NA	Morris et al., 2023	880537	NA	485	TRUE	0.16812824344918362	TRUE	0.16	0.25	0.28	0.52	0.65	0.88	0.95	1	0.16	0.25	0.28	0.52	0.65	0.88	0.95	1	544
chr12	54304142	54304642	ATF7|chr12:54304142-54304642:.	0.01228628365934292	.	chr12:54304142-54304642	chr12	53626410	53626411	-	NA	NA	ATF7	ENSG00000170653	NA	CAAGCATCGGGGTAACCGCCNGG;CGGGCGGTTACCCCGATGCTNGG	FALSE	0.884	0.9882502266545784	TRUE	NA	Morris et al., 2023	-677982	NA	224	TRUE	0.9882502266545784	FALSE	0.15	0.21	0.22	0.4	0.45	0.66	0.73	1	0.15	0.21	0.22	0.4	0.45	0.66	0.73	1	544
chr12	54304142	54304642	ATP5MC2|chr12:54304142-54304642:.	-0.0769088467746748	.	chr12:54304142-54304642	chr12	53677408	53677409	-	NA	NA	ATP5MC2	ENSG00000135390	NA	CAAGCATCGGGGTAACCGCCNGG;CGGGCGGTTACCCCGATGCTNGG	TRUE	4.902475391303524e-5	0.00201170541919006	TRUE	NA	Morris et al., 2023	-626984	NA	544	TRUE	0.0020117054191900667	TRUE	0.42	0.4	0.44	0.56	0.77	0.9	0.96	1	0.42	0.4	0.44	0.56	0.77	0.9	0.96	1	544
chr12	54304142	54304642	CALCOCO1|chr12:54304142-54304642:.	0.1961486913042072	.	chr12:54304142-54304642	chr12	53727745	53727746	-	NA	NA	CALCOCO1	ENSG00000012822	NA	CAAGCATCGGGGTAACCGCCNGG;CGGGCGGTTACCCCGATGCTNGG	FALSE	0.156	0.6923636363636364	TRUE	NA	Morris et al., 2023	-576647	NA	94	TRUE	0.6923636363636364	FALSE	0.03	0.06	0.05	0.12	0.2	0.33	0.52	0.95	0.03	0.06	0.05	0.12	0.2	0.33	0.52	0.95	544
chr12	54304142	54304642	CBX5|chr12:54304142-54304642:.	-0.02597486271331872	.	chr12:54304142-54304642	chr12	54280133	54280134	-	NA	NA	CBX5	ENSG00000094916	NA	CAAGCATCGGGGTAACCGCCNGG;CGGGCGGTTACCCCGATGCTNGG	FALSE	0.628	0.9568447837150128	TRUE	NA	Morris et al., 2023	-24259	NA	407	TRUE	0.9568447837150128	FALSE	0.19	0.26	0.32	0.44	0.6	0.83	0.89	1	0.19	0.26	0.32	0.44	0.6	0.83	0.89	1	544
chr12	54304142	54304642	COPZ1|chr12:54304142-54304642:.	0.05847154384193742	.	chr12:54304142-54304642	chr12	54301202	54301203	+	NA	NA	COPZ1	ENSG00000111481	NA	CAAGCATCGGGGTAACCGCCNGG;CGGGCGGTTACCCCGATGCTNGG	FALSE	0.224	0.7445810055865922	overlaps target gene intron	NA	Morris et al., 2023	3190	NA	494	TRUE	0.7445810055865922	FALSE	0.32	0.29	0.38	0.52	0.67	0.85	0.92	1	0.32	0.29	0.38	0.52	0.67	0.85	0.92	1	544
chr12	54304142	54304642	GTSF1|chr12:54304142-54304642:.	0.00506305255016315	.	chr12:54304142-54304642	chr12	54473602	54473603	-	NA	NA	GTSF1	ENSG00000170627	NA	CAAGCATCGGGGTAACCGCCNGG;CGGGCGGTTACCCCGATGCTNGG	FALSE	0.756	0.9714285714285714	TRUE	NA	Morris et al., 2023	169210	NA	536	TRUE	0.9714285714285714	FALSE	0.29	0.4	0.45	0.57	0.74	0.83	0.98	1	0.29	0.4	0.45	0.57	0.74	0.83	0.98	1	544
chr12	54304142	54304642	HNRNPA1|chr12:54304142-54304642:.	-0.07788916931726586	.	chr12:54304142-54304642	chr12	54280193	54280194	+	NA	NA	HNRNPA1	ENSG00000135486	NA	CAAGCATCGGGGTAACCGCCNGG;CGGGCGGTTACCCCGATGCTNGG	FALSE	0.01466026710151251	0.22656776429610256	TRUE	NA	Morris et al., 2023	24199	NA	535	TRUE	0.22656776429610243	FALSE	0.3	0.39	0.35	0.63	0.83	0.87	0.94	1	0.3	0.39	0.35	0.63	0.83	0.87	0.94	1	544
chr12	54304142	54304642	HOXC-AS1|chr12:54304142-54304642:.	-0.10447909400437716	.	chr12:54304142-54304642	chr12	54000010	54000011	-	NA	NA	HOXC-AS1	ENSG00000250451	NA	CAAGCATCGGGGTAACCGCCNGG;CGGGCGGTTACCCCGATGCTNGG	FALSE	0.776	0.9802972399150744	TRUE	NA	Morris et al., 2023	-304382	NA	13	TRUE	0.9802972399150743	FALSE	0	0	0	0.01	0.02	0	0	0.14	0	0	0	0.01	0.02	0	0	0.14	544
chr12	54304142	54304642	HOXC-AS2|chr12:54304142-54304642:.	0.2035295932099812	.	chr12:54304142-54304642	chr12	53996785	53996786	-	NA	NA	HOXC-AS2	ENSG00000250133	NA	CAAGCATCGGGGTAACCGCCNGG;CGGGCGGTTACCCCGATGCTNGG	FALSE	0.608	0.9545118733509236	TRUE	NA	Morris et al., 2023	-307607	NA	12	TRUE	0.9545118733509235	FALSE	0	0.01	0.03	0	0.01	0.03	0.02	0.17	0	0.01	0.03	0	0.01	0.03	0.02	0.17	544
chr12	54304142	54304642	HOXC10|chr12:54304142-54304642:.	0.20440134623327744	.	chr12:54304142-54304642	chr12	53985065	53985066	+	NA	NA	HOXC10	ENSG00000180818	NA	CAAGCATCGGGGTAACCGCCNGG;CGGGCGGTTACCCCGATGCTNGG	FALSE	0.764	0.9723636363636364	TRUE	NA	Morris et al., 2023	319327	NA	11	TRUE	0.9723636363636363	FALSE	0.01	0.02	0	0.01	0.01	0.04	0.02	0.14	0.01	0.02	0	0.01	0.01	0.04	0.02	0.14	544
chr12	54304142	54304642	HOXC12|chr12:54304142-54304642:.	-0.4118223820739262	.	chr12:54304142-54304642	chr12	53954834	53954835	+	NA	NA	HOXC12	ENSG00000123407	NA	CAAGCATCGGGGTAACCGCCNGG;CGGGCGGTTACCCCGATGCTNGG	FALSE	0.332	0.8248016701461379	TRUE	NA	Morris et al., 2023	349558	NA	13	TRUE	0.8248016701461379	FALSE	0	0.02	0.01	0.05	0.02	0.1	0.13	0.5	0	0.02	0.01	0.05	0.02	0.1	0.13	0.5	544
chr12	54304142	54304642	HOXC13|chr12:54304142-54304642:.	-0.47589425517054273	.	chr12:54304142-54304642	chr12	53938765	53938766	+	NA	NA	HOXC13	ENSG00000123364	NA	CAAGCATCGGGGTAACCGCCNGG;CGGGCGGTTACCCCGATGCTNGG	FALSE	0.132	0.6923636363636364	TRUE	NA	Morris et al., 2023	365627	NA	16	TRUE	0.6923636363636364	FALSE	0.01	0.02	0	0	0	0.07	0.03	0.22	0.01	0.02	0	0	0	0.07	0.03	0.22	544
chr12	54304142	54304642	HOXC6|chr12:54304142-54304642:.	-0.099212305011382	.	chr12:54304142-54304642	chr12	53990624	53990625	+	NA	NA	HOXC6	ENSG00000197757	NA	CAAGCATCGGGGTAACCGCCNGG;CGGGCGGTTACCCCGATGCTNGG	FALSE	0.688	0.9686652078774618	TRUE	NA	Morris et al., 2023	313768	NA	43	TRUE	0.9686652078774618	FALSE	0.02	0.04	0.02	0.03	0.09	0.17	0.24	0.82	0.02	0.04	0.02	0.03	0.09	0.17	0.24	0.82	544
chr12	54304142	54304642	HOXC8|chr12:54304142-54304642:.	0.16916923847944565	.	chr12:54304142-54304642	chr12	54009106	54009107	+	NA	NA	HOXC8	ENSG00000037965	NA	CAAGCATCGGGGTAACCGCCNGG;CGGGCGGTTACCCCGATGCTNGG	FALSE	0.376	0.8582156133828998	TRUE	NA	Morris et al., 2023	295286	NA	52	TRUE	0.8582156133828998	FALSE	0.04	0.02	0.04	0.05	0.13	0.17	0.34	0.85	0.04	0.02	0.04	0.05	0.13	0.17	0.34	0.85	544
chr12	54304142	54304642	HOXC9|chr12:54304142-54304642:.	-0.14167806649817694	.	chr12:54304142-54304642	chr12	53994895	53994896	+	NA	NA	HOXC9	ENSG00000180806	NA	CAAGCATCGGGGTAACCGCCNGG;CGGGCGGTTACCCCGATGCTNGG	FALSE	0.136	0.6923636363636364	TRUE	NA	Morris et al., 2023	309497	NA	176	TRUE	0.6923636363636364	FALSE	0.1	0.15	0.16	0.31	0.48	0.56	0.64	1	0.1	0.15	0.16	0.31	0.48	0.56	0.64	1	544
chr12	54304142	54304642	ITGA5|chr12:54304142-54304642:.	-0.06350322131264097	.	chr12:54304142-54304642	chr12	54419460	54419461	-	NA	NA	ITGA5	ENSG00000161638	NA	CAAGCATCGGGGTAACCGCCNGG;CGGGCGGTTACCCCGATGCTNGG	FALSE	0.572	0.942770083102493	TRUE	NA	Morris et al., 2023	115068	NA	113	TRUE	0.942770083102493	FALSE	0.08	0.06	0.08	0.17	0.33	0.39	0.51	0.98	0.08	0.06	0.08	0.17	0.33	0.39	0.51	0.98	544
chr12	54304142	54304642	MAP3K12|chr12:54304142-54304642:.	0.07664253052687187	.	chr12:54304142-54304642	chr12	53500063	53500064	-	NA	NA	MAP3K12	ENSG00000139625	NA	CAAGCATCGGGGTAACCGCCNGG;CGGGCGGTTACCCCGATGCTNGG	FALSE	0.768	0.9743283582089554	TRUE	NA	Morris et al., 2023	-804329	NA	25	TRUE	0.9743283582089554	FALSE	0.02	0.01	0.01	0.04	0.06	0.11	0.09	0.59	0.02	0.01	0.01	0.04	0.06	0.11	0.09	0.59	544
chr12	54304142	54304642	NCKAP1L|chr12:54304142-54304642:.	-0.04683427819835018	.	chr12:54304142-54304642	chr12	54497711	54497712	+	NA	NA	NCKAP1L	ENSG00000123338	NA	CAAGCATCGGGGTAACCGCCNGG;CGGGCGGTTACCCCGATGCTNGG	FALSE	0.812	0.9829908443540184	TRUE	NA	Morris et al., 2023	-193319	NA	51	TRUE	0.9829908443540183	FALSE	0.07	0.03	0.04	0.03	0.1	0.18	0.19	0.87	0.07	0.03	0.04	0.03	0.1	0.18	0.19	0.87	544
chr12	54304142	54304642	NFE2|chr12:54304142-54304642:.	-1.244217426645278	.	chr12:54304142-54304642	chr12	54301121	54301122	-	NA	NA	NFE2	ENSG00000123405	NA	CAAGCATCGGGGTAACCGCCNGG;CGGGCGGTTACCCCGATGCTNGG	TRUE	2.5830269131859518e-90	3.073802026691283e-87	TRUE	NA	Morris et al., 2023	-3271	NA	389	TRUE	3.0738020266912827e-87	TRUE	0.21	0.24	0.38	0.6	0.72	0.83	0.87	1	0.21	0.24	0.38	0.6	0.72	0.83	0.87	1	544
chr12	54304142	54304642	PCBP2|chr12:54304142-54304642:.	-0.08114377185806365	.	chr12:54304142-54304642	chr12	53452102	53452103	+	NA	NA	PCBP2	ENSG00000197111	NA	CAAGCATCGGGGTAACCGCCNGG;CGGGCGGTTACCCCGATGCTNGG	TRUE	9.090817879357204e-4	0.02545247513623567	TRUE	NA	Morris et al., 2023	852290	NA	543	TRUE	0.025452475136235674	TRUE	0.34	0.39	0.39	0.57	0.8	0.83	0.93	1	0.34	0.39	0.39	0.57	0.8	0.83	0.93	1	544
chr12	54304142	54304642	PCBP2-OT1|chr12:54304142-54304642:.	0.2681452815855305	.	chr12:54304142-54304642	chr12	53464468	53464469	+	NA	NA	PCBP2-OT1	ENSG00000282977	NA	CAAGCATCGGGGTAACCGCCNGG;CGGGCGGTTACCCCGATGCTNGG	FALSE	0.424	0.8808828522920205	TRUE	NA	Morris et al., 2023	839924	NA	8	TRUE	0.8808828522920205	FALSE	0	0	0	0	0	0	0.02	0.01	0	0	0	0	0	0	0.02	0.01	544
chr12	54304142	54304642	PRR13|chr12:54304142-54304642:.	-0.00638237660978546	.	chr12:54304142-54304642	chr12	53441605	53441606	+	NA	NA	PRR13	ENSG00000205352	NA	CAAGCATCGGGGTAACCGCCNGG;CGGGCGGTTACCCCGATGCTNGG	FALSE	0.588	0.9545118733509236	TRUE	NA	Morris et al., 2023	862787	NA	540	TRUE	0.9545118733509235	FALSE	0.3	0.31	0.42	0.65	0.73	0.87	0.95	1	0.3	0.31	0.42	0.65	0.73	0.87	0.95	1	544
chr12	54304142	54304642	SMUG1|chr12:54304142-54304642:.	0.15603068309154688	.	chr12:54304142-54304642	chr12	54189008	54189009	-	NA	NA	SMUG1	ENSG00000123415	NA	CAAGCATCGGGGTAACCGCCNGG;CGGGCGGTTACCCCGATGCTNGG	FALSE	0.056	0.476	TRUE	NA	Morris et al., 2023	-115384	NA	225	TRUE	0.47600000000000003	FALSE	0.13	0.15	0.14	0.27	0.39	0.66	0.74	0.98	0.13	0.15	0.14	0.27	0.39	0.66	0.74	0.98	544
chr12	54304142	54304642	SP1|chr12:54304142-54304642:.	-0.05306285230777541	.	chr12:54304142-54304642	chr12	53380176	53380177	+	NA	NA	SP1	ENSG00000185591	NA	CAAGCATCGGGGTAACCGCCNGG;CGGGCGGTTACCCCGATGCTNGG	FALSE	0.624	0.9568447837150128	TRUE	NA	Morris et al., 2023	924216	NA	152	TRUE	0.9568447837150128	FALSE	0.14	0.1	0.17	0.31	0.31	0.58	0.68	0.98	0.14	0.1	0.17	0.31	0.31	0.58	0.68	0.98	544
chr12	54304142	54304642	TARBP2|chr12:54304142-54304642:.	-0.0070245753316387	.	chr12:54304142-54304642	chr12	53500921	53500922	+	NA	NA	TARBP2	ENSG00000139546	NA	CAAGCATCGGGGTAACCGCCNGG;CGGGCGGTTACCCCGATGCTNGG	FALSE	0.964	0.9999658411614004	TRUE	NA	Morris et al., 2023	803471	NA	325	TRUE	0.9999658411614004	FALSE	0.18	0.25	0.29	0.33	0.54	0.74	0.84	1	0.18	0.25	0.29	0.33	0.54	0.74	0.84	1	544
chr12	54304142	54304642	ZNF385A|chr12:54304142-54304642:.	0.19260677007291377	.	chr12:54304142-54304642	chr12	54391298	54391299	-	NA	NA	ZNF385A	ENSG00000161642	NA	CAAGCATCGGGGTAACCGCCNGG;CGGGCGGTTACCCCGATGCTNGG	FALSE	0.01397798476778657	0.21886581412718453	TRUE	NA	Morris et al., 2023	86906	NA	248	TRUE	0.21886581412718442	FALSE	0.11	0.19	0.15	0.34	0.45	0.67	0.7	1	0.11	0.19	0.15	0.34	0.45	0.67	0.7	1	544
chr12	93315116	93317029	CRADD|chr12:93315116-93317029:.	0.3134036895917667	.	chr12:93315116-93317029	chr12	93677375	93677376	+	NA	NA	CRADD	ENSG00000169372	NA	AGATGAGCAACTAACTGCCTNGG;GATGAGCAACTAACTGCCTTNGG	FALSE	0.056	0.476	overlaps potential promoter	NA	Morris et al., 2023	-361303	NA	95	TRUE	0.47600000000000003	FALSE	0.03	0.05	0.04	0.09	0.17	0.31	0.52	0.94	0.03	0.05	0.04	0.09	0.17	0.31	0.52	0.94	173
chr12	93315116	93317029	EEA1|chr12:93315116-93317029:.	0.13566285913936138	.	chr12:93315116-93317029	chr12	92929331	92929332	-	NA	NA	EEA1	ENSG00000102189	NA	AGATGAGCAACTAACTGCCTNGG;GATGAGCAACTAACTGCCTTNGG	FALSE	0.296	0.8076923076923077	overlaps potential promoter	NA	Morris et al., 2023	-386741	NA	92	TRUE	0.8076923076923077	FALSE	0.06	0.05	0.02	0.09	0.2	0.34	0.5	0.98	0.06	0.05	0.02	0.09	0.2	0.34	0.5	0.98	173
chr12	93315116	93317029	MRPL42|chr12:93315116-93317029:.	0.05233953036092109	.	chr12:93315116-93317029	chr12	93467488	93467489	+	NA	NA	MRPL42	ENSG00000198015	NA	AGATGAGCAACTAACTGCCTNGG;GATGAGCAACTAACTGCCTTNGG	FALSE	0.496	0.9066666666666666	overlaps potential promoter	NA	Morris et al., 2023	-151416	NA	159	TRUE	0.9066666666666666	FALSE	0.11	0.12	0.18	0.32	0.47	0.62	0.78	1	0.11	0.12	0.18	0.32	0.47	0.62	0.78	1	173
chr12	93315116	93317029	NUDT4|chr12:93315116-93317029:.	-0.6346110413925141	.	chr12:93315116-93317029	chr12	93377883	93377884	+	NA	NA	NUDT4	ENSG00000173598	NA	AGATGAGCAACTAACTGCCTNGG;GATGAGCAACTAACTGCCTTNGG	TRUE	2.338111243939384e-11	1.6366778707575684e-9	overlaps potential promoter	NA	Morris et al., 2023	-61811	NA	151	TRUE	1.6366778707575688e-9	TRUE	0.11	0.12	0.21	0.27	0.44	0.63	0.78	1	0.11	0.12	0.21	0.27	0.44	0.63	0.78	1	173
chr12	93315116	93317029	SOCS2|chr12:93315116-93317029:.	-0.01158508198186503	.	chr12:93315116-93317029	chr12	93569814	93569815	+	NA	NA	SOCS2	ENSG00000120833	NA	AGATGAGCAACTAACTGCCTNGG;GATGAGCAACTAACTGCCTTNGG	FALSE	0.784	0.9807284079084286	overlaps potential promoter	NA	Morris et al., 2023	-253742	NA	141	TRUE	0.9807284079084286	FALSE	0.09	0.11	0.14	0.16	0.34	0.48	0.57	0.98	0.09	0.11	0.14	0.16	0.34	0.48	0.57	0.98	173
chr12	93315116	93317029	SOCS2-AS1|chr12:93315116-93317029:.	0.3230594999367309	.	chr12:93315116-93317029	chr12	93571768	93571769	-	NA	NA	SOCS2-AS1	ENSG00000246985	NA	AGATGAGCAACTAACTGCCTNGG;GATGAGCAACTAACTGCCTTNGG	FALSE	0.252	0.7748837209302325	overlaps potential promoter	NA	Morris et al., 2023	255696	NA	22	TRUE	0.7748837209302325	FALSE	0	0	0.01	0.01	0.02	0.07	0.08	0.41	0	0	0.01	0.01	0.02	0.07	0.08	0.41	173
chr12	93315116	93317029	UBE2N|chr12:93315116-93317029:.	-0.0783831351638884	.	chr12:93315116-93317029	chr12	93442262	93442263	-	NA	NA	UBE2N	ENSG00000177889	NA	AGATGAGCAACTAACTGCCTNGG;GATGAGCAACTAACTGCCTTNGG	FALSE	0.316	0.8174782608695652	overlaps potential promoter	NA	Morris et al., 2023	126190	NA	163	TRUE	0.8174782608695652	FALSE	0.1	0.16	0.14	0.38	0.39	0.72	0.82	1	0.1	0.16	0.14	0.38	0.39	0.72	0.82	1	173
chr12	120480172	120480932	AC004812.2|chr12:120480172-120480932:.	0.02405478031094121	.	chr12:120480172-120480932	chr12	120116907	120116908	+	NA	NA	AC004812.2	ENSG00000277283	NA	CTTGACTTAGTAAGGGGCCCNGG;CTGGGCCCCTTACTAAGTCANGG	FALSE	0.848	0.9832432432432432	TRUE	NA	Morris et al., 2023	363645	NA	69	TRUE	0.9832432432432433	FALSE	0.03	0.03	0.06	0.11	0.21	0.26	0.47	0.91	0.03	0.03	0.06	0.11	0.21	0.26	0.47	0.91	441
chr12	120480172	120480932	ACADS|chr12:120480172-120480932:.	0.04193800759892951	.	chr12:120480172-120480932	chr12	120725735	120725736	+	NA	NA	ACADS	ENSG00000122971	NA	CTTGACTTAGTAAGGGGCCCNGG;CTGGGCCCCTTACTAAGTCANGG	FALSE	0.792	0.9807284079084286	TRUE	NA	Morris et al., 2023	-245183	NA	78	TRUE	0.9807284079084286	FALSE	0.07	0.05	0.07	0.11	0.19	0.36	0.34	0.93	0.07	0.05	0.07	0.11	0.19	0.36	0.34	0.93	441
chr12	120480172	120480932	ANAPC5|chr12:120480172-120480932:.	-0.10671030436056994	.	chr12:120480172-120480932	chr12	121399896	121399897	-	NA	NA	ANAPC5	ENSG00000089053	NA	CTTGACTTAGTAAGGGGCCCNGG;CTGGGCCCCTTACTAAGTCANGG	FALSE	0.01708951961033377	0.24646970712907612	TRUE	NA	Morris et al., 2023	919344	NA	379	TRUE	0.246469707129076	FALSE	0.28	0.31	0.33	0.46	0.7	0.8	0.85	0.99	0.28	0.31	0.33	0.46	0.7	0.8	0.85	0.99	441
chr12	120480172	120480932	BICDL1|chr12:120480172-120480932:.	0.352819262061832	.	chr12:120480172-120480932	chr12	119989869	119989870	+	NA	NA	BICDL1	ENSG00000135127	NA	CTTGACTTAGTAAGGGGCCCNGG;CTGGGCCCCTTACTAAGTCANGG	FALSE	0.416	0.8730864197530864	TRUE	NA	Morris et al., 2023	490683	NA	8	TRUE	0.8730864197530864	FALSE	0	0.01	0	0.01	0.02	0.01	0.05	0.09	0	0.01	0	0.01	0.02	0.01	0.05	0.09	441
chr12	120480172	120480932	C12orf43|chr12:120480172-120480932:.	0.02166490547256971	.	chr12:120480172-120480932	chr12	121016502	121016503	-	NA	NA	C12orf43	ENSG00000157895	NA	CTTGACTTAGTAAGGGGCCCNGG;CTGGGCCCCTTACTAAGTCANGG	FALSE	0.908	0.9882502266545784	TRUE	NA	Morris et al., 2023	535950	NA	162	TRUE	0.9882502266545784	FALSE	0.13	0.18	0.18	0.29	0.37	0.49	0.56	0.99	0.13	0.18	0.18	0.29	0.37	0.49	0.56	0.99	441
chr12	120480172	120480932	CAMKK2|chr12:120480172-120480932:.	0.2354788256326392	.	chr12:120480172-120480932	chr12	121298308	121298309	-	NA	NA	CAMKK2	ENSG00000110931	NA	CTTGACTTAGTAAGGGGCCCNGG;CTGGGCCCCTTACTAAGTCANGG	FALSE	0.092	0.6015384615384615	TRUE	NA	Morris et al., 2023	817756	NA	102	TRUE	0.6015384615384615	FALSE	0.08	0.06	0.02	0.16	0.28	0.39	0.57	0.97	0.08	0.06	0.02	0.16	0.28	0.39	0.57	0.97	441
chr12	120480172	120480932	CIT|chr12:120480172-120480932:.	0.13149994245985286	.	chr12:120480172-120480932	chr12	119877291	119877292	-	NA	NA	CIT	ENSG00000122966	NA	CTTGACTTAGTAAGGGGCCCNGG;CTGGGCCCCTTACTAAGTCANGG	FALSE	0.304	0.8111210762331839	TRUE	NA	Morris et al., 2023	-603261	NA	105	TRUE	0.8111210762331839	FALSE	0.01	0.04	0.1	0.16	0.23	0.34	0.51	0.9	0.01	0.04	0.1	0.16	0.23	0.34	0.51	0.9	441
chr12	120480172	120480932	COQ5|chr12:120480172-120480932:.	-0.0382940982578206	.	chr12:120480172-120480932	chr12	120534434	120534435	-	NA	NA	COQ5	ENSG00000110871	NA	CTTGACTTAGTAAGGGGCCCNGG;CTGGGCCCCTTACTAAGTCANGG	FALSE	0.796	0.9812923076923078	TRUE	NA	Morris et al., 2023	53882	NA	127	TRUE	0.9812923076923078	FALSE	0.12	0.08	0.18	0.17	0.34	0.4	0.59	0.96	0.12	0.08	0.18	0.17	0.34	0.4	0.59	0.96	441
chr12	120480172	120480932	COX6A1|chr12:120480172-120480932:.	-0.0019620108621865	.	chr12:120480172-120480932	chr12	120438090	120438091	+	NA	NA	COX6A1	ENSG00000111775	NA	CTTGACTTAGTAAGGGGCCCNGG;CTGGGCCCCTTACTAAGTCANGG	FALSE	0.864	0.9848275862068966	TRUE	NA	Morris et al., 2023	42462	NA	441	TRUE	0.9848275862068966	FALSE	0.39	0.38	0.48	0.65	0.76	0.79	0.95	1	0.39	0.38	0.48	0.65	0.76	0.79	0.95	1	441
chr12	120480172	120480932	DYNLL1|chr12:120480172-120480932:.	-0.0743636400985026	.	chr12:120480172-120480932	chr12	120469850	120469851	+	NA	NA	DYNLL1	ENSG00000088986	NA	CTTGACTTAGTAAGGGGCCCNGG;CTGGGCCCCTTACTAAGTCANGG	FALSE	0.024	0.3038297872340425	overlaps target gene intron	NA	Morris et al., 2023	10702	NA	440	TRUE	0.3038297872340425	FALSE	0.29	0.4	0.4	0.62	0.71	0.86	0.91	1	0.29	0.4	0.4	0.62	0.71	0.86	0.91	1	441
chr12	120480172	120480932	GATC|chr12:120480172-120480932:.	-0.0400154384400424	.	chr12:120480172-120480932	chr12	120446438	120446439	+	NA	NA	GATC	ENSG00000257218	NA	CTTGACTTAGTAAGGGGCCCNGG;CTGGGCCCCTTACTAAGTCANGG	FALSE	0.608	0.9545118733509236	TRUE	NA	Morris et al., 2023	34114	NA	208	TRUE	0.9545118733509235	FALSE	0.18	0.18	0.2	0.42	0.44	0.57	0.81	0.99	0.18	0.18	0.2	0.42	0.44	0.57	0.81	0.99	441
chr12	120480172	120480932	GCN1|chr12:120480172-120480932:.	-0.04698807843081515	.	chr12:120480172-120480932	chr12	120194710	120194711	-	NA	NA	GCN1	ENSG00000089154	NA	CTTGACTTAGTAAGGGGCCCNGG;CTGGGCCCCTTACTAAGTCANGG	FALSE	0.536	0.938	TRUE	NA	Morris et al., 2023	-285842	NA	223	TRUE	0.9380000000000001	FALSE	0.18	0.14	0.19	0.4	0.42	0.65	0.76	0.99	0.18	0.14	0.19	0.4	0.42	0.65	0.76	0.99	441
chr12	120480172	120480932	MLEC|chr12:120480172-120480932:.	-0.06931464276207511	.	chr12:120480172-120480932	chr12	120686869	120686870	+	NA	NA	MLEC	ENSG00000110917	NA	CTTGACTTAGTAAGGGGCCCNGG;CTGGGCCCCTTACTAAGTCANGG	FALSE	0.18	0.7187919463087248	TRUE	NA	Morris et al., 2023	-206317	NA	339	TRUE	0.7187919463087248	FALSE	0.21	0.17	0.26	0.49	0.52	0.78	0.76	1	0.21	0.17	0.26	0.49	0.52	0.78	0.76	1	441
chr12	120480172	120480932	NRAV|chr12:120480172-120480932:.	4.346566597348556e-4	.	chr12:120480172-120480932	chr12	120495940	120495941	-	NA	NA	NRAV	ENSG00000248008	NA	CTTGACTTAGTAAGGGGCCCNGG;CTGGGCCCCTTACTAAGTCANGG	FALSE	0.904	0.9882502266545784	TRUE	NA	Morris et al., 2023	15388	NA	56	TRUE	0.9882502266545784	FALSE	0.01	0.03	0.03	0.06	0.16	0.22	0.32	0.91	0.01	0.03	0.03	0.06	0.16	0.22	0.32	0.91	441
chr12	120480172	120480932	P2RX4|chr12:120480172-120480932:.	0.01205596024150335	.	chr12:120480172-120480932	chr12	121209857	121209858	+	NA	NA	P2RX4	ENSG00000135124	NA	CTTGACTTAGTAAGGGGCCCNGG;CTGGGCCCCTTACTAAGTCANGG	FALSE	1	1	TRUE	NA	Morris et al., 2023	-729305	NA	44	TRUE	1	FALSE	0.03	0.05	0.04	0.09	0.13	0.16	0.18	0.77	0.03	0.05	0.04	0.09	0.13	0.16	0.18	0.77	441
chr12	120480172	120480932	POP5|chr12:120480172-120480932:.	0.06186615674362894	.	chr12:120480172-120480932	chr12	120581398	120581399	-	NA	NA	POP5	ENSG00000167272	NA	CTTGACTTAGTAAGGGGCCCNGG;CTGGGCCCCTTACTAAGTCANGG	FALSE	0.228	0.7515789473684211	TRUE	NA	Morris et al., 2023	100846	NA	366	TRUE	0.7515789473684211	FALSE	0.24	0.22	0.32	0.34	0.56	0.73	0.85	1	0.24	0.22	0.32	0.34	0.56	0.73	0.85	1	441
chr12	120480172	120480932	PRKAB1|chr12:120480172-120480932:.	-0.03526983452358122	.	chr12:120480172-120480932	chr12	119667753	119667754	+	NA	NA	PRKAB1	ENSG00000111725	NA	CTTGACTTAGTAAGGGGCCCNGG;CTGGGCCCCTTACTAAGTCANGG	FALSE	0.652	0.9614374225526642	TRUE	NA	Morris et al., 2023	812799	NA	279	TRUE	0.9614374225526642	FALSE	0.18	0.28	0.24	0.44	0.5	0.7	0.79	0.99	0.18	0.28	0.24	0.44	0.5	0.7	0.79	0.99	441
chr12	120480172	120480932	PXN|chr12:120480172-120480932:.	-0.37880569380916573	.	chr12:120480172-120480932	chr12	120265771	120265772	-	NA	NA	PXN	ENSG00000089159	NA	CTTGACTTAGTAAGGGGCCCNGG;CTGGGCCCCTTACTAAGTCANGG	TRUE	0.00943422598834187	0.16270621632067864	TRUE	NA	Morris et al., 2023	-214781	NA	87	TRUE	0.1627062163206786	TRUE	0.11	0.09	0.1	0.15	0.29	0.38	0.45	0.94	0.11	0.09	0.1	0.15	0.29	0.38	0.45	0.94	441
chr12	120480172	120480932	PXN-AS1|chr12:120480172-120480932:.	0.05864009391763236	.	chr12:120480172-120480932	chr12	120201291	120201292	+	NA	NA	PXN-AS1	ENSG00000255857	NA	CTTGACTTAGTAAGGGGCCCNGG;CTGGGCCCCTTACTAAGTCANGG	FALSE	0.64	0.95795	TRUE	NA	Morris et al., 2023	279261	NA	128	TRUE	0.9579500000000001	FALSE	0.03	0.05	0.17	0.26	0.32	0.54	0.64	1	0.03	0.05	0.17	0.26	0.32	0.54	0.64	1	441
chr12	120480172	120480932	RAB35|chr12:120480172-120480932:.	0.01790289953967372	.	chr12:120480172-120480932	chr12	120117502	120117503	-	NA	NA	RAB35	ENSG00000111737	NA	CTTGACTTAGTAAGGGGCCCNGG;CTGGGCCCCTTACTAAGTCANGG	FALSE	0.832	0.9832432432432432	TRUE	NA	Morris et al., 2023	-363050	NA	132	TRUE	0.9832432432432433	FALSE	0.07	0.11	0.15	0.22	0.44	0.51	0.6	0.96	0.07	0.11	0.15	0.22	0.44	0.51	0.6	0.96	441
chr12	120480172	120480932	RNF10|chr12:120480172-120480932:.	-0.07369706610769833	.	chr12:120480172-120480932	chr12	120533480	120533481	+	NA	NA	RNF10	ENSG00000022840	NA	CTTGACTTAGTAAGGGGCCCNGG;CTGGGCCCCTTACTAAGTCANGG	FALSE	0.204	0.7410778443113772	TRUE	NA	Morris et al., 2023	-52928	NA	330	TRUE	0.7410778443113772	FALSE	0.28	0.3	0.28	0.44	0.56	0.7	0.79	1	0.28	0.3	0.28	0.44	0.56	0.7	0.79	1	441
chr12	120480172	120480932	RNF34|chr12:120480172-120480932:.	-0.0756264188338499	.	chr12:120480172-120480932	chr12	121400041	121400042	+	NA	NA	RNF34	ENSG00000170633	NA	CTTGACTTAGTAAGGGGCCCNGG;CTGGGCCCCTTACTAAGTCANGG	FALSE	0.368	0.85364522417154	TRUE	NA	Morris et al., 2023	-919489	NA	182	TRUE	0.85364522417154	FALSE	0.16	0.13	0.21	0.3	0.43	0.57	0.72	1	0.16	0.13	0.21	0.3	0.43	0.57	0.72	1	441
chr12	120480172	120480932	RPLP0|chr12:120480172-120480932:.	0.01616835686296891	.	chr12:120480172-120480932	chr12	120201235	120201236	-	NA	NA	RPLP0	ENSG00000089157	NA	CTTGACTTAGTAAGGGGCCCNGG;CTGGGCCCCTTACTAAGTCANGG	FALSE	0.372	0.857906976744186	TRUE	NA	Morris et al., 2023	-279317	NA	441	TRUE	0.857906976744186	FALSE	0.39	0.44	0.51	0.63	0.82	0.84	0.91	1	0.39	0.44	0.51	0.63	0.82	0.84	0.91	1	441
chr12	120480172	120480932	SIRT4|chr12:120480172-120480932:.	0.05784057655516417	.	chr12:120480172-120480932	chr12	120302316	120302317	+	NA	NA	SIRT4	ENSG00000089163	NA	CTTGACTTAGTAAGGGGCCCNGG;CTGGGCCCCTTACTAAGTCANGG	FALSE	0.748	0.9706870229007634	TRUE	NA	Morris et al., 2023	178236	NA	32	TRUE	0.9706870229007634	FALSE	0.01	0.02	0.03	0.05	0.14	0.08	0.07	0.75	0.01	0.02	0.03	0.05	0.14	0.08	0.07	0.75	441
chr12	120480172	120480932	SPPL3|chr12:120480172-120480932:.	-0.16639595947990382	.	chr12:120480172-120480932	chr12	120904371	120904372	-	NA	NA	SPPL3	ENSG00000157837	NA	CTTGACTTAGTAAGGGGCCCNGG;CTGGGCCCCTTACTAAGTCANGG	FALSE	0.24	0.7636363636363636	TRUE	NA	Morris et al., 2023	423819	NA	91	TRUE	0.7636363636363636	FALSE	0.08	0.09	0.13	0.13	0.33	0.41	0.51	0.94	0.08	0.09	0.13	0.13	0.33	0.41	0.51	0.94	441
chr12	120480172	120480932	SRSF9|chr12:120480172-120480932:.	-0.04790411844876763	.	chr12:120480172-120480932	chr12	120469793	120469794	-	NA	NA	SRSF9	ENSG00000111786	NA	CTTGACTTAGTAAGGGGCCCNGG;CTGGGCCCCTTACTAAGTCANGG	FALSE	0.148	0.6923636363636364	TRUE	NA	Morris et al., 2023	-10759	NA	427	TRUE	0.6923636363636364	FALSE	0.25	0.35	0.32	0.58	0.64	0.86	0.82	1	0.25	0.35	0.32	0.58	0.64	0.86	0.82	1	441
chr12	120480172	120480932	TMEM233|chr12:120480172-120480932:.	-0.26967866936718843	.	chr12:120480172-120480932	chr12	119593459	119593460	+	NA	NA	TMEM233	ENSG00000224982	NA	CTTGACTTAGTAAGGGGCCCNGG;CTGGGCCCCTTACTAAGTCANGG	FALSE	0.404	0.868550983899821	TRUE	NA	Morris et al., 2023	887093	NA	56	TRUE	0.868550983899821	FALSE	0.03	0.02	0.03	0.04	0.12	0.08	0.26	0.75	0.03	0.02	0.03	0.04	0.12	0.08	0.26	0.75	441
chr12	120480172	120480932	TRIAP1|chr12:120480172-120480932:.	-0.07884464107354028	.	chr12:120480172-120480932	chr12	120446412	120446413	-	NA	NA	TRIAP1	ENSG00000170855	NA	CTTGACTTAGTAAGGGGCCCNGG;CTGGGCCCCTTACTAAGTCANGG	FALSE	0.128	0.6923636363636364	TRUE	NA	Morris et al., 2023	-34140	NA	330	TRUE	0.6923636363636364	FALSE	0.19	0.18	0.31	0.51	0.67	0.74	0.85	1	0.19	0.18	0.31	0.51	0.67	0.74	0.85	1	441
chr12	120480172	120480932	UNC119B|chr12:120480172-120480932:.	0.01170721843675393	.	chr12:120480172-120480932	chr12	120710435	120710436	+	NA	NA	UNC119B	ENSG00000175970	NA	CTTGACTTAGTAAGGGGCCCNGG;CTGGGCCCCTTACTAAGTCANGG	FALSE	0.94	0.9960819234194124	TRUE	NA	Morris et al., 2023	-229883	NA	55	TRUE	0.9960819234194123	FALSE	0.05	0.08	0.03	0.09	0.1	0.23	0.41	0.87	0.05	0.08	0.03	0.09	0.1	0.23	0.41	0.87	441
chr13	113493198	113493698	ADPRHL1|chr13:113493198-113493698:.	0.2857738259709226	.	chr13:113493198-113493698	chr13	113453524	113453525	-	NA	NA	ADPRHL1	ENSG00000153531	NA	GCTTCTCTCGGTTGGTCCAANGG;ACTGCTAAGCTTCTCTCGGTNGG	FALSE	0.268	0.7894059405940594	TRUE	NA	Morris et al., 2023	-39924	NA	23	TRUE	0.7894059405940594	FALSE	0.01	0.01	0	0.03	0.05	0.06	0.06	0.39	0.01	0.01	0	0.03	0.05	0.06	0.06	0.39	940
chr13	113493198	113493698	AL139384.1|chr13:113493198-113493698:.	-0.0027398289487861	.	chr13:113493198-113493698	chr13	112689815	112689816	-	NA	NA	AL139384.1	ENSG00000274922	NA	GCTTCTCTCGGTTGGTCCAANGG;ACTGCTAAGCTTCTCTCGGTNGG	FALSE	0.944	0.998542222222222	TRUE	NA	Morris et al., 2023	-803633	NA	45	TRUE	0.9985422222222221	FALSE	0.01	0.02	0.02	0.05	0.05	0.13	0.17	0.81	0.01	0.02	0.02	0.05	0.05	0.13	0.17	0.81	940
chr13	113493198	113493698	ATP11A|chr13:113493198-113493698:.	-0.1232312057662388	.	chr13:113493198-113493698	chr13	112690329	112690330	+	NA	NA	ATP11A	ENSG00000068650	NA	GCTTCTCTCGGTTGGTCCAANGG;ACTGCTAAGCTTCTCTCGGTNGG	FALSE	0.36	0.8433070866141731	TRUE	NA	Morris et al., 2023	803119	NA	126	TRUE	0.8433070866141731	FALSE	0.08	0.1	0.1	0.08	0.31	0.42	0.55	0.98	0.08	0.1	0.1	0.08	0.31	0.42	0.55	0.98	940
chr13	113493198	113493698	CDC16|chr13:113493198-113493698:.	0.00358625518790389	.	chr13:113493198-113493698	chr13	114234887	114234888	+	NA	NA	CDC16	ENSG00000130177	NA	GCTTCTCTCGGTTGGTCCAANGG;ACTGCTAAGCTTCTCTCGGTNGG	FALSE	0.972	0.9999658411614004	TRUE	NA	Morris et al., 2023	-741439	NA	486	TRUE	0.9999658411614004	FALSE	0.14	0.18	0.24	0.52	0.62	0.77	0.88	1	0.14	0.18	0.24	0.52	0.62	0.77	0.88	1	940
chr13	113493198	113493698	CHAMP1|chr13:113493198-113493698:.	0.08445243837974326	.	chr13:113493198-113493698	chr13	114314335	114314336	+	NA	NA	CHAMP1	ENSG00000198824	NA	GCTTCTCTCGGTTGGTCCAANGG;ACTGCTAAGCTTCTCTCGGTNGG	FALSE	0.108	0.6523857868020304	TRUE	NA	Morris et al., 2023	-820887	NA	389	TRUE	0.6523857868020304	FALSE	0.15	0.17	0.2	0.32	0.53	0.81	0.84	1	0.15	0.17	0.2	0.32	0.53	0.81	0.84	1	940
chr13	113493198	113493698	CUL4A|chr13:113493198-113493698:.	-0.0023761150365723	.	chr13:113493198-113493698	chr13	113208193	113208194	+	NA	NA	CUL4A	ENSG00000139842	NA	GCTTCTCTCGGTTGGTCCAANGG;ACTGCTAAGCTTCTCTCGGTNGG	FALSE	1	1	TRUE	NA	Morris et al., 2023	285255	NA	536	TRUE	1	FALSE	0.24	0.2	0.37	0.48	0.6	0.83	0.93	1	0.24	0.2	0.37	0.48	0.6	0.83	0.93	1	940
chr13	113493198	113493698	DCUN1D2|chr13:113493198-113493698:.	-0.1463369998305888	.	chr13:113493198-113493698	chr13	113490952	113490953	-	NA	NA	DCUN1D2	ENSG00000150401	NA	GCTTCTCTCGGTTGGTCCAANGG;ACTGCTAAGCTTCTCTCGGTNGG	FALSE	0.396	0.8646605504587156	TRUE	NA	Morris et al., 2023	-2496	NA	44	TRUE	0.8646605504587156	FALSE	0.01	0.01	0.01	0.02	0.05	0.06	0.13	0.49	0.01	0.01	0.01	0.02	0.05	0.06	0.13	0.49	940
chr13	113493198	113493698	GAS6|chr13:113493198-113493698:.	-0.02491088618196002	.	chr13:113493198-113493698	chr13	113864067	113864068	-	NA	NA	GAS6	ENSG00000183087	NA	GCTTCTCTCGGTTGGTCCAANGG;ACTGCTAAGCTTCTCTCGGTNGG	FALSE	0.792	0.9807284079084286	TRUE	NA	Morris et al., 2023	370619	NA	204	TRUE	0.9807284079084286	FALSE	0.11	0.09	0.14	0.32	0.44	0.51	0.71	0.98	0.11	0.09	0.14	0.32	0.44	0.51	0.71	0.98	940
chr13	113493198	113493698	GRTP1|chr13:113493198-113493698:.	-0.02349563322576608	.	chr13:113493198-113493698	chr13	113364148	113364149	-	NA	NA	GRTP1	ENSG00000139835	NA	GCTTCTCTCGGTTGGTCCAANGG;ACTGCTAAGCTTCTCTCGGTNGG	FALSE	0.704	0.9686652078774618	TRUE	NA	Morris et al., 2023	-129300	NA	155	TRUE	0.9686652078774618	FALSE	0.06	0.09	0.14	0.18	0.39	0.4	0.69	0.99	0.06	0.09	0.14	0.18	0.39	0.4	0.69	0.99	940
chr13	113493198	113493698	LAMP1|chr13:113493198-113493698:.	0.0418354447245602	.	chr13:113493198-113493698	chr13	113297241	113297242	+	NA	NA	LAMP1	ENSG00000185896	NA	GCTTCTCTCGGTTGGTCCAANGG;ACTGCTAAGCTTCTCTCGGTNGG	FALSE	0.412	0.869290780141844	TRUE	NA	Morris et al., 2023	196207	NA	527	TRUE	0.869290780141844	FALSE	0.22	0.23	0.29	0.46	0.63	0.77	0.85	1	0.22	0.23	0.29	0.46	0.63	0.77	0.85	1	940
chr13	113493198	113493698	PCID2|chr13:113493198-113493698:.	0.0732971943470142	.	chr13:113493198-113493698	chr13	113208715	113208716	-	NA	NA	PCID2	ENSG00000126226	NA	GCTTCTCTCGGTTGGTCCAANGG;ACTGCTAAGCTTCTCTCGGTNGG	FALSE	0.28	0.7951999999999999	TRUE	NA	Morris et al., 2023	-284733	NA	338	TRUE	0.7951999999999999	FALSE	0.14	0.19	0.18	0.4	0.46	0.72	0.84	1	0.14	0.19	0.18	0.4	0.46	0.72	0.84	1	940
chr13	113493198	113493698	RASA3|chr13:113493198-113493698:.	0.05806053025910263	.	chr13:113493198-113493698	chr13	114132611	114132612	-	NA	NA	RASA3	ENSG00000185989	NA	GCTTCTCTCGGTTGGTCCAANGG;ACTGCTAAGCTTCTCTCGGTNGG	FALSE	0.576	0.9441322314049586	TRUE	NA	Morris et al., 2023	639163	NA	130	TRUE	0.9441322314049586	FALSE	0.05	0.06	0.08	0.11	0.27	0.44	0.58	0.98	0.05	0.06	0.08	0.11	0.27	0.44	0.58	0.98	940
chr13	113493198	113493698	TFDP1|chr13:113493198-113493698:.	-0.05672991758083182	.	chr13:113493198-113493698	chr13	113584721	113584722	+	NA	NA	TFDP1	ENSG00000198176	NA	GCTTCTCTCGGTTGGTCCAANGG;ACTGCTAAGCTTCTCTCGGTNGG	FALSE	0.136	0.6923636363636364	TRUE	NA	Morris et al., 2023	-91273	NA	591	TRUE	0.6923636363636364	FALSE	0.23	0.25	0.4	0.58	0.75	0.8	0.91	1	0.23	0.25	0.4	0.58	0.75	0.8	0.91	1	940
chr13	113493198	113493698	TMCO3|chr13:113493198-113493698:.	-1.0163576086301684	.	chr13:113493198-113493698	chr13	113490995	113490996	+	NA	NA	TMCO3	ENSG00000150403	NA	GCTTCTCTCGGTTGGTCCAANGG;ACTGCTAAGCTTCTCTCGGTNGG	TRUE	1.3928519736606524e-19	1.6574938486561764e-17	overlaps target gene intron	NA	Morris et al., 2023	2453	NA	130	TRUE	1.6574938486561764e-17	TRUE	0.11	0.11	0.15	0.27	0.4	0.62	0.74	1	0.11	0.11	0.15	0.27	0.4	0.62	0.74	1	940
chr13	113493198	113493698	TUBGCP3|chr13:113493198-113493698:.	0.08521422322782524	.	chr13:113493198-113493698	chr13	112588205	112588206	-	NA	NA	TUBGCP3	ENSG00000126216	NA	GCTTCTCTCGGTTGGTCCAANGG;ACTGCTAAGCTTCTCTCGGTNGG	FALSE	0.332	0.8248016701461379	TRUE	NA	Morris et al., 2023	-905243	NA	161	TRUE	0.8248016701461379	FALSE	0.04	0.1	0.14	0.14	0.34	0.5	0.62	0.97	0.04	0.1	0.14	0.14	0.34	0.5	0.62	0.97	940
chr13	113493198	113493698	UPF3A|chr13:113493198-113493698:.	0.04156620925815169	.	chr13:113493198-113493698	chr13	114281584	114281585	+	NA	NA	UPF3A	ENSG00000169062	NA	GCTTCTCTCGGTTGGTCCAANGG;ACTGCTAAGCTTCTCTCGGTNGG	FALSE	0.16	0.6923636363636364	TRUE	NA	Morris et al., 2023	-788136	NA	786	TRUE	0.6923636363636364	FALSE	0.29	0.31	0.39	0.54	0.75	0.87	0.96	1	0.29	0.31	0.39	0.54	0.75	0.87	0.96	1	940
chr13	113505886	113506815	ADPRHL1|chr13:113505886-113506815:.	-0.24782699371702677	.	chr13:113505886-113506815	chr13	113453524	113453525	-	NA	NA	ADPRHL1	ENSG00000153531	NA	CCTTGCCGTTAATCCTGTGGNGG;TTACCCTCCCCACCCGTAACNGG	FALSE	0.732	0.9686652078774618	TRUE	NA	Morris et al., 2023	-52826	NA	10	TRUE	0.9686652078774618	FALSE	0.01	0.02	0.02	0.02	0.02	0.03	0.04	0.17	0.01	0.02	0.02	0.02	0.02	0.03	0.04	0.17	513
chr13	113505886	113506815	AL139384.1|chr13:113505886-113506815:.	-0.22203533189136415	.	chr13:113505886-113506815	chr13	112689815	112689816	-	NA	NA	AL139384.1	ENSG00000274922	NA	CCTTGCCGTTAATCCTGTGGNGG;TTACCCTCCCCACCCGTAACNGG	FALSE	0.372	0.857906976744186	TRUE	NA	Morris et al., 2023	-816535	NA	21	TRUE	0.857906976744186	FALSE	0	0	0.02	0.03	0.05	0.09	0.09	0.48	0	0	0.02	0.03	0.05	0.09	0.09	0.48	513
chr13	113505886	113506815	AL442125.1|chr13:113505886-113506815:.	-0.2170950966225096	.	chr13:113505886-113506815	chr13	113527260	113527261	+	NA	NA	AL442125.1	ENSG00000276248	NA	CCTTGCCGTTAATCCTGTGGNGG;TTACCCTCCCCACCCGTAACNGG	FALSE	0.832	0.9832432432432432	TRUE	NA	Morris et al., 2023	-20910	NA	7	TRUE	0.9832432432432433	FALSE	0.01	0	0.01	0.01	0.01	0	0.04	0.13	0.01	0	0.01	0.01	0.01	0	0.04	0.13	513
chr13	113505886	113506815	ATP11A|chr13:113505886-113506815:.	0.06343870131103779	.	chr13:113505886-113506815	chr13	112690329	112690330	+	NA	NA	ATP11A	ENSG00000068650	NA	CCTTGCCGTTAATCCTGTGGNGG;TTACCCTCCCCACCCGTAACNGG	FALSE	0.552	0.942439024390244	TRUE	NA	Morris et al., 2023	816021	NA	77	TRUE	0.942439024390244	FALSE	0.05	0.06	0.04	0.04	0.16	0.31	0.37	0.92	0.05	0.06	0.04	0.04	0.16	0.31	0.37	0.92	513
chr13	113505886	113506815	CDC16|chr13:113505886-113506815:.	-0.0380692197539666	.	chr13:113505886-113506815	chr13	114234887	114234888	+	NA	NA	CDC16	ENSG00000130177	NA	CCTTGCCGTTAATCCTGTGGNGG;TTACCCTCCCCACCCGTAACNGG	FALSE	0.568	0.942770083102493	TRUE	NA	Morris et al., 2023	-728537	NA	256	TRUE	0.942770083102493	FALSE	0.16	0.14	0.23	0.32	0.56	0.69	0.82	1	0.16	0.14	0.23	0.32	0.56	0.69	0.82	1	513
chr13	113505886	113506815	CHAMP1|chr13:113505886-113506815:.	0.02227870540284693	.	chr13:113505886-113506815	chr13	114314335	114314336	+	NA	NA	CHAMP1	ENSG00000198824	NA	CCTTGCCGTTAATCCTGTGGNGG;TTACCCTCCCCACCCGTAACNGG	FALSE	0.876	0.9882502266545784	TRUE	NA	Morris et al., 2023	-807985	NA	218	TRUE	0.9882502266545784	FALSE	0.1	0.19	0.2	0.34	0.41	0.6	0.77	0.99	0.1	0.19	0.2	0.34	0.41	0.6	0.77	0.99	513
chr13	113505886	113506815	CUL4A|chr13:113505886-113506815:.	-0.04327674651822437	.	chr13:113505886-113506815	chr13	113208193	113208194	+	NA	NA	CUL4A	ENSG00000139842	NA	CCTTGCCGTTAATCCTGTGGNGG;TTACCCTCCCCACCCGTAACNGG	FALSE	0.468	0.892972972972973	TRUE	NA	Morris et al., 2023	298157	NA	291	TRUE	0.892972972972973	FALSE	0.2	0.27	0.18	0.37	0.57	0.7	0.84	1	0.2	0.27	0.18	0.37	0.57	0.7	0.84	1	513
chr13	113505886	113506815	DCUN1D2|chr13:113505886-113506815:.	0.05386572341509943	.	chr13:113505886-113506815	chr13	113490952	113490953	-	NA	NA	DCUN1D2	ENSG00000150401	NA	CCTTGCCGTTAATCCTGTGGNGG;TTACCCTCCCCACCCGTAACNGG	FALSE	0.52	0.9280945347119646	TRUE	NA	Morris et al., 2023	-15398	NA	28	TRUE	0.9280945347119646	FALSE	0.02	0.01	0.01	0	0.03	0.01	0.04	0.31	0.02	0.01	0.01	0	0.03	0.01	0.04	0.31	513
chr13	113505886	113506815	GAS6|chr13:113505886-113506815:.	0.00278614275577715	.	chr13:113505886-113506815	chr13	113864067	113864068	-	NA	NA	GAS6	ENSG00000183087	NA	CCTTGCCGTTAATCCTGTGGNGG;TTACCCTCCCCACCCGTAACNGG	FALSE	0.976	0.9999658411614004	TRUE	NA	Morris et al., 2023	357717	NA	114	TRUE	0.9999658411614004	FALSE	0.03	0.06	0.09	0.19	0.3	0.45	0.56	0.99	0.03	0.06	0.09	0.19	0.3	0.45	0.56	0.99	513
chr13	113505886	113506815	GRTP1|chr13:113505886-113506815:.	-0.13336940827739507	.	chr13:113505886-113506815	chr13	113364148	113364149	-	NA	NA	GRTP1	ENSG00000139835	NA	CCTTGCCGTTAATCCTGTGGNGG;TTACCCTCCCCACCCGTAACNGG	FALSE	0.408	0.868550983899821	TRUE	NA	Morris et al., 2023	-142202	NA	81	TRUE	0.868550983899821	FALSE	0.07	0.09	0.06	0.15	0.24	0.3	0.4	0.99	0.07	0.09	0.06	0.15	0.24	0.3	0.4	0.99	513
chr13	113505886	113506815	LAMP1|chr13:113505886-113506815:.	0.01459159634745504	.	chr13:113505886-113506815	chr13	113297241	113297242	+	NA	NA	LAMP1	ENSG00000185896	NA	CCTTGCCGTTAATCCTGTGGNGG;TTACCCTCCCCACCCGTAACNGG	FALSE	0.812	0.9829908443540184	TRUE	NA	Morris et al., 2023	209109	NA	292	TRUE	0.9829908443540183	FALSE	0.17	0.22	0.25	0.47	0.57	0.7	0.82	1	0.17	0.22	0.25	0.47	0.57	0.7	0.82	1	513
chr13	113505886	113506815	PCID2|chr13:113505886-113506815:.	0.02490891328359978	.	chr13:113505886-113506815	chr13	113208715	113208716	-	NA	NA	PCID2	ENSG00000126226	NA	CCTTGCCGTTAATCCTGTGGNGG;TTACCCTCCCCACCCGTAACNGG	FALSE	0.732	0.9686652078774618	TRUE	NA	Morris et al., 2023	-297635	NA	186	TRUE	0.9686652078774618	FALSE	0.1	0.09	0.19	0.21	0.41	0.61	0.69	0.98	0.1	0.09	0.19	0.21	0.41	0.61	0.69	0.98	513
chr13	113505886	113506815	RASA3|chr13:113505886-113506815:.	0.04802327343856483	.	chr13:113505886-113506815	chr13	114132611	114132612	-	NA	NA	RASA3	ENSG00000185989	NA	CCTTGCCGTTAATCCTGTGGNGG;TTACCCTCCCCACCCGTAACNGG	FALSE	0.664	0.9647863247863248	TRUE	NA	Morris et al., 2023	626261	NA	69	TRUE	0.9647863247863248	FALSE	0.08	0.04	0.1	0.11	0.22	0.27	0.34	0.9	0.08	0.04	0.1	0.11	0.22	0.27	0.34	0.9	513
chr13	113505886	113506815	TFDP1|chr13:113505886-113506815:.	0.03149558225273857	.	chr13:113505886-113506815	chr13	113584721	113584722	+	NA	NA	TFDP1	ENSG00000198176	NA	CCTTGCCGTTAATCCTGTGGNGG;TTACCCTCCCCACCCGTAACNGG	FALSE	0.592	0.9545118733509236	TRUE	NA	Morris et al., 2023	-78371	NA	325	TRUE	0.9545118733509235	FALSE	0.15	0.18	0.31	0.44	0.62	0.77	0.9	1	0.15	0.18	0.31	0.44	0.62	0.77	0.9	1	513
chr13	113505886	113506815	TMCO3|chr13:113505886-113506815:.	-0.4619465641964675	.	chr13:113505886-113506815	chr13	113490995	113490996	+	NA	NA	TMCO3	ENSG00000150403	NA	CCTTGCCGTTAATCCTGTGGNGG;TTACCCTCCCCACCCGTAACNGG	TRUE	5.443393979753137e-4	0.01750713198893576	overlaps target gene exon	NA	Morris et al., 2023	15355	NA	98	TRUE	0.017507131988935765	TRUE	0.08	0.06	0.12	0.14	0.34	0.43	0.63	0.98	0.08	0.06	0.12	0.14	0.34	0.43	0.63	0.98	513
chr13	113505886	113506815	TUBGCP3|chr13:113505886-113506815:.	0.2246625496220105	.	chr13:113505886-113506815	chr13	112588205	112588206	-	NA	NA	TUBGCP3	ENSG00000126216	NA	CCTTGCCGTTAATCCTGTGGNGG;TTACCCTCCCCACCCGTAACNGG	FALSE	0.072	0.5492307692307692	TRUE	NA	Morris et al., 2023	-918145	NA	103	TRUE	0.5492307692307692	FALSE	0.03	0.09	0.06	0.13	0.15	0.36	0.44	0.97	0.03	0.09	0.06	0.13	0.15	0.36	0.44	0.97	513
chr13	113505886	113506815	UPF3A|chr13:113505886-113506815:.	0.05047427993221198	.	chr13:113505886-113506815	chr13	114281584	114281585	+	NA	NA	UPF3A	ENSG00000169062	NA	CCTTGCCGTTAATCCTGTGGNGG;TTACCCTCCCCACCCGTAACNGG	FALSE	0.24	0.7636363636363636	TRUE	NA	Morris et al., 2023	-775234	NA	434	TRUE	0.7636363636363636	FALSE	0.25	0.23	0.4	0.54	0.73	0.84	0.94	1	0.25	0.23	0.4	0.54	0.73	0.84	0.94	1	513
chr14	95536577	95537213	AK7|chr14:95536577-95537213:.	0.20338220299572016	.	chr14:95536577-95537213	chr14	96392111	96392112	+	NA	NA	AK7	ENSG00000140057	NA	ACTAGTATGCCACCAGTTACNGG;TGGTGGCATACTAGTTGACANGG	FALSE	0.572	0.942770083102493	TRUE	NA	Morris et al., 2023	-855216	NA	8	TRUE	0.942770083102493	FALSE	0.01	0	0.01	0.01	0.02	0.06	0.01	0.11	0.01	0	0.01	0.01	0.02	0.06	0.01	0.11	385
chr14	95536577	95537213	AL163051.1|chr14:95536577-95537213:.	-0.5858611581287767	.	chr14:95536577-95537213	chr14	96502321	96502322	-	NA	NA	AL163051.1	ENSG00000260806	NA	ACTAGTATGCCACCAGTTACNGG;TGGTGGCATACTAGTTGACANGG	FALSE	0.024	0.3038297872340425	TRUE	NA	Morris et al., 2023	965426	NA	28	TRUE	0.3038297872340425	FALSE	0.01	0.05	0.06	0.06	0.08	0.11	0.23	0.8	0.01	0.05	0.06	0.06	0.08	0.11	0.23	0.8	385
chr14	95536577	95537213	ATG2B|chr14:95536577-95537213:.	-0.32453831829643986	.	chr14:95536577-95537213	chr14	96363870	96363871	-	NA	NA	ATG2B	ENSG00000066739	NA	ACTAGTATGCCACCAGTTACNGG;TGGTGGCATACTAGTTGACANGG	FALSE	0.136	0.6923636363636364	TRUE	NA	Morris et al., 2023	826975	NA	46	TRUE	0.6923636363636364	FALSE	0.03	0.06	0.05	0.1	0.16	0.25	0.38	0.91	0.03	0.06	0.05	0.1	0.16	0.25	0.38	0.91	385
chr14	95536577	95537213	DICER1|chr14:95536577-95537213:.	0.01707004567721259	.	chr14:95536577-95537213	chr14	95158010	95158011	-	NA	NA	DICER1	ENSG00000100697	NA	ACTAGTATGCCACCAGTTACNGG;TGGTGGCATACTAGTTGACANGG	FALSE	0.828	0.9832432432432432	TRUE	NA	Morris et al., 2023	-378885	NA	102	TRUE	0.9832432432432433	FALSE	0.1	0.11	0.08	0.17	0.33	0.43	0.59	0.98	0.1	0.11	0.08	0.17	0.33	0.43	0.59	0.98	385
chr14	95536577	95537213	DICER1-AS1|chr14:95536577-95537213:.	0.36173185632616	.	chr14:95536577-95537213	chr14	95157645	95157646	+	NA	NA	DICER1-AS1	ENSG00000235706	NA	ACTAGTATGCCACCAGTTACNGG;TGGTGGCATACTAGTTGACANGG	FALSE	0.528	0.9280945347119646	TRUE	NA	Morris et al., 2023	379250	NA	7	TRUE	0.9280945347119646	FALSE	0.01	0.01	0.01	0	0	0.01	0.01	0.05	0.01	0.01	0.01	0	0	0.01	0.01	0.05	385
chr14	95536577	95537213	GLRX5|chr14:95536577-95537213:.	-0.7292630635668538	.	chr14:95536577-95537213	chr14	95533503	95533504	+	NA	NA	GLRX5	ENSG00000182512	NA	ACTAGTATGCCACCAGTTACNGG;TGGTGGCATACTAGTTGACANGG	TRUE	3.944304526105059e-31	6.705317694378598e-29	overlaps target gene intron	NA	Morris et al., 2023	3392	NA	261	TRUE	6.7053176943786e-29	TRUE	0.27	0.3	0.28	0.52	0.68	0.8	0.94	1	0.27	0.3	0.28	0.52	0.68	0.8	0.94	1	385
chr14	95536577	95537213	GSKIP|chr14:95536577-95537213:.	0.06960023508950353	.	chr14:95536577-95537213	chr14	96363452	96363453	+	NA	NA	GSKIP	ENSG00000100744	NA	ACTAGTATGCCACCAGTTACNGG;TGGTGGCATACTAGTTGACANGG	FALSE	0.572	0.942770083102493	TRUE	NA	Morris et al., 2023	-826557	NA	99	TRUE	0.942770083102493	FALSE	0.04	0.05	0.09	0.14	0.36	0.44	0.63	0.98	0.04	0.05	0.09	0.14	0.36	0.44	0.63	0.98	385
chr14	95536577	95537213	PAPOLA|chr14:95536577-95537213:.	-0.126470165079673	.	chr14:95536577-95537213	chr14	96501433	96501434	+	NA	NA	PAPOLA	ENSG00000090060	NA	ACTAGTATGCCACCAGTTACNGG;TGGTGGCATACTAGTTGACANGG	FALSE	0.024	0.3038297872340425	TRUE	NA	Morris et al., 2023	-964538	NA	302	TRUE	0.3038297872340425	FALSE	0.31	0.29	0.32	0.44	0.66	0.69	0.91	1	0.31	0.29	0.32	0.44	0.66	0.69	0.91	1	385
chr14	95536577	95537213	SNHG10|chr14:95536577-95537213:.	-0.18663406299922491	.	chr14:95536577-95537213	chr14	95534872	95534873	-	NA	NA	SNHG10	ENSG00000247092	NA	ACTAGTATGCCACCAGTTACNGG;TGGTGGCATACTAGTTGACANGG	FALSE	0.204	0.7410778443113772	TRUE	NA	Morris et al., 2023	-2023	NA	110	TRUE	0.7410778443113772	FALSE	0.11	0.05	0.03	0.16	0.32	0.43	0.62	0.97	0.11	0.05	0.03	0.16	0.32	0.43	0.62	0.97	385
chr14	100680620	100681291	DEGS2|chr14:100680620-100681291:.	-0.10192231782321226	.	chr14:100680620-100681291	chr14	100160163	100160164	-	NA	NA	DEGS2	ENSG00000168350	NA	CTGGCTTCTCGTCCGAACGTNGG;TCTGGCTTCTCGTCCGAACGNGG	FALSE	0.604	0.9545118733509236	overlaps potential promoter	NA	Morris et al., 2023	-520792	NA	17	TRUE	0.9545118733509235	FALSE	0	0.01	0.01	0	0.02	0.04	0	0.09	0	0.01	0.01	0	0.02	0.04	0	0.09	1020
chr14	100680620	100681291	EML1|chr14:100680620-100681291:.	0.19748023097833656	.	chr14:100680620-100681291	chr14	99737693	99737694	+	NA	NA	EML1	ENSG00000066629	NA	CTGGCTTCTCGTCCGAACGTNGG;TCTGGCTTCTCGTCCGAACGNGG	FALSE	0.572	0.942770083102493	overlaps potential promoter	NA	Morris et al., 2023	943262	NA	7	TRUE	0.942770083102493	FALSE	0	0	0	0	0	0.01	0.01	0.02	0	0	0	0	0	0.01	0.01	0.02	1020
chr14	100680620	100681291	EVL|chr14:100680620-100681291:.	0.1152878318685977	.	chr14:100680620-100681291	chr14	99971449	99971450	+	NA	NA	EVL	ENSG00000196405	NA	CTGGCTTCTCGTCCGAACGTNGG;TCTGGCTTCTCGTCCGAACGNGG	FALSE	0.14	0.6923636363636364	overlaps potential promoter	NA	Morris et al., 2023	709506	NA	260	TRUE	0.6923636363636364	FALSE	0.07	0.16	0.14	0.26	0.35	0.6	0.78	1	0.07	0.16	0.14	0.26	0.35	0.6	0.78	1	1020
chr14	100680620	100681291	SLC25A29|chr14:100680620-100681291:.	-0.01351000693033199	.	chr14:100680620-100681291	chr14	100306547	100306548	-	NA	NA	SLC25A29	ENSG00000197119	NA	CTGGCTTCTCGTCCGAACGTNGG;TCTGGCTTCTCGTCCGAACGNGG	FALSE	0.956	0.9999658411614004	overlaps potential promoter	NA	Morris et al., 2023	-374408	NA	24	TRUE	0.9999658411614004	FALSE	0.03	0	0	0	0.01	0.07	0.06	0.48	0.03	0	0	0	0.01	0.07	0.06	0.48	1020
chr14	100680620	100681291	WARS|chr14:100680620-100681291:.	-0.02884701915888043	.	chr14:100680620-100681291	chr14	100376805	100376806	-	NA	NA	WARS	ENSG00000140105	NA	CTGGCTTCTCGTCCGAACGTNGG;TCTGGCTTCTCGTCCGAACGNGG	FALSE	0.696	0.9686652078774618	overlaps potential promoter	NA	Morris et al., 2023	-304150	NA	692	TRUE	0.9686652078774618	FALSE	0.2	0.22	0.29	0.53	0.72	0.82	0.96	1	0.2	0.22	0.29	0.53	0.72	0.82	0.96	1	1020
chr14	100680620	100681291	WDR25|chr14:100680620-100681291:.	-0.184853041289998	.	chr14:100680620-100681291	chr14	100376418	100376419	+	NA	NA	WDR25	ENSG00000176473	NA	CTGGCTTCTCGTCCGAACGTNGG;TCTGGCTTCTCGTCCGAACGNGG	FALSE	0.144	0.6923636363636364	overlaps potential promoter	NA	Morris et al., 2023	304537	NA	122	TRUE	0.6923636363636364	FALSE	0.09	0.09	0.13	0.14	0.19	0.43	0.59	0.98	0.09	0.09	0.13	0.14	0.19	0.43	0.59	0.98	1020
chr14	100680620	100681291	YY1|chr14:100680620-100681291:.	-0.00933155173779698	.	chr14:100680620-100681291	chr14	100238298	100238299	+	NA	NA	YY1	ENSG00000100811	NA	CTGGCTTCTCGTCCGAACGTNGG;TCTGGCTTCTCGTCCGAACGNGG	FALSE	0.752	0.9714285714285714	overlaps potential promoter	NA	Morris et al., 2023	442657	NA	834	TRUE	0.9714285714285714	FALSE	0.26	0.29	0.44	0.64	0.82	0.92	0.98	1	0.26	0.29	0.44	0.64	0.82	0.92	0.98	1	1020
chr14	102584999	102586165	AL118558.3|chr14:102584999-102586165:.	-0.1759047736288082	.	chr14:102584999-102586165	chr14	101948347	101948348	+	NA	NA	AL118558.3	ENSG00000271780	NA	CATCGCGATAAGATTATCGANGG;ATCGCGATAAGATTATCGAGNGG	FALSE	0.756	0.9714285714285714	TRUE	NA	Morris et al., 2023	637235	NA	16	TRUE	0.9714285714285714	FALSE	0.02	0.02	0	0.01	0.04	0.04	0.04	0.34	0.02	0.02	0	0.01	0.04	0.04	0.04	0.34	192
chr14	102584999	102586165	ANKRD9|chr14:102584999-102586165:.	0.07028462887370224	.	chr14:102584999-102586165	chr14	102509799	102509800	-	NA	NA	ANKRD9	ENSG00000156381	NA	CATCGCGATAAGATTATCGANGG;ATCGCGATAAGATTATCGAGNGG	FALSE	0.696	0.9686652078774618	TRUE	NA	Morris et al., 2023	-75783	NA	44	TRUE	0.9686652078774618	FALSE	0.03	0.05	0.04	0.1	0.14	0.21	0.27	0.81	0.03	0.05	0.04	0.1	0.14	0.21	0.27	0.81	192
chr14	102584999	102586165	APOPT1|chr14:102584999-102586165:.	-0.08740942961667797	.	chr14:102584999-102586165	chr14	103562962	103562963	+	NA	NA	APOPT1	ENSG00000256053	NA	CATCGCGATAAGATTATCGANGG;ATCGCGATAAGATTATCGAGNGG	FALSE	0.34	0.8308008213552361	TRUE	NA	Morris et al., 2023	-977380	NA	134	TRUE	0.8308008213552361	FALSE	0.08	0.1	0.15	0.25	0.35	0.5	0.66	1	0.08	0.1	0.15	0.25	0.35	0.5	0.66	1	192
chr14	102584999	102586165	BAG5|chr14:102584999-102586165:.	-0.06987665438573121	.	chr14:102584999-102586165	chr14	103562831	103562832	-	NA	NA	BAG5	ENSG00000166170	NA	CATCGCGATAAGATTATCGANGG;ATCGCGATAAGATTATCGAGNGG	FALSE	0.688	0.9686652078774618	TRUE	NA	Morris et al., 2023	977249	NA	65	TRUE	0.9686652078774618	FALSE	0.03	0.07	0.04	0.13	0.11	0.23	0.31	0.91	0.03	0.07	0.04	0.13	0.11	0.23	0.31	0.91	192
chr14	102584999	102586165	CDC42BPB|chr14:102584999-102586165:.	-0.20597677847129292	.	chr14:102584999-102586165	chr14	103057462	103057463	-	NA	NA	CDC42BPB	ENSG00000198752	NA	CATCGCGATAAGATTATCGANGG;ATCGCGATAAGATTATCGAGNGG	FALSE	0.4	0.868550983899821	TRUE	NA	Morris et al., 2023	471880	NA	25	TRUE	0.868550983899821	FALSE	0.03	0.02	0.05	0.03	0.06	0.09	0.16	0.58	0.03	0.02	0.05	0.03	0.06	0.09	0.16	0.58	192
chr14	102584999	102586165	CINP|chr14:102584999-102586165:.	0.1498623633071181	.	chr14:102584999-102586165	chr14	102362916	102362917	-	NA	NA	CINP	ENSG00000100865	NA	CATCGCGATAAGATTATCGANGG;ATCGCGATAAGATTATCGAGNGG	FALSE	0.16	0.6923636363636364	TRUE	NA	Morris et al., 2023	-222666	NA	109	TRUE	0.6923636363636364	FALSE	0.08	0.03	0.06	0.23	0.38	0.43	0.68	0.99	0.08	0.03	0.06	0.23	0.38	0.43	0.68	0.99	192
chr14	102584999	102586165	CKB|chr14:102584999-102586165:.	-0.07090719096098352	.	chr14:102584999-102586165	chr14	103523111	103523112	-	NA	NA	CKB	ENSG00000166165	NA	CATCGCGATAAGATTATCGANGG;ATCGCGATAAGATTATCGAGNGG	FALSE	0.432	0.8808828522920205	TRUE	NA	Morris et al., 2023	937529	NA	181	TRUE	0.8808828522920205	FALSE	0.16	0.14	0.16	0.31	0.47	0.68	0.81	1	0.16	0.14	0.16	0.31	0.47	0.68	0.81	1	192
chr14	102584999	102586165	DYNC1H1|chr14:102584999-102586165:.	-0.13095617404521054	.	chr14:102584999-102586165	chr14	101964510	101964511	+	NA	NA	DYNC1H1	ENSG00000197102	NA	CATCGCGATAAGATTATCGANGG;ATCGCGATAAGATTATCGAGNGG	FALSE	0.164	0.6945195729537368	TRUE	NA	Morris et al., 2023	621072	NA	170	TRUE	0.6945195729537368	FALSE	0.15	0.15	0.11	0.31	0.44	0.6	0.71	1	0.15	0.15	0.11	0.31	0.44	0.6	0.71	1	192
chr14	102584999	102586165	EIF5|chr14:102584999-102586165:.	-0.1084708959107794	.	chr14:102584999-102586165	chr14	103333544	103333545	+	NA	NA	EIF5	ENSG00000100664	NA	CATCGCGATAAGATTATCGANGG;ATCGCGATAAGATTATCGAGNGG	FALSE	0.032	0.3626666666666667	TRUE	NA	Morris et al., 2023	-747962	NA	188	TRUE	0.3626666666666667	FALSE	0.27	0.17	0.3	0.37	0.55	0.78	0.88	1	0.27	0.17	0.3	0.37	0.55	0.78	0.88	1	192
chr14	102584999	102586165	EXOC3L4|chr14:102584999-102586165:.	-0.01629052347546533	.	chr14:102584999-102586165	chr14	103100144	103100145	+	NA	NA	EXOC3L4	ENSG00000205436	NA	CATCGCGATAAGATTATCGANGG;ATCGCGATAAGATTATCGAGNGG	FALSE	0.968	0.9999658411614004	TRUE	NA	Morris et al., 2023	-514562	NA	9	TRUE	0.9999658411614004	FALSE	0.01	0	0.01	0	0.01	0.01	0.07	0.13	0.01	0	0.01	0	0.01	0.01	0.07	0.13	192
chr14	102584999	102586165	HSP90AA1|chr14:102584999-102586165:.	-0.04268754660237839	.	chr14:102584999-102586165	chr14	102139699	102139700	-	NA	NA	HSP90AA1	ENSG00000080824	NA	CATCGCGATAAGATTATCGANGG;ATCGCGATAAGATTATCGAGNGG	FALSE	0.796	0.9812923076923078	TRUE	NA	Morris et al., 2023	-445883	NA	191	TRUE	0.9812923076923078	FALSE	0.04	0.08	0.13	0.25	0.38	0.63	0.71	1	0.04	0.08	0.13	0.25	0.38	0.63	0.71	1	192
chr14	102584999	102586165	KLC1|chr14:102584999-102586165:.	-0.08255214323039883	.	chr14:102584999-102586165	chr14	103561896	103561897	+	NA	NA	KLC1	ENSG00000126214	NA	CATCGCGATAAGATTATCGANGG;ATCGCGATAAGATTATCGAGNGG	FALSE	0.652	0.9614374225526642	TRUE	NA	Morris et al., 2023	-976314	NA	61	TRUE	0.9614374225526642	FALSE	0	0.04	0.07	0.08	0.21	0.28	0.35	0.88	0	0.04	0.07	0.08	0.21	0.28	0.35	0.88	192
chr14	102584999	102586165	LINC02323|chr14:102584999-102586165:.	0.5040892003550477	.	chr14:102584999-102586165	chr14	102545254	102545255	+	NA	NA	LINC02323	ENSG00000259230	NA	CATCGCGATAAGATTATCGANGG;ATCGCGATAAGATTATCGAGNGG	FALSE	0.208	0.7410778443113772	TRUE	NA	Morris et al., 2023	40328	NA	11	TRUE	0.7410778443113772	FALSE	0.01	0	0	0.02	0	0	0	0.15	0.01	0	0	0.02	0	0	0	0.15	192
chr14	102584999	102586165	MARK3|chr14:102584999-102586165:.	0.00374065204393592	.	chr14:102584999-102586165	chr14	103385392	103385393	+	NA	NA	MARK3	ENSG00000075413	NA	CATCGCGATAAGATTATCGANGG;ATCGCGATAAGATTATCGAGNGG	FALSE	0.872	0.9882502266545784	TRUE	NA	Morris et al., 2023	-799810	NA	100	TRUE	0.9882502266545784	FALSE	0.08	0.14	0.08	0.16	0.21	0.5	0.64	0.98	0.08	0.14	0.08	0.16	0.21	0.5	0.64	0.98	192
chr14	102584999	102586165	MOK|chr14:102584999-102586165:.	0.29219816401075693	.	chr14:102584999-102586165	chr14	102305200	102305201	-	NA	NA	MOK	ENSG00000080823	NA	CATCGCGATAAGATTATCGANGG;ATCGCGATAAGATTATCGAGNGG	FALSE	0.496	0.9066666666666666	TRUE	NA	Morris et al., 2023	-280382	NA	10	TRUE	0.9066666666666666	FALSE	0.01	0.01	0.01	0	0.01	0.02	0.04	0.08	0.01	0.01	0.01	0	0.01	0.02	0.04	0.08	192
chr14	102584999	102586165	PPP2R5C|chr14:102584999-102586165:.	-0.01298375366893811	.	chr14:102584999-102586165	chr14	101761798	101761799	+	NA	NA	PPP2R5C	ENSG00000078304	NA	CATCGCGATAAGATTATCGANGG;ATCGCGATAAGATTATCGAGNGG	FALSE	0.976	0.9999658411614004	TRUE	NA	Morris et al., 2023	823784	NA	137	TRUE	0.9999658411614004	FALSE	0.13	0.09	0.1	0.22	0.42	0.57	0.73	0.99	0.13	0.09	0.1	0.22	0.42	0.57	0.73	0.99	192
chr14	102584999	102586165	RCOR1|chr14:102584999-102586165:.	-0.19059576893380292	.	chr14:102584999-102586165	chr14	102592661	102592662	+	NA	NA	RCOR1	ENSG00000089902	NA	CATCGCGATAAGATTATCGANGG;ATCGCGATAAGATTATCGAGNGG	FALSE	0.26	0.777386934673367	TRUE	NA	Morris et al., 2023	-7079	NA	63	TRUE	0.777386934673367	FALSE	0.07	0.03	0.1	0.07	0.16	0.29	0.44	0.94	0.07	0.03	0.1	0.07	0.16	0.29	0.44	0.94	192
chr14	102584999	102586165	TECPR2|chr14:102584999-102586165:.	0.3615987257352611	.	chr14:102584999-102586165	chr14	102362963	102362964	+	NA	NA	TECPR2	ENSG00000196663	NA	CATCGCGATAAGATTATCGANGG;ATCGCGATAAGATTATCGAGNGG	FALSE	0.24	0.7636363636363636	TRUE	NA	Morris et al., 2023	222619	NA	19	TRUE	0.7636363636363636	FALSE	0	0	0	0.01	0.01	0.01	0.04	0.26	0	0	0	0.01	0.01	0.01	0.04	0.26	192
chr14	102584999	102586165	TNFAIP2|chr14:102584999-102586165:.	-0.16093732505462155	.	chr14:102584999-102586165	chr14	103123442	103123443	+	NA	NA	TNFAIP2	ENSG00000185215	NA	CATCGCGATAAGATTATCGANGG;ATCGCGATAAGATTATCGAGNGG	FALSE	0.38	0.8582156133828998	TRUE	NA	Morris et al., 2023	-537860	NA	56	TRUE	0.8582156133828998	FALSE	0.03	0.03	0.07	0.05	0.1	0.19	0.34	0.88	0.03	0.03	0.07	0.05	0.1	0.19	0.34	0.88	192
chr14	102584999	102586165	TRAF3|chr14:102584999-102586165:.	0.02317986647723868	.	chr14:102584999-102586165	chr14	102777476	102777477	+	NA	NA	TRAF3	ENSG00000131323	NA	CATCGCGATAAGATTATCGANGG;ATCGCGATAAGATTATCGAGNGG	FALSE	0.9	0.9882502266545784	TRUE	NA	Morris et al., 2023	-191894	NA	29	TRUE	0.9882502266545784	FALSE	0	0.01	0.02	0.04	0.04	0.04	0.12	0.61	0	0.01	0.02	0.04	0.04	0.04	0.12	0.61	192
chr14	102584999	102586165	TRMT61A|chr14:102584999-102586165:.	-0.11563863231858872	.	chr14:102584999-102586165	chr14	103529184	103529185	+	NA	NA	TRMT61A	ENSG00000166166	NA	CATCGCGATAAGATTATCGANGG;ATCGCGATAAGATTATCGAGNGG	FALSE	0.552	0.942439024390244	TRUE	NA	Morris et al., 2023	-943602	NA	56	TRUE	0.942439024390244	FALSE	0.02	0.06	0.05	0.14	0.15	0.29	0.42	0.92	0.02	0.06	0.05	0.14	0.15	0.29	0.42	0.92	192
chr14	102584999	102586165	WDR20|chr14:102584999-102586165:.	-0.5432933321587581	.	chr14:102584999-102586165	chr14	102139503	102139504	+	NA	NA	WDR20	ENSG00000140153	NA	CATCGCGATAAGATTATCGANGG;ATCGCGATAAGATTATCGAGNGG	FALSE	0.076	0.5582716049382715	TRUE	NA	Morris et al., 2023	446079	NA	20	TRUE	0.5582716049382715	FALSE	0.01	0.01	0.01	0.03	0.13	0.08	0.21	0.65	0.01	0.01	0.01	0.03	0.13	0.08	0.21	0.65	192
chr14	102584999	102586165	ZNF839|chr14:102584999-102586165:.	-0.4152179670737697	.	chr14:102584999-102586165	chr14	102317377	102317378	+	NA	NA	ZNF839	ENSG00000022976	NA	CATCGCGATAAGATTATCGANGG;ATCGCGATAAGATTATCGAGNGG	FALSE	0.284	0.7951999999999999	TRUE	NA	Morris et al., 2023	268205	NA	12	TRUE	0.7951999999999999	FALSE	0.01	0	0.01	0.01	0.02	0.05	0.11	0.36	0.01	0	0.01	0.01	0.02	0.05	0.11	0.36	192
chr16	87853292	87854940	AC010531.6|chr16:87853292-87854940:.	-0.10133531689961384	.	chr16:87853292-87854940	chr16	87317509	87317510	+	NA	NA	AC010531.6	ENSG00000270006	NA	TGGCGCGGCCACACTTATCTNGG;CTTTCGACCTTAAGGAGGCGNGG	FALSE	0.88	0.9882502266545784	TRUE	NA	Morris et al., 2023	536607	NA	16	TRUE	0.9882502266545784	FALSE	0.02	0.05	0.01	0.03	0.04	0.03	0.1	0.26	0.02	0.05	0.01	0.03	0.04	0.03	0.1	0.26	830
chr16	87853292	87854940	AC138028.6|chr16:87853292-87854940:.	0.02015308518003866	.	chr16:87853292-87854940	chr16	88710437	88710438	-	NA	NA	AC138028.6	ENSG00000278341	NA	TGGCGCGGCCACACTTATCTNGG;CTTTCGACCTTAAGGAGGCGNGG	FALSE	0.864	0.9848275862068966	TRUE	NA	Morris et al., 2023	856321	NA	12	TRUE	0.9848275862068966	FALSE	0.01	0.01	0.01	0.01	0.01	0.04	0.04	0.16	0.01	0.01	0.01	0.01	0.01	0.04	0.04	0.16	830
chr16	87853292	87854940	APRT|chr16:87853292-87854940:.	-0.01548164852479683	.	chr16:87853292-87854940	chr16	88811944	88811945	-	NA	NA	APRT	ENSG00000198931	NA	TGGCGCGGCCACACTTATCTNGG;CTTTCGACCTTAAGGAGGCGNGG	FALSE	0.736	0.9686652078774618	TRUE	NA	Morris et al., 2023	957828	NA	822	TRUE	0.9686652078774618	FALSE	0.25	0.32	0.44	0.73	0.74	0.91	0.94	1	0.25	0.32	0.44	0.73	0.74	0.91	0.94	1	830
chr16	87853292	87854940	BANP|chr16:87853292-87854940:.	-0.1894785897068738	.	chr16:87853292-87854940	chr16	87949244	87949245	+	NA	NA	BANP	ENSG00000172530	NA	TGGCGCGGCCACACTTATCTNGG;CTTTCGACCTTAAGGAGGCGNGG	FALSE	0.064	0.518095238095238	TRUE	NA	Morris et al., 2023	-95128	NA	173	TRUE	0.518095238095238	FALSE	0.06	0.17	0.13	0.19	0.39	0.54	0.73	1	0.06	0.17	0.13	0.19	0.39	0.54	0.73	1	830
chr16	87853292	87854940	C16orf95|chr16:87853292-87854940:.	0.00893634279416955	.	chr16:87853292-87854940	chr16	87317420	87317421	-	NA	NA	C16orf95	ENSG00000260456	NA	TGGCGCGGCCACACTTATCTNGG;CTTTCGACCTTAAGGAGGCGNGG	FALSE	0.996	1	TRUE	NA	Morris et al., 2023	-536696	NA	252	TRUE	1	FALSE	0.13	0.16	0.2	0.32	0.44	0.62	0.78	0.99	0.13	0.16	0.2	0.32	0.44	0.62	0.78	0.99	830
chr16	87853292	87854940	CDT1|chr16:87853292-87854940:.	0.04560811005816667	.	chr16:87853292-87854940	chr16	88803213	88803214	+	NA	NA	CDT1	ENSG00000167513	NA	TGGCGCGGCCACACTTATCTNGG;CTTTCGACCTTAAGGAGGCGNGG	FALSE	0.108	0.6523857868020304	TRUE	NA	Morris et al., 2023	-949097	NA	608	TRUE	0.6523857868020304	FALSE	0.28	0.29	0.27	0.5	0.69	0.8	0.93	1	0.28	0.29	0.27	0.5	0.69	0.8	0.93	1	830
chr16	87853292	87854940	CTU2|chr16:87853292-87854940:.	-0.07469022511118717	.	chr16:87853292-87854940	chr16	88706463	88706464	+	NA	NA	CTU2	ENSG00000174177	NA	TGGCGCGGCCACACTTATCTNGG;CTTTCGACCTTAAGGAGGCGNGG	FALSE	0.24	0.7636363636363636	TRUE	NA	Morris et al., 2023	-852347	NA	386	TRUE	0.7636363636363636	FALSE	0.14	0.24	0.26	0.45	0.59	0.77	0.88	1	0.14	0.24	0.26	0.45	0.59	0.77	0.88	1	830
chr16	87853292	87854940	CYBA|chr16:87853292-87854940:.	0.04647131608996657	.	chr16:87853292-87854940	chr16	88651152	88651153	-	NA	NA	CYBA	ENSG00000051523	NA	TGGCGCGGCCACACTTATCTNGG;CTTTCGACCTTAAGGAGGCGNGG	FALSE	0.156	0.6923636363636364	TRUE	NA	Morris et al., 2023	797036	NA	768	TRUE	0.6923636363636364	FALSE	0.24	0.33	0.39	0.58	0.69	0.85	0.96	1	0.24	0.33	0.39	0.58	0.69	0.85	0.96	1	830
chr16	87853292	87854940	FBXO31|chr16:87853292-87854940:.	-0.11964203557567998	.	chr16:87853292-87854940	chr16	87392142	87392143	-	NA	NA	FBXO31	ENSG00000103264	NA	TGGCGCGGCCACACTTATCTNGG;CTTTCGACCTTAAGGAGGCGNGG	FALSE	0.252	0.7748837209302325	TRUE	NA	Morris et al., 2023	-461974	NA	110	TRUE	0.7748837209302325	FALSE	0	0.04	0.04	0.07	0.14	0.19	0.29	0.86	0	0.04	0.04	0.07	0.14	0.19	0.29	0.86	830
chr16	87853292	87854940	KLHDC4|chr16:87853292-87854940:.	-0.1152421750171546	.	chr16:87853292-87854940	chr16	87765992	87765993	-	NA	NA	KLHDC4	ENSG00000104731	NA	TGGCGCGGCCACACTTATCTNGG;CTTTCGACCTTAAGGAGGCGNGG	FALSE	0.164	0.6945195729537368	TRUE	NA	Morris et al., 2023	-88124	NA	258	TRUE	0.6945195729537368	FALSE	0.15	0.13	0.14	0.4	0.54	0.7	0.83	1	0.15	0.13	0.14	0.4	0.54	0.7	0.83	1	830
chr16	87853292	87854940	MAP1LC3B|chr16:87853292-87854940:.	-0.05083770355440302	.	chr16:87853292-87854940	chr16	87383995	87383996	+	NA	NA	MAP1LC3B	ENSG00000140941	NA	TGGCGCGGCCACACTTATCTNGG;CTTTCGACCTTAAGGAGGCGNGG	FALSE	0.256	0.7751653944020357	TRUE	NA	Morris et al., 2023	470121	NA	478	TRUE	0.7751653944020357	FALSE	0.27	0.28	0.27	0.42	0.61	0.78	0.85	1	0.27	0.28	0.27	0.42	0.61	0.78	0.85	1	830
chr16	87853292	87854940	MVD|chr16:87853292-87854940:.	0.01939689228469338	.	chr16:87853292-87854940	chr16	88663161	88663162	-	NA	NA	MVD	ENSG00000167508	NA	TGGCGCGGCCACACTTATCTNGG;CTTTCGACCTTAAGGAGGCGNGG	FALSE	0.712	0.9686652078774618	TRUE	NA	Morris et al., 2023	809045	NA	426	TRUE	0.9686652078774618	FALSE	0.26	0.25	0.25	0.51	0.59	0.71	0.88	1	0.26	0.25	0.25	0.51	0.59	0.71	0.88	1	830
chr16	87853292	87854940	PIEZO1|chr16:87853292-87854940:.	0.003523921139353	.	chr16:87853292-87854940	chr16	88785220	88785221	-	NA	NA	PIEZO1	ENSG00000103335	NA	TGGCGCGGCCACACTTATCTNGG;CTTTCGACCTTAAGGAGGCGNGG	FALSE	0.92	0.989873417721519	TRUE	NA	Morris et al., 2023	931104	NA	440	TRUE	0.989873417721519	FALSE	0.14	0.18	0.22	0.46	0.75	0.8	0.88	1	0.14	0.18	0.22	0.46	0.75	0.8	0.88	1	830
chr16	87853292	87854940	RNF166|chr16:87853292-87854940:.	0.00676444158383326	.	chr16:87853292-87854940	chr16	88706421	88706422	-	NA	NA	RNF166	ENSG00000158717	NA	TGGCGCGGCCACACTTATCTNGG;CTTTCGACCTTAAGGAGGCGNGG	FALSE	0.912	0.9882502266545784	TRUE	NA	Morris et al., 2023	852305	NA	257	TRUE	0.9882502266545784	FALSE	0.08	0.16	0.16	0.34	0.48	0.66	0.8	1	0.08	0.16	0.16	0.34	0.48	0.66	0.8	1	830
chr16	87853292	87854940	SLC7A5|chr16:87853292-87854940:.	-0.6043633026205357	.	chr16:87853292-87854940	chr16	87869488	87869489	-	NA	NA	SLC7A5	ENSG00000103257	NA	TGGCGCGGCCACACTTATCTNGG;CTTTCGACCTTAAGGAGGCGNGG	TRUE	7.714458414442192e-16	6.557289652275863e-14	overlaps target gene intron	NA	Morris et al., 2023	15372	NA	284	TRUE	6.557289652275863e-14	TRUE	0.14	0.16	0.26	0.5	0.47	0.68	0.93	1	0.14	0.16	0.26	0.5	0.47	0.68	0.93	1	830
chr16	87853292	87854940	SNAI3|chr16:87853292-87854940:.	-0.14294082557688892	.	chr16:87853292-87854940	chr16	88686493	88686494	-	NA	NA	SNAI3	ENSG00000185669	NA	TGGCGCGGCCACACTTATCTNGG;CTTTCGACCTTAAGGAGGCGNGG	FALSE	0.496	0.9066666666666666	TRUE	NA	Morris et al., 2023	832377	NA	43	TRUE	0.9066666666666666	FALSE	0	0.01	0.05	0.07	0.09	0.12	0.24	0.79	0	0.01	0.05	0.07	0.09	0.12	0.24	0.79	830
chr16	87853292	87854940	SNAI3-AS1|chr16:87853292-87854940:.	-0.1782983697738394	.	chr16:87853292-87854940	chr16	88663298	88663299	+	NA	NA	SNAI3-AS1	ENSG00000260630	NA	TGGCGCGGCCACACTTATCTNGG;CTTTCGACCTTAAGGAGGCGNGG	FALSE	0.312	0.8124288840262582	TRUE	NA	Morris et al., 2023	-809182	NA	58	TRUE	0.8124288840262582	FALSE	0.06	0.04	0.06	0.11	0.22	0.27	0.34	0.88	0.06	0.04	0.06	0.11	0.22	0.27	0.34	0.88	830
chr16	87853292	87854940	ZC3H18|chr16:87853292-87854940:.	0.05426856826632859	.	chr16:87853292-87854940	chr16	88570381	88570382	+	NA	NA	ZC3H18	ENSG00000158545	NA	TGGCGCGGCCACACTTATCTNGG;CTTTCGACCTTAAGGAGGCGNGG	FALSE	0.192	0.7323076923076923	TRUE	NA	Morris et al., 2023	-716265	NA	559	TRUE	0.7323076923076923	FALSE	0.21	0.28	0.37	0.52	0.68	0.8	0.88	1	0.21	0.28	0.37	0.52	0.68	0.8	0.88	1	830
chr16	87853292	87854940	ZCCHC14|chr16:87853292-87854940:.	-0.08613957942215844	.	chr16:87853292-87854940	chr16	87492045	87492046	-	NA	NA	ZCCHC14	ENSG00000140948	NA	TGGCGCGGCCACACTTATCTNGG;CTTTCGACCTTAAGGAGGCGNGG	FALSE	0.476	0.8962658227848102	TRUE	NA	Morris et al., 2023	-362071	NA	77	TRUE	0.8962658227848102	FALSE	0.08	0.08	0.06	0.09	0.27	0.19	0.35	0.94	0.08	0.08	0.06	0.09	0.27	0.19	0.35	0.94	830
chr16	87853292	87854940	ZFPM1|chr16:87853292-87854940:.	-0.14312485438946965	.	chr16:87853292-87854940	chr16	88453317	88453318	+	NA	NA	ZFPM1	ENSG00000179588	NA	TGGCGCGGCCACACTTATCTNGG;CTTTCGACCTTAAGGAGGCGNGG	FALSE	0.408	0.868550983899821	TRUE	NA	Morris et al., 2023	-599201	NA	68	TRUE	0.868550983899821	FALSE	0.05	0.04	0.06	0.15	0.12	0.23	0.43	0.97	0.05	0.04	0.06	0.15	0.12	0.23	0.43	0.97	830
chr16	88499813	88500313	AC009113.1|chr16:88499813-88500313:.	-0.08694097767276787	.	chr16:88499813-88500313	chr16	89217653	89217654	-	NA	NA	AC009113.1	ENSG00000259877	NA	CTCGCCCAGGTGACTCTGGTNGG;GGCCCCTCCCAGACATCTCGNGG	FALSE	0.604	0.9545118733509236	TRUE	NA	Morris et al., 2023	717590	NA	60	TRUE	0.9545118733509235	FALSE	0.01	0.01	0.08	0.07	0.13	0.24	0.37	0.85	0.01	0.01	0.08	0.07	0.13	0.24	0.37	0.85	997
chr16	88499813	88500313	AC126696.3|chr16:88499813-88500313:.	0.099461792490386	.	chr16:88499813-88500313	chr16	87779374	87779375	-	NA	NA	AC126696.3	ENSG00000260498	NA	CTCGCCCAGGTGACTCTGGTNGG;GGCCCCTCCCAGACATCTCGNGG	FALSE	0.856	0.9832432432432432	TRUE	NA	Morris et al., 2023	-720689	NA	7	TRUE	0.9832432432432433	FALSE	0	0.01	0.01	0	0.02	0.02	0	0.1	0	0.01	0.01	0	0.02	0.02	0	0.1	997
chr16	88499813	88500313	AC137932.3|chr16:88499813-88500313:.	0.6652343989654064	.	chr16:88499813-88500313	chr16	89268104	89268105	+	NA	NA	AC137932.3	ENSG00000268218	NA	CTCGCCCAGGTGACTCTGGTNGG;GGCCCCTCCCAGACATCTCGNGG	FALSE	0.192	0.7323076923076923	TRUE	NA	Morris et al., 2023	-768041	NA	7	TRUE	0.7323076923076923	FALSE	0	0	0	0	0	0	0	0	0	0	0	0	0	0	0	0	997
chr16	88499813	88500313	AC138028.4|chr16:88499813-88500313:.	1.254371656672281	.	chr16:88499813-88500313	chr16	88718615	88718616	+	NA	NA	AC138028.4	ENSG00000260121	NA	CTCGCCCAGGTGACTCTGGTNGG;GGCCCCTCCCAGACATCTCGNGG	FALSE	0.01291523687513892	0.204921758418871	TRUE	NA	Morris et al., 2023	-218552	NA	10	TRUE	0.20492175841887086	FALSE	0	0	0.01	0.01	0	0	0.01	0	0	0	0.01	0.01	0	0	0.01	0	997
chr16	88499813	88500313	ACSF3|chr16:88499813-88500313:.	-0.14217756617159338	.	chr16:88499813-88500313	chr16	89088375	89088376	+	NA	NA	ACSF3	ENSG00000176715	NA	CTCGCCCAGGTGACTCTGGTNGG;GGCCCCTCCCAGACATCTCGNGG	FALSE	0.048	0.4687878787878788	TRUE	NA	Morris et al., 2023	-588312	NA	271	TRUE	0.4687878787878788	FALSE	0.14	0.1	0.21	0.36	0.47	0.63	0.72	1	0.14	0.1	0.21	0.36	0.47	0.63	0.72	1	997
chr16	88499813	88500313	ANKRD11|chr16:88499813-88500313:.	-0.00887014247620898	.	chr16:88499813-88500313	chr16	89490561	89490562	-	NA	NA	ANKRD11	ENSG00000167522	NA	CTCGCCCAGGTGACTCTGGTNGG;GGCCCCTCCCAGACATCTCGNGG	FALSE	0.656	0.9625	TRUE	NA	Morris et al., 2023	990498	NA	832	TRUE	0.9625	FALSE	0.24	0.35	0.41	0.6	0.82	0.89	0.9	1	0.24	0.35	0.41	0.6	0.82	0.89	0.9	1	997
chr16	88499813	88500313	APRT|chr16:88499813-88500313:.	0.01334802493878717	.	chr16:88499813-88500313	chr16	88811944	88811945	-	NA	NA	APRT	ENSG00000198931	NA	CTCGCCCAGGTGACTCTGGTNGG;GGCCCCTCCCAGACATCTCGNGG	FALSE	0.456	0.8920193861066237	TRUE	NA	Morris et al., 2023	311881	NA	985	TRUE	0.8920193861066237	FALSE	0.26	0.41	0.48	0.59	0.83	0.91	0.95	1	0.26	0.41	0.48	0.59	0.83	0.91	0.95	1	997
chr16	88499813	88500313	BANP|chr16:88499813-88500313:.	0.15218618733076617	.	chr16:88499813-88500313	chr16	87949244	87949245	+	NA	NA	BANP	ENSG00000172530	NA	CTCGCCCAGGTGACTCTGGTNGG;GGCCCCTCCCAGACATCTCGNGG	FALSE	0.04	0.42123893805309737	TRUE	NA	Morris et al., 2023	550819	NA	246	TRUE	0.42123893805309737	FALSE	0.11	0.14	0.16	0.21	0.45	0.63	0.77	1	0.11	0.14	0.16	0.21	0.45	0.63	0.77	1	997
chr16	88499813	88500313	CBFA2T3|chr16:88499813-88500313:.	0.02117631983616696	.	chr16:88499813-88500313	chr16	88977204	88977205	-	NA	NA	CBFA2T3	ENSG00000129993	NA	CTCGCCCAGGTGACTCTGGTNGG;GGCCCCTCCCAGACATCTCGNGG	FALSE	0.688	0.9686652078774618	TRUE	NA	Morris et al., 2023	477141	NA	395	TRUE	0.9686652078774618	FALSE	0.18	0.22	0.29	0.38	0.54	0.78	0.87	1	0.18	0.22	0.29	0.38	0.54	0.78	0.87	1	997
chr16	88499813	88500313	CDT1|chr16:88499813-88500313:.	-0.01745951730081418	.	chr16:88499813-88500313	chr16	88803213	88803214	+	NA	NA	CDT1	ENSG00000167513	NA	CTCGCCCAGGTGACTCTGGTNGG;GGCCCCTCCCAGACATCTCGNGG	FALSE	0.696	0.9686652078774618	TRUE	NA	Morris et al., 2023	-303150	NA	704	TRUE	0.9686652078774618	FALSE	0.19	0.37	0.4	0.57	0.7	0.83	0.93	1	0.19	0.37	0.4	0.57	0.7	0.83	0.93	1	997
chr16	88499813	88500313	CTU2|chr16:88499813-88500313:.	0.02043645784606596	.	chr16:88499813-88500313	chr16	88706463	88706464	+	NA	NA	CTU2	ENSG00000174177	NA	CTCGCCCAGGTGACTCTGGTNGG;GGCCCCTCCCAGACATCTCGNGG	FALSE	0.56	0.9425742574257426	TRUE	NA	Morris et al., 2023	-206400	NA	483	TRUE	0.9425742574257426	FALSE	0.25	0.23	0.33	0.44	0.67	0.87	0.8	1	0.25	0.23	0.33	0.44	0.67	0.87	0.8	1	997
chr16	88499813	88500313	CYBA|chr16:88499813-88500313:.	-0.00967532822186756	.	chr16:88499813-88500313	chr16	88651152	88651153	-	NA	NA	CYBA	ENSG00000051523	NA	CTCGCCCAGGTGACTCTGGTNGG;GGCCCCTCCCAGACATCTCGNGG	FALSE	0.916	0.9882502266545784	TRUE	NA	Morris et al., 2023	151089	NA	922	TRUE	0.9882502266545784	FALSE	0.36	0.35	0.42	0.55	0.84	0.79	0.92	1	0.36	0.35	0.42	0.55	0.84	0.79	0.92	1	997
chr16	88499813	88500313	GALNS|chr16:88499813-88500313:.	-0.10917906053299609	.	chr16:88499813-88500313	chr16	88856970	88856971	-	NA	NA	GALNS	ENSG00000141012	NA	CTCGCCCAGGTGACTCTGGTNGG;GGCCCCTCCCAGACATCTCGNGG	FALSE	0.256	0.7751653944020357	TRUE	NA	Morris et al., 2023	356907	NA	169	TRUE	0.7751653944020357	FALSE	0.04	0.08	0.13	0.17	0.27	0.49	0.77	0.99	0.04	0.08	0.13	0.17	0.27	0.49	0.77	0.99	997
chr16	88499813	88500313	KLHDC4|chr16:88499813-88500313:.	-0.03206626895378139	.	chr16:88499813-88500313	chr16	87765992	87765993	-	NA	NA	KLHDC4	ENSG00000104731	NA	CTCGCCCAGGTGACTCTGGTNGG;GGCCCCTCCCAGACATCTCGNGG	FALSE	0.64	0.95795	TRUE	NA	Morris et al., 2023	-734071	NA	315	TRUE	0.9579500000000001	FALSE	0.14	0.11	0.35	0.37	0.53	0.75	0.79	1	0.14	0.11	0.35	0.37	0.53	0.75	0.79	1	997
chr16	88499813	88500313	MVD|chr16:88499813-88500313:.	0.04037185951317323	.	chr16:88499813-88500313	chr16	88663161	88663162	-	NA	NA	MVD	ENSG00000167508	NA	CTCGCCCAGGTGACTCTGGTNGG;GGCCCCTCCCAGACATCTCGNGG	FALSE	0.46	0.8920193861066237	TRUE	NA	Morris et al., 2023	163098	NA	504	TRUE	0.8920193861066237	FALSE	0.17	0.25	0.34	0.41	0.57	0.79	0.93	1	0.17	0.25	0.34	0.41	0.57	0.79	0.93	1	997
chr16	88499813	88500313	PIEZO1|chr16:88499813-88500313:.	-0.02157675904199019	.	chr16:88499813-88500313	chr16	88785220	88785221	-	NA	NA	PIEZO1	ENSG00000103335	NA	CTCGCCCAGGTGACTCTGGTNGG;GGCCCCTCCCAGACATCTCGNGG	FALSE	0.608	0.9545118733509236	TRUE	NA	Morris et al., 2023	285157	NA	549	TRUE	0.9545118733509235	FALSE	0.22	0.23	0.29	0.51	0.58	0.84	0.94	1	0.22	0.23	0.29	0.51	0.58	0.84	0.94	1	997
chr16	88499813	88500313	RNF166|chr16:88499813-88500313:.	0.0801574636746416	.	chr16:88499813-88500313	chr16	88706421	88706422	-	NA	NA	RNF166	ENSG00000158717	NA	CTCGCCCAGGTGACTCTGGTNGG;GGCCCCTCCCAGACATCTCGNGG	FALSE	0.192	0.7323076923076923	TRUE	NA	Morris et al., 2023	206358	NA	320	TRUE	0.7323076923076923	FALSE	0.14	0.18	0.15	0.38	0.55	0.76	0.82	0.99	0.14	0.18	0.15	0.38	0.55	0.76	0.82	0.99	997
chr16	88499813	88500313	SLC7A5|chr16:88499813-88500313:.	0.08020027859264878	.	chr16:88499813-88500313	chr16	87869488	87869489	-	NA	NA	SLC7A5	ENSG00000103257	NA	CTCGCCCAGGTGACTCTGGTNGG;GGCCCCTCCCAGACATCTCGNGG	FALSE	0.184	0.7226402640264026	TRUE	NA	Morris et al., 2023	-630575	NA	460	TRUE	0.7226402640264026	FALSE	0.17	0.13	0.26	0.37	0.63	0.82	0.91	1	0.17	0.13	0.26	0.37	0.63	0.82	0.91	1	997
chr16	88499813	88500313	SNAI3|chr16:88499813-88500313:.	0.2111896112414899	.	chr16:88499813-88500313	chr16	88686493	88686494	-	NA	NA	SNAI3	ENSG00000185669	NA	CTCGCCCAGGTGACTCTGGTNGG;GGCCCCTCCCAGACATCTCGNGG	FALSE	0.236	0.7610840108401083	TRUE	NA	Morris et al., 2023	186430	NA	60	TRUE	0.7610840108401083	FALSE	0.02	0	0.03	0.07	0.13	0.2	0.26	0.87	0.02	0	0.03	0.07	0.13	0.2	0.26	0.87	997
chr16	88499813	88500313	SNAI3-AS1|chr16:88499813-88500313:.	-0.22332927671705735	.	chr16:88499813-88500313	chr16	88663298	88663299	+	NA	NA	SNAI3-AS1	ENSG00000260630	NA	CTCGCCCAGGTGACTCTGGTNGG;GGCCCCTCCCAGACATCTCGNGG	FALSE	0.156	0.6923636363636364	TRUE	NA	Morris et al., 2023	-163235	NA	69	TRUE	0.6923636363636364	FALSE	0.03	0.04	0.08	0.11	0.19	0.33	0.34	0.9	0.03	0.04	0.08	0.11	0.19	0.33	0.34	0.9	997
chr16	88499813	88500313	SPG7|chr16:88499813-88500313:.	-0.00460111486836783	.	chr16:88499813-88500313	chr16	89490719	89490720	+	NA	NA	SPG7	ENSG00000197912	NA	CTCGCCCAGGTGACTCTGGTNGG;GGCCCCTCCCAGACATCTCGNGG	FALSE	0.904	0.9882502266545784	TRUE	NA	Morris et al., 2023	-990656	NA	504	TRUE	0.9882502266545784	FALSE	0.19	0.28	0.27	0.45	0.66	0.83	0.93	1	0.19	0.28	0.27	0.45	0.66	0.83	0.93	1	997
chr16	88499813	88500313	TRAPPC2L|chr16:88499813-88500313:.	-0.01067665815697105	.	chr16:88499813-88500313	chr16	88856220	88856221	+	NA	NA	TRAPPC2L	ENSG00000167515	NA	CTCGCCCAGGTGACTCTGGTNGG;GGCCCCTCCCAGACATCTCGNGG	FALSE	0.76	0.9714285714285714	TRUE	NA	Morris et al., 2023	-356157	NA	888	TRUE	0.9714285714285714	FALSE	0.37	0.41	0.45	0.63	0.77	0.82	0.98	1	0.37	0.41	0.45	0.63	0.77	0.82	0.98	1	997
chr16	88499813	88500313	ZC3H18|chr16:88499813-88500313:.	0.01076064811000021	.	chr16:88499813-88500313	chr16	88570381	88570382	+	NA	NA	ZC3H18	ENSG00000158545	NA	CTCGCCCAGGTGACTCTGGTNGG;GGCCCCTCCCAGACATCTCGNGG	FALSE	0.78	0.9807284079084286	TRUE	NA	Morris et al., 2023	-70318	NA	655	TRUE	0.9807284079084286	FALSE	0.26	0.32	0.34	0.51	0.73	0.86	0.96	1	0.26	0.32	0.34	0.51	0.73	0.86	0.96	1	997
chr16	88499813	88500313	ZFPM1|chr16:88499813-88500313:.	-0.15403945848870126	.	chr16:88499813-88500313	chr16	88453317	88453318	+	NA	NA	ZFPM1	ENSG00000179588	NA	CTCGCCCAGGTGACTCTGGTNGG;GGCCCCTCCCAGACATCTCGNGG	FALSE	0.336	0.8261157024793389	overlaps target gene intron	NA	Morris et al., 2023	46746	NA	83	TRUE	0.8261157024793389	FALSE	0.06	0.03	0.15	0.07	0.19	0.38	0.42	0.96	0.06	0.03	0.15	0.07	0.19	0.38	0.42	0.96	997
chr16	88499813	88500313	ZNF778|chr16:88499813-88500313:.	0.04952448788410457	.	chr16:88499813-88500313	chr16	89217703	89217704	+	NA	NA	ZNF778	ENSG00000170100	NA	CTCGCCCAGGTGACTCTGGTNGG;GGCCCCTCCCAGACATCTCGNGG	FALSE	0.576	0.9441322314049586	TRUE	NA	Morris et al., 2023	-717640	NA	202	TRUE	0.9441322314049586	FALSE	0.07	0.09	0.08	0.27	0.3	0.54	0.71	0.99	0.07	0.09	0.08	0.27	0.3	0.54	0.71	0.99	997
chr16	88772885	88774284	AC009113.1|chr16:88772885-88774284:.	0.19246111399823904	.	chr16:88772885-88774284	chr16	89217653	89217654	-	NA	NA	AC009113.1	ENSG00000259877	NA	TGTGCCCGGCGATAAGGTCTNGG;GCATCCCAGACCTTATCGCCNGG	FALSE	0.348	0.8349193548387097	TRUE	NA	Morris et al., 2023	444069	NA	45	TRUE	0.8349193548387097	FALSE	0.01	0.03	0.02	0.05	0.08	0.18	0.2	0.8	0.01	0.03	0.02	0.05	0.08	0.18	0.2	0.8	593
chr16	88772885	88774284	ACSF3|chr16:88772885-88774284:.	0.10661102552290248	.	chr16:88772885-88774284	chr16	89088375	89088376	+	NA	NA	ACSF3	ENSG00000176715	NA	TGTGCCCGGCGATAAGGTCTNGG;GCATCCCAGACCTTATCGCCNGG	FALSE	0.276	0.7951999999999999	TRUE	NA	Morris et al., 2023	-314791	NA	179	TRUE	0.7951999999999999	FALSE	0.08	0.07	0.11	0.25	0.34	0.54	0.65	0.99	0.08	0.07	0.11	0.25	0.34	0.54	0.65	0.99	593
chr16	88772885	88774284	ANKRD11|chr16:88772885-88774284:.	0.05770710536806578	.	chr16:88772885-88774284	chr16	89490561	89490562	-	NA	NA	ANKRD11	ENSG00000167522	NA	TGTGCCCGGCGATAAGGTCTNGG;GCATCCCAGACCTTATCGCCNGG	FALSE	0.192	0.7323076923076923	TRUE	NA	Morris et al., 2023	716977	NA	518	TRUE	0.7323076923076923	FALSE	0.28	0.28	0.28	0.51	0.73	0.89	0.9	1	0.28	0.28	0.28	0.51	0.73	0.89	0.9	1	593
chr16	88772885	88774284	APRT|chr16:88772885-88774284:.	0.07462141659833765	.	chr16:88772885-88774284	chr16	88811944	88811945	-	NA	NA	APRT	ENSG00000198931	NA	TGTGCCCGGCGATAAGGTCTNGG;GCATCCCAGACCTTATCGCCNGG	TRUE	0.00415611820145129	0.08831751178083999	TRUE	NA	Morris et al., 2023	38360	NA	588	TRUE	0.08831751178083991	TRUE	0.26	0.4	0.49	0.67	0.74	0.88	0.99	1	0.26	0.4	0.49	0.67	0.74	0.88	0.99	1	593
chr16	88772885	88774284	BANP|chr16:88772885-88774284:.	-0.04015438694685369	.	chr16:88772885-88774284	chr16	87949244	87949245	+	NA	NA	BANP	ENSG00000172530	NA	TGTGCCCGGCGATAAGGTCTNGG;GCATCCCAGACCTTATCGCCNGG	FALSE	0.668	0.9686652078774618	TRUE	NA	Morris et al., 2023	824340	NA	140	TRUE	0.9686652078774618	FALSE	0.1	0.07	0.1	0.22	0.31	0.51	0.58	0.99	0.1	0.07	0.1	0.22	0.31	0.51	0.58	0.99	593
chr16	88772885	88774284	CBFA2T3|chr16:88772885-88774284:.	-0.01895653127329499	.	chr16:88772885-88774284	chr16	88977204	88977205	-	NA	NA	CBFA2T3	ENSG00000129993	NA	TGTGCCCGGCGATAAGGTCTNGG;GCATCCCAGACCTTATCGCCNGG	FALSE	0.8	0.9812923076923078	TRUE	NA	Morris et al., 2023	203620	NA	233	TRUE	0.9812923076923078	FALSE	0.1	0.16	0.23	0.32	0.48	0.65	0.74	1	0.1	0.16	0.23	0.32	0.48	0.65	0.74	1	593
chr16	88772885	88774284	CDK10|chr16:88772885-88774284:.	0.02914285362202418	.	chr16:88772885-88774284	chr16	89680737	89680738	+	NA	NA	CDK10	ENSG00000185324	NA	TGTGCCCGGCGATAAGGTCTNGG;GCATCCCAGACCTTATCGCCNGG	FALSE	0.772	0.9773191489361702	TRUE	NA	Morris et al., 2023	-907153	NA	134	TRUE	0.9773191489361702	FALSE	0.05	0.11	0.09	0.11	0.33	0.49	0.53	0.99	0.05	0.11	0.09	0.11	0.33	0.49	0.53	0.99	593
chr16	88772885	88774284	CDT1|chr16:88772885-88774284:.	-0.06203442898847544	.	chr16:88772885-88774284	chr16	88803213	88803214	+	NA	NA	CDT1	ENSG00000167513	NA	TGTGCCCGGCGATAAGGTCTNGG;GCATCCCAGACCTTATCGCCNGG	FALSE	0.428	0.8808828522920205	TRUE	NA	Morris et al., 2023	-29629	NA	439	TRUE	0.8808828522920205	FALSE	0.23	0.27	0.31	0.43	0.62	0.76	0.85	1	0.23	0.27	0.31	0.43	0.62	0.76	0.85	1	593
chr16	88772885	88774284	CHMP1A|chr16:88772885-88774284:.	0.0461610743364258	.	chr16:88772885-88774284	chr16	89657845	89657846	-	NA	NA	CHMP1A	ENSG00000131165	NA	TGTGCCCGGCGATAAGGTCTNGG;GCATCCCAGACCTTATCGCCNGG	FALSE	0.532	0.9337463126843658	TRUE	NA	Morris et al., 2023	884261	NA	241	TRUE	0.9337463126843658	FALSE	0.16	0.18	0.2	0.28	0.47	0.64	0.85	1	0.16	0.18	0.2	0.28	0.47	0.64	0.85	1	593
chr16	88772885	88774284	CPNE7|chr16:88772885-88774284:.	0.16172242031761086	.	chr16:88772885-88774284	chr16	89575768	89575769	+	NA	NA	CPNE7	ENSG00000178773	NA	TGTGCCCGGCGATAAGGTCTNGG;GCATCCCAGACCTTATCGCCNGG	TRUE	0.01144810774546875	0.18409794887983535	TRUE	NA	Morris et al., 2023	-802184	NA	306	TRUE	0.1840979488798353	TRUE	0.14	0.12	0.18	0.26	0.5	0.65	0.79	1	0.14	0.12	0.18	0.26	0.5	0.65	0.79	1	593
chr16	88772885	88774284	CTU2|chr16:88772885-88774284:.	0.2945304977253691	.	chr16:88772885-88774284	chr16	88706463	88706464	+	NA	NA	CTU2	ENSG00000174177	NA	TGTGCCCGGCGATAAGGTCTNGG;GCATCCCAGACCTTATCGCCNGG	TRUE	2.0029541015419575e-6	9.664140513877057e-5	TRUE	NA	Morris et al., 2023	67121	NA	335	TRUE	9.664140513877057e-5	TRUE	0.15	0.15	0.21	0.36	0.52	0.64	0.84	1	0.15	0.15	0.21	0.36	0.52	0.64	0.84	1	593
chr16	88772885	88774284	CYBA|chr16:88772885-88774284:.	-0.08569718984759733	.	chr16:88772885-88774284	chr16	88651152	88651153	-	NA	NA	CYBA	ENSG00000051523	NA	TGTGCCCGGCGATAAGGTCTNGG;GCATCCCAGACCTTATCGCCNGG	FALSE	0.076	0.5582716049382715	TRUE	NA	Morris et al., 2023	-122432	NA	553	TRUE	0.5582716049382715	FALSE	0.23	0.35	0.27	0.53	0.72	0.81	0.92	1	0.23	0.35	0.27	0.53	0.72	0.81	0.92	1	593
chr16	88772885	88774284	GALNS|chr16:88772885-88774284:.	-0.15488814988824817	.	chr16:88772885-88774284	chr16	88856970	88856971	-	NA	NA	GALNS	ENSG00000141012	NA	TGTGCCCGGCGATAAGGTCTNGG;GCATCCCAGACCTTATCGCCNGG	FALSE	0.276	0.7951999999999999	TRUE	NA	Morris et al., 2023	83386	NA	102	TRUE	0.7951999999999999	FALSE	0.05	0.08	0.07	0.15	0.27	0.41	0.47	0.98	0.05	0.08	0.07	0.15	0.27	0.41	0.47	0.98	593
chr16	88772885	88774284	MVD|chr16:88772885-88774284:.	0.04688855971257424	.	chr16:88772885-88774284	chr16	88663161	88663162	-	NA	NA	MVD	ENSG00000167508	NA	TGTGCCCGGCGATAAGGTCTNGG;GCATCCCAGACCTTATCGCCNGG	FALSE	0.436	0.8808828522920205	TRUE	NA	Morris et al., 2023	-110423	NA	324	TRUE	0.8808828522920205	FALSE	0.1	0.19	0.24	0.33	0.56	0.67	0.86	1	0.1	0.19	0.24	0.33	0.56	0.67	0.86	1	593
chr16	88772885	88774284	PIEZO1|chr16:88772885-88774284:.	-0.6266077316762618	.	chr16:88772885-88774284	chr16	88785220	88785221	-	NA	NA	PIEZO1	ENSG00000103335	NA	TGTGCCCGGCGATAAGGTCTNGG;GCATCCCAGACCTTATCGCCNGG	TRUE	2.1757687443043255e-17	2.3537861870201346e-15	overlaps target gene intron	NA	Morris et al., 2023	11636	NA	243	TRUE	2.353786187020134e-15	TRUE	0.18	0.12	0.27	0.32	0.55	0.73	0.81	1	0.18	0.12	0.27	0.32	0.55	0.73	0.81	1	593
chr16	88772885	88774284	RNF166|chr16:88772885-88774284:.	0.07761247239150348	.	chr16:88772885-88774284	chr16	88706421	88706422	-	NA	NA	RNF166	ENSG00000158717	NA	TGTGCCCGGCGATAAGGTCTNGG;GCATCCCAGACCTTATCGCCNGG	FALSE	0.396	0.8646605504587156	TRUE	NA	Morris et al., 2023	-67163	NA	192	TRUE	0.8646605504587156	FALSE	0.08	0.1	0.11	0.23	0.45	0.61	0.67	1	0.08	0.1	0.11	0.23	0.45	0.61	0.67	1	593
chr16	88772885	88774284	RPL13|chr16:88772885-88774284:.	-9.590392504783553e-4	.	chr16:88772885-88774284	chr16	89560657	89560658	+	NA	NA	RPL13	ENSG00000167526	NA	TGTGCCCGGCGATAAGGTCTNGG;GCATCCCAGACCTTATCGCCNGG	FALSE	0.788	0.9807284079084286	TRUE	NA	Morris et al., 2023	-787073	NA	593	TRUE	0.9807284079084286	FALSE	0.42	0.43	0.5	0.66	0.74	0.94	0.97	1	0.42	0.43	0.5	0.66	0.74	0.94	0.97	1	593
chr16	88772885	88774284	SLC7A5|chr16:88772885-88774284:.	0.0673352002049959	.	chr16:88772885-88774284	chr16	87869488	87869489	-	NA	NA	SLC7A5	ENSG00000103257	NA	TGTGCCCGGCGATAAGGTCTNGG;GCATCCCAGACCTTATCGCCNGG	FALSE	0.324	0.8234599156118144	TRUE	NA	Morris et al., 2023	-904096	NA	283	TRUE	0.8234599156118144	FALSE	0.13	0.18	0.18	0.37	0.5	0.68	0.82	1	0.13	0.18	0.18	0.37	0.5	0.68	0.82	1	593
chr16	88772885	88774284	SNAI3|chr16:88772885-88774284:.	0.00808940482658471	.	chr16:88772885-88774284	chr16	88686493	88686494	-	NA	NA	SNAI3	ENSG00000185669	NA	TGTGCCCGGCGATAAGGTCTNGG;GCATCCCAGACCTTATCGCCNGG	FALSE	0.916	0.9882502266545784	TRUE	NA	Morris et al., 2023	-87091	NA	33	TRUE	0.9882502266545784	FALSE	0.01	0.01	0	0.06	0.09	0.07	0.2	0.62	0.01	0.01	0	0.06	0.09	0.07	0.2	0.62	593
chr16	88772885	88774284	SNAI3-AS1|chr16:88772885-88774284:.	-0.350954251902468	.	chr16:88772885-88774284	chr16	88663298	88663299	+	NA	NA	SNAI3-AS1	ENSG00000260630	NA	TGTGCCCGGCGATAAGGTCTNGG;GCATCCCAGACCTTATCGCCNGG	FALSE	0.084	0.584561403508772	TRUE	NA	Morris et al., 2023	110286	NA	39	TRUE	0.584561403508772	FALSE	0.01	0	0.05	0.04	0.08	0.13	0.23	0.79	0.01	0	0.05	0.04	0.08	0.13	0.23	0.79	593
chr16	88772885	88774284	SPATA2L|chr16:88772885-88774284:.	0.04252288893791389	.	chr16:88772885-88774284	chr16	89701705	89701706	-	NA	NA	SPATA2L	ENSG00000158792	NA	TGTGCCCGGCGATAAGGTCTNGG;GCATCCCAGACCTTATCGCCNGG	FALSE	0.824	0.9832432432432432	TRUE	NA	Morris et al., 2023	928121	NA	80	TRUE	0.9832432432432433	FALSE	0.02	0.04	0.08	0.13	0.15	0.28	0.43	0.95	0.02	0.04	0.08	0.13	0.15	0.28	0.43	0.95	593
chr16	88772885	88774284	SPATA33|chr16:88772885-88774284:.	0.0567722179045923	.	chr16:88772885-88774284	chr16	89657802	89657803	+	NA	NA	SPATA33	ENSG00000167523	NA	TGTGCCCGGCGATAAGGTCTNGG;GCATCCCAGACCTTATCGCCNGG	FALSE	0.384	0.8582156133828998	TRUE	NA	Morris et al., 2023	-884218	NA	306	TRUE	0.8582156133828998	FALSE	0.11	0.16	0.18	0.39	0.5	0.69	0.85	1	0.11	0.16	0.18	0.39	0.5	0.69	0.85	1	593
chr16	88772885	88774284	SPG7|chr16:88772885-88774284:.	0.02668398352546303	.	chr16:88772885-88774284	chr16	89490719	89490720	+	NA	NA	SPG7	ENSG00000197912	NA	TGTGCCCGGCGATAAGGTCTNGG;GCATCCCAGACCTTATCGCCNGG	FALSE	0.708	0.9686652078774618	TRUE	NA	Morris et al., 2023	-717135	NA	326	TRUE	0.9686652078774618	FALSE	0.13	0.19	0.22	0.37	0.5	0.76	0.82	1	0.13	0.19	0.22	0.37	0.5	0.76	0.82	1	593
chr16	88772885	88774284	TRAPPC2L|chr16:88772885-88774284:.	0.0282813372669981	.	chr16:88772885-88774284	chr16	88856220	88856221	+	NA	NA	TRAPPC2L	ENSG00000167515	NA	TGTGCCCGGCGATAAGGTCTNGG;GCATCCCAGACCTTATCGCCNGG	FALSE	0.384	0.8582156133828998	TRUE	NA	Morris et al., 2023	-82636	NA	547	TRUE	0.8582156133828998	FALSE	0.26	0.33	0.34	0.6	0.64	0.9	0.9	1	0.26	0.33	0.34	0.6	0.64	0.9	0.9	1	593
chr16	88772885	88774284	VPS9D1|chr16:88772885-88774284:.	-0.10761808366785797	.	chr16:88772885-88774284	chr16	89720986	89720987	-	NA	NA	VPS9D1	ENSG00000075399	NA	TGTGCCCGGCGATAAGGTCTNGG;GCATCCCAGACCTTATCGCCNGG	FALSE	0.624	0.9568447837150128	TRUE	NA	Morris et al., 2023	947402	NA	35	TRUE	0.9568447837150128	FALSE	0.03	0.01	0.02	0.04	0.05	0.1	0.2	0.78	0.03	0.01	0.02	0.04	0.05	0.1	0.2	0.78	593
chr16	88772885	88774284	VPS9D1-AS1|chr16:88772885-88774284:.	0.12744278216399207	.	chr16:88772885-88774284	chr16	89711856	89711857	+	NA	NA	VPS9D1-AS1	ENSG00000261373	NA	TGTGCCCGGCGATAAGGTCTNGG;GCATCCCAGACCTTATCGCCNGG	FALSE	0.216	0.7445810055865922	TRUE	NA	Morris et al., 2023	-938272	NA	156	TRUE	0.7445810055865922	FALSE	0.1	0.03	0.15	0.17	0.28	0.48	0.62	0.98	0.1	0.03	0.15	0.17	0.28	0.48	0.62	0.98	593
chr16	88772885	88774284	ZC3H18|chr16:88772885-88774284:.	-0.03430444196482973	.	chr16:88772885-88774284	chr16	88570381	88570382	+	NA	NA	ZC3H18	ENSG00000158545	NA	TGTGCCCGGCGATAAGGTCTNGG;GCATCCCAGACCTTATCGCCNGG	FALSE	0.592	0.9545118733509236	TRUE	NA	Morris et al., 2023	203203	NA	400	TRUE	0.9545118733509235	FALSE	0.21	0.2	0.25	0.43	0.64	0.76	0.93	1	0.21	0.2	0.25	0.43	0.64	0.76	0.93	1	593
chr16	88772885	88774284	ZFPM1|chr16:88772885-88774284:.	-0.1421518209111423	.	chr16:88772885-88774284	chr16	88453317	88453318	+	NA	NA	ZFPM1	ENSG00000179588	NA	TGTGCCCGGCGATAAGGTCTNGG;GCATCCCAGACCTTATCGCCNGG	FALSE	0.464	0.8920193861066237	TRUE	NA	Morris et al., 2023	320267	NA	49	TRUE	0.8920193861066237	FALSE	0.01	0.05	0.05	0.07	0.06	0.14	0.32	0.91	0.01	0.05	0.05	0.07	0.06	0.14	0.32	0.91	593
chr16	88772885	88774284	ZNF276|chr16:88772885-88774284:.	0.05631407904705488	.	chr16:88772885-88774284	chr16	89720400	89720401	+	NA	NA	ZNF276	ENSG00000158805	NA	TGTGCCCGGCGATAAGGTCTNGG;GCATCCCAGACCTTATCGCCNGG	FALSE	0.588	0.9545118733509236	TRUE	NA	Morris et al., 2023	-946816	NA	146	TRUE	0.9545118733509235	FALSE	0.06	0.1	0.13	0.2	0.24	0.43	0.6	0.98	0.06	0.1	0.13	0.2	0.24	0.43	0.6	0.98	593
chr16	88772885	88774284	ZNF778|chr16:88772885-88774284:.	-0.07083985847886654	.	chr16:88772885-88774284	chr16	89217703	89217704	+	NA	NA	ZNF778	ENSG00000170100	NA	TGTGCCCGGCGATAAGGTCTNGG;GCATCCCAGACCTTATCGCCNGG	FALSE	0.656	0.9625	TRUE	NA	Morris et al., 2023	-444119	NA	115	TRUE	0.9625	FALSE	0.05	0.05	0.06	0.16	0.31	0.39	0.6	0.97	0.05	0.05	0.06	0.16	0.31	0.39	0.6	0.97	593
chr16	88971775	88972275	AC009113.1|chr16:88971775-88972275:.	0.13418763852965965	.	chr16:88971775-88972275	chr16	89217653	89217654	-	NA	NA	AC009113.1	ENSG00000259877	NA	TAACGGGACGCACTGCTTCTNGG;GTGCGTCCCGTTAACCTGCCNGG	FALSE	0.388	0.8582156133828998	TRUE	NA	Morris et al., 2023	245628	NA	53	TRUE	0.8582156133828998	FALSE	0.03	0.03	0.04	0.07	0.06	0.16	0.22	0.81	0.03	0.03	0.04	0.07	0.06	0.16	0.22	0.81	742
chr16	88971775	88972275	AC138028.6|chr16:88971775-88972275:.	0.19288123883716857	.	chr16:88971775-88972275	chr16	88710437	88710438	-	NA	NA	AC138028.6	ENSG00000278341	NA	TAACGGGACGCACTGCTTCTNGG;GTGCGTCCCGTTAACCTGCCNGG	FALSE	0.572	0.942770083102493	TRUE	NA	Morris et al., 2023	-261588	NA	12	TRUE	0.942770083102493	FALSE	0	0.01	0.01	0	0.02	0.04	0.05	0.15	0	0.01	0.01	0	0.02	0.04	0.05	0.15	742
chr16	88971775	88972275	ACSF3|chr16:88971775-88972275:.	0.2030105000156248	.	chr16:88971775-88972275	chr16	89088375	89088376	+	NA	NA	ACSF3	ENSG00000176715	NA	TAACGGGACGCACTGCTTCTNGG;GTGCGTCCCGTTAACCTGCCNGG	FALSE	0.028	0.3332	TRUE	NA	Morris et al., 2023	-116350	NA	244	TRUE	0.3332	FALSE	0.11	0.13	0.14	0.31	0.35	0.64	0.78	1	0.11	0.13	0.14	0.31	0.35	0.64	0.78	1	742
chr16	88971775	88972275	ANKRD11|chr16:88971775-88972275:.	-0.06300434474855376	.	chr16:88971775-88972275	chr16	89490561	89490562	-	NA	NA	ANKRD11	ENSG00000167522	NA	TAACGGGACGCACTGCTTCTNGG;GTGCGTCCCGTTAACCTGCCNGG	FALSE	0.052	0.4687878787878788	TRUE	NA	Morris et al., 2023	518536	NA	611	TRUE	0.4687878787878788	FALSE	0.26	0.27	0.46	0.5	0.72	0.88	0.95	1	0.26	0.27	0.46	0.5	0.72	0.88	0.95	1	742
chr16	88971775	88972275	APRT|chr16:88971775-88972275:.	0.02169673649028425	.	chr16:88971775-88972275	chr16	88811944	88811945	-	NA	NA	APRT	ENSG00000198931	NA	TAACGGGACGCACTGCTTCTNGG;GTGCGTCCCGTTAACCTGCCNGG	FALSE	0.328	0.8234599156118144	TRUE	NA	Morris et al., 2023	-160081	NA	734	TRUE	0.8234599156118144	FALSE	0.39	0.35	0.37	0.65	0.7	0.9	1	1	0.39	0.35	0.37	0.65	0.7	0.9	1	1	742
chr16	88971775	88972275	CBFA2T3|chr16:88971775-88972275:.	-0.0948881933137138	.	chr16:88971775-88972275	chr16	88977204	88977205	-	NA	NA	CBFA2T3	ENSG00000129993	NA	TAACGGGACGCACTGCTTCTNGG;GTGCGTCCCGTTAACCTGCCNGG	FALSE	0.22	0.7445810055865922	overlaps target gene intron	NA	Morris et al., 2023	5179	NA	281	TRUE	0.7445810055865922	FALSE	0.09	0.16	0.26	0.37	0.44	0.66	0.81	1	0.09	0.16	0.26	0.37	0.44	0.66	0.81	1	742
chr16	88971775	88972275	CDK10|chr16:88971775-88972275:.	0.10061018192577942	.	chr16:88971775-88972275	chr16	89680737	89680738	+	NA	NA	CDK10	ENSG00000185324	NA	TAACGGGACGCACTGCTTCTNGG;GTGCGTCCCGTTAACCTGCCNGG	FALSE	0.284	0.7951999999999999	TRUE	NA	Morris et al., 2023	-708712	NA	164	TRUE	0.7951999999999999	FALSE	0.04	0.08	0.1	0.3	0.3	0.61	0.73	0.99	0.04	0.08	0.1	0.3	0.3	0.61	0.73	0.99	742
chr16	88971775	88972275	CDT1|chr16:88971775-88972275:.	0.1699333780789083	.	chr16:88971775-88972275	chr16	88803213	88803214	+	NA	NA	CDT1	ENSG00000167513	NA	TAACGGGACGCACTGCTTCTNGG;GTGCGTCCCGTTAACCTGCCNGG	TRUE	3.9745128414875535e-5	0.00168916795763221	TRUE	NA	Morris et al., 2023	168812	NA	568	TRUE	0.0016891679576322102	TRUE	0.23	0.29	0.34	0.47	0.74	0.81	0.93	1	0.23	0.29	0.34	0.47	0.74	0.81	0.93	1	742
chr16	88971775	88972275	CHMP1A|chr16:88971775-88972275:.	-0.10818361991589798	.	chr16:88971775-88972275	chr16	89657845	89657846	-	NA	NA	CHMP1A	ENSG00000131165	NA	TAACGGGACGCACTGCTTCTNGG;GTGCGTCCCGTTAACCTGCCNGG	FALSE	0.192	0.7323076923076923	TRUE	NA	Morris et al., 2023	685820	NA	289	TRUE	0.7323076923076923	FALSE	0.19	0.14	0.16	0.32	0.48	0.69	0.83	0.99	0.19	0.14	0.16	0.32	0.48	0.69	0.83	0.99	742
chr16	88971775	88972275	CPNE7|chr16:88971775-88972275:.	0.0405059218208697	.	chr16:88971775-88972275	chr16	89575768	89575769	+	NA	NA	CPNE7	ENSG00000178773	NA	TAACGGGACGCACTGCTTCTNGG;GTGCGTCCCGTTAACCTGCCNGG	FALSE	0.396	0.8646605504587156	TRUE	NA	Morris et al., 2023	-603743	NA	345	TRUE	0.8646605504587156	FALSE	0.14	0.15	0.15	0.38	0.59	0.72	0.86	1	0.14	0.15	0.15	0.38	0.59	0.72	0.86	1	742
chr16	88971775	88972275	CTU2|chr16:88971775-88972275:.	0.05128559560329032	.	chr16:88971775-88972275	chr16	88706463	88706464	+	NA	NA	CTU2	ENSG00000174177	NA	TAACGGGACGCACTGCTTCTNGG;GTGCGTCCCGTTAACCTGCCNGG	FALSE	0.348	0.8349193548387097	TRUE	NA	Morris et al., 2023	265562	NA	369	TRUE	0.8349193548387097	FALSE	0.19	0.16	0.28	0.41	0.55	0.78	0.84	1	0.19	0.16	0.28	0.41	0.55	0.78	0.84	1	742
chr16	88971775	88972275	CYBA|chr16:88971775-88972275:.	-0.05215152669871115	.	chr16:88971775-88972275	chr16	88651152	88651153	-	NA	NA	CYBA	ENSG00000051523	NA	TAACGGGACGCACTGCTTCTNGG;GTGCGTCCCGTTAACCTGCCNGG	FALSE	0.428	0.8808828522920205	TRUE	NA	Morris et al., 2023	-320873	NA	696	TRUE	0.8808828522920205	FALSE	0.3	0.26	0.43	0.52	0.69	0.86	0.95	1	0.3	0.26	0.43	0.52	0.69	0.86	0.95	1	742
chr16	88971775	88972275	DEF8|chr16:88971775-88972275:.	0.01285936606392845	.	chr16:88971775-88972275	chr16	89947925	89947926	+	NA	NA	DEF8	ENSG00000140995	NA	TAACGGGACGCACTGCTTCTNGG;GTGCGTCCCGTTAACCTGCCNGG	FALSE	0.936	0.9945	TRUE	NA	Morris et al., 2023	-975900	NA	577	TRUE	0.9945	FALSE	0.23	0.3	0.32	0.49	0.7	0.83	0.93	1	0.23	0.3	0.32	0.49	0.7	0.83	0.93	1	742
chr16	88971775	88972275	FANCA|chr16:88971775-88972275:.	0.14993999440887174	.	chr16:88971775-88972275	chr16	89816657	89816658	-	NA	NA	FANCA	ENSG00000187741	NA	TAACGGGACGCACTGCTTCTNGG;GTGCGTCCCGTTAACCTGCCNGG	FALSE	0.076	0.5582716049382715	TRUE	NA	Morris et al., 2023	844632	NA	261	TRUE	0.5582716049382715	FALSE	0.09	0.08	0.2	0.32	0.5	0.65	0.8	1	0.09	0.08	0.2	0.32	0.5	0.65	0.8	1	742
chr16	88971775	88972275	GALNS|chr16:88971775-88972275:.	0.00361132705051003	.	chr16:88971775-88972275	chr16	88856970	88856971	-	NA	NA	GALNS	ENSG00000141012	NA	TAACGGGACGCACTGCTTCTNGG;GTGCGTCCCGTTAACCTGCCNGG	FALSE	0.888	0.9882502266545784	TRUE	NA	Morris et al., 2023	-115055	NA	134	TRUE	0.9882502266545784	FALSE	0.09	0.06	0.11	0.13	0.37	0.49	0.6	1	0.09	0.06	0.11	0.13	0.37	0.49	0.6	1	742
chr16	88971775	88972275	MC1R|chr16:88971775-88972275:.	0.39946727066408183	.	chr16:88971775-88972275	chr16	89912119	89912120	+	NA	NA	MC1R	ENSG00000258839	NA	TAACGGGACGCACTGCTTCTNGG;GTGCGTCCCGTTAACCTGCCNGG	FALSE	0.06	0.49930069930069926	TRUE	NA	Morris et al., 2023	-940094	NA	38	TRUE	0.49930069930069926	FALSE	0.04	0.01	0.05	0.04	0.07	0.1	0.1	0.58	0.04	0.01	0.05	0.04	0.07	0.1	0.1	0.58	742
chr16	88971775	88972275	MVD|chr16:88971775-88972275:.	-0.02941047551655917	.	chr16:88971775-88972275	chr16	88663161	88663162	-	NA	NA	MVD	ENSG00000167508	NA	TAACGGGACGCACTGCTTCTNGG;GTGCGTCCCGTTAACCTGCCNGG	FALSE	0.772	0.9773191489361702	TRUE	NA	Morris et al., 2023	-308864	NA	374	TRUE	0.9773191489361702	FALSE	0.15	0.15	0.23	0.42	0.59	0.78	0.93	1	0.15	0.15	0.23	0.42	0.59	0.78	0.93	1	742
chr16	88971775	88972275	PIEZO1|chr16:88971775-88972275:.	0.02503764063862697	.	chr16:88971775-88972275	chr16	88785220	88785221	-	NA	NA	PIEZO1	ENSG00000103335	NA	TAACGGGACGCACTGCTTCTNGG;GTGCGTCCCGTTAACCTGCCNGG	FALSE	0.58	0.948076923076923	TRUE	NA	Morris et al., 2023	-186805	NA	401	TRUE	0.948076923076923	FALSE	0.12	0.2	0.31	0.43	0.61	0.81	0.88	1	0.12	0.2	0.31	0.43	0.61	0.81	0.88	1	742
chr16	88971775	88972275	RNF166|chr16:88971775-88972275:.	-0.04950678604323655	.	chr16:88971775-88972275	chr16	88706421	88706422	-	NA	NA	RNF166	ENSG00000158717	NA	TAACGGGACGCACTGCTTCTNGG;GTGCGTCCCGTTAACCTGCCNGG	FALSE	0.524	0.9280945347119646	TRUE	NA	Morris et al., 2023	-265604	NA	215	TRUE	0.9280945347119646	FALSE	0.09	0.13	0.2	0.29	0.46	0.66	0.8	1	0.09	0.13	0.2	0.29	0.46	0.66	0.8	1	742
chr16	88971775	88972275	RPL13|chr16:88971775-88972275:.	0.00324684034937217	.	chr16:88971775-88972275	chr16	89560657	89560658	+	NA	NA	RPL13	ENSG00000167526	NA	TAACGGGACGCACTGCTTCTNGG;GTGCGTCCCGTTAACCTGCCNGG	FALSE	0.968	0.9999658411614004	TRUE	NA	Morris et al., 2023	-588632	NA	742	TRUE	0.9999658411614004	FALSE	0.31	0.52	0.45	0.65	0.85	0.96	0.99	1	0.31	0.52	0.45	0.65	0.85	0.96	0.99	1	742
chr16	88971775	88972275	SNAI3|chr16:88971775-88972275:.	0.178549822213542	.	chr16:88971775-88972275	chr16	88686493	88686494	-	NA	NA	SNAI3	ENSG00000185669	NA	TAACGGGACGCACTGCTTCTNGG;GTGCGTCCCGTTAACCTGCCNGG	FALSE	0.38	0.8582156133828998	TRUE	NA	Morris et al., 2023	-285532	NA	47	TRUE	0.8582156133828998	FALSE	0.03	0.01	0.03	0.05	0.08	0.12	0.24	0.72	0.03	0.01	0.03	0.05	0.08	0.12	0.24	0.72	742
chr16	88971775	88972275	SNAI3-AS1|chr16:88971775-88972275:.	-0.25400858248477176	.	chr16:88971775-88972275	chr16	88663298	88663299	+	NA	NA	SNAI3-AS1	ENSG00000260630	NA	TAACGGGACGCACTGCTTCTNGG;GTGCGTCCCGTTAACCTGCCNGG	FALSE	0.152	0.6923636363636364	TRUE	NA	Morris et al., 2023	308727	NA	51	TRUE	0.6923636363636364	FALSE	0.01	0.01	0.03	0.04	0.12	0.22	0.23	0.84	0.01	0.01	0.03	0.04	0.12	0.22	0.23	0.84	742
chr16	88971775	88972275	SPATA2L|chr16:88971775-88972275:.	-0.18738621177070017	.	chr16:88971775-88972275	chr16	89701705	89701706	-	NA	NA	SPATA2L	ENSG00000158792	NA	TAACGGGACGCACTGCTTCTNGG;GTGCGTCCCGTTAACCTGCCNGG	FALSE	0.172	0.708235294117647	TRUE	NA	Morris et al., 2023	729680	NA	85	TRUE	0.708235294117647	FALSE	0.03	0.08	0.06	0.1	0.2	0.25	0.44	0.98	0.03	0.08	0.06	0.1	0.2	0.25	0.44	0.98	742
chr16	88971775	88972275	SPATA33|chr16:88971775-88972275:.	-0.04429032322417536	.	chr16:88971775-88972275	chr16	89657802	89657803	+	NA	NA	SPATA33	ENSG00000167523	NA	TAACGGGACGCACTGCTTCTNGG;GTGCGTCCCGTTAACCTGCCNGG	FALSE	0.512	0.9245523520485583	TRUE	NA	Morris et al., 2023	-685777	NA	335	TRUE	0.9245523520485585	FALSE	0.16	0.14	0.25	0.31	0.6	0.73	0.8	1	0.16	0.14	0.25	0.31	0.6	0.73	0.8	1	742
chr16	88971775	88972275	SPG7|chr16:88971775-88972275:.	0.10399816725135912	.	chr16:88971775-88972275	chr16	89490719	89490720	+	NA	NA	SPG7	ENSG00000197912	NA	TAACGGGACGCACTGCTTCTNGG;GTGCGTCCCGTTAACCTGCCNGG	FALSE	0.068	0.528888888888889	TRUE	NA	Morris et al., 2023	-518694	NA	411	TRUE	0.528888888888889	FALSE	0.14	0.19	0.26	0.37	0.56	0.72	0.85	1	0.14	0.19	0.26	0.37	0.56	0.72	0.85	1	742
chr16	88971775	88972275	SPIRE2|chr16:88971775-88972275:.	-0.04546943408198833	.	chr16:88971775-88972275	chr16	89818179	89818180	+	NA	NA	SPIRE2	ENSG00000204991	NA	TAACGGGACGCACTGCTTCTNGG;GTGCGTCCCGTTAACCTGCCNGG	FALSE	0.88	0.9882502266545784	TRUE	NA	Morris et al., 2023	-846154	NA	55	TRUE	0.9882502266545784	FALSE	0.04	0.05	0.03	0.02	0.03	0.08	0.1	0.62	0.04	0.05	0.03	0.02	0.03	0.08	0.1	0.62	742
chr16	88971775	88972275	TCF25|chr16:88971775-88972275:.	-0.03876616987116255	.	chr16:88971775-88972275	chr16	89873570	89873571	+	NA	NA	TCF25	ENSG00000141002	NA	TAACGGGACGCACTGCTTCTNGG;GTGCGTCCCGTTAACCTGCCNGG	FALSE	0.248	0.7748837209302325	TRUE	NA	Morris et al., 2023	-901545	NA	549	TRUE	0.7748837209302325	FALSE	0.3	0.25	0.26	0.63	0.69	0.79	0.9	1	0.3	0.25	0.26	0.63	0.69	0.79	0.9	1	742
chr16	88971775	88972275	TRAPPC2L|chr16:88971775-88972275:.	0.04852052391226702	.	chr16:88971775-88972275	chr16	88856220	88856221	+	NA	NA	TRAPPC2L	ENSG00000167515	NA	TAACGGGACGCACTGCTTCTNGG;GTGCGTCCCGTTAACCTGCCNGG	FALSE	0.144	0.6923636363636364	TRUE	NA	Morris et al., 2023	115805	NA	677	TRUE	0.6923636363636364	FALSE	0.23	0.32	0.44	0.64	0.78	0.88	0.92	1	0.23	0.32	0.44	0.64	0.78	0.88	0.92	1	742
chr16	88971775	88972275	TUBB3|chr16:88971775-88972275:.	-0.0223439855897316	.	chr16:88971775-88972275	chr16	89921392	89921393	+	NA	NA	TUBB3	ENSG00000258947	NA	TAACGGGACGCACTGCTTCTNGG;GTGCGTCCCGTTAACCTGCCNGG	FALSE	0.676	0.9686652078774618	TRUE	NA	Morris et al., 2023	-949367	NA	155	TRUE	0.9686652078774618	FALSE	0.06	0.08	0.1	0.11	0.22	0.42	0.63	1	0.06	0.08	0.1	0.11	0.22	0.42	0.63	1	742
chr16	88971775	88972275	VPS9D1|chr16:88971775-88972275:.	-0.08075510016492427	.	chr16:88971775-88972275	chr16	89720986	89720987	-	NA	NA	VPS9D1	ENSG00000075399	NA	TAACGGGACGCACTGCTTCTNGG;GTGCGTCCCGTTAACCTGCCNGG	FALSE	0.652	0.9614374225526642	TRUE	NA	Morris et al., 2023	748961	NA	45	TRUE	0.9614374225526642	FALSE	0	0	0.02	0.06	0.1	0.14	0.26	0.76	0	0	0.02	0.06	0.1	0.14	0.26	0.76	742
chr16	88971775	88972275	VPS9D1-AS1|chr16:88971775-88972275:.	0.06925397761121888	.	chr16:88971775-88972275	chr16	89711856	89711857	+	NA	NA	VPS9D1-AS1	ENSG00000261373	NA	TAACGGGACGCACTGCTTCTNGG;GTGCGTCCCGTTAACCTGCCNGG	FALSE	0.5	0.9083969465648856	TRUE	NA	Morris et al., 2023	-739831	NA	177	TRUE	0.9083969465648855	FALSE	0.09	0.08	0.07	0.18	0.33	0.5	0.68	1	0.09	0.08	0.07	0.18	0.33	0.5	0.68	1	742
chr16	88971775	88972275	ZC3H18|chr16:88971775-88972275:.	0.02335593079984405	.	chr16:88971775-88972275	chr16	88570381	88570382	+	NA	NA	ZC3H18	ENSG00000158545	NA	TAACGGGACGCACTGCTTCTNGG;GTGCGTCCCGTTAACCTGCCNGG	FALSE	0.56	0.9425742574257426	TRUE	NA	Morris et al., 2023	401644	NA	501	TRUE	0.9425742574257426	FALSE	0.18	0.27	0.2	0.56	0.59	0.74	0.92	1	0.18	0.27	0.2	0.56	0.59	0.74	0.92	1	742
chr16	88971775	88972275	ZFPM1|chr16:88971775-88972275:.	0.19756585330222132	.	chr16:88971775-88972275	chr16	88453317	88453318	+	NA	NA	ZFPM1	ENSG00000179588	NA	TAACGGGACGCACTGCTTCTNGG;GTGCGTCCCGTTAACCTGCCNGG	FALSE	0.176	0.7172602739726026	TRUE	NA	Morris et al., 2023	518708	NA	78	TRUE	0.7172602739726026	FALSE	0.06	0.04	0.03	0.12	0.09	0.25	0.31	0.9	0.06	0.04	0.03	0.12	0.09	0.25	0.31	0.9	742
chr16	88971775	88972275	ZNF276|chr16:88971775-88972275:.	0.10990183226472294	.	chr16:88971775-88972275	chr16	89720400	89720401	+	NA	NA	ZNF276	ENSG00000158805	NA	TAACGGGACGCACTGCTTCTNGG;GTGCGTCCCGTTAACCTGCCNGG	FALSE	0.208	0.7410778443113772	TRUE	NA	Morris et al., 2023	-748375	NA	185	TRUE	0.7410778443113772	FALSE	0.03	0.11	0.13	0.25	0.37	0.56	0.6	0.99	0.03	0.11	0.13	0.25	0.37	0.56	0.6	0.99	742
chr16	88971775	88972275	ZNF778|chr16:88971775-88972275:.	-0.05298330963574482	.	chr16:88971775-88972275	chr16	89217703	89217704	+	NA	NA	ZNF778	ENSG00000170100	NA	TAACGGGACGCACTGCTTCTNGG;GTGCGTCCCGTTAACCTGCCNGG	FALSE	0.624	0.9568447837150128	TRUE	NA	Morris et al., 2023	-245678	NA	148	TRUE	0.9568447837150128	FALSE	0.06	0.08	0.09	0.15	0.34	0.56	0.53	0.99	0.06	0.08	0.09	0.15	0.34	0.56	0.53	0.99	742
chr17	28864868	28866626	ABHD15|chr17:28864868-28866626:.	-0.01396392171759686	.	chr17:28864868-28866626	chr17	29567137	29567138	-	NA	NA	ABHD15	ENSG00000168792	NA	CATTGTTCTCCGATGCTGAGNGG;GTTGTATGTCTGCGTACATGNGG	FALSE	0.996	1	TRUE	NA	Morris et al., 2023	701390	NA	27	TRUE	1	FALSE	0.01	0	0.03	0.05	0.04	0.04	0.16	0.53	0.01	0	0.03	0.05	0.04	0.04	0.16	0.53	516
chr17	28864868	28866626	AC005726.1|chr17:28864868-28866626:.	0.3487115164629788	.	chr17:28864868-28866626	chr17	28614197	28614198	-	NA	NA	AC005726.1	ENSG00000258472	NA	CATTGTTCTCCGATGCTGAGNGG;GTTGTATGTCTGCGTACATGNGG	FALSE	0.184	0.7226402640264026	TRUE	NA	Morris et al., 2023	-251550	NA	29	TRUE	0.7226402640264026	FALSE	0.02	0.03	0.02	0.04	0.02	0.05	0.1	0.45	0.02	0.03	0.02	0.04	0.02	0.05	0.1	0.45	516
chr17	28864868	28866626	AC005726.3|chr17:28864868-28866626:.	0.5793631699241093	.	chr17:28864868-28866626	chr17	28602284	28602285	-	NA	NA	AC005726.3	ENSG00000264608	NA	CATTGTTCTCCGATGCTGAGNGG;GTTGTATGTCTGCGTACATGNGG	FALSE	0.112	0.6565517241379311	TRUE	NA	Morris et al., 2023	-263463	NA	16	TRUE	0.6565517241379311	FALSE	0.01	0	0.01	0.01	0.04	0	0.01	0.19	0.01	0	0.01	0.01	0.04	0	0.01	0.19	516
chr17	28864868	28866626	AC010761.1|chr17:28864868-28866626:.	0.5616236619865029	.	chr17:28864868-28866626	chr17	28722877	28722878	-	NA	NA	AC010761.1	ENSG00000264577	NA	CATTGTTCTCCGATGCTGAGNGG;GTTGTATGTCTGCGTACATGNGG	FALSE	0.248	0.7748837209302325	TRUE	NA	Morris et al., 2023	-142870	NA	8	TRUE	0.7748837209302325	FALSE	0	0	0	0	0	0	0	0	0	0	0	0	0	0	0	0	516
chr17	28864868	28866626	AC015917.2|chr17:28864868-28866626:.	1.082198550370821	.	chr17:28864868-28866626	chr17	28405240	28405241	+	NA	NA	AC015917.2	ENSG00000265254	NA	CATTGTTCTCCGATGCTGAGNGG;GTTGTATGTCTGCGTACATGNGG	FALSE	0.0167316718584349	0.24581098162392015	TRUE	NA	Morris et al., 2023	460507	NA	11	TRUE	0.24581098162392012	FALSE	0	0	0	0.01	0.02	0.01	0.05	0.07	0	0	0	0.01	0.02	0.01	0.05	0.07	516
chr17	28864868	28866626	AC024267.1|chr17:28864868-28866626:.	-1.2018298223548611	.	chr17:28864868-28866626	chr17	28861966	28861967	-	NA	NA	AC024267.1	ENSG00000264066	NA	CATTGTTCTCCGATGCTGAGNGG;GTTGTATGTCTGCGTACATGNGG	TRUE	9.47184664735058e-7	5.1234079592487235e-5	TRUE	NA	Morris et al., 2023	-3781	NA	30	TRUE	5.1234079592487235e-5	TRUE	0.01	0.04	0.05	0.12	0.12	0.22	0.36	0.92	0.01	0.04	0.05	0.12	0.12	0.22	0.36	0.92	516
chr17	28864868	28866626	AC024267.6|chr17:28864868-28866626:.	-0.02858310687745291	.	chr17:28864868-28866626	chr17	28897738	28897739	+	NA	NA	AC024267.6	ENSG00000266642	NA	CATTGTTCTCCGATGCTGAGNGG;GTTGTATGTCTGCGTACATGNGG	FALSE	0.984	0.9999658411614004	TRUE	NA	Morris et al., 2023	-31991	NA	9	TRUE	0.9999658411614004	FALSE	0.01	0.01	0.02	0.03	0.01	0.01	0.03	0.2	0.01	0.01	0.02	0.03	0.01	0.01	0.03	0.2	516
chr17	28864868	28866626	ALDOC|chr17:28864868-28866626:.	-0.16880402341101752	.	chr17:28864868-28866626	chr17	28577264	28577265	-	NA	NA	ALDOC	ENSG00000109107	NA	CATTGTTCTCCGATGCTGAGNGG;GTTGTATGTCTGCGTACATGNGG	FALSE	0.068	0.528888888888889	TRUE	NA	Morris et al., 2023	-288483	NA	187	TRUE	0.528888888888889	FALSE	0.1	0.09	0.22	0.31	0.4	0.62	0.8	1	0.1	0.09	0.22	0.31	0.4	0.62	0.8	1	516
chr17	28864868	28866626	ANKRD13B|chr17:28864868-28866626:.	0.04572863671014415	.	chr17:28864868-28866626	chr17	29589769	29589770	+	NA	NA	ANKRD13B	ENSG00000198720	NA	CATTGTTCTCCGATGCTGAGNGG;GTTGTATGTCTGCGTACATGNGG	FALSE	0.824	0.9832432432432432	TRUE	NA	Morris et al., 2023	-724022	NA	51	TRUE	0.9832432432432433	FALSE	0.03	0.03	0.02	0.04	0.07	0.18	0.23	0.86	0.03	0.03	0.02	0.04	0.07	0.18	0.23	0.86	516
chr17	28864868	28866626	CORO6|chr17:28864868-28866626:.	0.2383731230783841	.	chr17:28864868-28866626	chr17	29622907	29622908	-	NA	NA	CORO6	ENSG00000167549	NA	CATTGTTCTCCGATGCTGAGNGG;GTTGTATGTCTGCGTACATGNGG	FALSE	0.556	0.9425742574257426	TRUE	NA	Morris et al., 2023	757160	NA	8	TRUE	0.9425742574257426	FALSE	0	0	0.01	0.01	0	0.02	0.01	0.12	0	0	0.01	0.01	0	0.02	0.01	0.12	516
chr17	28864868	28866626	DHRS13|chr17:28864868-28866626:.	-0.3156741774754399	.	chr17:28864868-28866626	chr17	28903071	28903072	-	NA	NA	DHRS13	ENSG00000167536	NA	CATTGTTCTCCGATGCTGAGNGG;GTTGTATGTCTGCGTACATGNGG	TRUE	9.370736530885711e-5	0.0035971537005658	TRUE	NA	Morris et al., 2023	37324	NA	228	TRUE	0.0035971537005658055	TRUE	0.14	0.15	0.17	0.34	0.55	0.67	0.8	1	0.14	0.15	0.17	0.34	0.55	0.67	0.8	1	516
chr17	28864868	28866626	ERAL1|chr17:28864868-28866626:.	0.16569585293831768	.	chr17:28864868-28866626	chr17	28854938	28854939	+	NA	NA	ERAL1	ENSG00000132591	NA	CATTGTTCTCCGATGCTGAGNGG;GTTGTATGTCTGCGTACATGNGG	TRUE	0.001142292003042	0.03089380644590886	TRUE	NA	Morris et al., 2023	10809	NA	420	TRUE	0.03089380644590864	TRUE	0.23	0.21	0.3	0.49	0.62	0.76	0.9	1	0.23	0.21	0.3	0.49	0.62	0.76	0.9	1	516
chr17	28864868	28866626	FAM222B|chr17:28864868-28866626:.	0.05148897627282212	.	chr17:28864868-28866626	chr17	28855232	28855233	-	NA	NA	FAM222B	ENSG00000173065	NA	CATTGTTCTCCGATGCTGAGNGG;GTTGTATGTCTGCGTACATGNGG	FALSE	0.528	0.9280945347119646	TRUE	NA	Morris et al., 2023	-10515	NA	215	TRUE	0.9280945347119646	FALSE	0.11	0.16	0.14	0.27	0.44	0.67	0.76	1	0.11	0.16	0.14	0.27	0.44	0.67	0.76	1	516
chr17	28864868	28866626	FLOT2|chr17:28864868-28866626:.	-0.13225296863723754	.	chr17:28864868-28866626	chr17	28897679	28897680	-	NA	NA	FLOT2	ENSG00000132589	NA	CATTGTTCTCCGATGCTGAGNGG;GTTGTATGTCTGCGTACATGNGG	FALSE	0.044	0.4513793103448276	TRUE	NA	Morris et al., 2023	31932	NA	326	TRUE	0.4513793103448276	FALSE	0.2	0.23	0.31	0.33	0.63	0.82	0.92	1	0.2	0.23	0.31	0.33	0.63	0.82	0.92	1	516
chr17	28864868	28866626	GIT1|chr17:28864868-28866626:.	0.03548098352763373	.	chr17:28864868-28866626	chr17	29594054	29594055	-	NA	NA	GIT1	ENSG00000108262	NA	CATTGTTCTCCGATGCTGAGNGG;GTTGTATGTCTGCGTACATGNGG	FALSE	0.732	0.9686652078774618	TRUE	NA	Morris et al., 2023	728307	NA	76	TRUE	0.9686652078774618	FALSE	0.06	0.06	0.06	0.11	0.15	0.26	0.51	0.94	0.06	0.06	0.06	0.11	0.15	0.26	0.51	0.94	516
chr17	28864868	28866626	IFT20|chr17:28864868-28866626:.	-0.06084369660262495	.	chr17:28864868-28866626	chr17	28335489	28335490	-	NA	NA	IFT20	ENSG00000109083	NA	CATTGTTCTCCGATGCTGAGNGG;GTTGTATGTCTGCGTACATGNGG	FALSE	0.288	0.802622950819672	TRUE	NA	Morris et al., 2023	-530258	NA	247	TRUE	0.802622950819672	FALSE	0.11	0.14	0.16	0.32	0.5	0.75	0.81	1	0.11	0.14	0.16	0.32	0.5	0.75	0.81	1	516
chr17	28864868	28866626	KIAA0100|chr17:28864868-28866626:.	0.03035508723787156	.	chr17:28864868-28866626	chr17	28645454	28645455	-	NA	NA	KIAA0100	ENSG00000007202	NA	CATTGTTCTCCGATGCTGAGNGG;GTTGTATGTCTGCGTACATGNGG	FALSE	0.672	0.9686652078774618	TRUE	NA	Morris et al., 2023	-220293	NA	242	TRUE	0.9686652078774618	FALSE	0.12	0.2	0.24	0.37	0.54	0.72	0.84	1	0.12	0.2	0.24	0.37	0.54	0.72	0.84	1	516
chr17	28864868	28866626	LYRM9|chr17:28864868-28866626:.	-0.08092708444404817	.	chr17:28864868-28866626	chr17	27894752	27894753	-	NA	NA	LYRM9	ENSG00000232859	NA	CATTGTTCTCCGATGCTGAGNGG;GTTGTATGTCTGCGTACATGNGG	FALSE	0.82	0.9832432432432432	TRUE	NA	Morris et al., 2023	-970995	NA	26	TRUE	0.9832432432432433	FALSE	0.01	0	0.01	0.03	0.07	0.03	0.11	0.61	0.01	0	0.01	0.03	0.07	0.03	0.11	0.61	516
chr17	28864868	28866626	MYO18A|chr17:28864868-28866626:.	0.02265879889110289	.	chr17:28864868-28866626	chr17	29180412	29180413	-	NA	NA	MYO18A	ENSG00000196535	NA	CATTGTTCTCCGATGCTGAGNGG;GTTGTATGTCTGCGTACATGNGG	FALSE	0.756	0.9714285714285714	TRUE	NA	Morris et al., 2023	314665	NA	101	TRUE	0.9714285714285714	FALSE	0.02	0.04	0.09	0.07	0.19	0.31	0.46	0.99	0.02	0.04	0.09	0.07	0.19	0.31	0.46	0.99	516
chr17	28864868	28866626	NEK8|chr17:28864868-28866626:.	0.04029989400734735	.	chr17:28864868-28866626	chr17	28725897	28725898	+	NA	NA	NEK8	ENSG00000160602	NA	CATTGTTCTCCGATGCTGAGNGG;GTTGTATGTCTGCGTACATGNGG	FALSE	0.824	0.9832432432432432	TRUE	NA	Morris et al., 2023	139850	NA	56	TRUE	0.9832432432432433	FALSE	0.02	0	0.04	0.07	0.12	0.19	0.25	0.86	0.02	0	0.04	0.07	0.12	0.19	0.25	0.86	516
chr17	28864868	28866626	NLK|chr17:28864868-28866626:.	-0.07659034658707142	.	chr17:28864868-28866626	chr17	28041737	28041738	+	NA	NA	NLK	ENSG00000087095	NA	CATTGTTCTCCGATGCTGAGNGG;GTTGTATGTCTGCGTACATGNGG	FALSE	0.676	0.9686652078774618	TRUE	NA	Morris et al., 2023	824010	NA	73	TRUE	0.9686652078774618	FALSE	0.03	0.05	0.06	0.06	0.18	0.24	0.47	0.96	0.03	0.05	0.06	0.06	0.18	0.24	0.47	0.96	516
chr17	28864868	28866626	NUFIP2|chr17:28864868-28866626:.	0.06042399437883339	.	chr17:28864868-28866626	chr17	29294118	29294119	-	NA	NA	NUFIP2	ENSG00000108256	NA	CATTGTTCTCCGATGCTGAGNGG;GTTGTATGTCTGCGTACATGNGG	FALSE	0.444	0.888	TRUE	NA	Morris et al., 2023	428371	NA	257	TRUE	0.888	FALSE	0.13	0.17	0.2	0.27	0.49	0.6	0.85	1	0.13	0.17	0.2	0.27	0.49	0.6	0.85	1	516
chr17	28864868	28866626	PHF12|chr17:28864868-28866626:.	-0.06383756895959225	.	chr17:28864868-28866626	chr17	28951771	28951772	-	NA	NA	PHF12	ENSG00000109118	NA	CATTGTTCTCCGATGCTGAGNGG;GTTGTATGTCTGCGTACATGNGG	FALSE	0.684	0.9686652078774618	TRUE	NA	Morris et al., 2023	86024	NA	88	TRUE	0.9686652078774618	FALSE	0.03	0.06	0.09	0.12	0.24	0.41	0.44	0.99	0.03	0.06	0.09	0.12	0.24	0.41	0.44	0.99	516
chr17	28864868	28866626	PIGS|chr17:28864868-28866626:.	0.0678846129152974	.	chr17:28864868-28866626	chr17	28571872	28571873	-	NA	NA	PIGS	ENSG00000087111	NA	CATTGTTCTCCGATGCTGAGNGG;GTTGTATGTCTGCGTACATGNGG	FALSE	0.292	0.8043518518518519	TRUE	NA	Morris et al., 2023	-293875	NA	282	TRUE	0.8043518518518519	FALSE	0.14	0.14	0.24	0.37	0.59	0.74	0.85	0.99	0.14	0.14	0.24	0.37	0.59	0.74	0.85	0.99	516
chr17	28864868	28866626	POLDIP2|chr17:28864868-28866626:.	-0.00817391358939956	.	chr17:28864868-28866626	chr17	28357522	28357523	-	NA	NA	POLDIP2	ENSG00000004142	NA	CATTGTTCTCCGATGCTGAGNGG;GTTGTATGTCTGCGTACATGNGG	FALSE	0.936	0.9945	TRUE	NA	Morris et al., 2023	-508225	NA	390	TRUE	0.9945	FALSE	0.27	0.27	0.3	0.43	0.7	0.79	0.93	1	0.27	0.27	0.3	0.43	0.7	0.79	0.93	1	516
chr17	28864868	28866626	PROCA1|chr17:28864868-28866626:.	-0.02236129970138067	.	chr17:28864868-28866626	chr17	28711854	28711855	-	NA	NA	PROCA1	ENSG00000167525	NA	CATTGTTCTCCGATGCTGAGNGG;GTTGTATGTCTGCGTACATGNGG	FALSE	0.904	0.9882502266545784	TRUE	NA	Morris et al., 2023	-153893	NA	62	TRUE	0.9882502266545784	FALSE	0.03	0.02	0.06	0.05	0.13	0.29	0.38	0.96	0.03	0.02	0.06	0.05	0.13	0.29	0.38	0.96	516
chr17	28864868	28866626	RPL23A|chr17:28864868-28866626:.	0.02518359665722336	.	chr17:28864868-28866626	chr17	28719393	28719394	+	NA	NA	RPL23A	ENSG00000198242	NA	CATTGTTCTCCGATGCTGAGNGG;GTTGTATGTCTGCGTACATGNGG	FALSE	0.144	0.6923636363636364	TRUE	NA	Morris et al., 2023	146354	NA	516	TRUE	0.6923636363636364	FALSE	0.32	0.34	0.42	0.58	0.85	0.94	0.97	1	0.32	0.34	0.42	0.58	0.85	0.94	0.97	1	516
chr17	28864868	28866626	SDF2|chr17:28864868-28866626:.	-0.01261749887246349	.	chr17:28864868-28866626	chr17	28662189	28662190	-	NA	NA	SDF2	ENSG00000132581	NA	CATTGTTCTCCGATGCTGAGNGG;GTTGTATGTCTGCGTACATGNGG	FALSE	0.912	0.9882502266545784	TRUE	NA	Morris et al., 2023	-203558	NA	334	TRUE	0.9882502266545784	FALSE	0.19	0.15	0.23	0.45	0.67	0.77	0.92	1	0.19	0.15	0.23	0.45	0.67	0.77	0.92	1	516
chr17	28864868	28866626	SGK494|chr17:28864868-28866626:.	0.10244227321215772	.	chr17:28864868-28866626	chr17	28614200	28614201	-	NA	NA	SGK494	ENSG00000167524	NA	CATTGTTCTCCGATGCTGAGNGG;GTTGTATGTCTGCGTACATGNGG	FALSE	0.688	0.9686652078774618	TRUE	NA	Morris et al., 2023	-251547	NA	25	TRUE	0.9686652078774618	FALSE	0.01	0.01	0.03	0.03	0.03	0.05	0.11	0.51	0.01	0.01	0.03	0.03	0.03	0.05	0.11	0.51	516
chr17	28864868	28866626	SLC46A1|chr17:28864868-28866626:.	0.5064484230515083	.	chr17:28864868-28866626	chr17	28407197	28407198	-	NA	NA	SLC46A1	ENSG00000076351	NA	CATTGTTCTCCGATGCTGAGNGG;GTTGTATGTCTGCGTACATGNGG	TRUE	0.00786701327337856	0.14184463326243177	TRUE	NA	Morris et al., 2023	-458550	NA	53	TRUE	0.14184463326243163	TRUE	0	0.04	0.02	0	0.09	0.16	0.19	0.81	0	0.04	0.02	0	0.09	0.16	0.19	0.81	516
chr17	28864868	28866626	SPAG5|chr17:28864868-28866626:.	-0.02762290577627668	.	chr17:28864868-28866626	chr17	28599279	28599280	-	NA	NA	SPAG5	ENSG00000076382	NA	CATTGTTCTCCGATGCTGAGNGG;GTTGTATGTCTGCGTACATGNGG	FALSE	0.852	0.9832432432432432	TRUE	NA	Morris et al., 2023	-266468	NA	204	TRUE	0.9832432432432433	FALSE	0.15	0.08	0.1	0.25	0.41	0.62	0.73	1	0.15	0.08	0.1	0.25	0.41	0.62	0.73	1	516
chr17	28864868	28866626	SPAG5-AS1|chr17:28864868-28866626:.	-0.21553663221229247	.	chr17:28864868-28866626	chr17	28598790	28598791	+	NA	NA	SPAG5-AS1	ENSG00000227543	NA	CATTGTTCTCCGATGCTGAGNGG;GTTGTATGTCTGCGTACATGNGG	FALSE	0.608	0.9545118733509236	TRUE	NA	Morris et al., 2023	266957	NA	12	TRUE	0.9545118733509235	FALSE	0	0	0.02	0	0.07	0.03	0.08	0.34	0	0	0.02	0	0.07	0.03	0.08	0.34	516
chr17	28864868	28866626	SUPT6H|chr17:28864868-28866626:.	-0.11380425805983284	.	chr17:28864868-28866626	chr17	28662091	28662092	+	NA	NA	SUPT6H	ENSG00000109111	NA	CATTGTTCTCCGATGCTGAGNGG;GTTGTATGTCTGCGTACATGNGG	FALSE	0.056	0.476	TRUE	NA	Morris et al., 2023	203656	NA	344	TRUE	0.47600000000000003	FALSE	0.16	0.17	0.23	0.48	0.59	0.75	0.93	1	0.16	0.17	0.23	0.48	0.59	0.75	0.93	1	516
chr17	28864868	28866626	TAOK1|chr17:28864868-28866626:.	-0.03920544762036415	.	chr17:28864868-28866626	chr17	29390464	29390465	+	NA	NA	TAOK1	ENSG00000160551	NA	CATTGTTCTCCGATGCTGAGNGG;GTTGTATGTCTGCGTACATGNGG	FALSE	0.66	0.9625	TRUE	NA	Morris et al., 2023	-524717	NA	208	TRUE	0.9625	FALSE	0.07	0.11	0.14	0.25	0.42	0.6	0.77	1	0.07	0.11	0.14	0.25	0.42	0.6	0.77	1	516
chr17	28864868	28866626	TLCD1|chr17:28864868-28866626:.	-0.2438691279175712	.	chr17:28864868-28866626	chr17	28727935	28727936	-	NA	NA	TLCD1	ENSG00000160606	NA	CATTGTTCTCCGATGCTGAGNGG;GTTGTATGTCTGCGTACATGNGG	TRUE	0.01106819213639691	0.1820704037111374	TRUE	NA	Morris et al., 2023	-137812	NA	177	TRUE	0.1820704037111373	TRUE	0.08	0.13	0.16	0.29	0.31	0.64	0.78	1	0.08	0.13	0.16	0.29	0.31	0.64	0.78	1	516
chr17	28864868	28866626	TMEM199|chr17:28864868-28866626:.	-0.11755058761340624	.	chr17:28864868-28866626	chr17	28357581	28357582	+	NA	NA	TMEM199	ENSG00000244045	NA	CATTGTTCTCCGATGCTGAGNGG;GTTGTATGTCTGCGTACATGNGG	FALSE	0.064	0.518095238095238	TRUE	NA	Morris et al., 2023	508166	NA	293	TRUE	0.518095238095238	FALSE	0.23	0.17	0.27	0.4	0.54	0.83	0.87	1	0.23	0.17	0.27	0.4	0.54	0.83	0.87	1	516
chr17	28864868	28866626	TMEM97|chr17:28864868-28866626:.	0.12059869245809084	.	chr17:28864868-28866626	chr17	28319095	28319096	+	NA	NA	TMEM97	ENSG00000109084	NA	CATTGTTCTCCGATGCTGAGNGG;GTTGTATGTCTGCGTACATGNGG	TRUE	0.00475190446467611	0.09742711089998492	TRUE	NA	Morris et al., 2023	546652	NA	438	TRUE	0.09742711089998474	TRUE	0.18	0.22	0.34	0.44	0.74	0.86	0.94	1	0.18	0.22	0.34	0.44	0.74	0.86	0.94	1	516
chr17	28864868	28866626	TNFAIP1|chr17:28864868-28866626:.	-0.1744167563962491	.	chr17:28864868-28866626	chr17	28335602	28335603	+	NA	NA	TNFAIP1	ENSG00000109079	NA	CATTGTTCTCCGATGCTGAGNGG;GTTGTATGTCTGCGTACATGNGG	FALSE	0.14	0.6923636363636364	TRUE	NA	Morris et al., 2023	530145	NA	119	TRUE	0.6923636363636364	FALSE	0.04	0.04	0.17	0.15	0.36	0.46	0.63	1	0.04	0.04	0.17	0.15	0.36	0.46	0.63	1	516
chr17	28864868	28866626	TP53I13|chr17:28864868-28866626:.	0.19277623610639844	.	chr17:28864868-28866626	chr17	29566052	29566053	+	NA	NA	TP53I13	ENSG00000167543	NA	CATTGTTCTCCGATGCTGAGNGG;GTTGTATGTCTGCGTACATGNGG	FALSE	0.024	0.3038297872340425	TRUE	NA	Morris et al., 2023	-700305	NA	247	TRUE	0.3038297872340425	FALSE	0.09	0.14	0.19	0.27	0.48	0.68	0.73	1	0.09	0.14	0.19	0.27	0.48	0.68	0.73	1	516
chr17	28864868	28866626	TRAF4|chr17:28864868-28866626:.	-0.03149295810721686	.	chr17:28864868-28866626	chr17	28743984	28743985	+	NA	NA	TRAF4	ENSG00000076604	NA	CATTGTTCTCCGATGCTGAGNGG;GTTGTATGTCTGCGTACATGNGG	FALSE	0.68	0.9686652078774618	TRUE	NA	Morris et al., 2023	121763	NA	400	TRUE	0.9686652078774618	FALSE	0.24	0.23	0.28	0.46	0.64	0.81	0.92	1	0.24	0.23	0.28	0.46	0.64	0.81	0.92	1	516
chr17	28864868	28866626	UNC119|chr17:28864868-28866626:.	0.08290515562739242	.	chr17:28864868-28866626	chr17	28552668	28552669	-	NA	NA	UNC119	ENSG00000109103	NA	CATTGTTCTCCGATGCTGAGNGG;GTTGTATGTCTGCGTACATGNGG	FALSE	0.424	0.8808828522920205	TRUE	NA	Morris et al., 2023	-313079	NA	192	TRUE	0.8808828522920205	FALSE	0.04	0.05	0.08	0.27	0.42	0.53	0.71	0.99	0.04	0.05	0.08	0.27	0.42	0.53	0.71	0.99	516
chr17	28864868	28866626	VTN|chr17:28864868-28866626:.	0.19735792271070185	.	chr17:28864868-28866626	chr17	28373091	28373092	-	NA	NA	VTN	ENSG00000109072	NA	CATTGTTCTCCGATGCTGAGNGG;GTTGTATGTCTGCGTACATGNGG	FALSE	0.704	0.9686652078774618	TRUE	NA	Morris et al., 2023	-492656	NA	16	TRUE	0.9686652078774618	FALSE	0.01	0	0.02	0.01	0.03	0.02	0.04	0.22	0.01	0	0.02	0.01	0.03	0.02	0.04	0.22	516
chr17	64129052	64130573	CCDC47|chr17:64129052-64130573:.	0.06614933977576154	.	chr17:64129052-64130573	chr17	63776351	63776352	-	NA	NA	CCDC47	ENSG00000108588	NA	TATTGTTCAGGATGTGAGCGNGG	FALSE	0.484	0.8985335413416536	overlaps potential promoter	NA	Morris et al., 2023	-353461	NA	107	TRUE	0.8985335413416536	FALSE	0.13	0.1	0.17	0.21	0.43	0.47	0.58	0.96	0.13	0.1	0.17	0.21	0.43	0.47	0.58	0.96	132
chr17	64129052	64130573	CEP95|chr17:64129052-64130573:.	-0.03552884892134611	.	chr17:64129052-64130573	chr17	64506588	64506589	+	NA	NA	CEP95	ENSG00000258890	NA	TATTGTTCAGGATGTGAGCGNGG	FALSE	0.86	0.9848275862068966	overlaps potential promoter	NA	Morris et al., 2023	-376776	NA	63	TRUE	0.9848275862068966	FALSE	0.04	0.06	0.1	0.17	0.24	0.22	0.39	0.87	0.04	0.06	0.1	0.17	0.24	0.22	0.39	0.87	132
chr17	64129052	64130573	CYB561|chr17:64129052-64130573:.	0.14308861666449224	.	chr17:64129052-64130573	chr17	63446378	63446379	-	NA	NA	CYB561	ENSG00000008283	NA	TATTGTTCAGGATGTGAGCGNGG	FALSE	0.464	0.8920193861066237	overlaps potential promoter	NA	Morris et al., 2023	-683434	NA	41	TRUE	0.8920193861066237	FALSE	0.01	0.04	0.04	0.09	0.12	0.21	0.18	0.79	0.01	0.04	0.04	0.09	0.12	0.21	0.18	0.79	132
chr17	64129052	64130573	DCAF7|chr17:64129052-64130573:.	0.01911960319261907	.	chr17:64129052-64130573	chr17	63550461	63550462	+	NA	NA	DCAF7	ENSG00000136485	NA	TATTGTTCAGGATGTGAGCGNGG	FALSE	0.848	0.9832432432432432	overlaps potential promoter	NA	Morris et al., 2023	579351	NA	111	TRUE	0.9832432432432433	FALSE	0.09	0.07	0.12	0.29	0.44	0.49	0.67	0.97	0.09	0.07	0.12	0.29	0.44	0.49	0.67	0.97	132
chr17	64129052	64130573	DDX42|chr17:64129052-64130573:.	0.21139992659677417	.	chr17:64129052-64130573	chr17	63773603	63773604	+	NA	NA	DDX42	ENSG00000198231	NA	TATTGTTCAGGATGTGAGCGNGG	FALSE	0.132	0.6923636363636364	overlaps potential promoter	NA	Morris et al., 2023	356209	NA	78	TRUE	0.6923636363636364	FALSE	0.06	0.07	0.11	0.15	0.21	0.28	0.46	0.94	0.06	0.07	0.11	0.15	0.21	0.28	0.46	0.94	132
chr17	64129052	64130573	DDX5|chr17:64129052-64130573:.	0.1396290069094781	.	chr17:64129052-64130573	chr17	64508199	64508200	-	NA	NA	DDX5	ENSG00000108654	NA	TATTGTTCAGGATGTGAGCGNGG	FALSE	0.02788852319685059	0.3332	overlaps potential promoter	NA	Morris et al., 2023	378387	NA	131	TRUE	0.3332	FALSE	0.18	0.2	0.26	0.39	0.46	0.56	0.7	1	0.18	0.2	0.26	0.39	0.46	0.56	0.7	1	132
chr17	64129052	64130573	ERN1|chr17:64129052-64130573:.	0.05408513091002254	.	chr17:64129052-64130573	chr17	64130819	64130820	-	NA	NA	ERN1	ENSG00000178607	NA	TATTGTTCAGGATGTGAGCGNGG	FALSE	0.768	0.9743283582089554	overlaps target gene exon	NA	Morris et al., 2023	1007	NA	26	TRUE	0.9743283582089554	FALSE	0	0.01	0.02	0.02	0.04	0.08	0.17	0.49	0	0.01	0.02	0.02	0.04	0.08	0.17	0.49	132
chr17	64129052	64130573	FTSJ3|chr17:64129052-64130573:.	0.05752730437041159	.	chr17:64129052-64130573	chr17	63830012	63830013	-	NA	NA	FTSJ3	ENSG00000108592	NA	TATTGTTCAGGATGTGAGCGNGG	FALSE	0.696	0.9686652078774618	overlaps potential promoter	NA	Morris et al., 2023	-299800	NA	80	TRUE	0.9686652078774618	FALSE	0.05	0.06	0.09	0.14	0.27	0.31	0.47	0.95	0.05	0.06	0.09	0.14	0.27	0.31	0.47	0.95	132
chr17	64129052	64130573	GNA13|chr17:64129052-64130573:.	0.2119482605178027	.	chr17:64129052-64130573	chr17	65056839	65056840	-	NA	NA	GNA13	ENSG00000120063	NA	TATTGTTCAGGATGTGAGCGNGG	FALSE	0.284	0.7951999999999999	overlaps potential promoter	NA	Morris et al., 2023	927027	NA	38	TRUE	0.7951999999999999	FALSE	0.03	0.03	0.05	0.06	0.09	0.15	0.21	0.65	0.03	0.03	0.05	0.06	0.09	0.15	0.21	0.65	132
chr17	64129052	64130573	ICAM2|chr17:64129052-64130573:.	0.11516834551581234	.	chr17:64129052-64130573	chr17	64020634	64020635	-	NA	NA	ICAM2	ENSG00000108622	NA	TATTGTTCAGGATGTGAGCGNGG	FALSE	0.204	0.7410778443113772	overlaps potential promoter	NA	Morris et al., 2023	-109178	NA	107	TRUE	0.7410778443113772	FALSE	0.09	0.14	0.14	0.23	0.36	0.39	0.57	0.98	0.09	0.14	0.14	0.23	0.36	0.39	0.57	0.98	132
chr17	64129052	64130573	MAP3K3|chr17:64129052-64130573:.	0.12451879655246811	.	chr17:64129052-64130573	chr17	63622415	63622416	+	NA	NA	MAP3K3	ENSG00000198909	NA	TATTGTTCAGGATGTGAGCGNGG	FALSE	0.78	0.9807284079084286	overlaps potential promoter	NA	Morris et al., 2023	507397	NA	14	TRUE	0.9807284079084286	FALSE	0.01	0	0.03	0.02	0	0.05	0.06	0.33	0.01	0	0.03	0.02	0	0.05	0.06	0.33	132
chr17	64129052	64130573	POLG2|chr17:64129052-64130573:.	-0.10443141529773148	.	chr17:64129052-64130573	chr17	64497036	64497037	-	NA	NA	POLG2	ENSG00000256525	NA	TATTGTTCAGGATGTGAGCGNGG	FALSE	0.624	0.9568447837150128	overlaps potential promoter	NA	Morris et al., 2023	367224	NA	37	TRUE	0.9568447837150128	FALSE	0.03	0.02	0.04	0.05	0.12	0.18	0.25	0.74	0.03	0.02	0.04	0.05	0.12	0.18	0.25	0.74	132
chr17	64129052	64130573	PSMC5|chr17:64129052-64130573:.	0.09127242931419356	.	chr17:64129052-64130573	chr17	63827152	63827153	+	NA	NA	PSMC5	ENSG00000087191	NA	TATTGTTCAGGATGTGAGCGNGG	FALSE	0.108	0.6523857868020304	overlaps potential promoter	NA	Morris et al., 2023	302660	NA	129	TRUE	0.6523857868020304	FALSE	0.12	0.19	0.19	0.25	0.47	0.62	0.79	1	0.12	0.19	0.19	0.25	0.47	0.62	0.79	1	132
chr17	64129052	64130573	RGS9|chr17:64129052-64130573:.	0.44613548807731673	.	chr17:64129052-64130573	chr17	65100812	65100813	+	NA	NA	RGS9	ENSG00000108370	NA	TATTGTTCAGGATGTGAGCGNGG	FALSE	0.208	0.7410778443113772	overlaps potential promoter	NA	Morris et al., 2023	-971000	NA	11	TRUE	0.7410778443113772	FALSE	0.01	0.02	0	0	0.01	0.04	0.04	0.21	0.01	0.02	0	0	0.01	0.04	0.04	0.21	132
chr17	64129052	64130573	SMARCD2|chr17:64129052-64130573:.	-0.17473231371588005	.	chr17:64129052-64130573	chr17	63843065	63843066	-	NA	NA	SMARCD2	ENSG00000108604	NA	TATTGTTCAGGATGTGAGCGNGG	FALSE	0.436	0.8808828522920205	overlaps potential promoter	NA	Morris et al., 2023	-286747	NA	42	TRUE	0.8808828522920205	FALSE	0.04	0.04	0.08	0.09	0.13	0.18	0.19	0.75	0.04	0.04	0.08	0.09	0.13	0.18	0.19	0.75	132
chr17	64129052	64130573	SMURF2|chr17:64129052-64130573:.	0.10464110681320538	.	chr17:64129052-64130573	chr17	64662068	64662069	-	NA	NA	SMURF2	ENSG00000108854	NA	TATTGTTCAGGATGTGAGCGNGG	FALSE	0.688	0.9686652078774618	overlaps potential promoter	NA	Morris et al., 2023	532256	NA	21	TRUE	0.9686652078774618	FALSE	0	0.01	0	0.01	0.07	0.08	0.09	0.41	0	0.01	0	0.01	0.07	0.08	0.09	0.41	132
chr17	64129052	64130573	SNHG25|chr17:64129052-64130573:.	-0.14176841143891972	.	chr17:64129052-64130573	chr17	64145970	64145971	+	NA	NA	SNHG25	ENSG00000266402	NA	TATTGTTCAGGATGTGAGCGNGG	FALSE	0.956	0.9999658411614004	overlaps potential promoter	NA	Morris et al., 2023	-16158	NA	8	TRUE	0.9999658411614004	FALSE	0	0.02	0	0	0.03	0.03	0.05	0.16	0	0.02	0	0	0.03	0.03	0.05	0.16	132
chr17	64129052	64130573	STRADA|chr17:64129052-64130573:.	0.35378259522665556	.	chr17:64129052-64130573	chr17	63741986	63741987	-	NA	NA	STRADA	ENSG00000266173	NA	TATTGTTCAGGATGTGAGCGNGG	FALSE	0.152	0.6923636363636364	overlaps potential promoter	NA	Morris et al., 2023	-387826	NA	35	TRUE	0.6923636363636364	FALSE	0	0.04	0.02	0.02	0.06	0.09	0.23	0.66	0	0.04	0.02	0.02	0.06	0.09	0.23	0.66	132
chr17	64129052	64130573	TACO1|chr17:64129052-64130573:.	0.1986540301786695	.	chr17:64129052-64130573	chr17	63600872	63600873	+	NA	NA	TACO1	ENSG00000136463	NA	TATTGTTCAGGATGTGAGCGNGG	FALSE	0.108	0.6523857868020304	overlaps potential promoter	NA	Morris et al., 2023	528940	NA	89	TRUE	0.6523857868020304	FALSE	0.06	0.08	0.08	0.18	0.28	0.42	0.57	0.99	0.06	0.08	0.08	0.18	0.28	0.42	0.57	0.99	132
chr17	64129052	64130573	TEX2|chr17:64129052-64130573:.	0.10290964562996983	.	chr17:64129052-64130573	chr17	64263301	64263302	-	NA	NA	TEX2	ENSG00000136478	NA	TATTGTTCAGGATGTGAGCGNGG	FALSE	0.7	0.9686652078774618	overlaps potential promoter	NA	Morris et al., 2023	133489	NA	20	TRUE	0.9686652078774618	FALSE	0.02	0	0.01	0.01	0.02	0.02	0.04	0.12	0.02	0	0.01	0.01	0.02	0.02	0.04	0.12	132
chr18	9191561	9192287	ANKRD12|chr18:9191561-9192287:.	-0.2842015875583547	.	chr18:9191561-9192287	chr18	9136228	9136229	+	NA	NA	ANKRD12	ENSG00000101745	NA	CTCTAATTGGTGCCTGGTTCNGG;TGTGAGAGCCCAACAAAGTTNGG	TRUE	1.798668507637348e-6	9.306154452558452e-5	overlaps target gene intron	NA	Morris et al., 2023	55696	NA	323	TRUE	9.306154452558453e-5	TRUE	0.12	0.2	0.3	0.48	0.64	0.81	0.87	1	0.12	0.2	0.3	0.48	0.64	0.81	0.87	1	417
chr18	9191561	9192287	MTCL1|chr18:9191561-9192287:.	-0.05351601654117832	.	chr18:9191561-9192287	chr18	8705661	8705662	+	NA	NA	MTCL1	ENSG00000168502	NA	CTCTAATTGGTGCCTGGTTCNGG;TGTGAGAGCCCAACAAAGTTNGG	FALSE	0.844	0.9832432432432432	TRUE	NA	Morris et al., 2023	486263	NA	30	TRUE	0.9832432432432433	FALSE	0.01	0.01	0.03	0.03	0.08	0.08	0.12	0.64	0.01	0.01	0.03	0.03	0.08	0.08	0.12	0.64	417
chr18	9191561	9192287	NDUFV2|chr18:9191561-9192287:.	-0.0249363986966653	.	chr18:9191561-9192287	chr18	9102630	9102631	+	NA	NA	NDUFV2	ENSG00000178127	NA	CTCTAATTGGTGCCTGGTTCNGG;TGTGAGAGCCCAACAAAGTTNGG	FALSE	0.436	0.8808828522920205	TRUE	NA	Morris et al., 2023	89294	NA	416	TRUE	0.8808828522920205	FALSE	0.29	0.37	0.41	0.53	0.75	0.87	0.9	1	0.29	0.37	0.41	0.53	0.75	0.87	0.9	1	417
chr18	9191561	9192287	NDUFV2-AS1|chr18:9191561-9192287:.	-0.24059439497276625	.	chr18:9191561-9192287	chr18	9136645	9136646	-	NA	NA	NDUFV2-AS1	ENSG00000266053	NA	CTCTAATTGGTGCCTGGTTCNGG;TGTGAGAGCCCAACAAAGTTNGG	FALSE	0.396	0.8646605504587156	TRUE	NA	Morris et al., 2023	-55279	NA	25	TRUE	0.8646605504587156	FALSE	0.04	0	0.03	0.04	0.03	0.06	0.13	0.53	0.04	0	0.03	0.04	0.03	0.06	0.13	0.53	417
chr18	9191561	9192287	PPP4R1|chr18:9191561-9192287:.	-0.05313890624192785	.	chr18:9191561-9192287	chr18	9615240	9615241	-	NA	NA	PPP4R1	ENSG00000154845	NA	CTCTAATTGGTGCCTGGTTCNGG;TGTGAGAGCCCAACAAAGTTNGG	FALSE	0.596	0.9545118733509236	TRUE	NA	Morris et al., 2023	423316	NA	130	TRUE	0.9545118733509235	FALSE	0.04	0.1	0.11	0.22	0.29	0.42	0.74	0.97	0.04	0.1	0.11	0.22	0.29	0.42	0.74	0.97	417
chr18	9191561	9192287	RAB12|chr18:9191561-9192287:.	0.1345234030290161	.	chr18:9191561-9192287	chr18	8609437	8609438	+	NA	NA	RAB12	ENSG00000206418	NA	CTCTAATTGGTGCCTGGTTCNGG;TGTGAGAGCCCAACAAAGTTNGG	FALSE	0.628	0.9568447837150128	TRUE	NA	Morris et al., 2023	582487	NA	16	TRUE	0.9568447837150128	FALSE	0	0	0	0	0	0.01	0	0.14	0	0	0	0	0	0.01	0	0.14	417
chr18	9191561	9192287	RAB31|chr18:9191561-9192287:.	0.05418550353950663	.	chr18:9191561-9192287	chr18	9708165	9708166	+	NA	NA	RAB31	ENSG00000168461	NA	CTCTAATTGGTGCCTGGTTCNGG;TGTGAGAGCCCAACAAAGTTNGG	FALSE	0.516	0.9280945347119646	TRUE	NA	Morris et al., 2023	-516241	NA	269	TRUE	0.9280945347119646	FALSE	0.11	0.15	0.28	0.32	0.49	0.65	0.86	1	0.11	0.15	0.28	0.32	0.49	0.65	0.86	1	417
chr18	9191561	9192287	RALBP1|chr18:9191561-9192287:.	0.01874372356705178	.	chr18:9191561-9192287	chr18	9475009	9475010	+	NA	NA	RALBP1	ENSG00000017797	NA	CTCTAATTGGTGCCTGGTTCNGG;TGTGAGAGCCCAACAAAGTTNGG	FALSE	0.76	0.9714285714285714	TRUE	NA	Morris et al., 2023	-283085	NA	367	TRUE	0.9714285714285714	FALSE	0.23	0.24	0.28	0.4	0.67	0.75	0.92	1	0.23	0.24	0.28	0.4	0.67	0.75	0.92	1	417
chr18	9191561	9192287	TWSG1|chr18:9191561-9192287:.	-0.00352712334289728	.	chr18:9191561-9192287	chr18	9334767	9334768	+	NA	NA	TWSG1	ENSG00000128791	NA	CTCTAATTGGTGCCTGGTTCNGG;TGTGAGAGCCCAACAAAGTTNGG	FALSE	0.972	0.9999658411614004	TRUE	NA	Morris et al., 2023	-142843	NA	153	TRUE	0.9999658411614004	FALSE	0.08	0.06	0.12	0.19	0.3	0.51	0.68	1	0.08	0.06	0.12	0.19	0.3	0.51	0.68	1	417
chr18	9191561	9192287	TXNDC2|chr18:9191561-9192287:.	-0.12143612386312784	.	chr18:9191561-9192287	chr18	9885726	9885727	+	NA	NA	TXNDC2	ENSG00000168454	NA	CTCTAATTGGTGCCTGGTTCNGG;TGTGAGAGCCCAACAAAGTTNGG	FALSE	0.84	0.9832432432432432	TRUE	NA	Morris et al., 2023	-693802	NA	10	TRUE	0.9832432432432433	FALSE	0	0	0.03	0	0.02	0.01	0.04	0.16	0	0	0.03	0	0.02	0.01	0.04	0.16	417
chr18	9191561	9192287	VAPA|chr18:9191561-9192287:.	-0.04084382025822775	.	chr18:9191561-9192287	chr18	9914002	9914003	+	NA	NA	VAPA	ENSG00000101558	NA	CTCTAATTGGTGCCTGGTTCNGG;TGTGAGAGCCCAACAAAGTTNGG	FALSE	0.196	0.7381012658227849	TRUE	NA	Morris et al., 2023	-722078	NA	409	TRUE	0.7381012658227849	FALSE	0.21	0.32	0.41	0.47	0.71	0.91	0.9	1	0.21	0.32	0.41	0.47	0.71	0.91	0.9	1	417
chr19	2168230	2169398	ABHD17A|chr19:2168230-2169398:.	0.01100938787550509	.	chr19:2168230-2169398	chr19	1885547	1885548	-	NA	NA	ABHD17A	ENSG00000129968	NA	AATACCTTCTGAGTCACGGTNGG;ATACCTTCTGAGTCACGGTGNGG	FALSE	0.992	1	TRUE	NA	Morris et al., 2023	-283267	NA	246	TRUE	1	FALSE	0.1	0.15	0.18	0.25	0.51	0.69	0.8	1	0.1	0.15	0.18	0.25	0.51	0.69	0.8	1	722
chr19	2168230	2169398	AC005256.1|chr19:2168230-2169398:.	-0.124664044458906	.	chr19:2168230-2169398	chr19	1748056	1748057	+	NA	NA	AC005256.1	ENSG00000267073	NA	AATACCTTCTGAGTCACGGTNGG;ATACCTTCTGAGTCACGGTGNGG	FALSE	0.616	0.9568447837150128	TRUE	NA	Morris et al., 2023	420758	NA	29	TRUE	0.9568447837150128	FALSE	0.03	0.01	0.02	0.03	0.04	0.05	0.11	0.55	0.03	0.01	0.02	0.03	0.04	0.05	0.11	0.55	722
chr19	2168230	2169398	AC005306.1|chr19:2168230-2169398:.	0.182569545145153	.	chr19:2168230-2169398	chr19	1989401	1989402	+	NA	NA	AC005306.1	ENSG00000267283	NA	AATACCTTCTGAGTCACGGTNGG;ATACCTTCTGAGTCACGGTGNGG	FALSE	0.428	0.8808828522920205	TRUE	NA	Morris et al., 2023	179413	NA	22	TRUE	0.8808828522920205	FALSE	0	0	0	0.02	0.02	0.03	0.04	0.18	0	0	0	0.02	0.02	0.03	0.04	0.18	722
chr19	2168230	2169398	AC005329.1|chr19:2168230-2169398:.	0.635280358725753	.	chr19:2168230-2169398	chr19	1396467	1396468	-	NA	NA	AC005329.1	ENSG00000248015	NA	AATACCTTCTGAGTCACGGTNGG;ATACCTTCTGAGTCACGGTGNGG	FALSE	0.048	0.4687878787878788	TRUE	NA	Morris et al., 2023	-772347	NA	16	TRUE	0.4687878787878788	FALSE	0	0.01	0	0.01	0.01	0.02	0.01	0.16	0	0.01	0	0.01	0.01	0.02	0.01	0.16	722
chr19	2168230	2169398	AC006538.1|chr19:2168230-2169398:.	0.2803294013067914	.	chr19:2168230-2169398	chr19	2729327	2729328	-	NA	NA	AC006538.1	ENSG00000261342	NA	AATACCTTCTGAGTCACGGTNGG;ATACCTTCTGAGTCACGGTGNGG	FALSE	0.252	0.7748837209302325	TRUE	NA	Morris et al., 2023	560513	NA	22	TRUE	0.7748837209302325	FALSE	0	0	0.02	0.01	0.03	0.03	0.07	0.36	0	0	0.02	0.01	0.03	0.03	0.07	0.36	722
chr19	2168230	2169398	AC012615.1|chr19:2168230-2169398:.	0.15219543664668467	.	chr19:2168230-2169398	chr19	1876169	1876170	-	NA	NA	AC012615.1	ENSG00000261526	NA	AATACCTTCTGAGTCACGGTNGG;ATACCTTCTGAGTCACGGTGNGG	FALSE	0.088	0.591638418079096	TRUE	NA	Morris et al., 2023	-292645	NA	191	TRUE	0.591638418079096	FALSE	0.05	0.06	0.14	0.19	0.42	0.41	0.65	0.98	0.05	0.06	0.14	0.19	0.42	0.41	0.65	0.98	722
chr19	2168230	2169398	AC027307.2|chr19:2168230-2169398:.	0.12316668110021034	.	chr19:2168230-2169398	chr19	1458580	1458581	-	NA	NA	AC027307.2	ENSG00000267317	NA	AATACCTTCTGAGTCACGGTNGG;ATACCTTCTGAGTCACGGTGNGG	FALSE	0.468	0.892972972972973	TRUE	NA	Morris et al., 2023	-710234	NA	68	TRUE	0.892972972972973	FALSE	0.02	0.02	0.04	0.04	0.19	0.15	0.27	0.89	0.02	0.02	0.04	0.04	0.19	0.15	0.27	0.89	722
chr19	2168230	2169398	AC027307.3|chr19:2168230-2169398:.	0.03511255377277411	.	chr19:2168230-2169398	chr19	1440839	1440840	+	NA	NA	AC027307.3	ENSG00000268798	NA	AATACCTTCTGAGTCACGGTNGG;ATACCTTCTGAGTCACGGTGNGG	FALSE	0.892	0.9882502266545784	TRUE	NA	Morris et al., 2023	727975	NA	11	TRUE	0.9882502266545784	FALSE	0	0	0	0	0.01	0	0.02	0.11	0	0	0	0	0.01	0	0.02	0.11	722
chr19	2168230	2169398	AC119403.1|chr19:2168230-2169398:.	0.4956596114373095	.	chr19:2168230-2169398	chr19	2926807	2926808	-	NA	NA	AC119403.1	ENSG00000253392	NA	AATACCTTCTGAGTCACGGTNGG;ATACCTTCTGAGTCACGGTGNGG	FALSE	0.256	0.7751653944020357	TRUE	NA	Morris et al., 2023	757993	NA	11	TRUE	0.7751653944020357	FALSE	0	0.01	0	0.01	0.02	0	0.01	0.08	0	0.01	0	0.01	0.02	0	0.01	0.08	722
chr19	2168230	2169398	ADAMTSL5|chr19:2168230-2169398:.	0.12719373400617195	.	chr19:2168230-2169398	chr19	1513604	1513605	-	NA	NA	ADAMTSL5	ENSG00000185761	NA	AATACCTTCTGAGTCACGGTNGG;ATACCTTCTGAGTCACGGTGNGG	FALSE	0.316	0.8174782608695652	TRUE	NA	Morris et al., 2023	-655210	NA	90	TRUE	0.8174782608695652	FALSE	0.05	0.02	0.06	0.09	0.2	0.29	0.41	0.95	0.05	0.02	0.06	0.09	0.2	0.29	0.41	0.95	722
chr19	2168230	2169398	ADAT3|chr19:2168230-2169398:.	0.12854739896515666	.	chr19:2168230-2169398	chr19	1905378	1905379	+	NA	NA	ADAT3	ENSG00000213638	NA	AATACCTTCTGAGTCACGGTNGG;ATACCTTCTGAGTCACGGTGNGG	FALSE	0.148	0.6923636363636364	TRUE	NA	Morris et al., 2023	263436	NA	180	TRUE	0.6923636363636364	FALSE	0.07	0.1	0.09	0.23	0.3	0.52	0.68	1	0.07	0.1	0.09	0.23	0.3	0.52	0.68	1	722
chr19	2168230	2169398	AES|chr19:2168230-2169398:.	-0.0345127002733	.	chr19:2168230-2169398	chr19	3063107	3063108	-	NA	NA	AES	ENSG00000104964	NA	AATACCTTCTGAGTCACGGTNGG;ATACCTTCTGAGTCACGGTGNGG	FALSE	0.46	0.8920193861066237	TRUE	NA	Morris et al., 2023	894293	NA	583	TRUE	0.8920193861066237	FALSE	0.21	0.24	0.35	0.53	0.73	0.87	0.97	1	0.21	0.24	0.35	0.53	0.73	0.87	0.97	1	722
chr19	2168230	2169398	AMH|chr19:2168230-2169398:.	-0.06745018471709496	.	chr19:2168230-2169398	chr19	2249309	2249310	+	NA	NA	AMH	ENSG00000104899	NA	AATACCTTCTGAGTCACGGTNGG;ATACCTTCTGAGTCACGGTGNGG	FALSE	0.616	0.9568447837150128	TRUE	NA	Morris et al., 2023	-80495	NA	88	TRUE	0.9568447837150128	FALSE	0.02	0.04	0.07	0.07	0.22	0.32	0.39	0.97	0.02	0.04	0.07	0.07	0.22	0.32	0.39	0.97	722
chr19	2168230	2169398	AP3D1|chr19:2168230-2169398:.	0.07180705941831586	.	chr19:2168230-2169398	chr19	2164468	2164469	-	NA	NA	AP3D1	ENSG00000065000	NA	AATACCTTCTGAGTCACGGTNGG;ATACCTTCTGAGTCACGGTGNGG	FALSE	0.156	0.6923636363636364	TRUE	NA	Morris et al., 2023	-4346	NA	487	TRUE	0.6923636363636364	FALSE	0.15	0.22	0.29	0.42	0.68	0.85	0.92	1	0.15	0.22	0.29	0.42	0.68	0.85	0.92	1	722
chr19	2168230	2169398	ATP5F1D|chr19:2168230-2169398:.	0.02579363883175789	.	chr19:2168230-2169398	chr19	1241746	1241747	+	NA	NA	ATP5F1D	ENSG00000099624	NA	AATACCTTCTGAGTCACGGTNGG;ATACCTTCTGAGTCACGGTGNGG	FALSE	0.152	0.6923636363636364	TRUE	NA	Morris et al., 2023	927068	NA	719	TRUE	0.6923636363636364	FALSE	0.32	0.39	0.57	0.65	0.79	0.92	0.95	1	0.32	0.39	0.57	0.65	0.79	0.92	0.95	1	722
chr19	2168230	2169398	ATP8B3|chr19:2168230-2169398:.	0.1070165286533431	.	chr19:2168230-2169398	chr19	1812276	1812277	-	NA	NA	ATP8B3	ENSG00000130270	NA	AATACCTTCTGAGTCACGGTNGG;ATACCTTCTGAGTCACGGTGNGG	FALSE	0.78	0.9807284079084286	TRUE	NA	Morris et al., 2023	-356538	NA	23	TRUE	0.9807284079084286	FALSE	0	0	0	0.01	0.04	0.07	0.13	0.43	0	0	0	0.01	0.04	0.07	0.13	0.43	722
chr19	2168230	2169398	BTBD2|chr19:2168230-2169398:.	-0.27026191021888835	.	chr19:2168230-2169398	chr19	2034881	2034882	-	NA	NA	BTBD2	ENSG00000133243	NA	AATACCTTCTGAGTCACGGTNGG;ATACCTTCTGAGTCACGGTGNGG	FALSE	0.056	0.476	TRUE	NA	Morris et al., 2023	-133933	NA	77	TRUE	0.47600000000000003	FALSE	0.06	0.03	0.02	0.08	0.17	0.25	0.45	0.98	0.06	0.03	0.02	0.08	0.17	0.25	0.45	0.98	722
chr19	2168230	2169398	C19orf24|chr19:2168230-2169398:.	0.02121768839613258	.	chr19:2168230-2169398	chr19	1275438	1275439	+	NA	NA	C19orf24	ENSG00000228300	NA	AATACCTTCTGAGTCACGGTNGG;ATACCTTCTGAGTCACGGTGNGG	FALSE	0.784	0.9807284079084286	TRUE	NA	Morris et al., 2023	893376	NA	649	TRUE	0.9807284079084286	FALSE	0.32	0.35	0.33	0.61	0.76	0.87	0.98	1	0.32	0.35	0.33	0.61	0.76	0.87	0.98	1	722
chr19	2168230	2169398	C19orf25|chr19:2168230-2169398:.	0.08510090902856249	.	chr19:2168230-2169398	chr19	1479556	1479557	-	NA	NA	C19orf25	ENSG00000119559	NA	AATACCTTCTGAGTCACGGTNGG;ATACCTTCTGAGTCACGGTGNGG	FALSE	0.088	0.591638418079096	TRUE	NA	Morris et al., 2023	-689258	NA	484	TRUE	0.591638418079096	FALSE	0.16	0.22	0.25	0.56	0.68	0.84	0.93	1	0.16	0.22	0.25	0.56	0.68	0.84	0.93	1	722
chr19	2168230	2169398	CBARP|chr19:2168230-2169398:.	0.1919705846402389	.	chr19:2168230-2169398	chr19	1238027	1238028	-	NA	NA	CBARP	ENSG00000099625	NA	AATACCTTCTGAGTCACGGTNGG;ATACCTTCTGAGTCACGGTGNGG	FALSE	0.46	0.8920193861066237	TRUE	NA	Morris et al., 2023	-930787	NA	29	TRUE	0.8920193861066237	FALSE	0.01	0.03	0.03	0.06	0.03	0.07	0.1	0.49	0.01	0.03	0.03	0.06	0.03	0.07	0.1	0.49	722
chr19	2168230	2169398	CIRBP|chr19:2168230-2169398:.	-0.04385654762314384	.	chr19:2168230-2169398	chr19	1259384	1259385	+	NA	NA	CIRBP	ENSG00000099622	NA	AATACCTTCTGAGTCACGGTNGG;ATACCTTCTGAGTCACGGTGNGG	FALSE	0.172	0.708235294117647	TRUE	NA	Morris et al., 2023	909430	NA	658	TRUE	0.708235294117647	FALSE	0.34	0.36	0.37	0.64	0.69	0.87	0.99	1	0.34	0.36	0.37	0.64	0.69	0.87	0.99	1	722
chr19	2168230	2169398	CIRBP-AS1|chr19:2168230-2169398:.	0.3385310309744227	.	chr19:2168230-2169398	chr19	1270241	1270242	-	NA	NA	CIRBP-AS1	ENSG00000267493	NA	AATACCTTCTGAGTCACGGTNGG;ATACCTTCTGAGTCACGGTGNGG	FALSE	0.348	0.8349193548387097	TRUE	NA	Morris et al., 2023	-898573	NA	13	TRUE	0.8349193548387097	FALSE	0	0	0.01	0.01	0.01	0	0.04	0.15	0	0	0.01	0.01	0.01	0	0.04	0.15	722
chr19	2168230	2169398	CSNK1G2|chr19:2168230-2169398:.	0.06441797982420272	.	chr19:2168230-2169398	chr19	1941149	1941150	+	NA	NA	CSNK1G2	ENSG00000133275	NA	AATACCTTCTGAGTCACGGTNGG;ATACCTTCTGAGTCACGGTGNGG	FALSE	0.344	0.8349193548387097	TRUE	NA	Morris et al., 2023	227665	NA	326	TRUE	0.8349193548387097	FALSE	0.19	0.16	0.23	0.31	0.57	0.82	0.91	1	0.19	0.16	0.23	0.31	0.57	0.82	0.91	1	722
chr19	2168230	2169398	DAZAP1|chr19:2168230-2169398:.	0.03888957416970551	.	chr19:2168230-2169398	chr19	1407569	1407570	+	NA	NA	DAZAP1	ENSG00000071626	NA	AATACCTTCTGAGTCACGGTNGG;ATACCTTCTGAGTCACGGTGNGG	FALSE	0.284	0.7951999999999999	TRUE	NA	Morris et al., 2023	761245	NA	576	TRUE	0.7951999999999999	FALSE	0.21	0.32	0.32	0.45	0.75	0.88	0.93	1	0.21	0.32	0.32	0.45	0.75	0.88	0.93	1	722
chr19	2168230	2169398	DIRAS1|chr19:2168230-2169398:.	0.06268867156780011	.	chr19:2168230-2169398	chr19	2721418	2721419	-	NA	NA	DIRAS1	ENSG00000176490	NA	AATACCTTCTGAGTCACGGTNGG;ATACCTTCTGAGTCACGGTGNGG	FALSE	0.64	0.95795	TRUE	NA	Morris et al., 2023	552604	NA	77	TRUE	0.9579500000000001	FALSE	0.02	0.04	0.03	0.09	0.17	0.27	0.42	0.93	0.02	0.04	0.03	0.09	0.17	0.27	0.42	0.93	722
chr19	2168230	2169398	DOT1L|chr19:2168230-2169398:.	-0.15195981255425606	.	chr19:2168230-2169398	chr19	2164149	2164150	+	NA	NA	DOT1L	ENSG00000104885	NA	AATACCTTCTGAGTCACGGTNGG;ATACCTTCTGAGTCACGGTGNGG	FALSE	0.112	0.6565517241379311	overlaps target gene intron	NA	Morris et al., 2023	4665	NA	179	TRUE	0.6565517241379311	FALSE	0.07	0.13	0.1	0.21	0.41	0.57	0.71	1	0.07	0.13	0.1	0.21	0.41	0.57	0.71	1	722
chr19	2168230	2169398	GADD45B|chr19:2168230-2169398:.	-0.1297310491639747	.	chr19:2168230-2169398	chr19	2476122	2476123	+	NA	NA	GADD45B	ENSG00000099860	NA	AATACCTTCTGAGTCACGGTNGG;ATACCTTCTGAGTCACGGTGNGG	FALSE	0.792	0.9807284079084286	TRUE	NA	Morris et al., 2023	-307308	NA	26	TRUE	0.9807284079084286	FALSE	0	0.01	0.01	0	0.01	0.05	0.07	0.4	0	0.01	0.01	0	0.01	0.05	0.07	0.4	722
chr19	2168230	2169398	GAMT|chr19:2168230-2169398:.	0.04053606337229443	.	chr19:2168230-2169398	chr19	1401570	1401571	-	NA	NA	GAMT	ENSG00000130005	NA	AATACCTTCTGAGTCACGGTNGG;ATACCTTCTGAGTCACGGTGNGG	FALSE	0.216	0.7445810055865922	TRUE	NA	Morris et al., 2023	-767244	NA	570	TRUE	0.7445810055865922	FALSE	0.14	0.17	0.35	0.48	0.75	0.88	0.94	1	0.14	0.17	0.35	0.48	0.75	0.88	0.94	1	722
chr19	2168230	2169398	GNA11|chr19:2168230-2169398:.	0.15009090383918644	.	chr19:2168230-2169398	chr19	3094410	3094411	+	NA	NA	GNA11	ENSG00000088256	NA	AATACCTTCTGAGTCACGGTNGG;ATACCTTCTGAGTCACGGTGNGG	FALSE	0.14	0.6923636363636364	TRUE	NA	Morris et al., 2023	-925596	NA	146	TRUE	0.6923636363636364	FALSE	0.04	0.04	0.09	0.13	0.3	0.46	0.63	0.99	0.04	0.04	0.09	0.13	0.3	0.46	0.63	0.99	722
chr19	2168230	2169398	GNG7|chr19:2168230-2169398:.	0.7863655426827387	.	chr19:2168230-2169398	chr19	2702709	2702710	-	NA	NA	GNG7	ENSG00000176533	NA	AATACCTTCTGAGTCACGGTNGG;ATACCTTCTGAGTCACGGTGNGG	FALSE	0.152	0.6923636363636364	TRUE	NA	Morris et al., 2023	533895	NA	7	TRUE	0.6923636363636364	FALSE	0	0	0	0.01	0	0	0.01	0.02	0	0	0	0.01	0	0	0.01	0.02	722
chr19	2168230	2169398	JSRP1|chr19:2168230-2169398:.	-0.18746680531658733	.	chr19:2168230-2169398	chr19	2269759	2269760	-	NA	NA	JSRP1	ENSG00000167476	NA	AATACCTTCTGAGTCACGGTNGG;ATACCTTCTGAGTCACGGTGNGG	FALSE	0.696	0.9686652078774618	TRUE	NA	Morris et al., 2023	100945	NA	14	TRUE	0.9686652078774618	FALSE	0	0.01	0.03	0.01	0.01	0.02	0.04	0.26	0	0.01	0.03	0.01	0.01	0.02	0.04	0.26	722
chr19	2168230	2169398	KLF16|chr19:2168230-2169398:.	-0.16338290283503465	.	chr19:2168230-2169398	chr19	1863568	1863569	-	NA	NA	KLF16	ENSG00000129911	NA	AATACCTTCTGAGTCACGGTNGG;ATACCTTCTGAGTCACGGTGNGG	FALSE	0.224	0.7445810055865922	TRUE	NA	Morris et al., 2023	-305246	NA	105	TRUE	0.7445810055865922	FALSE	0.03	0.04	0.05	0.12	0.25	0.36	0.54	0.99	0.03	0.04	0.05	0.12	0.25	0.36	0.54	0.99	722
chr19	2168230	2169398	LMNB2|chr19:2168230-2169398:.	0.01962541051246535	.	chr19:2168230-2169398	chr19	2456996	2456997	-	NA	NA	LMNB2	ENSG00000176619	NA	AATACCTTCTGAGTCACGGTNGG;ATACCTTCTGAGTCACGGTGNGG	FALSE	0.732	0.9686652078774618	TRUE	NA	Morris et al., 2023	288182	NA	371	TRUE	0.9686652078774618	FALSE	0.09	0.22	0.21	0.33	0.64	0.73	0.89	1	0.09	0.22	0.21	0.33	0.64	0.73	0.89	1	722
chr19	2168230	2169398	LSM7|chr19:2168230-2169398:.	0.02149183276042787	.	chr19:2168230-2169398	chr19	2328620	2328621	-	NA	NA	LSM7	ENSG00000130332	NA	AATACCTTCTGAGTCACGGTNGG;ATACCTTCTGAGTCACGGTGNGG	FALSE	0.384	0.8582156133828998	TRUE	NA	Morris et al., 2023	159806	NA	712	TRUE	0.8582156133828998	FALSE	0.37	0.38	0.47	0.63	0.84	0.93	0.99	1	0.37	0.38	0.47	0.63	0.84	0.93	0.99	1	722
chr19	2168230	2169398	MBD3|chr19:2168230-2169398:.	-0.00740957613275161	.	chr19:2168230-2169398	chr19	1592801	1592802	-	NA	NA	MBD3	ENSG00000071655	NA	AATACCTTCTGAGTCACGGTNGG;ATACCTTCTGAGTCACGGTGNGG	FALSE	0.96	0.9999658411614004	TRUE	NA	Morris et al., 2023	-576013	NA	295	TRUE	0.9999658411614004	FALSE	0.09	0.12	0.19	0.32	0.51	0.75	0.82	1	0.09	0.12	0.19	0.32	0.51	0.75	0.82	1	722
chr19	2168230	2169398	MEX3D|chr19:2168230-2169398:.	0.09060489007749696	.	chr19:2168230-2169398	chr19	1568058	1568059	-	NA	NA	MEX3D	ENSG00000181588	NA	AATACCTTCTGAGTCACGGTNGG;ATACCTTCTGAGTCACGGTGNGG	FALSE	0.68	0.9686652078774618	TRUE	NA	Morris et al., 2023	-600756	NA	42	TRUE	0.9686652078774618	FALSE	0.03	0.03	0.02	0.03	0.04	0.06	0.18	0.73	0.03	0.03	0.02	0.03	0.04	0.06	0.18	0.73	722
chr19	2168230	2169398	MIDN|chr19:2168230-2169398:.	-0.03272739165059762	.	chr19:2168230-2169398	chr19	1248553	1248554	+	NA	NA	MIDN	ENSG00000167470	NA	AATACCTTCTGAGTCACGGTNGG;ATACCTTCTGAGTCACGGTGNGG	FALSE	0.54	0.9408491947291362	TRUE	NA	Morris et al., 2023	920261	NA	370	TRUE	0.9408491947291362	FALSE	0.1	0.17	0.29	0.42	0.66	0.79	0.89	1	0.1	0.17	0.29	0.42	0.66	0.79	0.89	1	722
chr19	2168230	2169398	MKNK2|chr19:2168230-2169398:.	0.07943091613664394	.	chr19:2168230-2169398	chr19	2051244	2051245	-	NA	NA	MKNK2	ENSG00000099875	NA	AATACCTTCTGAGTCACGGTNGG;ATACCTTCTGAGTCACGGTGNGG	FALSE	0.264	0.7834413965087282	TRUE	NA	Morris et al., 2023	-117570	NA	346	TRUE	0.7834413965087282	FALSE	0.16	0.18	0.15	0.29	0.6	0.72	0.9	1	0.16	0.18	0.15	0.29	0.6	0.72	0.9	1	722
chr19	2168230	2169398	MOB3A|chr19:2168230-2169398:.	0.14126352684392574	.	chr19:2168230-2169398	chr19	2096673	2096674	-	NA	NA	MOB3A	ENSG00000172081	NA	AATACCTTCTGAGTCACGGTNGG;ATACCTTCTGAGTCACGGTGNGG	FALSE	0.32	0.822462203023758	TRUE	NA	Morris et al., 2023	-72141	NA	91	TRUE	0.822462203023758	FALSE	0.01	0.02	0.06	0.09	0.19	0.27	0.37	0.93	0.01	0.02	0.06	0.09	0.19	0.27	0.37	0.93	722
chr19	2168230	2169398	MUM1|chr19:2168230-2169398:.	0.01839645392199784	.	chr19:2168230-2169398	chr19	1354711	1354712	+	NA	NA	MUM1	ENSG00000160953	NA	AATACCTTCTGAGTCACGGTNGG;ATACCTTCTGAGTCACGGTGNGG	FALSE	0.792	0.9807284079084286	TRUE	NA	Morris et al., 2023	814103	NA	246	TRUE	0.9807284079084286	FALSE	0.11	0.21	0.22	0.28	0.4	0.64	0.83	1	0.11	0.21	0.22	0.28	0.4	0.64	0.83	1	722
chr19	2168230	2169398	NDUFS7|chr19:2168230-2169398:.	-0.00435200039613947	.	chr19:2168230-2169398	chr19	1383527	1383528	+	NA	NA	NDUFS7	ENSG00000115286	NA	AATACCTTCTGAGTCACGGTNGG;ATACCTTCTGAGTCACGGTGNGG	FALSE	0.744	0.9686652078774618	TRUE	NA	Morris et al., 2023	785287	NA	702	TRUE	0.9686652078774618	FALSE	0.32	0.36	0.4	0.7	0.84	0.89	0.98	1	0.32	0.36	0.4	0.7	0.84	0.89	0.98	1	722
chr19	2168230	2169398	OAZ1|chr19:2168230-2169398:.	0.01088630814758673	.	chr19:2168230-2169398	chr19	2269509	2269510	+	NA	NA	OAZ1	ENSG00000104904	NA	AATACCTTCTGAGTCACGGTNGG;ATACCTTCTGAGTCACGGTGNGG	FALSE	0.496	0.9066666666666666	TRUE	NA	Morris et al., 2023	-100695	NA	722	TRUE	0.9066666666666666	FALSE	0.41	0.35	0.53	0.74	0.88	0.93	1	1	0.41	0.35	0.53	0.74	0.88	0.93	1	1	722
chr19	2168230	2169398	PCSK4|chr19:2168230-2169398:.	0.4839716983842255	.	chr19:2168230-2169398	chr19	1490752	1490753	-	NA	NA	PCSK4	ENSG00000115257	NA	AATACCTTCTGAGTCACGGTNGG;ATACCTTCTGAGTCACGGTGNGG	FALSE	0.024	0.3038297872340425	TRUE	NA	Morris et al., 2023	-678062	NA	42	TRUE	0.3038297872340425	FALSE	0.01	0.03	0.03	0.04	0.08	0.1	0.12	0.51	0.01	0.03	0.03	0.04	0.08	0.1	0.12	0.51	722
chr19	2168230	2169398	PLEKHJ1|chr19:2168230-2169398:.	0.05358428065074072	.	chr19:2168230-2169398	chr19	2237704	2237705	-	NA	NA	PLEKHJ1	ENSG00000104886	NA	AATACCTTCTGAGTCACGGTNGG;ATACCTTCTGAGTCACGGTGNGG	FALSE	0.18	0.7187919463087248	TRUE	NA	Morris et al., 2023	68890	NA	594	TRUE	0.7187919463087248	FALSE	0.38	0.27	0.38	0.56	0.73	0.9	0.97	1	0.38	0.27	0.38	0.56	0.73	0.9	0.97	1	722
chr19	2168230	2169398	REEP6|chr19:2168230-2169398:.	0.02496316865404002	.	chr19:2168230-2169398	chr19	1490747	1490748	+	NA	NA	REEP6	ENSG00000115255	NA	AATACCTTCTGAGTCACGGTNGG;ATACCTTCTGAGTCACGGTGNGG	FALSE	0.432	0.8808828522920205	TRUE	NA	Morris et al., 2023	678067	NA	535	TRUE	0.8808828522920205	FALSE	0.24	0.2	0.26	0.51	0.67	0.75	0.94	1	0.24	0.2	0.26	0.51	0.67	0.75	0.94	1	722
chr19	2168230	2169398	REXO1|chr19:2168230-2169398:.	0.0741302306647218	.	chr19:2168230-2169398	chr19	1848463	1848464	-	NA	NA	REXO1	ENSG00000079313	NA	AATACCTTCTGAGTCACGGTNGG;ATACCTTCTGAGTCACGGTGNGG	FALSE	0.468	0.892972972972973	TRUE	NA	Morris et al., 2023	-320351	NA	189	TRUE	0.892972972972973	FALSE	0.08	0.04	0.08	0.27	0.4	0.55	0.79	1	0.08	0.04	0.08	0.27	0.4	0.55	0.79	1	722
chr19	2168230	2169398	RPS15|chr19:2168230-2169398:.	0.00129592532622524	.	chr19:2168230-2169398	chr19	1438358	1438359	+	NA	NA	RPS15	ENSG00000115268	NA	AATACCTTCTGAGTCACGGTNGG;ATACCTTCTGAGTCACGGTGNGG	FALSE	0.588	0.9545118733509236	TRUE	NA	Morris et al., 2023	730456	NA	722	TRUE	0.9545118733509235	FALSE	0.36	0.34	0.43	0.73	0.81	0.95	0.98	1	0.36	0.34	0.43	0.73	0.81	0.95	0.98	1	722
chr19	2168230	2169398	SBNO2|chr19:2168230-2169398:.	0.11333471231917124	.	chr19:2168230-2169398	chr19	1174283	1174284	-	NA	NA	SBNO2	ENSG00000064932	NA	AATACCTTCTGAGTCACGGTNGG;ATACCTTCTGAGTCACGGTGNGG	FALSE	0.484	0.8985335413416536	TRUE	NA	Morris et al., 2023	-994531	NA	87	TRUE	0.8985335413416536	FALSE	0.01	0.08	0.06	0.09	0.17	0.29	0.35	0.94	0.01	0.08	0.06	0.09	0.17	0.29	0.35	0.94	722
chr19	2168230	2169398	SCAMP4|chr19:2168230-2169398:.	0.02566882580252993	.	chr19:2168230-2169398	chr19	1905214	1905215	+	NA	NA	SCAMP4	ENSG00000227500	NA	AATACCTTCTGAGTCACGGTNGG;ATACCTTCTGAGTCACGGTGNGG	FALSE	0.88	0.9882502266545784	TRUE	NA	Morris et al., 2023	263600	NA	245	TRUE	0.9882502266545784	FALSE	0.1	0.13	0.24	0.21	0.54	0.56	0.76	1	0.1	0.13	0.24	0.21	0.54	0.56	0.76	1	722
chr19	2168230	2169398	SF3A2|chr19:2168230-2169398:.	-0.00630137028585275	.	chr19:2168230-2169398	chr19	2236504	2236505	+	NA	NA	SF3A2	ENSG00000104897	NA	AATACCTTCTGAGTCACGGTNGG;ATACCTTCTGAGTCACGGTGNGG	FALSE	0.82	0.9832432432432432	TRUE	NA	Morris et al., 2023	-67690	NA	593	TRUE	0.9832432432432433	FALSE	0.25	0.28	0.33	0.53	0.8	0.9	0.96	1	0.25	0.28	0.33	0.53	0.8	0.9	0.96	1	722
chr19	2168230	2169398	SGTA|chr19:2168230-2169398:.	0.08397407390022395	.	chr19:2168230-2169398	chr19	2783371	2783372	-	NA	NA	SGTA	ENSG00000104969	NA	AATACCTTCTGAGTCACGGTNGG;ATACCTTCTGAGTCACGGTGNGG	FALSE	0.116	0.6604784688995216	TRUE	NA	Morris et al., 2023	614557	NA	417	TRUE	0.6604784688995216	FALSE	0.25	0.2	0.29	0.45	0.68	0.83	0.92	1	0.25	0.2	0.29	0.45	0.68	0.83	0.92	1	722
chr19	2168230	2169398	SLC39A3|chr19:2168230-2169398:.	0.07224527709391504	.	chr19:2168230-2169398	chr19	2740152	2740153	-	NA	NA	SLC39A3	ENSG00000141873	NA	AATACCTTCTGAGTCACGGTNGG;ATACCTTCTGAGTCACGGTGNGG	FALSE	0.028	0.3332	TRUE	NA	Morris et al., 2023	571338	NA	618	TRUE	0.3332	FALSE	0.3	0.31	0.3	0.5	0.74	0.94	0.96	1	0.3	0.31	0.3	0.5	0.74	0.94	0.96	1	722
chr19	2168230	2169398	SPPL2B|chr19:2168230-2169398:.	-0.05592511336729444	.	chr19:2168230-2169398	chr19	2328615	2328616	+	NA	NA	SPPL2B	ENSG00000005206	NA	AATACCTTCTGAGTCACGGTNGG;ATACCTTCTGAGTCACGGTGNGG	FALSE	0.584	0.9533058984910836	TRUE	NA	Morris et al., 2023	-159801	NA	104	TRUE	0.9533058984910836	FALSE	0.03	0.07	0.06	0.18	0.27	0.29	0.49	0.96	0.03	0.07	0.06	0.18	0.27	0.29	0.49	0.96	722
chr19	2168230	2169398	STK11|chr19:2168230-2169398:.	0.00487335745869965	.	chr19:2168230-2169398	chr19	1177558	1177559	+	NA	NA	STK11	ENSG00000118046	NA	AATACCTTCTGAGTCACGGTNGG;ATACCTTCTGAGTCACGGTGNGG	FALSE	0.92	0.989873417721519	TRUE	NA	Morris et al., 2023	991256	NA	238	TRUE	0.989873417721519	FALSE	0.1	0.1	0.19	0.32	0.47	0.6	0.78	1	0.1	0.1	0.19	0.32	0.47	0.6	0.78	1	722
chr19	2168230	2169398	TCF3|chr19:2168230-2169398:.	0.07100166573624023	.	chr19:2168230-2169398	chr19	1652605	1652606	-	NA	NA	TCF3	ENSG00000071564	NA	AATACCTTCTGAGTCACGGTNGG;ATACCTTCTGAGTCACGGTGNGG	FALSE	0.272	0.7951999999999999	TRUE	NA	Morris et al., 2023	-516209	NA	342	TRUE	0.7951999999999999	FALSE	0.2	0.19	0.18	0.28	0.61	0.72	0.92	1	0.2	0.19	0.18	0.28	0.61	0.72	0.92	1	722
chr19	2168230	2169398	THOP1|chr19:2168230-2169398:.	0.0088285307004966	.	chr19:2168230-2169398	chr19	2785460	2785461	+	NA	NA	THOP1	ENSG00000172009	NA	AATACCTTCTGAGTCACGGTNGG;ATACCTTCTGAGTCACGGTGNGG	FALSE	0.912	0.9882502266545784	TRUE	NA	Morris et al., 2023	-616646	NA	374	TRUE	0.9882502266545784	FALSE	0.2	0.24	0.26	0.4	0.56	0.84	0.86	1	0.2	0.24	0.26	0.4	0.56	0.84	0.86	1	722
chr19	2168230	2169398	TIMM13|chr19:2168230-2169398:.	5.933694052582261e-4	.	chr19:2168230-2169398	chr19	2427894	2427895	-	NA	NA	TIMM13	ENSG00000099800	NA	AATACCTTCTGAGTCACGGTNGG;ATACCTTCTGAGTCACGGTGNGG	FALSE	0.996	1	TRUE	NA	Morris et al., 2023	259080	NA	662	TRUE	1	FALSE	0.25	0.31	0.37	0.62	0.69	0.89	0.98	1	0.25	0.31	0.37	0.62	0.69	0.89	0.98	1	722
chr19	2168230	2169398	TLE2|chr19:2168230-2169398:.	0.18275562197441	.	chr19:2168230-2169398	chr19	3047635	3047636	-	NA	NA	TLE2	ENSG00000065717	NA	AATACCTTCTGAGTCACGGTNGG;ATACCTTCTGAGTCACGGTGNGG	FALSE	0.196	0.7381012658227849	TRUE	NA	Morris et al., 2023	878821	NA	88	TRUE	0.7381012658227849	FALSE	0.06	0.07	0.03	0.09	0.19	0.32	0.43	0.93	0.06	0.07	0.03	0.09	0.19	0.32	0.43	0.93	722
chr19	2168230	2169398	TLE6|chr19:2168230-2169398:.	-0.01548653941388122	.	chr19:2168230-2169398	chr19	2977446	2977447	+	NA	NA	TLE6	ENSG00000104953	NA	AATACCTTCTGAGTCACGGTNGG;ATACCTTCTGAGTCACGGTGNGG	FALSE	0.956	0.9999658411614004	TRUE	NA	Morris et al., 2023	-808632	NA	56	TRUE	0.9999658411614004	FALSE	0.01	0	0.05	0.04	0.09	0.23	0.33	0.88	0.01	0	0.05	0.04	0.09	0.23	0.33	0.88	722
chr19	2168230	2169398	UQCR11|chr19:2168230-2169398:.	0.01304833400362426	.	chr19:2168230-2169398	chr19	1605490	1605491	-	NA	NA	UQCR11	ENSG00000127540	NA	AATACCTTCTGAGTCACGGTNGG;ATACCTTCTGAGTCACGGTGNGG	FALSE	0.452	0.8920193861066237	TRUE	NA	Morris et al., 2023	-563324	NA	722	TRUE	0.8920193861066237	FALSE	0.33	0.3	0.51	0.72	0.84	0.91	1	1	0.33	0.3	0.51	0.72	0.84	0.91	1	1	722
chr19	2168230	2169398	ZNF554|chr19:2168230-2169398:.	0.17163334820881104	.	chr19:2168230-2169398	chr19	2819874	2819875	+	NA	NA	ZNF554	ENSG00000172006	NA	AATACCTTCTGAGTCACGGTNGG;ATACCTTCTGAGTCACGGTGNGG	FALSE	0.524	0.9280945347119646	TRUE	NA	Morris et al., 2023	-651060	NA	33	TRUE	0.9280945347119646	FALSE	0	0.02	0.02	0.04	0.01	0.03	0.05	0.25	0	0.02	0.02	0.04	0.01	0.03	0.05	0.25	722
chr19	2168230	2169398	ZNF555|chr19:2168230-2169398:.	0.1525509288127056	.	chr19:2168230-2169398	chr19	2841435	2841436	+	NA	NA	ZNF555	ENSG00000186300	NA	AATACCTTCTGAGTCACGGTNGG;ATACCTTCTGAGTCACGGTGNGG	FALSE	0.388	0.8582156133828998	TRUE	NA	Morris et al., 2023	-672621	NA	45	TRUE	0.8582156133828998	FALSE	0.02	0.02	0	0.02	0.04	0.02	0.07	0.38	0.02	0.02	0	0.02	0.04	0.02	0.07	0.38	722
chr19	2168230	2169398	ZNF57|chr19:2168230-2169398:.	0.01425558250397074	.	chr19:2168230-2169398	chr19	2900898	2900899	+	NA	NA	ZNF57	ENSG00000171970	NA	AATACCTTCTGAGTCACGGTNGG;ATACCTTCTGAGTCACGGTGNGG	FALSE	0.872	0.9882502266545784	TRUE	NA	Morris et al., 2023	-732084	NA	75	TRUE	0.9882502266545784	FALSE	0.03	0.01	0.04	0.08	0.14	0.26	0.27	0.98	0.03	0.01	0.04	0.08	0.14	0.26	0.27	0.98	722
chr19	2168230	2169398	ZNF77|chr19:2168230-2169398:.	-0.02617081339477378	.	chr19:2168230-2169398	chr19	2944971	2944972	-	NA	NA	ZNF77	ENSG00000175691	NA	AATACCTTCTGAGTCACGGTNGG;ATACCTTCTGAGTCACGGTGNGG	FALSE	0.848	0.9832432432432432	TRUE	NA	Morris et al., 2023	776157	NA	87	TRUE	0.9832432432432433	FALSE	0.03	0.04	0.03	0.13	0.16	0.3	0.45	0.96	0.03	0.04	0.03	0.13	0.16	0.3	0.45	0.96	722
chr19	13080433	13080933	ASNA1|chr19:13080433-13080933:.	-0.4126218676495702	.	chr19:13080433-13080933	chr19	12737139	12737140	+	NA	NA	ASNA1	ENSG00000198356	NA	TCTATTTAACAGATACTGGCNGG;CTATTTAACAGATACTGGCTNGG	FALSE	0.26	0.777386934673367	TRUE	NA	Morris et al., 2023	343544	NA	11	TRUE	0.777386934673367	FALSE	0	0.01	0	0.03	0.01	0.06	0.05	0.45	0	0.01	0	0.03	0.01	0.06	0.05	0.45	12
chr19	13080433	13080933	C19orf53|chr19:13080433-13080933:.	0.12769821688094973	.	chr19:13080433-13080933	chr19	13774168	13774169	+	NA	NA	C19orf53	ENSG00000104979	NA	TCTATTTAACAGATACTGGCNGG;CTATTTAACAGATACTGGCTNGG	FALSE	0.476	0.8962658227848102	TRUE	NA	Morris et al., 2023	-693485	NA	12	TRUE	0.8962658227848102	FALSE	0.02	0.03	0.04	0.03	0.09	0.1	0.19	0.72	0.02	0.03	0.04	0.03	0.09	0.1	0.19	0.72	12
chr19	13080433	13080933	CALR|chr19:13080433-13080933:.	0.37588683305887693	.	chr19:13080433-13080933	chr19	12938578	12938579	+	NA	NA	CALR	ENSG00000179218	NA	TCTATTTAACAGATACTGGCNGG;CTATTTAACAGATACTGGCTNGG	FALSE	0.224	0.7445810055865922	TRUE	NA	Morris et al., 2023	142105	NA	11	TRUE	0.7445810055865922	FALSE	0	0.01	0.02	0.02	0.06	0.1	0.11	0.55	0	0.01	0.02	0.02	0.06	0.1	0.11	0.55	12
chr19	13080433	13080933	DHPS|chr19:13080433-13080933:.	-0.07689392630967584	.	chr19:13080433-13080933	chr19	12681902	12681903	-	NA	NA	DHPS	ENSG00000095059	NA	TCTATTTAACAGATACTGGCNGG;CTATTTAACAGATACTGGCTNGG	FALSE	0.856	0.9832432432432432	TRUE	NA	Morris et al., 2023	-398781	NA	8	TRUE	0.9832432432432433	FALSE	0.01	0	0.01	0.05	0.01	0.05	0.04	0.22	0.01	0	0.01	0.05	0.01	0.05	0.04	0.22	12
chr19	13080433	13080933	DNASE2|chr19:13080433-13080933:.	-0.13086426041631888	.	chr19:13080433-13080933	chr19	12881468	12881469	-	NA	NA	DNASE2	ENSG00000105612	NA	TCTATTTAACAGATACTGGCNGG;CTATTTAACAGATACTGGCTNGG	FALSE	0.952	0.9999658411614004	TRUE	NA	Morris et al., 2023	-199215	NA	7	TRUE	0.9999658411614004	FALSE	0	0.02	0.01	0	0	0.03	0.04	0.16	0	0.02	0.01	0	0	0.03	0.04	0.16	12
chr19	13080433	13080933	FARSA|chr19:13080433-13080933:.	0.08703007658428907	.	chr19:13080433-13080933	chr19	12934037	12934038	-	NA	NA	FARSA	ENSG00000179115	NA	TCTATTTAACAGATACTGGCNGG;CTATTTAACAGATACTGGCTNGG	FALSE	0.744	0.9686652078774618	TRUE	NA	Morris et al., 2023	-146646	NA	12	TRUE	0.9686652078774618	FALSE	0.01	0	0.02	0.02	0.03	0.07	0.04	0.54	0.01	0	0.02	0.02	0.03	0.07	0.04	0.54	12
chr19	13080433	13080933	GADD45GIP1|chr19:13080433-13080933:.	0.12325847001013024	.	chr19:13080433-13080933	chr19	12957236	12957237	-	NA	NA	GADD45GIP1	ENSG00000179271	NA	TCTATTTAACAGATACTGGCNGG;CTATTTAACAGATACTGGCTNGG	FALSE	0.58	0.948076923076923	TRUE	NA	Morris et al., 2023	-123447	NA	12	TRUE	0.948076923076923	FALSE	0.03	0.01	0.01	0.02	0.09	0.12	0.15	0.66	0.03	0.01	0.01	0.02	0.09	0.12	0.15	0.66	12
chr19	13080433	13080933	IER2|chr19:13080433-13080933:.	0.0946596719832462	.	chr19:13080433-13080933	chr19	13150415	13150416	+	NA	NA	IER2	ENSG00000160888	NA	TCTATTTAACAGATACTGGCNGG;CTATTTAACAGATACTGGCTNGG	FALSE	0.716	0.9686652078774618	TRUE	NA	Morris et al., 2023	-69732	NA	10	TRUE	0.9686652078774618	FALSE	0	0	0.01	0.02	0.02	0.08	0.06	0.17	0	0	0.01	0.02	0.02	0.08	0.06	0.17	12
chr19	13080433	13080933	JUNB|chr19:13080433-13080933:.	0.03295018673855288	.	chr19:13080433-13080933	chr19	12791496	12791497	+	NA	NA	JUNB	ENSG00000171223	NA	TCTATTTAACAGATACTGGCNGG;CTATTTAACAGATACTGGCTNGG	FALSE	0.832	0.9832432432432432	TRUE	NA	Morris et al., 2023	289187	NA	9	TRUE	0.9832432432432433	FALSE	0	0	0	0	0.07	0.01	0.03	0.13	0	0	0	0	0.07	0.01	0.03	0.13	12
chr19	13080433	13080933	KLF1|chr19:13080433-13080933:.	0.10882538666312548	.	chr19:13080433-13080933	chr19	12887199	12887200	-	NA	NA	KLF1	ENSG00000105610	NA	TCTATTTAACAGATACTGGCNGG;CTATTTAACAGATACTGGCTNGG	FALSE	0.764	0.9723636363636364	TRUE	NA	Morris et al., 2023	-193484	NA	12	TRUE	0.9723636363636363	FALSE	0.01	0	0.04	0.02	0.06	0.06	0.07	0.48	0.01	0	0.04	0.02	0.06	0.06	0.07	0.48	12
chr19	13080433	13080933	LYL1|chr19:13080433-13080933:.	-0.2418635513415286	.	chr19:13080433-13080933	chr19	13103161	13103162	-	NA	NA	LYL1	ENSG00000104903	NA	TCTATTTAACAGATACTGGCNGG;CTATTTAACAGATACTGGCTNGG	FALSE	0.472	0.892972972972973	TRUE	NA	Morris et al., 2023	22478	NA	11	TRUE	0.892972972972973	FALSE	0.01	0.02	0.01	0.02	0.09	0.11	0.1	0.49	0.01	0.02	0.01	0.02	0.09	0.11	0.1	0.49	12
chr19	13080433	13080933	PRDX2|chr19:13080433-13080933:.	0.2718447558229542	.	chr19:13080433-13080933	chr19	12801859	12801860	-	NA	NA	PRDX2	ENSG00000167815	NA	TCTATTTAACAGATACTGGCNGG;CTATTTAACAGATACTGGCTNGG	FALSE	0.08	0.5633136094674557	TRUE	NA	Morris et al., 2023	-278824	NA	12	TRUE	0.5633136094674557	FALSE	0.03	0	0.02	0.06	0.15	0.17	0.32	0.78	0.03	0	0.02	0.06	0.15	0.17	0.32	0.78	12
chr19	13080433	13080933	RAD23A|chr19:13080433-13080933:.	-0.15226292551301857	.	chr19:13080433-13080933	chr19	12945855	12945856	+	NA	NA	RAD23A	ENSG00000179262	NA	TCTATTTAACAGATACTGGCNGG;CTATTTAACAGATACTGGCTNGG	FALSE	0.472	0.892972972972973	TRUE	NA	Morris et al., 2023	134828	NA	12	TRUE	0.892972972972973	FALSE	0	0.01	0.03	0.05	0.08	0.17	0.19	0.72	0	0.01	0.03	0.05	0.08	0.17	0.19	0.72	12
chr19	13080433	13080933	RNASEH2A|chr19:13080433-13080933:.	0.4390516136769298	.	chr19:13080433-13080933	chr19	12806556	12806557	+	NA	NA	RNASEH2A	ENSG00000104889	NA	TCTATTTAACAGATACTGGCNGG;CTATTTAACAGATACTGGCTNGG	FALSE	0.224	0.7445810055865922	TRUE	NA	Morris et al., 2023	274127	NA	9	TRUE	0.7445810055865922	FALSE	0.01	0.01	0.02	0.01	0.02	0.02	0.02	0.17	0.01	0.01	0.02	0.01	0.02	0.02	0.02	0.17	12
chr19	13080433	13080933	STX10|chr19:13080433-13080933:.	0.2481236569025909	.	chr19:13080433-13080933	chr19	13150383	13150384	-	NA	NA	STX10	ENSG00000104915	NA	TCTATTTAACAGATACTGGCNGG;CTATTTAACAGATACTGGCTNGG	FALSE	0.488	0.9017391304347826	TRUE	NA	Morris et al., 2023	69700	NA	8	TRUE	0.9017391304347826	FALSE	0.02	0.02	0.02	0.01	0.01	0.02	0.02	0.16	0.02	0.02	0.02	0.01	0.01	0.02	0.02	0.16	12
chr19	13080433	13080933	TRIR|chr19:13080433-13080933:.	0.25195186215222254	.	chr19:13080433-13080933	chr19	12734775	12734776	-	NA	NA	TRIR	ENSG00000123144	NA	TCTATTTAACAGATACTGGCNGG;CTATTTAACAGATACTGGCTNGG	FALSE	0.088	0.591638418079096	TRUE	NA	Morris et al., 2023	-345908	NA	12	TRUE	0.591638418079096	FALSE	0.01	0.03	0.03	0.07	0.11	0.08	0.18	0.74	0.01	0.03	0.03	0.07	0.11	0.08	0.18	0.74	12
chr19	13080433	13080933	TRMT1|chr19:13080433-13080933:.	-0.995759012766334	.	chr19:13080433-13080933	chr19	13117567	13117568	-	NA	NA	TRMT1	ENSG00000104907	NA	TCTATTTAACAGATACTGGCNGG;CTATTTAACAGATACTGGCTNGG	FALSE	0.04	0.42123893805309737	TRUE	NA	Morris et al., 2023	36884	NA	7	TRUE	0.42123893805309737	FALSE	0	0.01	0	0	0.02	0.06	0.05	0.24	0	0.01	0	0	0.02	0.06	0.05	0.24	12
chr19	13080433	13080933	WDR83OS|chr19:13080433-13080933:.	-0.1610244817588975	.	chr19:13080433-13080933	chr19	12669489	12669490	-	NA	NA	WDR83OS	ENSG00000105583	NA	TCTATTTAACAGATACTGGCNGG;CTATTTAACAGATACTGGCTNGG	FALSE	0.38	0.8582156133828998	TRUE	NA	Morris et al., 2023	-411194	NA	12	TRUE	0.8582156133828998	FALSE	0.01	0	0.02	0.03	0.06	0.16	0.29	0.86	0.01	0	0.02	0.03	0.06	0.16	0.29	0.86	12
chr19	44909661	44910762	AC021092.1|chr19:44909661-44910762:.	0.00471850152504593	.	chr19:44909661-44910762	chr19	44113145	44113146	-	NA	NA	AC021092.1	ENSG00000186019	NA	GCATACCACTAGGATTAATTNGG;CATACCACTAGGATTAATTTNGG	FALSE	0.984	0.9999658411614004	TRUE	NA	Morris et al., 2023	-797066	NA	20	TRUE	0.9999658411614004	FALSE	0.02	0	0.04	0.03	0.02	0.05	0.06	0.38	0.02	0	0.04	0.03	0.02	0.05	0.06	0.38	514
chr19	44909661	44910762	AC074212.1|chr19:44909661-44910762:.	-0.5831352652072868	.	chr19:44909661-44910762	chr19	45764785	45764786	+	NA	NA	AC074212.1	ENSG00000259605	NA	GCATACCACTAGGATTAATTNGG;CATACCACTAGGATTAATTTNGG	FALSE	0.172	0.708235294117647	TRUE	NA	Morris et al., 2023	-854574	NA	10	TRUE	0.708235294117647	FALSE	0.01	0.01	0.01	0.02	0.03	0.02	0.03	0.27	0.01	0.01	0.01	0.02	0.03	0.02	0.03	0.27	514
chr19	44909661	44910762	APOC1|chr19:44909661-44910762:.	-0.485791027026357	.	chr19:44909661-44910762	chr19	44914247	44914248	+	NA	NA	APOC1	ENSG00000130208	NA	GCATACCACTAGGATTAATTNGG;CATACCACTAGGATTAATTTNGG	TRUE	2.0302816205624067e-6	9.664140513877057e-5	TRUE	NA	Morris et al., 2023	-4036	NA	427	TRUE	9.664140513877057e-5	TRUE	0.09	0.11	0.19	0.34	0.45	0.71	0.83	1	0.09	0.11	0.19	0.34	0.45	0.71	0.83	1	514
chr19	44909661	44910762	APOE|chr19:44909661-44910762:.	-0.7531341910579821	.	chr19:44909661-44910762	chr19	44905754	44905755	+	NA	NA	APOE	ENSG00000130203	NA	GCATACCACTAGGATTAATTNGG;CATACCACTAGGATTAATTTNGG	TRUE	6.18027674231629e-6	2.723899749391254e-4	TRUE	NA	Morris et al., 2023	4457	NA	237	TRUE	2.723899749391254e-4	TRUE	0.04	0.05	0.1	0.16	0.24	0.45	0.59	0.99	0.04	0.05	0.1	0.16	0.24	0.45	0.59	0.99	514
chr19	44909661	44910762	BCAM|chr19:44909661-44910762:.	-0.02166745367817135	.	chr19:44909661-44910762	chr19	44809059	44809060	+	NA	NA	BCAM	ENSG00000187244	NA	GCATACCACTAGGATTAATTNGG;CATACCACTAGGATTAATTTNGG	FALSE	0.996	1	TRUE	NA	Morris et al., 2023	101152	NA	13	TRUE	1	FALSE	0.01	0	0	0	0.02	0.03	0.04	0.28	0.01	0	0	0	0.02	0.03	0.04	0.28	514
chr19	44909661	44910762	BCL3|chr19:44909661-44910762:.	-0.06055159863289239	.	chr19:44909661-44910762	chr19	44747705	44747706	+	NA	NA	BCL3	ENSG00000069399	NA	GCATACCACTAGGATTAATTNGG;CATACCACTAGGATTAATTTNGG	FALSE	0.892	0.9882502266545784	TRUE	NA	Morris et al., 2023	162506	NA	28	TRUE	0.9882502266545784	FALSE	0.04	0.03	0.01	0.01	0.02	0.13	0.12	0.59	0.04	0.03	0.01	0.01	0.02	0.13	0.12	0.59	514
chr19	44909661	44910762	BHMG1|chr19:44909661-44910762:.	0.4230205605999622	.	chr19:44909661-44910762	chr19	45733251	45733252	+	NA	NA	BHMG1	ENSG00000237452	NA	GCATACCACTAGGATTAATTNGG;CATACCACTAGGATTAATTTNGG	FALSE	0.336	0.8261157024793389	TRUE	NA	Morris et al., 2023	-823040	NA	10	TRUE	0.8261157024793389	FALSE	0.02	0	0	0.02	0	0.01	0.01	0.09	0.02	0	0	0.02	0	0.01	0.01	0.09	514
chr19	44909661	44910762	BLOC1S3|chr19:44909661-44910762:.	-0.1067312258171662	.	chr19:44909661-44910762	chr19	45178745	45178746	+	NA	NA	BLOC1S3	ENSG00000189114	NA	GCATACCACTAGGATTAATTNGG;CATACCACTAGGATTAATTTNGG	FALSE	0.5	0.9083969465648856	TRUE	NA	Morris et al., 2023	-268534	NA	58	TRUE	0.9083969465648855	FALSE	0.04	0.01	0.03	0.08	0.13	0.3	0.31	0.94	0.04	0.01	0.03	0.08	0.13	0.3	0.31	0.94	514
chr19	44909661	44910762	CD3EAP|chr19:44909661-44910762:.	0.01458491117091584	.	chr19:44909661-44910762	chr19	45406209	45406210	+	NA	NA	CD3EAP	ENSG00000117877	NA	GCATACCACTAGGATTAATTNGG;CATACCACTAGGATTAATTTNGG	FALSE	0.868	0.9882502266545784	TRUE	NA	Morris et al., 2023	-495998	NA	263	TRUE	0.9882502266545784	FALSE	0.1	0.17	0.13	0.25	0.5	0.59	0.72	1	0.1	0.17	0.13	0.25	0.5	0.59	0.72	1	514
chr19	44909661	44910762	CLASRP|chr19:44909661-44910762:.	0.14230555245874665	.	chr19:44909661-44910762	chr19	45039040	45039041	+	NA	NA	CLASRP	ENSG00000104859	NA	GCATACCACTAGGATTAATTNGG;CATACCACTAGGATTAATTTNGG	FALSE	0.08	0.5633136094674557	TRUE	NA	Morris et al., 2023	-128829	NA	190	TRUE	0.5633136094674557	FALSE	0.08	0.09	0.15	0.22	0.33	0.53	0.73	1	0.08	0.09	0.15	0.22	0.33	0.53	0.73	1	514
chr19	44909661	44910762	CLPTM1|chr19:44909661-44910762:.	-0.04209341041727132	.	chr19:44909661-44910762	chr19	44954585	44954586	+	NA	NA	CLPTM1	ENSG00000104853	NA	GCATACCACTAGGATTAATTNGG;CATACCACTAGGATTAATTTNGG	FALSE	0.524	0.9280945347119646	TRUE	NA	Morris et al., 2023	-44374	NA	220	TRUE	0.9280945347119646	FALSE	0.09	0.14	0.14	0.25	0.44	0.62	0.85	1	0.09	0.14	0.14	0.25	0.44	0.62	0.85	1	514
chr19	44909661	44910762	DMPK|chr19:44909661-44910762:.	0.22569863108176105	.	chr19:44909661-44910762	chr19	45782552	45782553	-	NA	NA	DMPK	ENSG00000104936	NA	GCATACCACTAGGATTAATTNGG;CATACCACTAGGATTAATTTNGG	FALSE	0.152	0.6923636363636364	TRUE	NA	Morris et al., 2023	872341	NA	88	TRUE	0.6923636363636364	FALSE	0.01	0.04	0.03	0.11	0.21	0.22	0.52	0.95	0.01	0.04	0.03	0.11	0.21	0.22	0.52	0.95	514
chr19	44909661	44910762	DMWD|chr19:44909661-44910762:.	0.0643847219027811	.	chr19:44909661-44910762	chr19	45792802	45792803	-	NA	NA	DMWD	ENSG00000185800	NA	GCATACCACTAGGATTAATTNGG;CATACCACTAGGATTAATTTNGG	FALSE	0.672	0.9686652078774618	TRUE	NA	Morris et al., 2023	882591	NA	66	TRUE	0.9686652078774618	FALSE	0.01	0.04	0.07	0.03	0.1	0.31	0.35	0.95	0.01	0.04	0.07	0.03	0.1	0.31	0.35	0.95	514
chr19	44909661	44910762	EML2|chr19:44909661-44910762:.	-4.2289831666075806e-4	.	chr19:44909661-44910762	chr19	45645629	45645630	-	NA	NA	EML2	ENSG00000125746	NA	GCATACCACTAGGATTAATTNGG;CATACCACTAGGATTAATTTNGG	FALSE	0.972	0.9999658411614004	TRUE	NA	Morris et al., 2023	735418	NA	135	TRUE	0.9999658411614004	FALSE	0.09	0.06	0.11	0.15	0.37	0.52	0.68	0.98	0.09	0.06	0.11	0.15	0.37	0.52	0.68	0.98	514
chr19	44909661	44910762	EML2-AS1|chr19:44909661-44910762:.	-0.06345183745916039	.	chr19:44909661-44910762	chr19	45641494	45641495	+	NA	NA	EML2-AS1	ENSG00000267757	NA	GCATACCACTAGGATTAATTNGG;CATACCACTAGGATTAATTTNGG	FALSE	0.848	0.9832432432432432	TRUE	NA	Morris et al., 2023	-731283	NA	25	TRUE	0.9832432432432433	FALSE	0.01	0.02	0.01	0.04	0.08	0.06	0.07	0.52	0.01	0.02	0.01	0.04	0.08	0.06	0.07	0.52	514
chr19	44909661	44910762	ERCC1|chr19:44909661-44910762:.	0.01262607842551399	.	chr19:44909661-44910762	chr19	45478828	45478829	-	NA	NA	ERCC1	ENSG00000012061	NA	GCATACCACTAGGATTAATTNGG;CATACCACTAGGATTAATTTNGG	FALSE	0.808	0.9829908443540184	TRUE	NA	Morris et al., 2023	568617	NA	403	TRUE	0.9829908443540183	FALSE	0.19	0.19	0.41	0.49	0.73	0.8	0.93	1	0.19	0.19	0.41	0.49	0.73	0.8	0.93	1	514
chr19	44909661	44910762	ERCC2|chr19:44909661-44910762:.	0.21043792809819717	.	chr19:44909661-44910762	chr19	45370918	45370919	-	NA	NA	ERCC2	ENSG00000104884	NA	GCATACCACTAGGATTAATTNGG;CATACCACTAGGATTAATTTNGG	FALSE	0.104	0.647958115183246	TRUE	NA	Morris et al., 2023	460707	NA	103	TRUE	0.647958115183246	FALSE	0	0.02	0.02	0.05	0.1	0.14	0.21	0.83	0	0.02	0.02	0.05	0.1	0.14	0.21	0.83	514
chr19	44909661	44910762	EXOC3L2|chr19:44909661-44910762:.	0.053826872367984	.	chr19:44909661-44910762	chr19	45245431	45245432	-	NA	NA	EXOC3L2	ENSG00000283632	NA	GCATACCACTAGGATTAATTNGG;CATACCACTAGGATTAATTTNGG	FALSE	0.732	0.9686652078774618	TRUE	NA	Morris et al., 2023	335220	NA	36	TRUE	0.9686652078774618	FALSE	0	0.03	0	0	0.06	0.05	0.13	0.61	0	0.03	0	0	0.06	0.05	0.13	0.61	514
chr19	44909661	44910762	FBXO46|chr19:44909661-44910762:.	-0.4007379267645877	.	chr19:44909661-44910762	chr19	45730904	45730905	-	NA	NA	FBXO46	ENSG00000177051	NA	GCATACCACTAGGATTAATTNGG;CATACCACTAGGATTAATTTNGG	FALSE	0.052	0.4687878787878788	TRUE	NA	Morris et al., 2023	820693	NA	37	TRUE	0.4687878787878788	FALSE	0.02	0	0.01	0.03	0.02	0.04	0.06	0.49	0.02	0	0.01	0.03	0.02	0.04	0.06	0.49	514
chr19	44909661	44910762	FOSB|chr19:44909661-44910762:.	-0.9518624487605942	.	chr19:44909661-44910762	chr19	45467995	45467996	+	NA	NA	FOSB	ENSG00000125740	NA	GCATACCACTAGGATTAATTNGG;CATACCACTAGGATTAATTTNGG	FALSE	0.124	0.6863255813953488	TRUE	NA	Morris et al., 2023	-557784	NA	7	TRUE	0.6863255813953488	FALSE	0.01	0	0.01	0.01	0.03	0.04	0.05	0.1	0.01	0	0.01	0.01	0.03	0.04	0.05	0.1	514
chr19	44909661	44910762	FOXA3|chr19:44909661-44910762:.	0.06446414959228663	.	chr19:44909661-44910762	chr19	45863989	45863990	+	NA	NA	FOXA3	ENSG00000170608	NA	GCATACCACTAGGATTAATTNGG;CATACCACTAGGATTAATTTNGG	FALSE	0.632	0.9568447837150128	TRUE	NA	Morris et al., 2023	-953778	NA	87	TRUE	0.9568447837150128	FALSE	0.08	0.03	0.06	0.1	0.15	0.29	0.44	0.96	0.08	0.03	0.06	0.1	0.15	0.29	0.44	0.96	514
chr19	44909661	44910762	GEMIN7|chr19:44909661-44910762:.	-0.07584322232200533	.	chr19:44909661-44910762	chr19	45079195	45079196	+	NA	NA	GEMIN7	ENSG00000142252	NA	GCATACCACTAGGATTAATTNGG;CATACCACTAGGATTAATTTNGG	FALSE	0.208	0.7410778443113772	TRUE	NA	Morris et al., 2023	-168984	NA	298	TRUE	0.7410778443113772	FALSE	0.16	0.1	0.25	0.33	0.59	0.82	0.87	1	0.16	0.1	0.25	0.33	0.59	0.82	0.87	1	514
chr19	44909661	44910762	GEMIN7-AS1|chr19:44909661-44910762:.	-0.3299960896767917	.	chr19:44909661-44910762	chr19	45090391	45090392	-	NA	NA	GEMIN7-AS1	ENSG00000267348	NA	GCATACCACTAGGATTAATTNGG;CATACCACTAGGATTAATTTNGG	FALSE	0.548	0.942369942196532	TRUE	NA	Morris et al., 2023	180180	NA	7	TRUE	0.9423699421965319	FALSE	0	0	0	0	0.01	0	0.02	0.05	0	0	0	0	0.01	0	0.02	0.05	514
chr19	44909661	44910762	GIPR|chr19:44909661-44910762:.	-0.17226322997024646	.	chr19:44909661-44910762	chr19	45668244	45668245	+	NA	NA	GIPR	ENSG00000010310	NA	GCATACCACTAGGATTAATTNGG;CATACCACTAGGATTAATTTNGG	FALSE	0.528	0.9280945347119646	TRUE	NA	Morris et al., 2023	-758033	NA	36	TRUE	0.9280945347119646	FALSE	0.05	0.03	0.08	0.03	0.09	0.12	0.22	0.81	0.05	0.03	0.08	0.03	0.09	0.12	0.22	0.81	514
chr19	44909661	44910762	IRF2BP1|chr19:44909661-44910762:.	0.24781667677343888	.	chr19:44909661-44910762	chr19	45886170	45886171	-	NA	NA	IRF2BP1	ENSG00000170604	NA	GCATACCACTAGGATTAATTNGG;CATACCACTAGGATTAATTTNGG	FALSE	0.092	0.6015384615384615	TRUE	NA	Morris et al., 2023	975959	NA	105	TRUE	0.6015384615384615	FALSE	0.01	0.05	0.07	0.13	0.29	0.29	0.47	0.96	0.01	0.05	0.07	0.13	0.29	0.29	0.47	0.96	514
chr19	44909661	44910762	KLC3|chr19:44909661-44910762:.	-0.04896888797654597	.	chr19:44909661-44910762	chr19	45333434	45333435	+	NA	NA	KLC3	ENSG00000104892	NA	GCATACCACTAGGATTAATTNGG;CATACCACTAGGATTAATTTNGG	FALSE	0.816	0.9832432432432432	TRUE	NA	Morris et al., 2023	-423223	NA	26	TRUE	0.9832432432432433	FALSE	0.01	0	0.01	0.02	0.02	0.03	0.12	0.54	0.01	0	0.01	0.02	0.02	0.03	0.12	0.54	514
chr19	44909661	44910762	MARK4|chr19:44909661-44910762:.	-0.03371174358771389	.	chr19:44909661-44910762	chr19	45079288	45079289	+	NA	NA	MARK4	ENSG00000007047	NA	GCATACCACTAGGATTAATTNGG;CATACCACTAGGATTAATTTNGG	FALSE	0.812	0.9829908443540184	TRUE	NA	Morris et al., 2023	-169077	NA	68	TRUE	0.9829908443540183	FALSE	0.04	0.04	0.04	0.08	0.15	0.29	0.36	0.9	0.04	0.04	0.04	0.08	0.15	0.29	0.36	0.9	514
chr19	44909661	44910762	MYPOP|chr19:44909661-44910762:.	-0.03124989392366473	.	chr19:44909661-44910762	chr19	45902604	45902605	-	NA	NA	MYPOP	ENSG00000176182	NA	GCATACCACTAGGATTAATTNGG;CATACCACTAGGATTAATTTNGG	FALSE	0.864	0.9848275862068966	TRUE	NA	Morris et al., 2023	992393	NA	62	TRUE	0.9848275862068966	FALSE	0.02	0	0.05	0.12	0.09	0.21	0.36	0.95	0.02	0	0.05	0.12	0.09	0.21	0.36	0.95	514
chr19	44909661	44910762	NECTIN2|chr19:44909661-44910762:.	-0.2835481541633279	.	chr19:44909661-44910762	chr19	44846175	44846176	+	NA	NA	NECTIN2	ENSG00000130202	NA	GCATACCACTAGGATTAATTNGG;CATACCACTAGGATTAATTTNGG	TRUE	6.321989136339225e-4	0.01974235643441296	TRUE	NA	Morris et al., 2023	64036	NA	206	TRUE	0.01974235643441296	TRUE	0.09	0.15	0.17	0.26	0.5	0.63	0.82	1	0.09	0.15	0.17	0.26	0.5	0.63	0.82	1	514
chr19	44909661	44910762	OPA3|chr19:44909661-44910762:.	0.03101359881298004	.	chr19:44909661-44910762	chr19	45602212	45602213	-	NA	NA	OPA3	ENSG00000125741	NA	GCATACCACTAGGATTAATTNGG;CATACCACTAGGATTAATTTNGG	FALSE	0.768	0.9743283582089554	TRUE	NA	Morris et al., 2023	692001	NA	143	TRUE	0.9743283582089554	FALSE	0.09	0.06	0.07	0.26	0.3	0.56	0.62	0.98	0.09	0.06	0.07	0.26	0.3	0.56	0.62	0.98	514
chr19	44909661	44910762	PPM1N|chr19:44909661-44910762:.	0.06028782429441026	.	chr19:44909661-44910762	chr19	45488777	45488778	+	NA	NA	PPM1N	ENSG00000213889	NA	GCATACCACTAGGATTAATTNGG;CATACCACTAGGATTAATTTNGG	FALSE	0.62	0.9568447837150128	TRUE	NA	Morris et al., 2023	-578566	NA	113	TRUE	0.9568447837150128	FALSE	0.04	0.02	0.05	0.11	0.27	0.32	0.56	0.96	0.04	0.02	0.05	0.11	0.27	0.32	0.56	0.96	514
chr19	44909661	44910762	PPP1R13L|chr19:44909661-44910762:.	-0.31937758814511685	.	chr19:44909661-44910762	chr19	45406349	45406350	-	NA	NA	PPP1R13L	ENSG00000104881	NA	GCATACCACTAGGATTAATTNGG;CATACCACTAGGATTAATTTNGG	FALSE	0.144	0.6923636363636364	TRUE	NA	Morris et al., 2023	496138	NA	41	TRUE	0.6923636363636364	FALSE	0.03	0.02	0.02	0.02	0.07	0.19	0.2	0.8	0.03	0.02	0.02	0.02	0.07	0.19	0.2	0.8	514
chr19	44909661	44910762	PPP1R37|chr19:44909661-44910762:.	-0.1699396084386997	.	chr19:44909661-44910762	chr19	45091396	45091397	+	NA	NA	PPP1R37	ENSG00000104866	NA	GCATACCACTAGGATTAATTNGG;CATACCACTAGGATTAATTTNGG	FALSE	0.28	0.7951999999999999	TRUE	NA	Morris et al., 2023	-181185	NA	66	TRUE	0.7951999999999999	FALSE	0.04	0.05	0.04	0.06	0.19	0.25	0.38	0.94	0.04	0.05	0.04	0.06	0.19	0.25	0.38	0.94	514
chr19	44909661	44910762	PVR|chr19:44909661-44910762:.	-0.04770116524923296	.	chr19:44909661-44910762	chr19	44643798	44643799	+	NA	NA	PVR	ENSG00000073008	NA	GCATACCACTAGGATTAATTNGG;CATACCACTAGGATTAATTTNGG	FALSE	0.764	0.9723636363636364	TRUE	NA	Morris et al., 2023	266413	NA	38	TRUE	0.9723636363636363	FALSE	0.03	0	0.02	0.01	0.08	0.11	0.21	0.78	0.03	0	0.02	0.01	0.08	0.11	0.21	0.78	514
chr19	44909661	44910762	QPCTL|chr19:44909661-44910762:.	-0.00291700858900245	.	chr19:44909661-44910762	chr19	45692483	45692484	+	NA	NA	QPCTL	ENSG00000011478	NA	GCATACCACTAGGATTAATTNGG;CATACCACTAGGATTAATTTNGG	FALSE	0.98	0.9999658411614004	TRUE	NA	Morris et al., 2023	-782272	NA	18	TRUE	0.9999658411614004	FALSE	0	0.03	0	0	0.02	0.01	0.03	0.12	0	0.03	0	0	0.02	0.01	0.03	0.12	514
chr19	44909661	44910762	RELB|chr19:44909661-44910762:.	-0.3870426606106707	.	chr19:44909661-44910762	chr19	45001430	45001431	+	NA	NA	RELB	ENSG00000104856	NA	GCATACCACTAGGATTAATTNGG;CATACCACTAGGATTAATTTNGG	FALSE	0.124	0.6863255813953488	TRUE	NA	Morris et al., 2023	-91219	NA	24	TRUE	0.6863255813953488	FALSE	0	0	0.01	0.02	0.03	0.1	0.09	0.62	0	0	0.01	0.02	0.03	0.1	0.09	0.62	514
chr19	44909661	44910762	RTN2|chr19:44909661-44910762:.	-0.154141273351724	.	chr19:44909661-44910762	chr19	45497061	45497062	-	NA	NA	RTN2	ENSG00000125744	NA	GCATACCACTAGGATTAATTNGG;CATACCACTAGGATTAATTTNGG	FALSE	0.296	0.8076923076923077	TRUE	NA	Morris et al., 2023	586850	NA	86	TRUE	0.8076923076923077	FALSE	0.04	0.03	0.08	0.14	0.23	0.31	0.5	0.98	0.04	0.03	0.08	0.14	0.23	0.31	0.5	0.98	514
chr19	44909661	44910762	SIX5|chr19:44909661-44910762:.	0.37220869585795713	.	chr19:44909661-44910762	chr19	45769226	45769227	-	NA	NA	SIX5	ENSG00000177045	NA	GCATACCACTAGGATTAATTNGG;CATACCACTAGGATTAATTTNGG	FALSE	0.06	0.49930069930069926	TRUE	NA	Morris et al., 2023	859015	NA	49	TRUE	0.49930069930069926	FALSE	0.01	0.04	0.02	0.04	0.04	0.14	0.17	0.7	0.01	0.04	0.02	0.04	0.04	0.14	0.17	0.7	514
chr19	44909661	44910762	SNRPD2|chr19:44909661-44910762:.	0.00751264976623033	.	chr19:44909661-44910762	chr19	45692569	45692570	-	NA	NA	SNRPD2	ENSG00000125743	NA	GCATACCACTAGGATTAATTNGG;CATACCACTAGGATTAATTTNGG	FALSE	0.744	0.9686652078774618	TRUE	NA	Morris et al., 2023	782358	NA	514	TRUE	0.9686652078774618	FALSE	0.29	0.45	0.52	0.64	0.8	0.94	0.99	1	0.29	0.45	0.52	0.64	0.8	0.94	0.99	1	514
chr19	44909661	44910762	SYMPK|chr19:44909661-44910762:.	0.04416423492423504	.	chr19:44909661-44910762	chr19	45863290	45863291	-	NA	NA	SYMPK	ENSG00000125755	NA	GCATACCACTAGGATTAATTNGG;CATACCACTAGGATTAATTTNGG	FALSE	0.62	0.9568447837150128	TRUE	NA	Morris et al., 2023	953079	NA	183	TRUE	0.9568447837150128	FALSE	0.07	0.09	0.16	0.26	0.52	0.52	0.7	1	0.07	0.09	0.16	0.26	0.52	0.52	0.7	1	514
chr19	44909661	44910762	TOMM40|chr19:44909661-44910762:.	-0.00230733678341144	.	chr19:44909661-44910762	chr19	44890569	44890570	+	NA	NA	TOMM40	ENSG00000130204	NA	GCATACCACTAGGATTAATTNGG;CATACCACTAGGATTAATTTNGG	FALSE	0.976	0.9999658411614004	TRUE	NA	Morris et al., 2023	19642	NA	472	TRUE	0.9999658411614004	FALSE	0.2	0.26	0.53	0.48	0.66	0.87	0.93	1	0.2	0.26	0.53	0.48	0.66	0.87	0.93	1	514
chr19	44909661	44910762	TRAPPC6A|chr19:44909661-44910762:.	-0.08636307026649959	.	chr19:44909661-44910762	chr19	45178237	45178238	-	NA	NA	TRAPPC6A	ENSG00000007255	NA	GCATACCACTAGGATTAATTNGG;CATACCACTAGGATTAATTTNGG	FALSE	0.292	0.8043518518518519	TRUE	NA	Morris et al., 2023	268026	NA	253	TRUE	0.8043518518518519	FALSE	0.07	0.15	0.2	0.35	0.55	0.71	0.76	1	0.07	0.15	0.2	0.35	0.55	0.71	0.76	1	514
chr19	44909661	44910762	VASP|chr19:44909661-44910762:.	0.02174495414874894	.	chr19:44909661-44910762	chr19	45506579	45506580	+	NA	NA	VASP	ENSG00000125753	NA	GCATACCACTAGGATTAATTNGG;CATACCACTAGGATTAATTTNGG	FALSE	0.608	0.9545118733509236	TRUE	NA	Morris et al., 2023	-596368	NA	349	TRUE	0.9545118733509235	FALSE	0.19	0.2	0.28	0.45	0.65	0.76	0.9	1	0.19	0.2	0.28	0.45	0.65	0.76	0.9	1	514
chr19	44909661	44910762	ZNF112|chr19:44909661-44910762:.	-0.11430292422261525	.	chr19:44909661-44910762	chr19	44367217	44367218	-	NA	NA	ZNF112	ENSG00000062370	NA	GCATACCACTAGGATTAATTNGG;CATACCACTAGGATTAATTTNGG	FALSE	0.776	0.9802972399150744	TRUE	NA	Morris et al., 2023	-542994	NA	9	TRUE	0.9802972399150743	FALSE	0.01	0	0	0	0	0	0.03	0.15	0.01	0	0	0	0	0	0.03	0.15	514
chr19	44909661	44910762	ZNF180|chr19:44909661-44910762:.	0.09265816388198322	.	chr19:44909661-44910762	chr19	44500524	44500525	-	NA	NA	ZNF180	ENSG00000167384	NA	GCATACCACTAGGATTAATTNGG;CATACCACTAGGATTAATTTNGG	FALSE	0.64	0.95795	TRUE	NA	Morris et al., 2023	-409687	NA	50	TRUE	0.9579500000000001	FALSE	0.03	0.08	0.03	0.09	0.1	0.18	0.13	0.82	0.03	0.08	0.03	0.09	0.1	0.18	0.13	0.82	514
chr19	44909661	44910762	ZNF222|chr19:44909661-44910762:.	0.28738964100120423	.	chr19:44909661-44910762	chr19	44025342	44025343	+	NA	NA	ZNF222	ENSG00000159885	NA	GCATACCACTAGGATTAATTNGG;CATACCACTAGGATTAATTTNGG	FALSE	0.224	0.7445810055865922	TRUE	NA	Morris et al., 2023	884869	NA	33	TRUE	0.7445810055865922	FALSE	0.03	0	0.02	0.01	0	0.01	0.07	0.4	0.03	0	0.02	0.01	0	0.01	0.07	0.4	514
chr19	44909661	44910762	ZNF223|chr19:44909661-44910762:.	0.35422044752495907	.	chr19:44909661-44910762	chr19	44051367	44051368	+	NA	NA	ZNF223	ENSG00000178386	NA	GCATACCACTAGGATTAATTNGG;CATACCACTAGGATTAATTTNGG	FALSE	0.312	0.8124288840262582	TRUE	NA	Morris et al., 2023	858844	NA	14	TRUE	0.8124288840262582	FALSE	0	0	0.01	0.02	0.03	0.04	0.03	0.17	0	0	0.01	0.02	0.03	0.04	0.03	0.17	514
chr19	44909661	44910762	ZNF224|chr19:44909661-44910762:.	0.00111782352973621	.	chr19:44909661-44910762	chr19	44094339	44094340	+	NA	NA	ZNF224	ENSG00000267680	NA	GCATACCACTAGGATTAATTNGG;CATACCACTAGGATTAATTTNGG	FALSE	0.984	0.9999658411614004	TRUE	NA	Morris et al., 2023	815872	NA	74	TRUE	0.9999658411614004	FALSE	0.07	0.06	0.05	0.05	0.07	0.26	0.37	0.97	0.07	0.06	0.05	0.05	0.07	0.26	0.37	0.97	514
chr19	44909661	44910762	ZNF225|chr19:44909661-44910762:.	-0.37910906278470424	.	chr19:44909661-44910762	chr19	44112181	44112182	+	NA	NA	ZNF225	ENSG00000256294	NA	GCATACCACTAGGATTAATTNGG;CATACCACTAGGATTAATTTNGG	FALSE	0.224	0.7445810055865922	TRUE	NA	Morris et al., 2023	798030	NA	15	TRUE	0.7445810055865922	FALSE	0.01	0.02	0.01	0.05	0.07	0.08	0.08	0.4	0.01	0.02	0.01	0.05	0.07	0.08	0.08	0.4	514
chr19	44909661	44910762	ZNF226|chr19:44909661-44910762:.	-0.12505993380411695	.	chr19:44909661-44910762	chr19	44165073	44165074	+	NA	NA	ZNF226	ENSG00000167380	NA	GCATACCACTAGGATTAATTNGG;CATACCACTAGGATTAATTTNGG	FALSE	0.368	0.85364522417154	TRUE	NA	Morris et al., 2023	745138	NA	96	TRUE	0.85364522417154	FALSE	0.01	0.08	0.08	0.13	0.19	0.36	0.53	1	0.01	0.08	0.08	0.13	0.19	0.36	0.53	1	514
chr19	44909661	44910762	ZNF227|chr19:44909661-44910762:.	0.13236819290040636	.	chr19:44909661-44910762	chr19	44207547	44207548	+	NA	NA	ZNF227	ENSG00000131115	NA	GCATACCACTAGGATTAATTNGG;CATACCACTAGGATTAATTTNGG	FALSE	0.352	0.8360878243512974	TRUE	NA	Morris et al., 2023	702664	NA	87	TRUE	0.8360878243512974	FALSE	0.03	0.05	0.08	0.1	0.26	0.23	0.41	0.93	0.03	0.05	0.08	0.1	0.26	0.23	0.41	0.93	514
chr19	44909661	44910762	ZNF229|chr19:44909661-44910762:.	0.05261940360945694	.	chr19:44909661-44910762	chr19	44448578	44448579	-	NA	NA	ZNF229	ENSG00000278318	NA	GCATACCACTAGGATTAATTNGG;CATACCACTAGGATTAATTTNGG	FALSE	0.892	0.9882502266545784	TRUE	NA	Morris et al., 2023	-461633	NA	7	TRUE	0.9882502266545784	FALSE	0	0.01	0	0	0.01	0.02	0.02	0.07	0	0.01	0	0	0.01	0.02	0.02	0.07	514
chr19	44909661	44910762	ZNF230|chr19:44909661-44910762:.	-0.2922315495074148	.	chr19:44909661-44910762	chr19	44002948	44002949	+	NA	NA	ZNF230	ENSG00000159882	NA	GCATACCACTAGGATTAATTNGG;CATACCACTAGGATTAATTTNGG	FALSE	0.352	0.8360878243512974	TRUE	NA	Morris et al., 2023	907263	NA	21	TRUE	0.8360878243512974	FALSE	0.01	0	0.03	0.02	0.08	0.07	0.08	0.52	0.01	0	0.03	0.02	0.08	0.07	0.08	0.52	514
chr19	44909661	44910762	ZNF234|chr19:44909661-44910762:.	0.2381742409679508	.	chr19:44909661-44910762	chr19	44141557	44141558	+	NA	NA	ZNF234	ENSG00000263002	NA	GCATACCACTAGGATTAATTNGG;CATACCACTAGGATTAATTTNGG	FALSE	0.188	0.7311111111111112	TRUE	NA	Morris et al., 2023	768654	NA	50	TRUE	0.7311111111111112	FALSE	0.01	0.04	0.02	0.06	0.07	0.05	0.21	0.73	0.01	0.04	0.02	0.06	0.07	0.05	0.21	0.73	514
chr19	44909661	44910762	ZNF235|chr19:44909661-44910762:.	-0.01215436165625094	.	chr19:44909661-44910762	chr19	44305046	44305047	-	NA	NA	ZNF235	ENSG00000159917	NA	GCATACCACTAGGATTAATTNGG;CATACCACTAGGATTAATTTNGG	FALSE	1	1	TRUE	NA	Morris et al., 2023	-605165	NA	44	TRUE	1	FALSE	0.01	0.02	0.02	0.07	0.07	0.11	0.32	0.78	0.01	0.02	0.02	0.07	0.07	0.11	0.32	0.78	514
chr19	44909661	44910762	ZNF296|chr19:44909661-44910762:.	0.20304183987435365	.	chr19:44909661-44910762	chr19	45076588	45076589	-	NA	NA	ZNF296	ENSG00000170684	NA	GCATACCACTAGGATTAATTNGG;CATACCACTAGGATTAATTTNGG	FALSE	0.116	0.6604784688995216	TRUE	NA	Morris et al., 2023	166377	NA	109	TRUE	0.6604784688995216	FALSE	0.03	0.09	0.05	0.14	0.23	0.36	0.5	0.98	0.03	0.09	0.05	0.14	0.23	0.36	0.5	0.98	514
chr19	44909661	44910762	ZNF45|chr19:44909661-44910762:.	-0.11287394723165844	.	chr19:44909661-44910762	chr19	43935278	43935279	-	NA	NA	ZNF45	ENSG00000124459	NA	GCATACCACTAGGATTAATTNGG;CATACCACTAGGATTAATTTNGG	FALSE	0.644	0.95795	TRUE	NA	Morris et al., 2023	-974933	NA	42	TRUE	0.9579500000000001	FALSE	0.04	0.03	0.02	0.06	0.1	0.15	0.2	0.82	0.04	0.03	0.02	0.06	0.1	0.15	0.2	0.82	514
chr19	48875653	48876720	ALDH16A1|chr19:48875653-48876720:.	0.4058789333215158	.	chr19:48875653-48876720	chr19	49453169	49453170	+	NA	NA	ALDH16A1	ENSG00000161618	NA	GGGCCTGACATTAGTCAAGCNGG	FALSE	0.352	0.8360878243512974	TRUE	NA	Morris et al., 2023	-576983	NA	12	TRUE	0.8360878243512974	FALSE	0	0.02	0	0	0	0.05	0.05	0.16	0	0.02	0	0	0	0.05	0.05	0.16	23
chr19	48875653	48876720	AP2A1|chr19:48875653-48876720:.	-0.41178805813378855	.	chr19:48875653-48876720	chr19	49766968	49766969	+	NA	NA	AP2A1	ENSG00000196961	NA	GGGCCTGACATTAGTCAAGCNGG	FALSE	0.192	0.7323076923076923	TRUE	NA	Morris et al., 2023	-890782	NA	11	TRUE	0.7323076923076923	FALSE	0.01	0.01	0.03	0.05	0.06	0.03	0.13	0.52	0.01	0.01	0.03	0.05	0.06	0.03	0.13	0.52	23
chr19	48875653	48876720	BAX|chr19:48875653-48876720:.	-0.01577738708317433	.	chr19:48875653-48876720	chr19	48954815	48954816	+	NA	NA	BAX	ENSG00000087088	NA	GGGCCTGACATTAGTCAAGCNGG	FALSE	0.86	0.9848275862068966	TRUE	NA	Morris et al., 2023	-78629	NA	19	TRUE	0.9848275862068966	FALSE	0.01	0.01	0.01	0.06	0.1	0.16	0.17	0.75	0.01	0.01	0.01	0.06	0.1	0.16	0.17	0.75	23
chr19	48875653	48876720	BCAT2|chr19:48875653-48876720:.	0.07228747816483179	.	chr19:48875653-48876720	chr19	48811029	48811030	-	NA	NA	BCAT2	ENSG00000105552	NA	GGGCCTGACATTAGTCAAGCNGG	FALSE	0.804	0.9812923076923078	TRUE	NA	Morris et al., 2023	-65157	NA	14	TRUE	0.9812923076923078	FALSE	0	0	0.02	0.06	0.02	0.03	0.08	0.43	0	0	0.02	0.06	0.02	0.03	0.08	0.43	23
chr19	48875653	48876720	BCL2L12|chr19:48875653-48876720:.	0.19513838300754816	.	chr19:48875653-48876720	chr19	49665142	49665143	+	NA	NA	BCL2L12	ENSG00000126453	NA	GGGCCTGACATTAGTCAAGCNGG	FALSE	0.292	0.8043518518518519	TRUE	NA	Morris et al., 2023	-788956	NA	23	TRUE	0.8043518518518519	FALSE	0.01	0.02	0.01	0.06	0.11	0.09	0.14	0.67	0.01	0.02	0.01	0.06	0.11	0.09	0.14	0.67	23
chr19	48875653	48876720	CA11|chr19:48875653-48876720:.	-0.07902461657529547	.	chr19:48875653-48876720	chr19	48646312	48646313	-	NA	NA	CA11	ENSG00000063180	NA	GGGCCTGACATTAGTCAAGCNGG	FALSE	0.908	0.9882502266545784	TRUE	NA	Morris et al., 2023	-229874	NA	8	TRUE	0.9882502266545784	FALSE	0.01	0	0.01	0	0.01	0.02	0.02	0.19	0.01	0	0.01	0	0.01	0.02	0.02	0.19	23
chr19	48875653	48876720	EMP3|chr19:48875653-48876720:.	-0.04901860336205166	.	chr19:48875653-48876720	chr19	48321509	48321510	+	NA	NA	EMP3	ENSG00000142227	NA	GGGCCTGACATTAGTCAAGCNGG	FALSE	0.748	0.9706870229007634	TRUE	NA	Morris et al., 2023	554677	NA	23	TRUE	0.9706870229007634	FALSE	0.01	0.04	0.07	0.05	0.14	0.1	0.26	0.8	0.01	0.04	0.07	0.05	0.14	0.1	0.26	0.8	23
chr19	48875653	48876720	FTL|chr19:48875653-48876720:.	0.02813605252757156	.	chr19:48875653-48876720	chr19	48965301	48965302	+	NA	NA	FTL	ENSG00000087086	NA	GGGCCTGACATTAGTCAAGCNGG	FALSE	0.804	0.9812923076923078	TRUE	NA	Morris et al., 2023	-89115	NA	23	TRUE	0.9812923076923078	FALSE	0.04	0.04	0.03	0.07	0.22	0.26	0.48	0.88	0.04	0.04	0.03	0.07	0.22	0.26	0.48	0.88	23
chr19	48875653	48876720	GRWD1|chr19:48875653-48876720:.	0.9071490063817524	.	chr19:48875653-48876720	chr19	48445773	48445774	+	NA	NA	GRWD1	ENSG00000105447	NA	GGGCCTGACATTAGTCAAGCNGG	TRUE	0.0039107220147863	0.08618072588140194	TRUE	NA	Morris et al., 2023	430413	NA	15	TRUE	0.0861807258814018	TRUE	0.01	0.01	0.01	0.01	0.02	0.04	0.02	0.2	0.01	0.01	0.01	0.01	0.02	0.04	0.02	0.2	23
chr19	48875653	48876720	HRC|chr19:48875653-48876720:.	-0.01569576203883316	.	chr19:48875653-48876720	chr19	49155424	49155425	-	NA	NA	HRC	ENSG00000130528	NA	GGGCCTGACATTAGTCAAGCNGG	FALSE	0.928	0.9930935251798562	TRUE	NA	Morris et al., 2023	279238	NA	7	TRUE	0.9930935251798562	FALSE	0.01	0	0	0.01	0.01	0.01	0.01	0.11	0.01	0	0	0.01	0.01	0.01	0.01	0.11	23
chr19	48875653	48876720	IRF3|chr19:48875653-48876720:.	-0.4330518131070548	.	chr19:48875653-48876720	chr19	49665875	49665876	-	NA	NA	IRF3	ENSG00000126456	NA	GGGCCTGACATTAGTCAAGCNGG	FALSE	0.236	0.7610840108401083	TRUE	NA	Morris et al., 2023	789689	NA	10	TRUE	0.7610840108401083	FALSE	0.01	0	0.03	0.04	0.04	0.05	0.08	0.44	0.01	0	0.03	0.04	0.04	0.05	0.08	0.44	23
chr19	48875653	48876720	KDELR1|chr19:48875653-48876720:.	-0.11102612780893972	.	chr19:48875653-48876720	chr19	48391553	48391554	-	NA	NA	KDELR1	ENSG00000105438	NA	GGGCCTGACATTAGTCAAGCNGG	FALSE	0.448	0.8920193861066237	TRUE	NA	Morris et al., 2023	-484633	NA	20	TRUE	0.8920193861066237	FALSE	0.04	0.01	0.06	0.07	0.17	0.15	0.23	0.86	0.04	0.01	0.06	0.07	0.17	0.15	0.23	0.86	23
chr19	48875653	48876720	LIG1|chr19:48875653-48876720:.	0.2170936181129779	.	chr19:48875653-48876720	chr19	48170603	48170604	-	NA	NA	LIG1	ENSG00000105486	NA	GGGCCTGACATTAGTCAAGCNGG	FALSE	0.56	0.9425742574257426	TRUE	NA	Morris et al., 2023	-705583	NA	8	TRUE	0.9425742574257426	FALSE	0.02	0	0	0.01	0.01	0.04	0.01	0.09	0.02	0	0	0.01	0.01	0.04	0.01	0.09	23
chr19	48875653	48876720	MED25|chr19:48875653-48876720:.	0.29780321784464886	.	chr19:48875653-48876720	chr19	49818279	49818280	+	NA	NA	MED25	ENSG00000104973	NA	GGGCCTGACATTAGTCAAGCNGG	FALSE	0.352	0.8360878243512974	TRUE	NA	Morris et al., 2023	-942093	NA	11	TRUE	0.8360878243512974	FALSE	0.01	0.02	0.02	0.04	0.02	0.08	0.05	0.3	0.01	0.02	0.02	0.04	0.02	0.08	0.05	0.3	23
chr19	48875653	48876720	NOSIP|chr19:48875653-48876720:.	-0.02342130126300912	.	chr19:48875653-48876720	chr19	49590262	49590263	-	NA	NA	NOSIP	ENSG00000142546	NA	GGGCCTGACATTAGTCAAGCNGG	FALSE	0.856	0.9832432432432432	TRUE	NA	Morris et al., 2023	714076	NA	21	TRUE	0.9832432432432433	FALSE	0.02	0.03	0.02	0.06	0.09	0.13	0.24	0.77	0.02	0.03	0.02	0.06	0.09	0.13	0.24	0.77	23
chr19	48875653	48876720	NUCB1|chr19:48875653-48876720:.	0.08876510183382447	.	chr19:48875653-48876720	chr19	48900050	48900051	+	NA	NA	NUCB1	ENSG00000104805	NA	GGGCCTGACATTAGTCAAGCNGG	FALSE	0.836	0.9832432432432432	TRUE	NA	Morris et al., 2023	-23864	NA	16	TRUE	0.9832432432432433	FALSE	0.04	0.02	0.03	0.04	0.11	0.1	0.14	0.6	0.04	0.02	0.03	0.04	0.11	0.1	0.14	0.6	23
chr19	48875653	48876720	PIH1D1|chr19:48875653-48876720:.	-0.11386261590318578	.	chr19:48875653-48876720	chr19	49453497	49453498	-	NA	NA	PIH1D1	ENSG00000104872	NA	GGGCCTGACATTAGTCAAGCNGG	FALSE	0.712	0.9686652078774618	TRUE	NA	Morris et al., 2023	577311	NA	16	TRUE	0.9686652078774618	FALSE	0.01	0.01	0.03	0.03	0.05	0.07	0.09	0.45	0.01	0.01	0.03	0.03	0.05	0.07	0.09	0.45	23
chr19	48875653	48876720	PLEKHA4|chr19:48875653-48876720:.	-0.02619159435768847	.	chr19:48875653-48876720	chr19	48868632	48868633	-	NA	NA	PLEKHA4	ENSG00000105559	NA	GGGCCTGACATTAGTCAAGCNGG	FALSE	0.988	1	TRUE	NA	Morris et al., 2023	-7554	NA	7	TRUE	1	FALSE	0	0.01	0.01	0	0	0.03	0.02	0.08	0	0.01	0.01	0	0	0.03	0.02	0.08	23
chr19	48875653	48876720	PPFIA3|chr19:48875653-48876720:.	0.12154167765852164	.	chr19:48875653-48876720	chr19	49119389	49119390	+	NA	NA	PPFIA3	ENSG00000177380	NA	GGGCCTGACATTAGTCAAGCNGG	FALSE	0.732	0.9686652078774618	TRUE	NA	Morris et al., 2023	-243203	NA	10	TRUE	0.9686652078774618	FALSE	0	0	0	0.01	0.02	0	0.02	0.24	0	0	0	0.01	0.02	0	0.02	0.24	23
chr19	48875653	48876720	PPP1R15A|chr19:48875653-48876720:.	0.2309671581372976	.	chr19:48875653-48876720	chr19	48872392	48872393	+	NA	NA	PPP1R15A	ENSG00000087074	NA	GGGCCTGACATTAGTCAAGCNGG	FALSE	0.464	0.8920193861066237	overlaps target gene exon	NA	Morris et al., 2023	3794	NA	17	TRUE	0.8920193861066237	FALSE	0.04	0	0.04	0.03	0.07	0.05	0.13	0.59	0.04	0	0.04	0.03	0.07	0.05	0.13	0.59	23
chr19	48875653	48876720	PRMT1|chr19:48875653-48876720:.	0.2760410735439891	.	chr19:48875653-48876720	chr19	49675786	49675787	+	NA	NA	PRMT1	ENSG00000126457	NA	GGGCCTGACATTAGTCAAGCNGG	FALSE	0.188	0.7311111111111112	TRUE	NA	Morris et al., 2023	-799600	NA	18	TRUE	0.7311111111111112	FALSE	0.01	0	0	0.04	0.04	0.09	0.12	0.7	0.01	0	0	0.04	0.04	0.09	0.12	0.7	23
chr19	48875653	48876720	PTOV1|chr19:48875653-48876720:.	-0.475241130501578	.	chr19:48875653-48876720	chr19	49850735	49850736	+	NA	NA	PTOV1	ENSG00000104960	NA	GGGCCTGACATTAGTCAAGCNGG	FALSE	0.084	0.584561403508772	TRUE	NA	Morris et al., 2023	-974549	NA	18	TRUE	0.584561403508772	FALSE	0.01	0.02	0.02	0.06	0.06	0.08	0.17	0.68	0.01	0.02	0.02	0.06	0.06	0.08	0.17	0.68	23
chr19	48875653	48876720	RPL13A|chr19:48875653-48876720:.	0.01120548555491662	.	chr19:48875653-48876720	chr19	49487554	49487555	+	NA	NA	RPL13A	ENSG00000142541	NA	GGGCCTGACATTAGTCAAGCNGG	FALSE	0.708	0.9686652078774618	TRUE	NA	Morris et al., 2023	-611368	NA	23	TRUE	0.9686652078774618	FALSE	0.05	0.02	0.09	0.2	0.23	0.39	0.47	0.95	0.05	0.02	0.09	0.2	0.23	0.39	0.47	0.95	23
chr19	48875653	48876720	RPL18|chr19:48875653-48876720:.	-0.0266305867666956	.	chr19:48875653-48876720	chr19	48619536	48619537	-	NA	NA	RPL18	ENSG00000063177	NA	GGGCCTGACATTAGTCAAGCNGG	FALSE	0.752	0.9714285714285714	TRUE	NA	Morris et al., 2023	-256650	NA	23	TRUE	0.9714285714285714	FALSE	0.06	0.06	0.11	0.24	0.32	0.41	0.53	0.98	0.06	0.06	0.11	0.24	0.32	0.41	0.53	0.98	23
chr19	48875653	48876720	RPS11|chr19:48875653-48876720:.	-0.09449225413007856	.	chr19:48875653-48876720	chr19	49496365	49496366	+	NA	NA	RPS11	ENSG00000142534	NA	GGGCCTGACATTAGTCAAGCNGG	FALSE	0.28	0.7951999999999999	TRUE	NA	Morris et al., 2023	-620179	NA	23	TRUE	0.7951999999999999	FALSE	0.05	0.09	0.04	0.12	0.25	0.21	0.43	0.96	0.05	0.09	0.04	0.12	0.25	0.21	0.43	0.96	23
chr19	48875653	48876720	RUVBL2|chr19:48875653-48876720:.	0.5832545026404845	.	chr19:48875653-48876720	chr19	48993448	48993449	+	NA	NA	RUVBL2	ENSG00000183207	NA	GGGCCTGACATTAGTCAAGCNGG	TRUE	0.00249370417002711	0.06056138698637275	TRUE	NA	Morris et al., 2023	-117262	NA	22	TRUE	0.060561386986372666	TRUE	0	0	0.01	0.05	0.12	0.14	0.18	0.66	0	0	0.01	0.05	0.12	0.14	0.18	0.66	23
chr19	48875653	48876720	SCAF1|chr19:48875653-48876720:.	-0.30736687232519844	.	chr19:48875653-48876720	chr19	49642125	49642126	+	NA	NA	SCAF1	ENSG00000126461	NA	GGGCCTGACATTAGTCAAGCNGG	FALSE	0.492	0.9066666666666666	TRUE	NA	Morris et al., 2023	-765939	NA	9	TRUE	0.9066666666666666	FALSE	0.03	0	0.02	0.03	0.02	0.06	0.02	0.22	0.03	0	0.02	0.03	0.02	0.06	0.02	0.22	23
chr19	48875653	48876720	SNRNP70|chr19:48875653-48876720:.	0.16978690704994848	.	chr19:48875653-48876720	chr19	49085419	49085420	+	NA	NA	SNRNP70	ENSG00000104852	NA	GGGCCTGACATTAGTCAAGCNGG	FALSE	0.544	0.942369942196532	TRUE	NA	Morris et al., 2023	-209233	NA	18	TRUE	0.9423699421965319	FALSE	0.01	0.01	0.03	0.04	0.09	0.06	0.16	0.68	0.01	0.01	0.03	0.04	0.09	0.06	0.16	0.68	23
chr19	48875653	48876720	TRPM4|chr19:48875653-48876720:.	0.6440137862409415	.	chr19:48875653-48876720	chr19	49157741	49157742	+	NA	NA	TRPM4	ENSG00000130529	NA	GGGCCTGACATTAGTCAAGCNGG	FALSE	0.132	0.6923636363636364	TRUE	NA	Morris et al., 2023	-281555	NA	10	TRUE	0.6923636363636364	FALSE	0.01	0.03	0	0.01	0.04	0.01	0.06	0.13	0.01	0.03	0	0.01	0.04	0.01	0.06	0.13	23
chr2	64858998	64860163	AC007389.1|chr2:64858998-64860163:.	-0.14496734262299604	.	chr2:64858998-64860163	chr2	65436711	65436712	+	NA	NA	AC007389.1	ENSG00000204929	NA	CGTTGGATACAAGTGCGGTTNGG	FALSE	0.784	0.9807284079084286	TRUE	NA	Morris et al., 2023	-577131	NA	9	TRUE	0.9807284079084286	FALSE	0.01	0	0.01	0.01	0	0.02	0.05	0.22	0.01	0	0.01	0.01	0	0.02	0.05	0.22	275
chr2	64858998	64860163	ACTR2|chr2:64858998-64860163:.	0.03512243757291866	.	chr2:64858998-64860163	chr2	65227753	65227754	+	NA	NA	ACTR2	ENSG00000138071	NA	CGTTGGATACAAGTGCGGTTNGG	FALSE	0.596	0.9545118733509236	TRUE	NA	Morris et al., 2023	-368173	NA	231	TRUE	0.9545118733509235	FALSE	0.16	0.27	0.29	0.48	0.58	0.69	0.82	1	0.16	0.27	0.29	0.48	0.58	0.69	0.82	1	275
chr2	64858998	64860163	AFTPH|chr2:64858998-64860163:.	-0.12635766666803885	.	chr2:64858998-64860163	chr2	64524305	64524306	+	NA	NA	AFTPH	ENSG00000119844	NA	CGTTGGATACAAGTGCGGTTNGG	FALSE	0.48	0.8985335413416536	TRUE	NA	Morris et al., 2023	335275	NA	67	TRUE	0.8985335413416536	FALSE	0.11	0.02	0.07	0.18	0.24	0.39	0.35	0.93	0.11	0.02	0.07	0.18	0.24	0.39	0.35	0.93	275
chr2	64858998	64860163	CEP68|chr2:64858998-64860163:.	-0.2630723459063453	.	chr2:64858998-64860163	chr2	65056366	65056367	+	NA	NA	CEP68	ENSG00000011523	NA	CGTTGGATACAAGTGCGGTTNGG	FALSE	0.16	0.6923636363636364	TRUE	NA	Morris et al., 2023	-196786	NA	50	TRUE	0.6923636363636364	FALSE	0.03	0	0.08	0.14	0.17	0.2	0.42	0.91	0.03	0	0.08	0.14	0.17	0.2	0.42	0.91	275
chr2	64858998	64860163	LINC02245|chr2:64858998-64860163:.	-0.221062874917082	.	chr2:64858998-64860163	chr2	64905137	64905138	-	NA	NA	LINC02245	ENSG00000237638	NA	CGTTGGATACAAGTGCGGTTNGG	FALSE	0.22	0.7445810055865922	TRUE	NA	Morris et al., 2023	45557	NA	59	TRUE	0.7445810055865922	FALSE	0.02	0.02	0.08	0.1	0.24	0.32	0.38	0.91	0.02	0.02	0.08	0.1	0.24	0.32	0.38	0.91	275
chr2	64858998	64860163	PELI1|chr2:64858998-64860163:.	-0.4765799052834958	.	chr2:64858998-64860163	chr2	64144454	64144455	-	NA	NA	PELI1	ENSG00000197329	NA	CGTTGGATACAAGTGCGGTTNGG	FALSE	0.112	0.6565517241379311	TRUE	NA	Morris et al., 2023	-715126	NA	22	TRUE	0.6565517241379311	FALSE	0.04	0.03	0.04	0.06	0.06	0.12	0.14	0.74	0.04	0.03	0.04	0.06	0.06	0.12	0.14	0.74	275
chr2	64858998	64860163	RAB1A|chr2:64858998-64860163:.	-0.00111169384902043	.	chr2:64858998-64860163	chr2	65130331	65130332	-	NA	NA	RAB1A	ENSG00000138069	NA	CGTTGGATACAAGTGCGGTTNGG	FALSE	0.996	1	TRUE	NA	Morris et al., 2023	270751	NA	194	TRUE	1	FALSE	0.28	0.14	0.33	0.34	0.54	0.68	0.74	1	0.28	0.14	0.33	0.34	0.54	0.68	0.74	1	275
chr2	64858998	64860163	SERTAD2|chr2:64858998-64860163:.	0.05075410806604563	.	chr2:64858998-64860163	chr2	64751005	64751006	-	NA	NA	SERTAD2	ENSG00000179833	NA	CGTTGGATACAAGTGCGGTTNGG	FALSE	0.756	0.9714285714285714	TRUE	NA	Morris et al., 2023	-108575	NA	79	TRUE	0.9714285714285714	FALSE	0.09	0.06	0.12	0.16	0.22	0.43	0.45	0.92	0.09	0.06	0.12	0.16	0.22	0.43	0.45	0.92	275
chr2	64858998	64860163	SLC1A4|chr2:64858998-64860163:.	-0.00802502434364704	.	chr2:64858998-64860163	chr2	64988477	64988478	+	NA	NA	SLC1A4	ENSG00000115902	NA	CGTTGGATACAAGTGCGGTTNGG	FALSE	0.972	0.9999658411614004	TRUE	NA	Morris et al., 2023	-128897	NA	73	TRUE	0.9999658411614004	FALSE	0.05	0.08	0.09	0.08	0.19	0.29	0.38	0.94	0.05	0.08	0.09	0.08	0.19	0.29	0.38	0.94	275
chr2	64858998	64860163	SPRED2|chr2:64858998-64860163:.	0.01039940557120555	.	chr2:64858998-64860163	chr2	65432637	65432638	-	NA	NA	SPRED2	ENSG00000198369	NA	CGTTGGATACAAGTGCGGTTNGG	FALSE	0.936	0.9945	TRUE	NA	Morris et al., 2023	573057	NA	82	TRUE	0.9945	FALSE	0.11	0.04	0.09	0.19	0.25	0.32	0.46	0.96	0.11	0.04	0.09	0.19	0.25	0.32	0.46	0.96	275
chr2	64858998	64860163	VPS54|chr2:64858998-64860163:.	-0.05001587422069509	.	chr2:64858998-64860163	chr2	64019072	64019073	-	NA	NA	VPS54	ENSG00000143952	NA	CGTTGGATACAAGTGCGGTTNGG	FALSE	0.712	0.9686652078774618	TRUE	NA	Morris et al., 2023	-840508	NA	34	TRUE	0.9686652078774618	FALSE	0	0.03	0.03	0.02	0.06	0.1	0.06	0.4	0	0.03	0.03	0.02	0.06	0.1	0.06	0.4	275
chr2	241490325	241490825	AC131097.4|chr2:241490325-241490825:.	0.07538685858437777	.	chr2:241490325-241490825	chr2	241844380	241844381	+	NA	NA	AC131097.4	ENSG00000235151	NA	GCTGGCACTTCTTGACGTGANGG;CACTTCTTGACGTGAGGGTTNGG	FALSE	0.856	0.9832432432432432	TRUE	NA	Morris et al., 2023	-353805	NA	14	TRUE	0.9832432432432433	FALSE	0	0.01	0	0.02	0	0.02	0.01	0.05	0	0.01	0	0.02	0	0.02	0.01	0.05	804
chr2	241490325	241490825	ANKMY1|chr2:241490325-241490825:.	-0.03981439746441317	.	chr2:241490325-241490825	chr2	240569209	240569210	-	NA	NA	ANKMY1	ENSG00000144504	NA	GCTGGCACTTCTTGACGTGANGG;CACTTCTTGACGTGAGGGTTNGG	FALSE	0.828	0.9832432432432432	TRUE	NA	Morris et al., 2023	-921366	NA	68	TRUE	0.9832432432432433	FALSE	0.03	0.07	0.05	0.07	0.14	0.33	0.31	0.91	0.03	0.07	0.05	0.07	0.14	0.33	0.31	0.91	804
chr2	241490325	241490825	ANO7|chr2:241490325-241490825:.	-0.11491436052001092	.	chr2:241490325-241490825	chr2	241188509	241188510	+	NA	NA	ANO7	ENSG00000146205	NA	GCTGGCACTTCTTGACGTGANGG;CACTTCTTGACGTGAGGGTTNGG	FALSE	0.608	0.9545118733509236	TRUE	NA	Morris et al., 2023	302066	NA	34	TRUE	0.9545118733509235	FALSE	0.04	0	0.02	0.05	0.08	0.18	0.17	0.74	0.04	0	0.02	0.05	0.08	0.18	0.17	0.74	804
chr2	241490325	241490825	ATG4B|chr2:241490325-241490825:.	0.01422342736180337	.	chr2:241490325-241490825	chr2	241637213	241637214	+	NA	NA	ATG4B	ENSG00000168397	NA	GCTGGCACTTCTTGACGTGANGG;CACTTCTTGACGTGAGGGTTNGG	FALSE	0.82	0.9832432432432432	TRUE	NA	Morris et al., 2023	-146638	NA	252	TRUE	0.9832432432432433	FALSE	0.12	0.19	0.19	0.32	0.55	0.58	0.79	1	0.12	0.19	0.19	0.32	0.55	0.58	0.79	1	804
chr2	241490325	241490825	BOK|chr2:241490325-241490825:.	-0.04576986856158882	.	chr2:241490325-241490825	chr2	241551424	241551425	+	NA	NA	BOK	ENSG00000176720	NA	GCTGGCACTTCTTGACGTGANGG;CACTTCTTGACGTGAGGGTTNGG	FALSE	0.852	0.9832432432432432	TRUE	NA	Morris et al., 2023	-60849	NA	27	TRUE	0.9832432432432433	FALSE	0.01	0.04	0.03	0.04	0.07	0.12	0.1	0.49	0.01	0.04	0.03	0.04	0.07	0.12	0.1	0.49	804
chr2	241490325	241490825	CAPN10|chr2:241490325-241490825:.	0.0910269120167655	.	chr2:241490325-241490825	chr2	240586716	240586717	+	NA	NA	CAPN10	ENSG00000142330	NA	GCTGGCACTTCTTGACGTGANGG;CACTTCTTGACGTGAGGGTTNGG	FALSE	0.608	0.9545118733509236	TRUE	NA	Morris et al., 2023	903859	NA	76	TRUE	0.9545118733509235	FALSE	0.02	0.01	0.05	0.04	0.09	0.08	0.2	0.74	0.02	0.01	0.05	0.04	0.09	0.08	0.2	0.74	804
chr2	241490325	241490825	CAPN10-DT|chr2:241490325-241490825:.	-0.16149790067701764	.	chr2:241490325-241490825	chr2	240586699	240586700	-	NA	NA	CAPN10-DT	ENSG00000260942	NA	GCTGGCACTTCTTGACGTGANGG;CACTTCTTGACGTGAGGGTTNGG	FALSE	0.336	0.8261157024793389	TRUE	NA	Morris et al., 2023	-903876	NA	58	TRUE	0.8261157024793389	FALSE	0.02	0	0.01	0.04	0.21	0.19	0.32	0.89	0.02	0	0.01	0.04	0.21	0.19	0.32	0.89	804
chr2	241490325	241490825	D2HGDH|chr2:241490325-241490825:.	0.00492152154203751	.	chr2:241490325-241490825	chr2	241734579	241734580	+	NA	NA	D2HGDH	ENSG00000180902	NA	GCTGGCACTTCTTGACGTGANGG;CACTTCTTGACGTGAGGGTTNGG	FALSE	0.928	0.9930935251798562	TRUE	NA	Morris et al., 2023	-244004	NA	97	TRUE	0.9930935251798562	FALSE	0.04	0.05	0.04	0.13	0.21	0.3	0.45	0.93	0.04	0.05	0.04	0.13	0.21	0.3	0.45	0.93	804
chr2	241490325	241490825	DTYMK|chr2:241490325-241490825:.	0.07008518575665446	.	chr2:241490325-241490825	chr2	241686991	241686992	-	NA	NA	DTYMK	ENSG00000168393	NA	GCTGGCACTTCTTGACGTGANGG;CACTTCTTGACGTGAGGGTTNGG	FALSE	0.068	0.528888888888889	TRUE	NA	Morris et al., 2023	196416	NA	630	TRUE	0.528888888888889	FALSE	0.29	0.37	0.48	0.43	0.78	0.81	0.95	1	0.29	0.37	0.48	0.43	0.78	0.81	0.95	1	804
chr2	241490325	241490825	DUSP28|chr2:241490325-241490825:.	0.0777245951375336	.	chr2:241490325-241490825	chr2	240560054	240560055	+	NA	NA	DUSP28	ENSG00000188542	NA	GCTGGCACTTCTTGACGTGANGG;CACTTCTTGACGTGAGGGTTNGG	FALSE	0.336	0.8261157024793389	TRUE	NA	Morris et al., 2023	930521	NA	200	TRUE	0.8261157024793389	FALSE	0.13	0.11	0.12	0.21	0.44	0.53	0.64	1	0.13	0.11	0.12	0.21	0.44	0.53	0.64	1	804
chr2	241490325	241490825	FARP2|chr2:241490325-241490825:.	-0.161239690465802	.	chr2:241490325-241490825	chr2	241356243	241356244	+	NA	NA	FARP2	ENSG00000006607	NA	GCTGGCACTTCTTGACGTGANGG;CACTTCTTGACGTGAGGGTTNGG	FALSE	0.208	0.7410778443113772	overlaps target gene intron	NA	Morris et al., 2023	134332	NA	110	TRUE	0.7410778443113772	FALSE	0.05	0.08	0.1	0.12	0.36	0.46	0.63	0.98	0.05	0.08	0.1	0.12	0.36	0.46	0.63	0.98	804
chr2	241490325	241490825	HDLBP|chr2:241490325-241490825:.	0.05429196536259473	.	chr2:241490325-241490825	chr2	241317061	241317062	-	NA	NA	HDLBP	ENSG00000115677	NA	GCTGGCACTTCTTGACGTGANGG;CACTTCTTGACGTGAGGGTTNGG	FALSE	0.16	0.6923636363636364	TRUE	NA	Morris et al., 2023	-173514	NA	622	TRUE	0.6923636363636364	FALSE	0.33	0.3	0.29	0.53	0.61	0.86	0.91	1	0.33	0.3	0.29	0.53	0.61	0.86	0.91	1	804
chr2	241490325	241490825	ING5|chr2:241490325-241490825:.	-0.06909032141634786	.	chr2:241490325-241490825	chr2	241687085	241687086	+	NA	NA	ING5	ENSG00000168395	NA	GCTGGCACTTCTTGACGTGANGG;CACTTCTTGACGTGAGGGTTNGG	FALSE	0.396	0.8646605504587156	TRUE	NA	Morris et al., 2023	-196510	NA	229	TRUE	0.8646605504587156	FALSE	0.2	0.17	0.2	0.34	0.48	0.54	0.81	1	0.2	0.17	0.2	0.34	0.48	0.54	0.81	1	804
chr2	241490325	241490825	LINC01237|chr2:241490325-241490825:.	1.0488981697080142	.	chr2:241490325-241490825	chr2	241881363	241881364	+	NA	NA	LINC01237	ENSG00000233806	NA	GCTGGCACTTCTTGACGTGANGG;CACTTCTTGACGTGAGGGTTNGG	FALSE	0.01867420155173942	0.25572420853238376	TRUE	NA	Morris et al., 2023	-390788	NA	9	TRUE	0.25572420853238376	FALSE	0	0.01	0	0	0	0	0	0	0	0.01	0	0	0	0	0	0	804
chr2	241490325	241490825	MTERF4|chr2:241490325-241490825:.	0.00737250330050986	.	chr2:241490325-241490825	chr2	241102332	241102333	-	NA	NA	MTERF4	ENSG00000122085	NA	GCTGGCACTTCTTGACGTGANGG;CACTTCTTGACGTGAGGGTTNGG	FALSE	0.964	0.9999658411614004	TRUE	NA	Morris et al., 2023	-388243	NA	272	TRUE	0.9999658411614004	FALSE	0.1	0.19	0.22	0.3	0.48	0.65	0.82	0.99	0.1	0.19	0.22	0.3	0.48	0.65	0.82	0.99	804
chr2	241490325	241490825	PASK|chr2:241490325-241490825:.	-0.00263794799957484	.	chr2:241490325-241490825	chr2	241150264	241150265	-	NA	NA	PASK	ENSG00000115687	NA	GCTGGCACTTCTTGACGTGANGG;CACTTCTTGACGTGAGGGTTNGG	FALSE	0.98	0.9999658411614004	TRUE	NA	Morris et al., 2023	-340311	NA	64	TRUE	0.9999658411614004	FALSE	0.04	0.03	0.08	0.07	0.17	0.3	0.29	0.91	0.04	0.03	0.08	0.07	0.17	0.3	0.29	0.91	804
chr2	241490325	241490825	PPP1R7|chr2:241490325-241490825:.	-0.1161218396686383	.	chr2:241490325-241490825	chr2	241149576	241149577	+	NA	NA	PPP1R7	ENSG00000115685	NA	GCTGGCACTTCTTGACGTGANGG;CACTTCTTGACGTGAGGGTTNGG	FALSE	0.052	0.4687878787878788	TRUE	NA	Morris et al., 2023	340999	NA	424	TRUE	0.4687878787878788	FALSE	0.18	0.21	0.35	0.56	0.63	0.77	0.93	1	0.18	0.21	0.35	0.56	0.63	0.77	0.93	1	804
chr2	241490325	241490825	RNPEPL1|chr2:241490325-241490825:.	-0.03886995752925415	.	chr2:241490325-241490825	chr2	240565804	240565805	+	NA	NA	RNPEPL1	ENSG00000142327	NA	GCTGGCACTTCTTGACGTGANGG;CACTTCTTGACGTGAGGGTTNGG	FALSE	0.704	0.9686652078774618	TRUE	NA	Morris et al., 2023	924771	NA	170	TRUE	0.9686652078774618	FALSE	0.13	0.08	0.19	0.25	0.32	0.48	0.68	0.99	0.13	0.08	0.19	0.25	0.32	0.48	0.68	0.99	804
chr2	241490325	241490825	SEPT2|chr2:241490325-241490825:.	-0.00728111375065704	.	chr2:241490325-241490825	chr2	241315100	241315101	+	NA	NA	SEPT2	ENSG00000168385	NA	GCTGGCACTTCTTGACGTGANGG;CACTTCTTGACGTGAGGGTTNGG	FALSE	0.828	0.9832432432432432	TRUE	NA	Morris et al., 2023	175475	NA	567	TRUE	0.9832432432432433	FALSE	0.21	0.34	0.38	0.61	0.71	0.84	0.91	1	0.21	0.34	0.38	0.61	0.71	0.84	0.91	1	804
chr2	241490325	241490825	STK25|chr2:241490325-241490825:.	-0.08561920791646527	.	chr2:241490325-241490825	chr2	241509730	241509731	-	NA	NA	STK25	ENSG00000115694	NA	GCTGGCACTTCTTGACGTGANGG;CACTTCTTGACGTGAGGGTTNGG	FALSE	0.224	0.7445810055865922	TRUE	NA	Morris et al., 2023	19155	NA	327	TRUE	0.7445810055865922	FALSE	0.16	0.26	0.29	0.5	0.52	0.65	0.75	1	0.16	0.26	0.29	0.5	0.52	0.65	0.75	1	804
chr2	241490325	241490825	THAP4|chr2:241490325-241490825:.	0.01596471819107159	.	chr2:241490325-241490825	chr2	241637449	241637450	-	NA	NA	THAP4	ENSG00000176946	NA	GCTGGCACTTCTTGACGTGANGG;CACTTCTTGACGTGAGGGTTNGG	FALSE	0.94	0.9960819234194124	TRUE	NA	Morris et al., 2023	146874	NA	314	TRUE	0.9960819234194123	FALSE	0.13	0.19	0.26	0.36	0.6	0.76	0.79	1	0.13	0.19	0.26	0.36	0.6	0.76	0.79	1	804
chr20	47360453	47361198	AL031666.3|chr20:47360453-47361198:.	-0.24251830707543576	.	chr20:47360453-47361198	chr20	47349142	47349143	-	NA	NA	AL031666.3	ENSG00000273451	NA	GACCGTTACGCGAAATGGACNGG;TCTCTGACCGTTACGCGAAANGG	FALSE	0.404	0.868550983899821	TRUE	NA	Morris et al., 2023	-11683	NA	20	TRUE	0.868550983899821	FALSE	0.03	0.01	0	0.02	0.05	0.12	0.09	0.51	0.03	0.01	0	0.02	0.05	0.12	0.09	0.51	782
chr20	47360453	47361198	AL354766.2|chr20:47360453-47361198:.	0.3635463948807143	.	chr20:47360453-47361198	chr20	46901726	46901727	-	NA	NA	AL354766.2	ENSG00000236028	NA	GACCGTTACGCGAAATGGACNGG;TCTCTGACCGTTACGCGAAANGG	FALSE	0.38	0.8582156133828998	TRUE	NA	Morris et al., 2023	-459099	NA	9	TRUE	0.8582156133828998	FALSE	0.03	0	0.01	0	0.01	0.01	0.02	0.14	0.03	0	0.01	0	0.01	0.01	0.02	0.14	782
chr20	47360453	47361198	ELMO2|chr20:47360453-47361198:.	-0.03366711547850132	.	chr20:47360453-47361198	chr20	46432985	46432986	-	NA	NA	ELMO2	ENSG00000062598	NA	GACCGTTACGCGAAATGGACNGG;TCTCTGACCGTTACGCGAAANGG	FALSE	0.744	0.9686652078774618	TRUE	NA	Morris et al., 2023	-927840	NA	96	TRUE	0.9686652078774618	FALSE	0.04	0.1	0.09	0.17	0.25	0.39	0.43	0.98	0.04	0.1	0.09	0.17	0.25	0.39	0.43	0.98	782
chr20	47360453	47361198	NCOA3|chr20:47360453-47361198:.	-0.07466426211122945	.	chr20:47360453-47361198	chr20	47501902	47501903	+	NA	NA	NCOA3	ENSG00000124151	NA	GACCGTTACGCGAAATGGACNGG;TCTCTGACCGTTACGCGAAANGG	FALSE	0.428	0.8808828522920205	TRUE	NA	Morris et al., 2023	-141077	NA	147	TRUE	0.8808828522920205	FALSE	0.06	0.1	0.12	0.23	0.46	0.48	0.63	0.98	0.06	0.1	0.12	0.23	0.46	0.48	0.63	0.98	782
chr20	47360453	47361198	SLC13A3|chr20:47360453-47361198:.	0.01334334262077252	.	chr20:47360453-47361198	chr20	46684467	46684468	-	NA	NA	SLC13A3	ENSG00000158296	NA	GACCGTTACGCGAAATGGACNGG;TCTCTGACCGTTACGCGAAANGG	FALSE	0.876	0.9882502266545784	TRUE	NA	Morris et al., 2023	-676358	NA	114	TRUE	0.9882502266545784	FALSE	0.1	0.08	0.11	0.17	0.31	0.35	0.57	0.99	0.1	0.08	0.11	0.17	0.31	0.35	0.57	0.99	782
chr20	47360453	47361198	SLC35C2|chr20:47360453-47361198:.	0.00140596242687585	.	chr20:47360453-47361198	chr20	46364458	46364459	-	NA	NA	SLC35C2	ENSG00000080189	NA	GACCGTTACGCGAAATGGACNGG;TCTCTGACCGTTACGCGAAANGG	FALSE	0.992	1	TRUE	NA	Morris et al., 2023	-996367	NA	338	TRUE	1	FALSE	0.21	0.21	0.25	0.39	0.5	0.72	0.81	1	0.21	0.21	0.25	0.39	0.5	0.72	0.81	1	782
chr20	47360453	47361198	TP53RK|chr20:47360453-47361198:.	-0.06297834204646165	.	chr20:47360453-47361198	chr20	46689779	46689780	-	NA	NA	TP53RK	ENSG00000172315	NA	GACCGTTACGCGAAATGGACNGG;TCTCTGACCGTTACGCGAAANGG	FALSE	0.176	0.7172602739726026	TRUE	NA	Morris et al., 2023	-671046	NA	455	TRUE	0.7172602739726026	FALSE	0.24	0.21	0.3	0.54	0.64	0.75	0.93	1	0.24	0.21	0.3	0.54	0.64	0.75	0.93	1	782
chr20	47360453	47361198	ZMYND8|chr20:47360453-47361198:.	-0.2946026813941359	.	chr20:47360453-47361198	chr20	47356889	47356890	-	NA	NA	ZMYND8	ENSG00000101040	NA	GACCGTTACGCGAAATGGACNGG;TCTCTGACCGTTACGCGAAANGG	TRUE	5.134249316758777e-7	3.0548783434714725e-5	TRUE	NA	Morris et al., 2023	-3936	NA	439	TRUE	3.0548783434714725e-5	TRUE	0.26	0.32	0.36	0.5	0.63	0.84	0.89	1	0.26	0.32	0.36	0.5	0.63	0.84	0.89	1	782
chr20	47360453	47361198	ZNF334|chr20:47360453-47361198:.	0.6251116646921373	.	chr20:47360453-47361198	chr20	46513559	46513560	-	NA	NA	ZNF334	ENSG00000198185	NA	GACCGTTACGCGAAATGGACNGG;TCTCTGACCGTTACGCGAAANGG	FALSE	0.132	0.6923636363636364	TRUE	NA	Morris et al., 2023	-847266	NA	12	TRUE	0.6923636363636364	FALSE	0	0.01	0	0.03	0.01	0.03	0.03	0.17	0	0.01	0	0.03	0.01	0.03	0.03	0.17	782
chr3	28243640	28244140	AZI2|chr3:28243640-28244140:.	-0.00545866230005381	.	chr3:28243640-28244140	chr3	28349127	28349128	-	NA	NA	AZI2	ENSG00000163512	NA	CCCTACACAGACACGTGCGTNGG;CCCCTACACAGACACGTGCGNGG	FALSE	0.856	0.9832432432432432	TRUE	NA	Morris et al., 2023	105237	NA	494	TRUE	0.9832432432432433	FALSE	0.21	0.19	0.24	0.45	0.68	0.83	0.91	1	0.21	0.19	0.24	0.45	0.68	0.83	0.91	1	955
chr3	28243640	28244140	CMC1|chr3:28243640-28244140:.	-0.28832518695216103	.	chr3:28243640-28244140	chr3	28241584	28241585	+	NA	NA	CMC1	ENSG00000187118	NA	CCCTACACAGACACGTGCGTNGG;CCCCTACACAGACACGTGCGNGG	TRUE	4.0929686530184625e-14	3.247088464727981e-12	overlaps target gene intron	NA	Morris et al., 2023	2306	NA	686	TRUE	3.2470884647279803e-12	TRUE	0.27	0.3	0.39	0.61	0.8	0.89	0.96	1	0.27	0.3	0.39	0.61	0.8	0.89	0.96	1	955
chr3	28243640	28244140	LINC01980|chr3:28243640-28244140:.	-0.04503651113578533	.	chr3:28243640-28244140	chr3	27797563	27797564	+	NA	NA	LINC01980	ENSG00000225548	NA	CCCTACACAGACACGTGCGTNGG;CCCCTACACAGACACGTGCGNGG	FALSE	0.708	0.9686652078774618	TRUE	NA	Morris et al., 2023	446327	NA	280	TRUE	0.9686652078774618	FALSE	0.07	0.09	0.11	0.27	0.44	0.69	0.82	1	0.07	0.09	0.11	0.27	0.44	0.69	0.82	1	955
chr3	28243640	28244140	SLC4A7|chr3:28243640-28244140:.	0.14970203633013224	.	chr3:28243640-28244140	chr3	27484420	27484421	-	NA	NA	SLC4A7	ENSG00000033867	NA	CCCTACACAGACACGTGCGTNGG;CCCCTACACAGACACGTGCGNGG	FALSE	0.288	0.802622950819672	TRUE	NA	Morris et al., 2023	-759470	NA	87	TRUE	0.802622950819672	FALSE	0.01	0.04	0.02	0.07	0.22	0.32	0.43	0.97	0.01	0.04	0.02	0.07	0.22	0.32	0.43	0.97	955
chr3	28243640	28244140	ZCWPW2|chr3:28243640-28244140:.	0.0635968693992961	.	chr3:28243640-28244140	chr3	28349146	28349147	+	NA	NA	ZCWPW2	ENSG00000206559	NA	CCCTACACAGACACGTGCGTNGG;CCCCTACACAGACACGTGCGNGG	FALSE	0.712	0.9686652078774618	TRUE	NA	Morris et al., 2023	-105256	NA	50	TRUE	0.9686652078774618	FALSE	0.01	0.01	0.02	0.05	0.07	0.1	0.2	0.81	0.01	0.01	0.02	0.05	0.07	0.1	0.2	0.81	955
chr3	128482781	128483700	ACAD9|chr3:128482781-128483700:.	0.2182271765256547	.	chr3:128482781-128483700	chr3	128879596	128879597	+	NA	NA	ACAD9	ENSG00000177646	NA	GCTTAAATCGTTCCCTGCTTNGG;TCAGGGCGAAGTGATTTATGNGG	FALSE	0.308	0.8124288840262582	overlaps potential promoter	NA	Morris et al., 2023	-396356	NA	52	TRUE	0.8124288840262582	FALSE	0.03	0.01	0	0.08	0.1	0.12	0.16	0.84	0.03	0.01	0	0.08	0.1	0.12	0.16	0.84	367
chr3	128482781	128483700	CNBP|chr3:128482781-128483700:.	-0.02243575950650678	.	chr3:128482781-128483700	chr3	129183922	129183923	-	NA	NA	CNBP	ENSG00000169714	NA	GCTTAAATCGTTCCCTGCTTNGG;TCAGGGCGAAGTGATTTATGNGG	FALSE	0.72	0.9686652078774618	overlaps potential promoter	NA	Morris et al., 2023	700682	NA	343	TRUE	0.9686652078774618	FALSE	0.18	0.18	0.31	0.52	0.72	0.82	0.97	1	0.18	0.18	0.31	0.52	0.72	0.82	0.97	1	367
chr3	128482781	128483700	COPG1|chr3:128482781-128483700:.	0.15023232401184705	.	chr3:128482781-128483700	chr3	129249606	129249607	+	NA	NA	COPG1	ENSG00000181789	NA	GCTTAAATCGTTCCCTGCTTNGG;TCAGGGCGAAGTGATTTATGNGG	FALSE	0.3	0.8076923076923077	overlaps potential promoter	NA	Morris et al., 2023	-766366	NA	94	TRUE	0.8076923076923077	FALSE	0.03	0.02	0.08	0.09	0.18	0.42	0.47	0.98	0.03	0.02	0.08	0.09	0.18	0.42	0.47	0.98	367
chr3	128482781	128483700	EEFSEC|chr3:128482781-128483700:.	0.05190930175174912	.	chr3:128482781-128483700	chr3	128153454	128153455	+	NA	NA	EEFSEC	ENSG00000132394	NA	GCTTAAATCGTTCCCTGCTTNGG;TCAGGGCGAAGTGATTTATGNGG	FALSE	0.86	0.9848275862068966	overlaps potential promoter	NA	Morris et al., 2023	329786	NA	58	TRUE	0.9848275862068966	FALSE	0.05	0.03	0.04	0.09	0.15	0.21	0.34	0.86	0.05	0.03	0.04	0.09	0.15	0.21	0.34	0.86	367
chr3	128482781	128483700	GATA2|chr3:128482781-128483700:.	-0.4251802864964101	.	chr3:128482781-128483700	chr3	128493185	128493186	-	NA	NA	GATA2	ENSG00000179348	NA	GCTTAAATCGTTCCCTGCTTNGG;TCAGGGCGAAGTGATTTATGNGG	TRUE	7.084171562136699e-4	0.02107541039735667	overlaps target gene intron	NA	Morris et al., 2023	9945	NA	116	TRUE	0.021075410397356678	TRUE	0.05	0.07	0.07	0.19	0.32	0.41	0.56	0.97	0.05	0.07	0.07	0.19	0.32	0.41	0.56	0.97	367
chr3	128482781	128483700	GATA2-AS1|chr3:128482781-128483700:.	-0.14967247827275054	.	chr3:128482781-128483700	chr3	128489212	128489213	+	NA	NA	GATA2-AS1	ENSG00000244300	NA	GCTTAAATCGTTCCCTGCTTNGG;TCAGGGCGAAGTGATTTATGNGG	FALSE	0.308	0.8124288840262582	overlaps potential promoter	NA	Morris et al., 2023	-5972	NA	67	TRUE	0.8124288840262582	FALSE	0.02	0.03	0.04	0.05	0.12	0.2	0.39	0.96	0.02	0.03	0.04	0.05	0.12	0.2	0.39	0.96	367
chr3	128482781	128483700	H1FX|chr3:128482781-128483700:.	-0.09206925525649434	.	chr3:128482781-128483700	chr3	129316277	129316278	-	NA	NA	H1FX	ENSG00000184897	NA	GCTTAAATCGTTCCCTGCTTNGG;TCAGGGCGAAGTGATTTATGNGG	FALSE	0.52	0.9280945347119646	overlaps potential promoter	NA	Morris et al., 2023	833037	NA	122	TRUE	0.9280945347119646	FALSE	0.03	0.06	0.08	0.14	0.32	0.38	0.66	0.97	0.03	0.06	0.08	0.14	0.32	0.38	0.66	0.97	367
chr3	128482781	128483700	HMCES|chr3:128482781-128483700:.	-0.07498830728999772	.	chr3:128482781-128483700	chr3	129278828	129278829	+	NA	NA	HMCES	ENSG00000183624	NA	GCTTAAATCGTTCCCTGCTTNGG;TCAGGGCGAAGTGATTTATGNGG	FALSE	0.608	0.9545118733509236	overlaps potential promoter	NA	Morris et al., 2023	-795588	NA	67	TRUE	0.9545118733509235	FALSE	0	0.01	0.05	0.09	0.22	0.27	0.36	0.95	0	0.01	0.05	0.09	0.22	0.27	0.36	0.95	367
chr3	128482781	128483700	IFT122|chr3:128482781-128483700:.	-0.6014810051654083	.	chr3:128482781-128483700	chr3	129440036	129440037	+	NA	NA	IFT122	ENSG00000163913	NA	GCTTAAATCGTTCCCTGCTTNGG;TCAGGGCGAAGTGATTTATGNGG	FALSE	0.116	0.6604784688995216	overlaps potential promoter	NA	Morris et al., 2023	-956796	NA	12	TRUE	0.6604784688995216	FALSE	0	0	0.02	0.01	0.01	0.02	0	0.07	0	0	0.02	0.01	0.01	0.02	0	0.07	367
chr3	128482781	128483700	ISY1|chr3:128482781-128483700:.	-0.04804373036214482	.	chr3:128482781-128483700	chr3	129161293	129161294	-	NA	NA	ISY1	ENSG00000240682	NA	GCTTAAATCGTTCCCTGCTTNGG;TCAGGGCGAAGTGATTTATGNGG	FALSE	0.716	0.9686652078774618	overlaps potential promoter	NA	Morris et al., 2023	678053	NA	99	TRUE	0.9686652078774618	FALSE	0.08	0.06	0.05	0.15	0.2	0.31	0.52	0.98	0.08	0.06	0.05	0.15	0.2	0.31	0.52	0.98	367
chr3	128482781	128483700	MBD4|chr3:128482781-128483700:.	0.01378787226549732	.	chr3:128482781-128483700	chr3	129440179	129440180	-	NA	NA	MBD4	ENSG00000129071	NA	GCTTAAATCGTTCCCTGCTTNGG;TCAGGGCGAAGTGATTTATGNGG	FALSE	0.98	0.9999658411614004	overlaps potential promoter	NA	Morris et al., 2023	956939	NA	175	TRUE	0.9999658411614004	FALSE	0.05	0.11	0.07	0.28	0.46	0.63	0.73	1	0.05	0.11	0.07	0.28	0.46	0.63	0.73	1	367
chr3	128482781	128483700	MCM2|chr3:128482781-128483700:.	-0.1800719658473704	.	chr3:128482781-128483700	chr3	127598223	127598224	+	NA	NA	MCM2	ENSG00000073111	NA	GCTTAAATCGTTCCCTGCTTNGG;TCAGGGCGAAGTGATTTATGNGG	FALSE	0.184	0.7226402640264026	overlaps potential promoter	NA	Morris et al., 2023	885017	NA	94	TRUE	0.7226402640264026	FALSE	0.06	0	0.07	0.11	0.26	0.36	0.41	0.98	0.06	0	0.07	0.11	0.26	0.36	0.41	0.98	367
chr3	128482781	128483700	PODXL2|chr3:128482781-128483700:.	-0.03714270730608704	.	chr3:128482781-128483700	chr3	127629181	127629182	+	NA	NA	PODXL2	ENSG00000114631	NA	GCTTAAATCGTTCCCTGCTTNGG;TCAGGGCGAAGTGATTTATGNGG	FALSE	0.864	0.9848275862068966	overlaps potential promoter	NA	Morris et al., 2023	854059	NA	98	TRUE	0.9848275862068966	FALSE	0.01	0.03	0.07	0.17	0.34	0.37	0.58	0.97	0.01	0.03	0.07	0.17	0.34	0.37	0.58	0.97	367
chr3	128482781	128483700	RAB43|chr3:128482781-128483700:.	1.0455630960623887	.	chr3:128482781-128483700	chr3	129122801	129122802	-	NA	NA	RAB43	ENSG00000172780	NA	GCTTAAATCGTTCCCTGCTTNGG;TCAGGGCGAAGTGATTTATGNGG	FALSE	0.056	0.476	overlaps potential promoter	NA	Morris et al., 2023	639561	NA	7	TRUE	0.47600000000000003	FALSE	0	0	0	0	0	0	0	0.01	0	0	0	0	0	0	0	0.01	367
chr3	128482781	128483700	RAB7A|chr3:128482781-128483700:.	-0.14814165187155548	.	chr3:128482781-128483700	chr3	128726122	128726123	+	NA	NA	RAB7A	ENSG00000075785	NA	GCTTAAATCGTTCCCTGCTTNGG;TCAGGGCGAAGTGATTTATGNGG	FALSE	0.052	0.4687878787878788	overlaps potential promoter	NA	Morris et al., 2023	-242882	NA	216	TRUE	0.4687878787878788	FALSE	0.08	0.13	0.23	0.36	0.62	0.74	0.82	1	0.08	0.13	0.23	0.36	0.62	0.74	0.82	1	367
chr3	128482781	128483700	RPN1|chr3:128482781-128483700:.	-0.06158334064956572	.	chr3:128482781-128483700	chr3	128681075	128681076	-	NA	NA	RPN1	ENSG00000163902	NA	GCTTAAATCGTTCCCTGCTTNGG;TCAGGGCGAAGTGATTTATGNGG	FALSE	0.484	0.8985335413416536	overlaps potential promoter	NA	Morris et al., 2023	197835	NA	220	TRUE	0.8985335413416536	FALSE	0.06	0.2	0.17	0.3	0.51	0.67	0.8	1	0.06	0.2	0.17	0.3	0.51	0.67	0.8	1	367
chr3	128482781	128483700	RUVBL1|chr3:128482781-128483700:.	-0.05966270564080583	.	chr3:128482781-128483700	chr3	128153914	128153915	-	NA	NA	RUVBL1	ENSG00000175792	NA	GCTTAAATCGTTCCCTGCTTNGG;TCAGGGCGAAGTGATTTATGNGG	FALSE	0.528	0.9280945347119646	overlaps potential promoter	NA	Morris et al., 2023	-329326	NA	184	TRUE	0.9280945347119646	FALSE	0.08	0.1	0.14	0.24	0.44	0.68	0.71	1	0.08	0.1	0.14	0.24	0.44	0.68	0.71	1	367
chr3	128482781	128483700	SEC61A1|chr3:128482781-128483700:.	-0.31977750989029263	.	chr3:128482781-128483700	chr3	128051641	128051642	+	NA	NA	SEC61A1	ENSG00000058262	NA	GCTTAAATCGTTCCCTGCTTNGG;TCAGGGCGAAGTGATTTATGNGG	TRUE	0.00622867450390362	0.115814416556958	overlaps potential promoter	NA	Morris et al., 2023	431599	NA	115	TRUE	0.11581441655695794	TRUE	0.05	0.08	0.09	0.21	0.27	0.5	0.63	0.98	0.05	0.08	0.09	0.21	0.27	0.5	0.63	0.98	367
chr3	128482781	128483700	TPRA1|chr3:128482781-128483700:.	0.02987494679214819	.	chr3:128482781-128483700	chr3	127598267	127598268	-	NA	NA	TPRA1	ENSG00000163870	NA	GCTTAAATCGTTCCCTGCTTNGG;TCAGGGCGAAGTGATTTATGNGG	FALSE	0.812	0.9829908443540184	overlaps potential promoter	NA	Morris et al., 2023	-884973	NA	71	TRUE	0.9829908443540183	FALSE	0.05	0.06	0.07	0.05	0.16	0.3	0.39	0.94	0.05	0.06	0.07	0.05	0.16	0.3	0.39	0.94	367
chr3	195960549	195961885	AC233280.1|chr3:195960549-195961885:.	0.34013553424240417	.	chr3:195960549-195961885	chr3	195657927	195657928	-	NA	NA	AC233280.1	ENSG00000229178	NA	GCTCACACAGTATTGATGACNGG;CTCACACAGTATTGATGACANGG	FALSE	0.34	0.8308008213552361	TRUE	NA	Morris et al., 2023	-303290	NA	14	TRUE	0.8308008213552361	FALSE	0	0.01	0	0.01	0.01	0.04	0.05	0.22	0	0.01	0	0.01	0.01	0.04	0.05	0.22	377
chr3	195960549	195961885	ACAP2|chr3:195960549-195961885:.	7.089261453043227e-4	.	chr3:195960549-195961885	chr3	195443078	195443079	-	NA	NA	ACAP2	ENSG00000114331	NA	GCTCACACAGTATTGATGACNGG;CTCACACAGTATTGATGACANGG	FALSE	0.916	0.9882502266545784	TRUE	NA	Morris et al., 2023	-518139	NA	265	TRUE	0.9882502266545784	FALSE	0.17	0.12	0.24	0.34	0.5	0.75	0.81	1	0.17	0.12	0.24	0.34	0.5	0.75	0.81	1	377
chr3	195960549	195961885	CEP19|chr3:195960549-195961885:.	0.2955815500184995	.	chr3:195960549-195961885	chr3	196712293	196712294	-	NA	NA	CEP19	ENSG00000174007	NA	GCTCACACAGTATTGATGACNGG;CTCACACAGTATTGATGACANGG	FALSE	0.14	0.6923636363636364	TRUE	NA	Morris et al., 2023	751076	NA	47	TRUE	0.6923636363636364	FALSE	0.01	0.03	0.01	0.01	0.1	0.19	0.19	0.72	0.01	0.03	0.01	0.01	0.1	0.19	0.19	0.72	377
chr3	195960549	195961885	FBXO45|chr3:195960549-195961885:.	0.11726869468792056	.	chr3:195960549-195961885	chr3	196568611	196568612	+	NA	NA	FBXO45	ENSG00000174013	NA	GCTCACACAGTATTGATGACNGG;CTCACACAGTATTGATGACANGG	FALSE	0.316	0.8174782608695652	TRUE	NA	Morris et al., 2023	-607394	NA	145	TRUE	0.8174782608695652	FALSE	0.09	0.11	0.12	0.17	0.32	0.46	0.71	0.99	0.09	0.11	0.12	0.17	0.32	0.46	0.71	0.99	377
chr3	195960549	195961885	LINC00885|chr3:195960549-195961885:.	0.10731334808918323	.	chr3:195960549-195961885	chr3	196142636	196142637	+	NA	NA	LINC00885	ENSG00000224652	NA	GCTCACACAGTATTGATGACNGG;CTCACACAGTATTGATGACANGG	FALSE	0.572	0.942770083102493	TRUE	NA	Morris et al., 2023	-181419	NA	31	TRUE	0.942770083102493	FALSE	0.01	0	0	0.04	0.09	0.04	0.1	0.68	0.01	0	0	0.04	0.09	0.04	0.1	0.68	377
chr3	195960549	195961885	LINC01063|chr3:195960549-195961885:.	-0.04673438045010325	.	chr3:195960549-195961885	chr3	196632587	196632588	-	NA	NA	LINC01063	ENSG00000232065	NA	GCTCACACAGTATTGATGACNGG;CTCACACAGTATTGATGACANGG	FALSE	1	1	TRUE	NA	Morris et al., 2023	671370	NA	22	TRUE	1	FALSE	0.01	0.06	0.01	0.01	0.07	0.09	0.12	0.47	0.01	0.06	0.01	0.01	0.07	0.09	0.12	0.47	377
chr3	195960549	195961885	NCBP2|chr3:195960549-195961885:.	-0.11174275020241184	.	chr3:195960549-195961885	chr3	196942597	196942598	-	NA	NA	NCBP2	ENSG00000114503	NA	GCTCACACAGTATTGATGACNGG;CTCACACAGTATTGATGACANGG	FALSE	0.18	0.7187919463087248	TRUE	NA	Morris et al., 2023	981380	NA	204	TRUE	0.7187919463087248	FALSE	0.11	0.16	0.14	0.3	0.5	0.74	0.87	0.99	0.11	0.16	0.14	0.3	0.5	0.74	0.87	0.99	377
chr3	195960549	195961885	NCBP2-AS2|chr3:195960549-195961885:.	-0.05266116013642913	.	chr3:195960549-195961885	chr3	196942623	196942624	+	NA	NA	NCBP2-AS2	ENSG00000270170	NA	GCTCACACAGTATTGATGACNGG;CTCACACAGTATTGATGACANGG	FALSE	0.468	0.892972972972973	TRUE	NA	Morris et al., 2023	-981406	NA	255	TRUE	0.892972972972973	FALSE	0.15	0.23	0.23	0.46	0.51	0.71	0.79	1	0.15	0.23	0.23	0.46	0.51	0.71	0.79	1	377
chr3	195960549	195961885	NRROS|chr3:195960549-195961885:.	0.5969325106802175	.	chr3:195960549-195961885	chr3	196639686	196639687	+	NA	NA	NRROS	ENSG00000174004	NA	GCTCACACAGTATTGATGACNGG;CTCACACAGTATTGATGACANGG	FALSE	0.036	0.3930275229357798	TRUE	NA	Morris et al., 2023	-678469	NA	22	TRUE	0.3930275229357798	FALSE	0	0.01	0	0.02	0.03	0.05	0.04	0.39	0	0.01	0	0.02	0.03	0.05	0.04	0.39	377
chr3	195960549	195961885	PAK2|chr3:195960549-195961885:.	-0.01447936341471745	.	chr3:195960549-195961885	chr3	196739857	196739858	+	NA	NA	PAK2	ENSG00000180370	NA	GCTCACACAGTATTGATGACNGG;CTCACACAGTATTGATGACANGG	FALSE	0.744	0.9686652078774618	TRUE	NA	Morris et al., 2023	-778640	NA	268	TRUE	0.9686652078774618	FALSE	0.19	0.18	0.29	0.43	0.55	0.76	0.8	1	0.19	0.18	0.29	0.43	0.55	0.76	0.8	1	377
chr3	195960549	195961885	PCYT1A|chr3:195960549-195961885:.	0.10648568502992917	.	chr3:195960549-195961885	chr3	196287957	196287958	-	NA	NA	PCYT1A	ENSG00000161217	NA	GCTCACACAGTATTGATGACNGG;CTCACACAGTATTGATGACANGG	FALSE	0.348	0.8349193548387097	TRUE	NA	Morris et al., 2023	326740	NA	139	TRUE	0.8349193548387097	FALSE	0.12	0.08	0.08	0.21	0.36	0.47	0.69	1	0.12	0.08	0.08	0.21	0.36	0.47	0.69	1	377
chr3	195960549	195961885	PIGX|chr3:195960549-195961885:.	0.13504787929364537	.	chr3:195960549-195961885	chr3	196639775	196639776	+	NA	NA	PIGX	ENSG00000163964	NA	GCTCACACAGTATTGATGACNGG;CTCACACAGTATTGATGACANGG	FALSE	0.212	0.7441887905604719	TRUE	NA	Morris et al., 2023	-678558	NA	148	TRUE	0.7441887905604719	FALSE	0.06	0.08	0.12	0.25	0.3	0.5	0.7	0.99	0.06	0.08	0.12	0.25	0.3	0.5	0.7	0.99	377
chr3	195960549	195961885	PPP1R2|chr3:195960549-195961885:.	5.207418412128684e-5	.	chr3:195960549-195961885	chr3	195543386	195543387	-	NA	NA	PPP1R2	ENSG00000184203	NA	GCTCACACAGTATTGATGACNGG;CTCACACAGTATTGATGACANGG	FALSE	0.968	0.9999658411614004	TRUE	NA	Morris et al., 2023	-417831	NA	206	TRUE	0.9999658411614004	FALSE	0.08	0.18	0.17	0.34	0.49	0.55	0.79	0.99	0.08	0.18	0.17	0.34	0.49	0.55	0.79	0.99	377
chr3	195960549	195961885	RNF168|chr3:195960549-195961885:.	0.00504935201374673	.	chr3:195960549-195961885	chr3	196503768	196503769	-	NA	NA	RNF168	ENSG00000163961	NA	GCTCACACAGTATTGATGACNGG;CTCACACAGTATTGATGACANGG	FALSE	0.904	0.9882502266545784	TRUE	NA	Morris et al., 2023	542551	NA	180	TRUE	0.9882502266545784	FALSE	0.08	0.13	0.07	0.24	0.39	0.53	0.75	0.99	0.08	0.13	0.07	0.24	0.39	0.53	0.75	0.99	377
chr3	195960549	195961885	SENP5|chr3:195960549-195961885:.	0.1246407755989276	.	chr3:195960549-195961885	chr3	196867856	196867857	+	NA	NA	SENP5	ENSG00000119231	NA	GCTCACACAGTATTGATGACNGG;CTCACACAGTATTGATGACANGG	FALSE	0.312	0.8124288840262582	TRUE	NA	Morris et al., 2023	-906639	NA	116	TRUE	0.8124288840262582	FALSE	0.11	0.07	0.06	0.13	0.28	0.36	0.48	0.98	0.11	0.07	0.06	0.13	0.28	0.36	0.48	0.98	377
chr3	195960549	195961885	TCTEX1D2|chr3:195960549-195961885:.	-8.544666469405549e-4	.	chr3:195960549-195961885	chr3	196318299	196318300	-	NA	NA	TCTEX1D2	ENSG00000213123	NA	GCTCACACAGTATTGATGACNGG;CTCACACAGTATTGATGACANGG	FALSE	0.956	0.9999658411614004	TRUE	NA	Morris et al., 2023	357082	NA	158	TRUE	0.9999658411614004	FALSE	0.07	0.09	0.11	0.3	0.33	0.58	0.67	0.99	0.07	0.09	0.11	0.3	0.33	0.58	0.67	0.99	377
chr3	195960549	195961885	TFRC|chr3:195960549-195961885:.	0.02223345861310011	.	chr3:195960549-195961885	chr3	196082189	196082190	-	NA	NA	TFRC	ENSG00000072274	NA	GCTCACACAGTATTGATGACNGG;CTCACACAGTATTGATGACANGG	FALSE	0.428	0.8808828522920205	TRUE	NA	Morris et al., 2023	120972	NA	334	TRUE	0.8808828522920205	FALSE	0.12	0.2	0.29	0.46	0.65	0.78	0.85	1	0.12	0.2	0.29	0.46	0.65	0.78	0.85	1	377
chr3	195960549	195961885	TM4SF19|chr3:195960549-195961885:.	-0.07907059585916443	.	chr3:195960549-195961885	chr3	196338503	196338504	-	NA	NA	TM4SF19	ENSG00000145107	NA	GCTCACACAGTATTGATGACNGG;CTCACACAGTATTGATGACANGG	FALSE	0.596	0.9545118733509236	TRUE	NA	Morris et al., 2023	377286	NA	87	TRUE	0.9545118733509235	FALSE	0.02	0.04	0.06	0.08	0.23	0.31	0.44	0.95	0.02	0.04	0.06	0.08	0.23	0.31	0.44	0.95	377
chr3	195960549	195961885	TNK2|chr3:195960549-195961885:.	0.4873739666256358	.	chr3:195960549-195961885	chr3	195911945	195911946	-	NA	NA	TNK2	ENSG00000061938	NA	GCTCACACAGTATTGATGACNGG;CTCACACAGTATTGATGACANGG	FALSE	0.064	0.518095238095238	TRUE	NA	Morris et al., 2023	-49272	NA	38	TRUE	0.518095238095238	FALSE	0.01	0	0	0.01	0.04	0.06	0.13	0.64	0.01	0	0	0.01	0.04	0.06	0.13	0.64	377
chr3	195960549	195961885	UBXN7|chr3:195960549-195961885:.	-0.15765768737794206	.	chr3:195960549-195961885	chr3	196432474	196432475	-	NA	NA	UBXN7	ENSG00000163960	NA	GCTCACACAGTATTGATGACNGG;CTCACACAGTATTGATGACANGG	FALSE	0.196	0.7381012658227849	TRUE	NA	Morris et al., 2023	471257	NA	91	TRUE	0.7381012658227849	FALSE	0.07	0.09	0.04	0.16	0.28	0.4	0.61	0.99	0.07	0.09	0.04	0.16	0.28	0.4	0.61	0.99	377
chr3	195960549	195961885	WDR53|chr3:195960549-195961885:.	-0.02857855817422949	.	chr3:195960549-195961885	chr3	196568674	196568675	-	NA	NA	WDR53	ENSG00000185798	NA	GCTCACACAGTATTGATGACNGG;CTCACACAGTATTGATGACANGG	FALSE	0.904	0.9882502266545784	TRUE	NA	Morris et al., 2023	607457	NA	54	TRUE	0.9882502266545784	FALSE	0.04	0.05	0.06	0.08	0.15	0.28	0.33	0.84	0.04	0.05	0.06	0.08	0.15	0.28	0.33	0.84	377
chr3	195960549	195961885	XXYLT1|chr3:195960549-195961885:.	-0.20647468540117497	.	chr3:195960549-195961885	chr3	195271167	195271168	-	NA	NA	XXYLT1	ENSG00000173950	NA	GCTCACACAGTATTGATGACNGG;CTCACACAGTATTGATGACANGG	FALSE	0.26	0.777386934673367	TRUE	NA	Morris et al., 2023	-690050	NA	61	TRUE	0.777386934673367	FALSE	0.02	0.02	0.11	0.06	0.19	0.28	0.31	0.93	0.02	0.02	0.11	0.06	0.19	0.28	0.31	0.93	377
chr3	195960549	195961885	ZDHHC19|chr3:195960549-195961885:.	0.0647800126123812	.	chr3:195960549-195961885	chr3	196211437	196211438	-	NA	NA	ZDHHC19	ENSG00000163958	NA	GCTCACACAGTATTGATGACNGG;CTCACACAGTATTGATGACANGG	FALSE	0.788	0.9807284079084286	TRUE	NA	Morris et al., 2023	250220	NA	53	TRUE	0.9807284079084286	FALSE	0.03	0.02	0.03	0.06	0.08	0.21	0.35	0.82	0.03	0.02	0.03	0.06	0.08	0.21	0.35	0.82	377
chr3	196126689	196127979	AC233280.1|chr3:196126689-196127979:.	-0.3974901382886715	.	chr3:196126689-196127979	chr3	195657927	195657928	-	NA	NA	AC233280.1	ENSG00000229178	NA	TTATTCGCTTGCGGAAAATANGG;TGAGGCCGTGGCCGTCTCACNGG	FALSE	0.432	0.8808828522920205	TRUE	NA	Morris et al., 2023	-469407	NA	7	TRUE	0.8808828522920205	FALSE	0	0.01	0	0.01	0.03	0.04	0.05	0.18	0	0.01	0	0.01	0.03	0.04	0.05	0.18	293
chr3	196126689	196127979	ACAP2|chr3:196126689-196127979:.	-0.13023305185670775	.	chr3:196126689-196127979	chr3	195443078	195443079	-	NA	NA	ACAP2	ENSG00000114331	NA	TTATTCGCTTGCGGAAAATANGG;TGAGGCCGTGGCCGTCTCACNGG	FALSE	0.096	0.6175135135135136	TRUE	NA	Morris et al., 2023	-684256	NA	195	TRUE	0.6175135135135136	FALSE	0.13	0.18	0.11	0.35	0.51	0.71	0.8	1	0.13	0.18	0.11	0.35	0.51	0.71	0.8	1	293
chr3	196126689	196127979	CEP19|chr3:196126689-196127979:.	0.14155336535314025	.	chr3:196126689-196127979	chr3	196712293	196712294	-	NA	NA	CEP19	ENSG00000174007	NA	TTATTCGCTTGCGGAAAATANGG;TGAGGCCGTGGCCGTCTCACNGG	FALSE	0.54	0.9408491947291362	TRUE	NA	Morris et al., 2023	584959	NA	31	TRUE	0.9408491947291362	FALSE	0.03	0	0.03	0.03	0.03	0.08	0.12	0.69	0.03	0	0.03	0.03	0.03	0.08	0.12	0.69	293
chr3	196126689	196127979	FBXO45|chr3:196126689-196127979:.	0.09449486499430916	.	chr3:196126689-196127979	chr3	196568611	196568612	+	NA	NA	FBXO45	ENSG00000174013	NA	TTATTCGCTTGCGGAAAATANGG;TGAGGCCGTGGCCGTCTCACNGG	FALSE	0.428	0.8808828522920205	TRUE	NA	Morris et al., 2023	-441277	NA	114	TRUE	0.8808828522920205	FALSE	0.08	0.07	0.14	0.17	0.22	0.52	0.7	0.99	0.08	0.07	0.14	0.17	0.22	0.52	0.7	0.99	293
chr3	196126689	196127979	LINC00885|chr3:196126689-196127979:.	-0.6425663575518117	.	chr3:196126689-196127979	chr3	196142636	196142637	+	NA	NA	LINC00885	ENSG00000224652	NA	TTATTCGCTTGCGGAAAATANGG;TGAGGCCGTGGCCGTCTCACNGG	FALSE	0.096	0.6175135135135136	TRUE	NA	Morris et al., 2023	-15302	NA	16	TRUE	0.6175135135135136	FALSE	0.03	0.02	0.02	0.02	0.04	0.07	0.13	0.52	0.03	0.02	0.02	0.02	0.04	0.07	0.13	0.52	293
chr3	196126689	196127979	LINC01063|chr3:196126689-196127979:.	-0.4220540234160639	.	chr3:196126689-196127979	chr3	196632587	196632588	-	NA	NA	LINC01063	ENSG00000232065	NA	TTATTCGCTTGCGGAAAATANGG;TGAGGCCGTGGCCGTCTCACNGG	FALSE	0.232	0.7605509641873278	TRUE	NA	Morris et al., 2023	505253	NA	14	TRUE	0.7605509641873278	FALSE	0	0.01	0	0.04	0.03	0.05	0.11	0.33	0	0.01	0	0.04	0.03	0.05	0.11	0.33	293
chr3	196126689	196127979	MELTF|chr3:196126689-196127979:.	0.2242690679145296	.	chr3:196126689-196127979	chr3	197029816	197029817	-	NA	NA	MELTF	ENSG00000163975	NA	TTATTCGCTTGCGGAAAATANGG;TGAGGCCGTGGCCGTCTCACNGG	FALSE	0.436	0.8808828522920205	TRUE	NA	Morris et al., 2023	902482	NA	28	TRUE	0.8808828522920205	FALSE	0.02	0.03	0.01	0.03	0.04	0.03	0.12	0.49	0.02	0.03	0.01	0.03	0.04	0.03	0.12	0.49	293
chr3	196126689	196127979	MELTF-AS1|chr3:196126689-196127979:.	-0.05810452273310851	.	chr3:196126689-196127979	chr3	196999460	196999461	+	NA	NA	MELTF-AS1	ENSG00000228109	NA	TTATTCGCTTGCGGAAAATANGG;TGAGGCCGTGGCCGTCTCACNGG	FALSE	0.976	0.9999658411614004	TRUE	NA	Morris et al., 2023	-872126	NA	7	TRUE	0.9999658411614004	FALSE	0	0	0.01	0.02	0.01	0.01	0.05	0.1	0	0	0.01	0.02	0.01	0.01	0.05	0.1	293
chr3	196126689	196127979	NCBP2|chr3:196126689-196127979:.	0.02274773900822345	.	chr3:196126689-196127979	chr3	196942597	196942598	-	NA	NA	NCBP2	ENSG00000114503	NA	TTATTCGCTTGCGGAAAATANGG;TGAGGCCGTGGCCGTCTCACNGG	FALSE	0.896	0.9882502266545784	TRUE	NA	Morris et al., 2023	815263	NA	165	TRUE	0.9882502266545784	FALSE	0.15	0.12	0.18	0.29	0.43	0.67	0.74	1	0.15	0.12	0.18	0.29	0.43	0.67	0.74	1	293
chr3	196126689	196127979	NCBP2-AS2|chr3:196126689-196127979:.	0.00319705353105148	.	chr3:196126689-196127979	chr3	196942623	196942624	+	NA	NA	NCBP2-AS2	ENSG00000270170	NA	TTATTCGCTTGCGGAAAATANGG;TGAGGCCGTGGCCGTCTCACNGG	FALSE	0.916	0.9882502266545784	TRUE	NA	Morris et al., 2023	-815289	NA	211	TRUE	0.9882502266545784	FALSE	0.11	0.15	0.19	0.36	0.56	0.7	0.84	1	0.11	0.15	0.19	0.36	0.56	0.7	0.84	1	293
chr3	196126689	196127979	NRROS|chr3:196126689-196127979:.	-0.4198521459389042	.	chr3:196126689-196127979	chr3	196639686	196639687	+	NA	NA	NRROS	ENSG00000174004	NA	TTATTCGCTTGCGGAAAATANGG;TGAGGCCGTGGCCGTCTCACNGG	FALSE	0.46	0.8920193861066237	TRUE	NA	Morris et al., 2023	-512352	NA	10	TRUE	0.8920193861066237	FALSE	0.01	0	0	0.02	0	0.02	0.05	0.21	0.01	0	0	0.02	0	0.02	0.05	0.21	293
chr3	196126689	196127979	PAK2|chr3:196126689-196127979:.	-0.02123488693291131	.	chr3:196126689-196127979	chr3	196739857	196739858	+	NA	NA	PAK2	ENSG00000180370	NA	TTATTCGCTTGCGGAAAATANGG;TGAGGCCGTGGCCGTCTCACNGG	FALSE	0.708	0.9686652078774618	TRUE	NA	Morris et al., 2023	-612523	NA	210	TRUE	0.9686652078774618	FALSE	0.18	0.17	0.2	0.36	0.6	0.77	0.85	1	0.18	0.17	0.2	0.36	0.6	0.77	0.85	1	293
chr3	196126689	196127979	PCYT1A|chr3:196126689-196127979:.	-0.03713052608863188	.	chr3:196126689-196127979	chr3	196287957	196287958	-	NA	NA	PCYT1A	ENSG00000161217	NA	TTATTCGCTTGCGGAAAATANGG;TGAGGCCGTGGCCGTCTCACNGG	FALSE	0.684	0.9686652078774618	TRUE	NA	Morris et al., 2023	160623	NA	109	TRUE	0.9686652078774618	FALSE	0.05	0.08	0.08	0.11	0.25	0.45	0.59	0.97	0.05	0.08	0.08	0.11	0.25	0.45	0.59	0.97	293
chr3	196126689	196127979	PIGX|chr3:196126689-196127979:.	0.00906932375006919	.	chr3:196126689-196127979	chr3	196639775	196639776	+	NA	NA	PIGX	ENSG00000163964	NA	TTATTCGCTTGCGGAAAATANGG;TGAGGCCGTGGCCGTCTCACNGG	FALSE	0.992	1	TRUE	NA	Morris et al., 2023	-512441	NA	99	TRUE	1	FALSE	0.06	0.11	0.1	0.18	0.28	0.53	0.67	1	0.06	0.11	0.1	0.18	0.28	0.53	0.67	1	293
chr3	196126689	196127979	PPP1R2|chr3:196126689-196127979:.	-0.06911866586442217	.	chr3:196126689-196127979	chr3	195543386	195543387	-	NA	NA	PPP1R2	ENSG00000184203	NA	TTATTCGCTTGCGGAAAATANGG;TGAGGCCGTGGCCGTCTCACNGG	FALSE	0.548	0.942369942196532	TRUE	NA	Morris et al., 2023	-583948	NA	149	TRUE	0.9423699421965319	FALSE	0.13	0.14	0.13	0.23	0.46	0.64	0.74	1	0.13	0.14	0.13	0.23	0.46	0.64	0.74	1	293
chr3	196126689	196127979	RNF168|chr3:196126689-196127979:.	-0.02342871131819279	.	chr3:196126689-196127979	chr3	196503768	196503769	-	NA	NA	RNF168	ENSG00000163961	NA	TTATTCGCTTGCGGAAAATANGG;TGAGGCCGTGGCCGTCTCACNGG	FALSE	0.88	0.9882502266545784	TRUE	NA	Morris et al., 2023	376434	NA	129	TRUE	0.9882502266545784	FALSE	0.08	0.09	0.18	0.23	0.31	0.59	0.66	1	0.08	0.09	0.18	0.23	0.31	0.59	0.66	1	293
chr3	196126689	196127979	SENP5|chr3:196126689-196127979:.	0.04773312042786348	.	chr3:196126689-196127979	chr3	196867856	196867857	+	NA	NA	SENP5	ENSG00000119231	NA	TTATTCGCTTGCGGAAAATANGG;TGAGGCCGTGGCCGTCTCACNGG	FALSE	0.696	0.9686652078774618	TRUE	NA	Morris et al., 2023	-740522	NA	84	TRUE	0.9686652078774618	FALSE	0.06	0.02	0.08	0.16	0.24	0.44	0.44	0.95	0.06	0.02	0.08	0.16	0.24	0.44	0.44	0.95	293
chr3	196126689	196127979	TCTEX1D2|chr3:196126689-196127979:.	0.17104009383727758	.	chr3:196126689-196127979	chr3	196318299	196318300	-	NA	NA	TCTEX1D2	ENSG00000213123	NA	TTATTCGCTTGCGGAAAATANGG;TGAGGCCGTGGCCGTCTCACNGG	FALSE	0.128	0.6923636363636364	TRUE	NA	Morris et al., 2023	190965	NA	131	TRUE	0.6923636363636364	FALSE	0.11	0.07	0.09	0.2	0.26	0.48	0.66	0.98	0.11	0.07	0.09	0.2	0.26	0.48	0.66	0.98	293
chr3	196126689	196127979	TFRC|chr3:196126689-196127979:.	-0.15757321629053167	.	chr3:196126689-196127979	chr3	196082189	196082190	-	NA	NA	TFRC	ENSG00000072274	NA	TTATTCGCTTGCGGAAAATANGG;TGAGGCCGTGGCCGTCTCACNGG	FALSE	0.032	0.3626666666666667	TRUE	NA	Morris et al., 2023	-45145	NA	242	TRUE	0.3626666666666667	FALSE	0.1	0.13	0.25	0.4	0.52	0.82	0.83	1	0.1	0.13	0.25	0.4	0.52	0.82	0.83	1	293
chr3	196126689	196127979	TM4SF19|chr3:196126689-196127979:.	-0.12080241312052342	.	chr3:196126689-196127979	chr3	196338503	196338504	-	NA	NA	TM4SF19	ENSG00000145107	NA	TTATTCGCTTGCGGAAAATANGG;TGAGGCCGTGGCCGTCTCACNGG	FALSE	0.464	0.8920193861066237	TRUE	NA	Morris et al., 2023	211169	NA	69	TRUE	0.8920193861066237	FALSE	0.04	0	0.05	0.1	0.1	0.3	0.29	0.91	0.04	0	0.05	0.1	0.1	0.3	0.29	0.91	293
chr3	196126689	196127979	TNK2|chr3:196126689-196127979:.	-0.01699218808169123	.	chr3:196126689-196127979	chr3	195911945	195911946	-	NA	NA	TNK2	ENSG00000061938	NA	TTATTCGCTTGCGGAAAATANGG;TGAGGCCGTGGCCGTCTCACNGG	FALSE	0.992	1	TRUE	NA	Morris et al., 2023	-215389	NA	22	TRUE	1	FALSE	0.02	0.01	0.01	0.02	0.04	0.04	0.1	0.53	0.02	0.01	0.01	0.02	0.04	0.04	0.1	0.53	293
chr3	196126689	196127979	UBXN7|chr3:196126689-196127979:.	-0.137227998891589	.	chr3:196126689-196127979	chr3	196432474	196432475	-	NA	NA	UBXN7	ENSG00000163960	NA	TTATTCGCTTGCGGAAAATANGG;TGAGGCCGTGGCCGTCTCACNGG	FALSE	0.312	0.8124288840262582	TRUE	NA	Morris et al., 2023	305140	NA	71	TRUE	0.8124288840262582	FALSE	0.03	0.05	0.07	0.09	0.23	0.32	0.54	0.94	0.03	0.05	0.07	0.09	0.23	0.32	0.54	0.94	293
chr3	196126689	196127979	WDR53|chr3:196126689-196127979:.	-0.1996055440726341	.	chr3:196126689-196127979	chr3	196568674	196568675	-	NA	NA	WDR53	ENSG00000185798	NA	TTATTCGCTTGCGGAAAATANGG;TGAGGCCGTGGCCGTCTCACNGG	FALSE	0.356	0.8388910891089109	TRUE	NA	Morris et al., 2023	441340	NA	41	TRUE	0.8388910891089109	FALSE	0.02	0.03	0.04	0.03	0.14	0.17	0.29	0.87	0.02	0.03	0.04	0.03	0.14	0.17	0.29	0.87	293
chr3	196126689	196127979	XXYLT1|chr3:196126689-196127979:.	0.3382493470471801	.	chr3:196126689-196127979	chr3	195271167	195271168	-	NA	NA	XXYLT1	ENSG00000173950	NA	TTATTCGCTTGCGGAAAATANGG;TGAGGCCGTGGCCGTCTCACNGG	FALSE	0.044	0.4513793103448276	TRUE	NA	Morris et al., 2023	-856167	NA	66	TRUE	0.4513793103448276	FALSE	0.02	0.07	0.05	0.08	0.15	0.18	0.32	0.91	0.02	0.07	0.05	0.08	0.15	0.18	0.32	0.91	293
chr3	196126689	196127979	ZDHHC19|chr3:196126689-196127979:.	-0.7908008501399526	.	chr3:196126689-196127979	chr3	196211437	196211438	-	NA	NA	ZDHHC19	ENSG00000163958	NA	TTATTCGCTTGCGGAAAATANGG;TGAGGCCGTGGCCGTCTCACNGG	TRUE	0.00568727062065883	0.10915890384812932	TRUE	NA	Morris et al., 2023	84103	NA	25	TRUE	0.10915890384812917	TRUE	0.01	0.01	0.03	0.02	0.08	0.15	0.18	0.74	0.01	0.01	0.03	0.02	0.08	0.15	0.18	0.74	293
chr3	196183317	196183967	AC016949.1|chr3:196183317-196183967:.	-0.1777412263293554	.	chr3:196183317-196183967	chr3	196912646	196912647	+	NA	NA	AC016949.1	ENSG00000230732	NA	ATCACCGGCTTACATGTTAGNGG;CTAACATGTAAGCCGGTGATNGG	FALSE	0.704	0.9686652078774618	TRUE	NA	Morris et al., 2023	-729004	NA	8	TRUE	0.9686652078774618	FALSE	0	0.01	0.01	0.01	0.04	0.03	0.04	0.14	0	0.01	0.01	0.01	0.04	0.03	0.04	0.14	483
chr3	196183317	196183967	AC233280.1|chr3:196183317-196183967:.	0.17349817439473547	.	chr3:196183317-196183967	chr3	195657927	195657928	-	NA	NA	AC233280.1	ENSG00000229178	NA	ATCACCGGCTTACATGTTAGNGG;CTAACATGTAAGCCGGTGATNGG	FALSE	0.564	0.942640449438202	TRUE	NA	Morris et al., 2023	-525715	NA	17	TRUE	0.9426404494382021	FALSE	0	0	0.02	0.01	0.02	0.02	0.04	0.39	0	0	0.02	0.01	0.02	0.02	0.04	0.39	483
chr3	196183317	196183967	ACAP2|chr3:196183317-196183967:.	-0.02930520474239273	.	chr3:196183317-196183967	chr3	195443078	195443079	-	NA	NA	ACAP2	ENSG00000114331	NA	ATCACCGGCTTACATGTTAGNGG;CTAACATGTAAGCCGGTGATNGG	FALSE	0.604	0.9545118733509236	TRUE	NA	Morris et al., 2023	-740564	NA	353	TRUE	0.9545118733509235	FALSE	0.23	0.27	0.31	0.38	0.62	0.81	0.83	1	0.23	0.27	0.31	0.38	0.62	0.81	0.83	1	483
chr3	196183317	196183967	CEP19|chr3:196183317-196183967:.	-0.02260367543241548	.	chr3:196183317-196183967	chr3	196712293	196712294	-	NA	NA	CEP19	ENSG00000174007	NA	ATCACCGGCTTACATGTTAGNGG;CTAACATGTAAGCCGGTGATNGG	FALSE	0.884	0.9882502266545784	TRUE	NA	Morris et al., 2023	528651	NA	50	TRUE	0.9882502266545784	FALSE	0.03	0.06	0.04	0.02	0.09	0.18	0.16	0.8	0.03	0.06	0.04	0.02	0.09	0.18	0.16	0.8	483
chr3	196183317	196183967	FBXO45|chr3:196183317-196183967:.	-0.07547659298804821	.	chr3:196183317-196183967	chr3	196568611	196568612	+	NA	NA	FBXO45	ENSG00000174013	NA	ATCACCGGCTTACATGTTAGNGG;CTAACATGTAAGCCGGTGATNGG	FALSE	0.428	0.8808828522920205	TRUE	NA	Morris et al., 2023	-384969	NA	171	TRUE	0.8808828522920205	FALSE	0.05	0.07	0.19	0.26	0.37	0.59	0.7	0.99	0.05	0.07	0.19	0.26	0.37	0.59	0.7	0.99	483
chr3	196183317	196183967	LINC00885|chr3:196183317-196183967:.	-0.30418737365146997	.	chr3:196183317-196183967	chr3	196142636	196142637	+	NA	NA	LINC00885	ENSG00000224652	NA	ATCACCGGCTTACATGTTAGNGG;CTAACATGTAAGCCGGTGATNGG	FALSE	0.18	0.7187919463087248	TRUE	NA	Morris et al., 2023	41006	NA	29	TRUE	0.7187919463087248	FALSE	0.01	0.03	0.03	0.04	0.07	0.09	0.19	0.74	0.01	0.03	0.03	0.04	0.07	0.09	0.19	0.74	483
chr3	196183317	196183967	LINC01063|chr3:196183317-196183967:.	-0.24079119706405816	.	chr3:196183317-196183967	chr3	196632587	196632588	-	NA	NA	LINC01063	ENSG00000232065	NA	ATCACCGGCTTACATGTTAGNGG;CTAACATGTAAGCCGGTGATNGG	FALSE	0.416	0.8730864197530864	TRUE	NA	Morris et al., 2023	448945	NA	23	TRUE	0.8730864197530864	FALSE	0.02	0.01	0.02	0.02	0.06	0.08	0.13	0.61	0.02	0.01	0.02	0.02	0.06	0.08	0.13	0.61	483
chr3	196183317	196183967	MELTF|chr3:196183317-196183967:.	0.427348725605909	.	chr3:196183317-196183967	chr3	197029816	197029817	-	NA	NA	MELTF	ENSG00000163975	NA	ATCACCGGCTTACATGTTAGNGG;CTAACATGTAAGCCGGTGATNGG	FALSE	0.04	0.42123893805309737	TRUE	NA	Morris et al., 2023	846174	NA	46	TRUE	0.42123893805309737	FALSE	0.03	0.01	0.03	0.06	0.11	0.13	0.18	0.77	0.03	0.01	0.03	0.06	0.11	0.13	0.18	0.77	483
chr3	196183317	196183967	MELTF-AS1|chr3:196183317-196183967:.	0.27369378300002545	.	chr3:196183317-196183967	chr3	196999460	196999461	+	NA	NA	MELTF-AS1	ENSG00000228109	NA	ATCACCGGCTTACATGTTAGNGG;CTAACATGTAAGCCGGTGATNGG	FALSE	0.424	0.8808828522920205	TRUE	NA	Morris et al., 2023	-815818	NA	15	TRUE	0.8808828522920205	FALSE	0	0	0.02	0	0.02	0.02	0.06	0.21	0	0	0.02	0	0.02	0.02	0.06	0.21	483
chr3	196183317	196183967	MUC4|chr3:196183317-196183967:.	0.1926688114752189	.	chr3:196183317-196183967	chr3	195812277	195812278	-	NA	NA	MUC4	ENSG00000145113	NA	ATCACCGGCTTACATGTTAGNGG;CTAACATGTAAGCCGGTGATNGG	FALSE	0.592	0.9545118733509236	TRUE	NA	Morris et al., 2023	-371365	NA	9	TRUE	0.9545118733509235	FALSE	0	0	0	0.01	0.02	0.03	0.06	0.04	0	0	0	0.01	0.02	0.03	0.06	0.04	483
chr3	196183317	196183967	NCBP2|chr3:196183317-196183967:.	-0.02780898668624596	.	chr3:196183317-196183967	chr3	196942597	196942598	-	NA	NA	NCBP2	ENSG00000114503	NA	ATCACCGGCTTACATGTTAGNGG;CTAACATGTAAGCCGGTGATNGG	FALSE	0.72	0.9686652078774618	TRUE	NA	Morris et al., 2023	758955	NA	280	TRUE	0.9686652078774618	FALSE	0.14	0.18	0.25	0.39	0.56	0.77	0.82	1	0.14	0.18	0.25	0.39	0.56	0.77	0.82	1	483
chr3	196183317	196183967	NCBP2-AS2|chr3:196183317-196183967:.	0.02933669116766024	.	chr3:196183317-196183967	chr3	196942623	196942624	+	NA	NA	NCBP2-AS2	ENSG00000270170	NA	ATCACCGGCTTACATGTTAGNGG;CTAACATGTAAGCCGGTGATNGG	FALSE	0.624	0.9568447837150128	TRUE	NA	Morris et al., 2023	-758981	NA	350	TRUE	0.9568447837150128	FALSE	0.15	0.22	0.23	0.37	0.59	0.75	0.91	1	0.15	0.22	0.23	0.37	0.59	0.75	0.91	1	483
chr3	196183317	196183967	NRROS|chr3:196183317-196183967:.	0.08759916653807043	.	chr3:196183317-196183967	chr3	196639686	196639687	+	NA	NA	NRROS	ENSG00000174004	NA	ATCACCGGCTTACATGTTAGNGG;CTAACATGTAAGCCGGTGATNGG	FALSE	0.708	0.9686652078774618	TRUE	NA	Morris et al., 2023	-456044	NA	22	TRUE	0.9686652078774618	FALSE	0	0.02	0.01	0.01	0.01	0.04	0.1	0.4	0	0.02	0.01	0.01	0.01	0.04	0.1	0.4	483
chr3	196183317	196183967	PAK2|chr3:196183317-196183967:.	-0.0270039284067064	.	chr3:196183317-196183967	chr3	196739857	196739858	+	NA	NA	PAK2	ENSG00000180370	NA	ATCACCGGCTTACATGTTAGNGG;CTAACATGTAAGCCGGTGATNGG	FALSE	0.564	0.942640449438202	TRUE	NA	Morris et al., 2023	-556215	NA	354	TRUE	0.9426404494382021	FALSE	0.25	0.22	0.26	0.45	0.54	0.77	0.89	1	0.25	0.22	0.26	0.45	0.54	0.77	0.89	1	483
chr3	196183317	196183967	PCYT1A|chr3:196183317-196183967:.	0.09570066193539484	.	chr3:196183317-196183967	chr3	196287957	196287958	-	NA	NA	PCYT1A	ENSG00000161217	NA	ATCACCGGCTTACATGTTAGNGG;CTAACATGTAAGCCGGTGATNGG	FALSE	0.32	0.822462203023758	TRUE	NA	Morris et al., 2023	104315	NA	172	TRUE	0.822462203023758	FALSE	0.07	0.14	0.12	0.23	0.39	0.58	0.76	0.99	0.07	0.14	0.12	0.23	0.39	0.58	0.76	0.99	483
chr3	196183317	196183967	PIGX|chr3:196183317-196183967:.	0.16626358359513038	.	chr3:196183317-196183967	chr3	196639775	196639776	+	NA	NA	PIGX	ENSG00000163964	NA	ATCACCGGCTTACATGTTAGNGG;CTAACATGTAAGCCGGTGATNGG	FALSE	0.052	0.4687878787878788	TRUE	NA	Morris et al., 2023	-456133	NA	199	TRUE	0.4687878787878788	FALSE	0.1	0.08	0.13	0.23	0.3	0.53	0.65	1	0.1	0.08	0.13	0.23	0.3	0.53	0.65	1	483
chr3	196183317	196183967	PIGZ|chr3:196183317-196183967:.	0.5435534129681816	.	chr3:196183317-196183967	chr3	196969060	196969061	-	NA	NA	PIGZ	ENSG00000119227	NA	ATCACCGGCTTACATGTTAGNGG;CTAACATGTAAGCCGGTGATNGG	FALSE	0.076	0.5582716049382715	TRUE	NA	Morris et al., 2023	785418	NA	19	TRUE	0.5582716049382715	FALSE	0.01	0.02	0	0	0.01	0.04	0.06	0.21	0.01	0.02	0	0	0.01	0.04	0.06	0.21	483
chr3	196183317	196183967	PPP1R2|chr3:196183317-196183967:.	-0.009184134528954	.	chr3:196183317-196183967	chr3	195543386	195543387	-	NA	NA	PPP1R2	ENSG00000184203	NA	ATCACCGGCTTACATGTTAGNGG;CTAACATGTAAGCCGGTGATNGG	FALSE	0.904	0.9882502266545784	TRUE	NA	Morris et al., 2023	-640256	NA	265	TRUE	0.9882502266545784	FALSE	0.25	0.22	0.29	0.41	0.56	0.7	0.83	0.99	0.25	0.22	0.29	0.41	0.56	0.7	0.83	0.99	483
chr3	196183317	196183967	RNF168|chr3:196183317-196183967:.	-0.04040988610494051	.	chr3:196183317-196183967	chr3	196503768	196503769	-	NA	NA	RNF168	ENSG00000163961	NA	ATCACCGGCTTACATGTTAGNGG;CTAACATGTAAGCCGGTGATNGG	FALSE	0.62	0.9568447837150128	TRUE	NA	Morris et al., 2023	320126	NA	239	TRUE	0.9568447837150128	FALSE	0.09	0.14	0.22	0.36	0.44	0.53	0.75	0.99	0.09	0.14	0.22	0.36	0.44	0.53	0.75	0.99	483
chr3	196183317	196183967	SENP5|chr3:196183317-196183967:.	0.08407093419476053	.	chr3:196183317-196183967	chr3	196867856	196867857	+	NA	NA	SENP5	ENSG00000119231	NA	ATCACCGGCTTACATGTTAGNGG;CTAACATGTAAGCCGGTGATNGG	FALSE	0.456	0.8920193861066237	TRUE	NA	Morris et al., 2023	-684214	NA	148	TRUE	0.8920193861066237	FALSE	0.1	0.05	0.15	0.19	0.32	0.4	0.54	0.99	0.1	0.05	0.15	0.19	0.32	0.4	0.54	0.99	483
chr3	196183317	196183967	SMCO1|chr3:196183317-196183967:.	1.8268452405959037	.	chr3:196183317-196183967	chr3	196515366	196515367	-	NA	NA	SMCO1	ENSG00000214097	NA	ATCACCGGCTTACATGTTAGNGG;CTAACATGTAAGCCGGTGATNGG	TRUE	0.00245058643117889	0.06056138698637275	TRUE	NA	Morris et al., 2023	331724	NA	7	TRUE	0.060561386986372666	TRUE	0	0	0	0	0	0	0	0	0	0	0	0	0	0	0	0	483
chr3	196183317	196183967	TCTEX1D2|chr3:196183317-196183967:.	-0.07284450192493941	.	chr3:196183317-196183967	chr3	196318299	196318300	-	NA	NA	TCTEX1D2	ENSG00000213123	NA	ATCACCGGCTTACATGTTAGNGG;CTAACATGTAAGCCGGTGATNGG	FALSE	0.476	0.8962658227848102	TRUE	NA	Morris et al., 2023	134657	NA	197	TRUE	0.8962658227848102	FALSE	0.15	0.11	0.2	0.29	0.46	0.55	0.72	0.98	0.15	0.11	0.2	0.29	0.46	0.55	0.72	0.98	483
chr3	196183317	196183967	TFRC|chr3:196183317-196183967:.	-0.02870946864493451	.	chr3:196183317-196183967	chr3	196082189	196082190	-	NA	NA	TFRC	ENSG00000072274	NA	ATCACCGGCTTACATGTTAGNGG;CTAACATGTAAGCCGGTGATNGG	FALSE	0.636	0.95795	TRUE	NA	Morris et al., 2023	-101453	NA	406	TRUE	0.9579500000000001	FALSE	0.21	0.27	0.32	0.41	0.59	0.78	0.85	1	0.21	0.27	0.32	0.41	0.59	0.78	0.85	1	483
chr3	196183317	196183967	TM4SF19|chr3:196183317-196183967:.	0.1318089966672931	.	chr3:196183317-196183967	chr3	196338503	196338504	-	NA	NA	TM4SF19	ENSG00000145107	NA	ATCACCGGCTTACATGTTAGNGG;CTAACATGTAAGCCGGTGATNGG	FALSE	0.5	0.9083969465648856	TRUE	NA	Morris et al., 2023	154861	NA	117	TRUE	0.9083969465648855	FALSE	0.03	0.06	0.11	0.12	0.25	0.44	0.57	0.95	0.03	0.06	0.11	0.12	0.25	0.44	0.57	0.95	483
chr3	196183317	196183967	TNK2|chr3:196183317-196183967:.	-0.00381335968054763	.	chr3:196183317-196183967	chr3	195911945	195911946	-	NA	NA	TNK2	ENSG00000061938	NA	ATCACCGGCTTACATGTTAGNGG;CTAACATGTAAGCCGGTGATNGG	FALSE	0.912	0.9882502266545784	TRUE	NA	Morris et al., 2023	-271697	NA	36	TRUE	0.9882502266545784	FALSE	0.01	0.02	0.02	0.04	0.11	0.11	0.14	0.75	0.01	0.02	0.02	0.04	0.11	0.11	0.14	0.75	483
chr3	196183317	196183967	UBXN7|chr3:196183317-196183967:.	0.15537596046344393	.	chr3:196183317-196183967	chr3	196432474	196432475	-	NA	NA	UBXN7	ENSG00000163960	NA	ATCACCGGCTTACATGTTAGNGG;CTAACATGTAAGCCGGTGATNGG	FALSE	0.212	0.7441887905604719	TRUE	NA	Morris et al., 2023	248832	NA	142	TRUE	0.7441887905604719	FALSE	0.08	0.11	0.14	0.19	0.33	0.46	0.57	1	0.08	0.11	0.14	0.19	0.33	0.46	0.57	1	483
chr3	196183317	196183967	WDR53|chr3:196183317-196183967:.	-0.06711290604589237	.	chr3:196183317-196183967	chr3	196568674	196568675	-	NA	NA	WDR53	ENSG00000185798	NA	ATCACCGGCTTACATGTTAGNGG;CTAACATGTAAGCCGGTGATNGG	FALSE	0.688	0.9686652078774618	TRUE	NA	Morris et al., 2023	385032	NA	69	TRUE	0.9686652078774618	FALSE	0.02	0.05	0.06	0.19	0.18	0.26	0.38	0.92	0.02	0.05	0.06	0.19	0.18	0.26	0.38	0.92	483
chr3	196183317	196183967	XXYLT1|chr3:196183317-196183967:.	0.09091200179212944	.	chr3:196183317-196183967	chr3	195271167	195271168	-	NA	NA	XXYLT1	ENSG00000173950	NA	ATCACCGGCTTACATGTTAGNGG;CTAACATGTAAGCCGGTGATNGG	FALSE	0.388	0.8582156133828998	TRUE	NA	Morris et al., 2023	-912475	NA	94	TRUE	0.8582156133828998	FALSE	0.02	0.03	0.05	0.21	0.28	0.35	0.4	0.99	0.02	0.03	0.05	0.21	0.28	0.35	0.4	0.99	483
chr3	196183317	196183967	ZDHHC19|chr3:196183317-196183967:.	-0.07383896363562314	.	chr3:196183317-196183967	chr3	196211437	196211438	-	NA	NA	ZDHHC19	ENSG00000163958	NA	ATCACCGGCTTACATGTTAGNGG;CTAACATGTAAGCCGGTGATNGG	FALSE	0.664	0.9647863247863248	TRUE	NA	Morris et al., 2023	27795	NA	60	TRUE	0.9647863247863248	FALSE	0	0.02	0.01	0.12	0.13	0.21	0.23	0.88	0	0.02	0.01	0.12	0.13	0.21	0.23	0.88	483
chr3	196194473	196194973	AC016949.1|chr3:196194473-196194973:.	-0.208741273001519	.	chr3:196194473-196194973	chr3	196912646	196912647	+	NA	NA	AC016949.1	ENSG00000230732	NA	CACACTAGTTGGGCACAGAGNGG	FALSE	0.672	0.9686652078774618	TRUE	NA	Morris et al., 2023	-717923	NA	8	TRUE	0.9686652078774618	FALSE	0.01	0.01	0	0.02	0.01	0.03	0.05	0.16	0.01	0.01	0	0.02	0.01	0.03	0.05	0.16	513
chr3	196194473	196194973	AC233280.1|chr3:196194473-196194973:.	-0.15970871511276297	.	chr3:196194473-196194973	chr3	195657927	195657928	-	NA	NA	AC233280.1	ENSG00000229178	NA	CACACTAGTTGGGCACAGAGNGG	FALSE	0.644	0.95795	TRUE	NA	Morris et al., 2023	-536796	NA	14	TRUE	0.9579500000000001	FALSE	0.02	0.01	0	0.01	0.07	0.06	0.09	0.37	0.02	0.01	0	0.01	0.07	0.06	0.09	0.37	513
chr3	196194473	196194973	ACAP2|chr3:196194473-196194973:.	5.720075666830193e-4	.	chr3:196194473-196194973	chr3	195443078	195443079	-	NA	NA	ACAP2	ENSG00000114331	NA	CACACTAGTTGGGCACAGAGNGG	FALSE	1	1	TRUE	NA	Morris et al., 2023	-751645	NA	370	TRUE	1	FALSE	0.22	0.25	0.37	0.47	0.59	0.72	0.91	1	0.22	0.25	0.37	0.47	0.59	0.72	0.91	1	513
chr3	196194473	196194973	CEP19|chr3:196194473-196194973:.	-0.1105997387857105	.	chr3:196194473-196194973	chr3	196712293	196712294	-	NA	NA	CEP19	ENSG00000174007	NA	CACACTAGTTGGGCACAGAGNGG	FALSE	0.552	0.942439024390244	TRUE	NA	Morris et al., 2023	517570	NA	46	TRUE	0.942439024390244	FALSE	0.03	0.06	0.03	0.05	0.09	0.19	0.3	0.84	0.03	0.06	0.03	0.05	0.09	0.19	0.3	0.84	513
chr3	196194473	196194973	FBXO45|chr3:196194473-196194973:.	-0.14599535043703715	.	chr3:196194473-196194973	chr3	196568611	196568612	+	NA	NA	FBXO45	ENSG00000174013	NA	CACACTAGTTGGGCACAGAGNGG	FALSE	0.156	0.6923636363636364	TRUE	NA	Morris et al., 2023	-373888	NA	170	TRUE	0.6923636363636364	FALSE	0.14	0.14	0.2	0.3	0.5	0.59	0.75	0.99	0.14	0.14	0.2	0.3	0.5	0.59	0.75	0.99	513
chr3	196194473	196194973	LINC00885|chr3:196194473-196194973:.	-1.013082553319057	.	chr3:196194473-196194973	chr3	196142636	196142637	+	NA	NA	LINC00885	ENSG00000224652	NA	CACACTAGTTGGGCACAGAGNGG	TRUE	6.470184041530297e-4	0.01974235643441296	TRUE	NA	Morris et al., 2023	52087	NA	19	TRUE	0.01974235643441296	TRUE	0.04	0.06	0.03	0.08	0.08	0.18	0.25	0.73	0.04	0.06	0.03	0.08	0.08	0.18	0.25	0.73	513
chr3	196194473	196194973	LINC01063|chr3:196194473-196194973:.	0.2528813291339862	.	chr3:196194473-196194973	chr3	196632587	196632588	-	NA	NA	LINC01063	ENSG00000232065	NA	CACACTAGTTGGGCACAGAGNGG	FALSE	0.256	0.7751653944020357	TRUE	NA	Morris et al., 2023	437864	NA	36	TRUE	0.7751653944020357	FALSE	0.02	0.04	0	0.03	0.04	0.16	0.1	0.58	0.02	0.04	0	0.03	0.04	0.16	0.1	0.58	513
chr3	196194473	196194973	MELTF|chr3:196194473-196194973:.	0.2843611786479472	.	chr3:196194473-196194973	chr3	197029816	197029817	-	NA	NA	MELTF	ENSG00000163975	NA	CACACTAGTTGGGCACAGAGNGG	FALSE	0.208	0.7410778443113772	TRUE	NA	Morris et al., 2023	835093	NA	44	TRUE	0.7410778443113772	FALSE	0	0.02	0.06	0.06	0.06	0.16	0.19	0.77	0	0.02	0.06	0.06	0.06	0.16	0.19	0.77	513
chr3	196194473	196194973	MELTF-AS1|chr3:196194473-196194973:.	0.03105920945115858	.	chr3:196194473-196194973	chr3	196999460	196999461	+	NA	NA	MELTF-AS1	ENSG00000228109	NA	CACACTAGTTGGGCACAGAGNGG	FALSE	0.832	0.9832432432432432	TRUE	NA	Morris et al., 2023	-804737	NA	13	TRUE	0.9832432432432433	FALSE	0	0.02	0.02	0.01	0.04	0.03	0.04	0.23	0	0.02	0.02	0.01	0.04	0.03	0.04	0.23	513
chr3	196194473	196194973	MUC4|chr3:196194473-196194973:.	-0.03319300984553575	.	chr3:196194473-196194973	chr3	195812277	195812278	-	NA	NA	MUC4	ENSG00000145113	NA	CACACTAGTTGGGCACAGAGNGG	FALSE	0.996	1	TRUE	NA	Morris et al., 2023	-382446	NA	7	TRUE	1	FALSE	0.01	0.01	0	0	0	0.02	0.02	0.07	0.01	0.01	0	0	0	0.02	0.02	0.07	513
chr3	196194473	196194973	NCBP2|chr3:196194473-196194973:.	-0.01126514131783833	.	chr3:196194473-196194973	chr3	196942597	196942598	-	NA	NA	NCBP2	ENSG00000114503	NA	CACACTAGTTGGGCACAGAGNGG	FALSE	0.82	0.9832432432432432	TRUE	NA	Morris et al., 2023	747874	NA	288	TRUE	0.9832432432432433	FALSE	0.15	0.21	0.21	0.47	0.55	0.66	0.79	1	0.15	0.21	0.21	0.47	0.55	0.66	0.79	1	513
chr3	196194473	196194973	NCBP2-AS2|chr3:196194473-196194973:.	-0.01625311375235916	.	chr3:196194473-196194973	chr3	196942623	196942624	+	NA	NA	NCBP2-AS2	ENSG00000270170	NA	CACACTAGTTGGGCACAGAGNGG	FALSE	0.784	0.9807284079084286	TRUE	NA	Morris et al., 2023	-747900	NA	357	TRUE	0.9807284079084286	FALSE	0.24	0.28	0.29	0.5	0.58	0.6	0.87	1	0.24	0.28	0.29	0.5	0.58	0.6	0.87	1	513
chr3	196194473	196194973	NRROS|chr3:196194473-196194973:.	0.4200112703548254	.	chr3:196194473-196194973	chr3	196639686	196639687	+	NA	NA	NRROS	ENSG00000174004	NA	CACACTAGTTGGGCACAGAGNGG	FALSE	0.116	0.6604784688995216	TRUE	NA	Morris et al., 2023	-444963	NA	29	TRUE	0.6604784688995216	FALSE	0	0	0	0.05	0.04	0.05	0.13	0.49	0	0	0	0.05	0.04	0.05	0.13	0.49	513
chr3	196194473	196194973	PAK2|chr3:196194473-196194973:.	0.01363895106187407	.	chr3:196194473-196194973	chr3	196739857	196739858	+	NA	NA	PAK2	ENSG00000180370	NA	CACACTAGTTGGGCACAGAGNGG	FALSE	0.804	0.9812923076923078	TRUE	NA	Morris et al., 2023	-545134	NA	361	TRUE	0.9812923076923078	FALSE	0.25	0.34	0.33	0.47	0.63	0.67	0.79	1	0.25	0.34	0.33	0.47	0.63	0.67	0.79	1	513
chr3	196194473	196194973	PCYT1A|chr3:196194473-196194973:.	7.946765671515976e-4	.	chr3:196194473-196194973	chr3	196287957	196287958	-	NA	NA	PCYT1A	ENSG00000161217	NA	CACACTAGTTGGGCACAGAGNGG	FALSE	0.848	0.9832432432432432	TRUE	NA	Morris et al., 2023	93234	NA	166	TRUE	0.9832432432432433	FALSE	0.12	0.14	0.16	0.28	0.46	0.62	0.65	0.99	0.12	0.14	0.16	0.28	0.46	0.62	0.65	0.99	513
chr3	196194473	196194973	PIGX|chr3:196194473-196194973:.	-0.0710259437781755	.	chr3:196194473-196194973	chr3	196639775	196639776	+	NA	NA	PIGX	ENSG00000163964	NA	CACACTAGTTGGGCACAGAGNGG	FALSE	0.464	0.8920193861066237	TRUE	NA	Morris et al., 2023	-445052	NA	173	TRUE	0.8920193861066237	FALSE	0.16	0.15	0.19	0.32	0.42	0.57	0.69	0.99	0.16	0.15	0.19	0.32	0.42	0.57	0.69	0.99	513
chr3	196194473	196194973	PIGZ|chr3:196194473-196194973:.	0.1845788964559949	.	chr3:196194473-196194973	chr3	196969060	196969061	-	NA	NA	PIGZ	ENSG00000119227	NA	CACACTAGTTGGGCACAGAGNGG	FALSE	0.564	0.942640449438202	TRUE	NA	Morris et al., 2023	774337	NA	16	TRUE	0.9426404494382021	FALSE	0	0	0.02	0.02	0.04	0.03	0.11	0.34	0	0	0.02	0.02	0.04	0.03	0.11	0.34	513
chr3	196194473	196194973	PPP1R2|chr3:196194473-196194973:.	0.02086737566675844	.	chr3:196194473-196194973	chr3	195543386	195543387	-	NA	NA	PPP1R2	ENSG00000184203	NA	CACACTAGTTGGGCACAGAGNGG	FALSE	0.8	0.9812923076923078	TRUE	NA	Morris et al., 2023	-651337	NA	277	TRUE	0.9812923076923078	FALSE	0.21	0.23	0.25	0.4	0.58	0.63	0.81	1	0.21	0.23	0.25	0.4	0.58	0.63	0.81	1	513
chr3	196194473	196194973	RNF168|chr3:196194473-196194973:.	-0.1320030976147457	.	chr3:196194473-196194973	chr3	196503768	196503769	-	NA	NA	RNF168	ENSG00000163961	NA	CACACTAGTTGGGCACAGAGNGG	FALSE	0.136	0.6923636363636364	TRUE	NA	Morris et al., 2023	309045	NA	219	TRUE	0.6923636363636364	FALSE	0.19	0.24	0.25	0.27	0.51	0.6	0.76	1	0.19	0.24	0.25	0.27	0.51	0.6	0.76	1	513
chr3	196194473	196194973	SENP5|chr3:196194473-196194973:.	-0.20234050948486493	.	chr3:196194473-196194973	chr3	196867856	196867857	+	NA	NA	SENP5	ENSG00000119231	NA	CACACTAGTTGGGCACAGAGNGG	FALSE	0.072	0.5492307692307692	TRUE	NA	Morris et al., 2023	-673133	NA	120	TRUE	0.5492307692307692	FALSE	0.1	0.12	0.18	0.22	0.23	0.5	0.58	1	0.1	0.12	0.18	0.22	0.23	0.5	0.58	1	513
chr3	196194473	196194973	TCTEX1D2|chr3:196194473-196194973:.	-0.19652236864338823	.	chr3:196194473-196194973	chr3	196318299	196318300	-	NA	NA	TCTEX1D2	ENSG00000213123	NA	CACACTAGTTGGGCACAGAGNGG	FALSE	0.052	0.4687878787878788	TRUE	NA	Morris et al., 2023	123576	NA	186	TRUE	0.4687878787878788	FALSE	0.19	0.14	0.16	0.27	0.42	0.51	0.68	0.99	0.19	0.14	0.16	0.27	0.42	0.51	0.68	0.99	513
chr3	196194473	196194973	TFRC|chr3:196194473-196194973:.	-0.1565908465251753	.	chr3:196194473-196194973	chr3	196082189	196082190	-	NA	NA	TFRC	ENSG00000072274	NA	CACACTAGTTGGGCACAGAGNGG	TRUE	0.00291316693391838	0.0679738951247624	TRUE	NA	Morris et al., 2023	-112534	NA	425	TRUE	0.06797389512476221	TRUE	0.25	0.27	0.38	0.5	0.63	0.78	0.86	0.99	0.25	0.27	0.38	0.5	0.63	0.78	0.86	0.99	513
chr3	196194473	196194973	TM4SF19|chr3:196194473-196194973:.	-0.3152360883640033	.	chr3:196194473-196194973	chr3	196338503	196338504	-	NA	NA	TM4SF19	ENSG00000145107	NA	CACACTAGTTGGGCACAGAGNGG	FALSE	0.024	0.3038297872340425	TRUE	NA	Morris et al., 2023	143780	NA	105	TRUE	0.3038297872340425	FALSE	0.05	0.09	0.07	0.11	0.29	0.41	0.41	0.98	0.05	0.09	0.07	0.11	0.29	0.41	0.41	0.98	513
chr3	196194473	196194973	TNK2|chr3:196194473-196194973:.	0.45110268538861487	.	chr3:196194473-196194973	chr3	195911945	195911946	-	NA	NA	TNK2	ENSG00000061938	NA	CACACTAGTTGGGCACAGAGNGG	FALSE	0.02888267341121342	0.34030080553805914	TRUE	NA	Morris et al., 2023	-282778	NA	49	TRUE	0.3403008055380591	FALSE	0	0.02	0.03	0.03	0.09	0.13	0.13	0.71	0	0.02	0.03	0.03	0.09	0.13	0.13	0.71	513
chr3	196194473	196194973	UBXN7|chr3:196194473-196194973:.	0.00170692260232341	.	chr3:196194473-196194973	chr3	196432474	196432475	-	NA	NA	UBXN7	ENSG00000163960	NA	CACACTAGTTGGGCACAGAGNGG	FALSE	0.984	0.9999658411614004	TRUE	NA	Morris et al., 2023	237751	NA	130	TRUE	0.9999658411614004	FALSE	0.12	0.1	0.2	0.27	0.29	0.49	0.55	0.97	0.12	0.1	0.2	0.27	0.29	0.49	0.55	0.97	513
chr3	196194473	196194973	WDR53|chr3:196194473-196194973:.	0.01073399154126608	.	chr3:196194473-196194973	chr3	196568674	196568675	-	NA	NA	WDR53	ENSG00000185798	NA	CACACTAGTTGGGCACAGAGNGG	FALSE	0.948	0.9999658411614004	TRUE	NA	Morris et al., 2023	373951	NA	77	TRUE	0.9999658411614004	FALSE	0.03	0.08	0.08	0.11	0.13	0.24	0.37	0.9	0.03	0.08	0.08	0.11	0.13	0.24	0.37	0.9	513
chr3	196194473	196194973	XXYLT1|chr3:196194473-196194973:.	-0.125427927761681	.	chr3:196194473-196194973	chr3	195271167	195271168	-	NA	NA	XXYLT1	ENSG00000173950	NA	CACACTAGTTGGGCACAGAGNGG	FALSE	0.488	0.9017391304347826	TRUE	NA	Morris et al., 2023	-923556	NA	83	TRUE	0.9017391304347826	FALSE	0.04	0.03	0.06	0.12	0.26	0.33	0.62	0.95	0.04	0.03	0.06	0.12	0.26	0.33	0.62	0.95	513
chr3	196194473	196194973	ZDHHC19|chr3:196194473-196194973:.	0.21572541464882145	.	chr3:196194473-196194973	chr3	196211437	196211438	-	NA	NA	ZDHHC19	ENSG00000163958	NA	CACACTAGTTGGGCACAGAGNGG	FALSE	0.2	0.7410778443113772	TRUE	NA	Morris et al., 2023	16714	NA	79	TRUE	0.7410778443113772	FALSE	0.04	0.04	0.05	0.12	0.18	0.23	0.28	0.84	0.04	0.04	0.05	0.12	0.18	0.23	0.28	0.84	513
chr5	135386653	135387995	AC022092.1|chr5:135386653-135387995:.	-0.1673493818128211	.	chr5:135386653-135387995	chr5	135450613	135450614	+	NA	NA	AC022092.1	ENSG00000249639	NA	ACAGAGCACGTACACTAACTNGG;GTACGTGCTCTGTGACCTAGNGG	FALSE	0.66	0.9625	TRUE	NA	Morris et al., 2023	-63289	NA	9	TRUE	0.9625	FALSE	0	0.01	0.01	0.01	0.02	0.04	0.02	0.12	0	0.01	0.01	0.01	0.02	0.04	0.02	0.12	663
chr5	135386653	135387995	C5orf24|chr5:135386653-135387995:.	-0.0752993143109771	.	chr5:135386653-135387995	chr5	134845680	134845681	+	NA	NA	C5orf24	ENSG00000181904	NA	ACAGAGCACGTACACTAACTNGG;GTACGTGCTCTGTGACCTAGNGG	FALSE	0.176	0.7172602739726026	TRUE	NA	Morris et al., 2023	541644	NA	392	TRUE	0.7172602739726026	FALSE	0.31	0.19	0.3	0.45	0.7	0.7	0.8	0.99	0.31	0.19	0.3	0.45	0.7	0.7	0.8	0.99	663
chr5	135386653	135387995	C5orf66|chr5:135386653-135387995:.	-0.30014793418651164	.	chr5:135386653-135387995	chr5	135033280	135033281	+	NA	NA	C5orf66	ENSG00000224186	NA	ACAGAGCACGTACACTAACTNGG;GTACGTGCTCTGTGACCTAGNGG	FALSE	0.156	0.6923636363636364	TRUE	NA	Morris et al., 2023	354044	NA	45	TRUE	0.6923636363636364	FALSE	0	0.03	0.05	0.1	0.13	0.21	0.29	0.79	0	0.03	0.05	0.1	0.13	0.21	0.29	0.79	663
chr5	135386653	135387995	CAMLG|chr5:135386653-135387995:.	0.05195295183784315	.	chr5:135386653-135387995	chr5	134738501	134738502	+	NA	NA	CAMLG	ENSG00000164615	NA	ACAGAGCACGTACACTAACTNGG;GTACGTGCTCTGTGACCTAGNGG	FALSE	0.308	0.8124288840262582	TRUE	NA	Morris et al., 2023	648823	NA	461	TRUE	0.8124288840262582	FALSE	0.17	0.34	0.35	0.52	0.65	0.74	0.83	1	0.17	0.34	0.35	0.52	0.65	0.74	0.83	1	663
chr5	135386653	135387995	CDKN2AIPNL|chr5:135386653-135387995:.	-0.05063356907352376	.	chr5:135386653-135387995	chr5	134411898	134411899	-	NA	NA	CDKN2AIPNL	ENSG00000237190	NA	ACAGAGCACGTACACTAACTNGG;GTACGTGCTCTGTGACCTAGNGG	FALSE	0.412	0.869290780141844	TRUE	NA	Morris et al., 2023	-975426	NA	426	TRUE	0.869290780141844	FALSE	0.28	0.3	0.33	0.53	0.64	0.73	0.92	1	0.28	0.3	0.33	0.53	0.64	0.73	0.92	1	663
chr5	135386653	135387995	DDX46|chr5:135386653-135387995:.	2.022214251626853e-4	.	chr5:135386653-135387995	chr5	134758771	134758772	+	NA	NA	DDX46	ENSG00000145833	NA	ACAGAGCACGTACACTAACTNGG;GTACGTGCTCTGTGACCTAGNGG	FALSE	0.936	0.9945	TRUE	NA	Morris et al., 2023	628553	NA	581	TRUE	0.9945	FALSE	0.26	0.35	0.36	0.48	0.67	0.87	0.97	1	0.26	0.35	0.36	0.48	0.67	0.87	0.97	1	663
chr5	135386653	135387995	H2AFY|chr5:135386653-135387995:.	-0.0927694096155538	.	chr5:135386653-135387995	chr5	135399914	135399915	-	NA	NA	H2AFY	ENSG00000113648	NA	ACAGAGCACGTACACTAACTNGG;GTACGTGCTCTGTGACCTAGNGG	TRUE	0.0089898998973625	0.15967135638599078	overlaps target gene intron	NA	Morris et al., 2023	12590	NA	594	TRUE	0.15967135638599064	TRUE	0.28	0.41	0.41	0.62	0.71	0.86	0.93	1	0.28	0.41	0.41	0.62	0.71	0.86	0.93	1	663
chr5	135386653	135387995	JADE2|chr5:135386653-135387995:.	-0.08310089881758875	.	chr5:135386653-135387995	chr5	134524312	134524313	+	NA	NA	JADE2	ENSG00000043143	NA	ACAGAGCACGTACACTAACTNGG;GTACGTGCTCTGTGACCTAGNGG	FALSE	0.704	0.9686652078774618	TRUE	NA	Morris et al., 2023	863012	NA	44	TRUE	0.9686652078774618	FALSE	0.05	0	0.02	0.03	0.06	0.19	0.23	0.78	0.05	0	0.02	0.03	0.06	0.19	0.23	0.78	663
chr5	135386653	135387995	PCBD2|chr5:135386653-135387995:.	-0.01232562999971742	.	chr5:135386653-135387995	chr5	134904906	134904907	+	NA	NA	PCBD2	ENSG00000132570	NA	ACAGAGCACGTACACTAACTNGG;GTACGTGCTCTGTGACCTAGNGG	FALSE	0.904	0.9882502266545784	TRUE	NA	Morris et al., 2023	482418	NA	160	TRUE	0.9882502266545784	FALSE	0.05	0.14	0.11	0.26	0.35	0.61	0.59	1	0.05	0.14	0.11	0.26	0.35	0.61	0.59	1	663
chr5	135386653	135387995	PITX1|chr5:135386653-135387995:.	-0.02111704316291818	.	chr5:135386653-135387995	chr5	135034813	135034814	-	NA	NA	PITX1	ENSG00000069011	NA	ACAGAGCACGTACACTAACTNGG;GTACGTGCTCTGTGACCTAGNGG	FALSE	0.804	0.9812923076923078	TRUE	NA	Morris et al., 2023	-352511	NA	532	TRUE	0.9812923076923078	FALSE	0.33	0.3	0.29	0.49	0.79	0.86	0.89	1	0.33	0.3	0.29	0.49	0.79	0.86	0.89	1	663
chr5	135386653	135387995	SAR1B|chr5:135386653-135387995:.	0.01851485950311549	.	chr5:135386653-135387995	chr5	134649271	134649272	-	NA	NA	SAR1B	ENSG00000152700	NA	ACAGAGCACGTACACTAACTNGG;GTACGTGCTCTGTGACCTAGNGG	FALSE	0.632	0.9568447837150128	TRUE	NA	Morris et al., 2023	-738053	NA	511	TRUE	0.9568447837150128	FALSE	0.24	0.29	0.33	0.52	0.68	0.83	0.91	1	0.24	0.29	0.33	0.52	0.68	0.83	0.91	1	663
chr5	135386653	135387995	SEC24A|chr5:135386653-135387995:.	-0.10443934610919237	.	chr5:135386653-135387995	chr5	134648789	134648790	+	NA	NA	SEC24A	ENSG00000113615	NA	ACAGAGCACGTACACTAACTNGG;GTACGTGCTCTGTGACCTAGNGG	FALSE	0.284	0.7951999999999999	TRUE	NA	Morris et al., 2023	738535	NA	156	TRUE	0.7951999999999999	FALSE	0.11	0.09	0.17	0.22	0.32	0.5	0.74	0.99	0.11	0.09	0.17	0.22	0.32	0.5	0.74	0.99	663
chr5	135386653	135387995	SMAD5|chr5:135386653-135387995:.	0.06514145403854354	.	chr5:135386653-135387995	chr5	136132845	136132846	+	NA	NA	SMAD5	ENSG00000113658	NA	ACAGAGCACGTACACTAACTNGG;GTACGTGCTCTGTGACCTAGNGG	FALSE	0.276	0.7951999999999999	TRUE	NA	Morris et al., 2023	-745521	NA	398	TRUE	0.7951999999999999	FALSE	0.16	0.24	0.21	0.42	0.65	0.81	0.84	1	0.16	0.24	0.21	0.42	0.65	0.81	0.84	1	663
chr5	135386653	135387995	TXNDC15|chr5:135386653-135387995:.	-0.07095999747144788	.	chr5:135386653-135387995	chr5	134873803	134873804	+	NA	NA	TXNDC15	ENSG00000113621	NA	ACAGAGCACGTACACTAACTNGG;GTACGTGCTCTGTGACCTAGNGG	FALSE	0.56	0.9425742574257426	TRUE	NA	Morris et al., 2023	513521	NA	122	TRUE	0.9425742574257426	FALSE	0.06	0.07	0.08	0.2	0.24	0.41	0.59	0.97	0.06	0.07	0.08	0.2	0.24	0.41	0.59	0.97	663
chr5	154652695	154655566	CNOT8|chr5:154652695-154655566:.	-0.10520975570991088	.	chr5:154652695-154655566	chr5	154857553	154857554	+	NA	NA	CNOT8	ENSG00000155508	NA	GACAGGCATGTGTCCCCGTTNGG;AACGGGGACACATGCCTGTCNGG	FALSE	0.4	0.868550983899821	TRUE	NA	Morris et al., 2023	-203423	NA	116	TRUE	0.868550983899821	FALSE	0.07	0.07	0.08	0.17	0.43	0.43	0.67	0.99	0.07	0.07	0.08	0.17	0.43	0.43	0.67	0.99	252
chr5	154652695	154655566	FAM114A2|chr5:154652695-154655566:.	0.08179055562586002	.	chr5:154652695-154655566	chr5	154038936	154038937	-	NA	NA	FAM114A2	ENSG00000055147	NA	GACAGGCATGTGTCCCCGTTNGG;AACGGGGACACATGCCTGTCNGG	FALSE	0.592	0.9545118733509236	TRUE	NA	Morris et al., 2023	-615194	NA	77	TRUE	0.9545118733509235	FALSE	0.04	0.04	0.07	0.09	0.15	0.22	0.44	0.9	0.04	0.04	0.07	0.09	0.15	0.22	0.44	0.9	252
chr5	154652695	154655566	FAXDC2|chr5:154652695-154655566:.	-0.20138827848119512	.	chr5:154652695-154655566	chr5	154859252	154859253	-	NA	NA	FAXDC2	ENSG00000170271	NA	GACAGGCATGTGTCCCCGTTNGG;AACGGGGACACATGCCTGTCNGG	FALSE	0.204	0.7410778443113772	TRUE	NA	Morris et al., 2023	205122	NA	108	TRUE	0.7410778443113772	FALSE	0.08	0.06	0.13	0.21	0.28	0.51	0.53	0.99	0.08	0.06	0.13	0.21	0.28	0.51	0.53	0.99	252
chr5	154652695	154655566	GALNT10|chr5:154652695-154655566:.	-0.299410240977112	.	chr5:154652695-154655566	chr5	154190730	154190731	+	NA	NA	GALNT10	ENSG00000164574	NA	GACAGGCATGTGTCCCCGTTNGG;AACGGGGACACATGCCTGTCNGG	FALSE	0.16	0.6923636363636364	TRUE	NA	Morris et al., 2023	463400	NA	46	TRUE	0.6923636363636364	FALSE	0.01	0.06	0.05	0.07	0.11	0.24	0.29	0.8	0.01	0.06	0.05	0.07	0.11	0.24	0.29	0.8	252
chr5	154652695	154655566	GEMIN5|chr5:154652695-154655566:.	0.09514832321537596	.	chr5:154652695-154655566	chr5	154938209	154938210	-	NA	NA	GEMIN5	ENSG00000082516	NA	GACAGGCATGTGTCCCCGTTNGG;AACGGGGACACATGCCTGTCNGG	FALSE	0.372	0.857906976744186	TRUE	NA	Morris et al., 2023	284079	NA	123	TRUE	0.857906976744186	FALSE	0.09	0.03	0.05	0.18	0.24	0.43	0.53	0.98	0.09	0.03	0.05	0.18	0.24	0.43	0.53	0.98	252
chr5	154652695	154655566	LARP1|chr5:154652695-154655566:.	-0.20847919186957753	.	chr5:154652695-154655566	chr5	154712902	154712903	+	NA	NA	LARP1	ENSG00000155506	NA	GACAGGCATGTGTCCCCGTTNGG;AACGGGGACACATGCCTGTCNGG	TRUE	0.00344692779255882	0.07739328439896226	TRUE	NA	Morris et al., 2023	-58772	NA	192	TRUE	0.07739328439896219	TRUE	0.16	0.19	0.24	0.44	0.55	0.71	0.86	1	0.16	0.19	0.24	0.44	0.55	0.71	0.86	1	252
chr5	154652695	154655566	MFAP3|chr5:154652695-154655566:.	0.299432621777898	.	chr5:154652695-154655566	chr5	154038906	154038907	+	NA	NA	MFAP3	ENSG00000037749	NA	GACAGGCATGTGTCCCCGTTNGG;AACGGGGACACATGCCTGTCNGG	FALSE	0.252	0.7748837209302325	TRUE	NA	Morris et al., 2023	615224	NA	27	TRUE	0.7748837209302325	FALSE	0.01	0.03	0.01	0.01	0.04	0.07	0.15	0.48	0.01	0.03	0.01	0.01	0.04	0.07	0.15	0.48	252
chr5	154652695	154655566	MRPL22|chr5:154652695-154655566:.	-0.0529057286031811	.	chr5:154652695-154655566	chr5	154941070	154941071	+	NA	NA	MRPL22	ENSG00000082515	NA	GACAGGCATGTGTCCCCGTTNGG;AACGGGGACACATGCCTGTCNGG	FALSE	0.328	0.8234599156118144	TRUE	NA	Morris et al., 2023	-286940	NA	226	TRUE	0.8234599156118144	FALSE	0.17	0.29	0.3	0.42	0.58	0.69	0.91	1	0.17	0.29	0.3	0.42	0.58	0.69	0.91	1	252
chr5	154652695	154655566	SAP30L|chr5:154652695-154655566:.	-0.16023013449633927	.	chr5:154652695-154655566	chr5	154445957	154445958	+	NA	NA	SAP30L	ENSG00000164576	NA	GACAGGCATGTGTCCCCGTTNGG;AACGGGGACACATGCCTGTCNGG	FALSE	0.524	0.9280945347119646	TRUE	NA	Morris et al., 2023	208173	NA	30	TRUE	0.9280945347119646	FALSE	0.02	0.04	0.03	0.03	0.07	0.15	0.15	0.57	0.02	0.04	0.03	0.03	0.07	0.15	0.15	0.57	252
chr5	154652695	154655566	SAP30L-AS1|chr5:154652695-154655566:.	0.529939667941389	.	chr5:154652695-154655566	chr5	154445850	154445851	-	NA	NA	SAP30L-AS1	ENSG00000245275	NA	GACAGGCATGTGTCCCCGTTNGG;AACGGGGACACATGCCTGTCNGG	FALSE	0.204	0.7410778443113772	TRUE	NA	Morris et al., 2023	-208280	NA	11	TRUE	0.7410778443113772	FALSE	0	0.01	0	0.02	0.01	0.01	0.05	0.11	0	0.01	0	0.02	0.01	0.01	0.05	0.11	252
chr6	43842917	43843684	AARS2|chr6:43842917-43843684:.	-0.04400841170198699	.	chr6:43842917-43843684	chr6	44313326	44313327	-	NA	NA	AARS2	ENSG00000124608	NA	CGGTTCACTTATTCTCATTGNGG;GTCAGGCCACACTAACTGTCNGG	FALSE	0.828	0.9832432432432432	TRUE	NA	Morris et al., 2023	470026	NA	113	TRUE	0.9832432432432433	FALSE	0.05	0.06	0.12	0.19	0.29	0.44	0.55	1	0.05	0.06	0.12	0.19	0.29	0.44	0.55	1	489
chr6	43842917	43843684	ABCC10|chr6:43842917-43843684:.	0.12426519108303458	.	chr6:43842917-43843684	chr6	43427366	43427367	+	NA	NA	ABCC10	ENSG00000124574	NA	CGGTTCACTTATTCTCATTGNGG;GTCAGGCCACACTAACTGTCNGG	FALSE	0.548	0.942369942196532	TRUE	NA	Morris et al., 2023	415934	NA	63	TRUE	0.9423699421965319	FALSE	0.01	0.01	0.02	0.07	0.11	0.19	0.33	0.93	0.01	0.01	0.02	0.07	0.11	0.19	0.33	0.93	489
chr6	43842917	43843684	AL355802.2|chr6:43842917-43843684:.	0.0686503802821612	.	chr6:43842917-43843684	chr6	43519724	43519725	-	NA	NA	AL355802.2	ENSG00000271754	NA	CGGTTCACTTATTCTCATTGNGG;GTCAGGCCACACTAACTGTCNGG	FALSE	0.864	0.9848275862068966	TRUE	NA	Morris et al., 2023	-323576	NA	8	TRUE	0.9848275862068966	FALSE	0	0	0	0.01	0	0.03	0	0.12	0	0	0	0.01	0	0.03	0	0.12	489
chr6	43842917	43843684	CDC5L|chr6:43842917-43843684:.	-0.00303922285652546	.	chr6:43842917-43843684	chr6	44387525	44387526	+	NA	NA	CDC5L	ENSG00000096401	NA	CGGTTCACTTATTCTCATTGNGG;GTCAGGCCACACTAACTGTCNGG	FALSE	0.964	0.9999658411614004	TRUE	NA	Morris et al., 2023	-544225	NA	399	TRUE	0.9999658411614004	FALSE	0.24	0.27	0.29	0.52	0.69	0.91	0.96	1	0.24	0.27	0.29	0.52	0.69	0.91	0.96	1	489
chr6	43842917	43843684	CNPY3|chr6:43842917-43843684:.	-0.02324278830314283	.	chr6:43842917-43843684	chr6	42929192	42929193	+	NA	NA	CNPY3	ENSG00000137161	NA	CGGTTCACTTATTCTCATTGNGG;GTCAGGCCACACTAACTGTCNGG	FALSE	0.764	0.9723636363636364	TRUE	NA	Morris et al., 2023	914108	NA	268	TRUE	0.9723636363636363	FALSE	0.13	0.21	0.21	0.32	0.62	0.72	0.93	1	0.13	0.21	0.21	0.32	0.62	0.72	0.93	1	489
chr6	43842917	43843684	CUL7|chr6:43842917-43843684:.	-0.10564150333589016	.	chr6:43842917-43843684	chr6	43053945	43053946	-	NA	NA	CUL7	ENSG00000044090	NA	CGGTTCACTTATTCTCATTGNGG;GTCAGGCCACACTAACTGTCNGG	FALSE	0.568	0.942770083102493	TRUE	NA	Morris et al., 2023	-789355	NA	59	TRUE	0.942770083102493	FALSE	0.02	0.05	0.03	0.09	0.18	0.3	0.36	0.94	0.02	0.05	0.03	0.09	0.18	0.3	0.36	0.94	489
chr6	43842917	43843684	CUL9|chr6:43842917-43843684:.	0.22782218462430137	.	chr6:43842917-43843684	chr6	43182175	43182176	+	NA	NA	CUL9	ENSG00000112659	NA	CGGTTCACTTATTCTCATTGNGG;GTCAGGCCACACTAACTGTCNGG	FALSE	0.22	0.7445810055865922	TRUE	NA	Morris et al., 2023	661125	NA	50	TRUE	0.7445810055865922	FALSE	0	0.04	0.02	0.03	0.06	0.14	0.23	0.79	0	0.04	0.02	0.03	0.06	0.14	0.23	0.79	489
chr6	43842917	43843684	DLK2|chr6:43842917-43843684:.	0.4754423083661363	.	chr6:43842917-43843684	chr6	43456632	43456633	-	NA	NA	DLK2	ENSG00000171462	NA	CGGTTCACTTATTCTCATTGNGG;GTCAGGCCACACTAACTGTCNGG	FALSE	0.228	0.7515789473684211	TRUE	NA	Morris et al., 2023	-386668	NA	8	TRUE	0.7515789473684211	FALSE	0	0.02	0	0	0.01	0.02	0.02	0.12	0	0.02	0	0	0.01	0.02	0.02	0.12	489
chr6	43842917	43843684	DNPH1|chr6:43842917-43843684:.	0.0180324390279174	.	chr6:43842917-43843684	chr6	43229484	43229485	-	NA	NA	DNPH1	ENSG00000112667	NA	CGGTTCACTTATTCTCATTGNGG;GTCAGGCCACACTAACTGTCNGG	FALSE	0.4	0.868550983899821	TRUE	NA	Morris et al., 2023	-613816	NA	477	TRUE	0.868550983899821	FALSE	0.23	0.33	0.4	0.63	0.74	0.87	0.95	1	0.23	0.33	0.4	0.63	0.74	0.87	0.95	1	489
chr6	43842917	43843684	GTPBP2|chr6:43842917-43843684:.	-0.08997671847354627	.	chr6:43842917-43843684	chr6	43629162	43629163	-	NA	NA	GTPBP2	ENSG00000172432	NA	CGGTTCACTTATTCTCATTGNGG;GTCAGGCCACACTAACTGTCNGG	FALSE	0.404	0.868550983899821	TRUE	NA	Morris et al., 2023	-214138	NA	145	TRUE	0.868550983899821	FALSE	0.04	0.13	0.08	0.23	0.37	0.47	0.53	1	0.04	0.13	0.08	0.23	0.37	0.47	0.53	1	489
chr6	43842917	43843684	HSP90AB1|chr6:43842917-43843684:.	-0.04436225498227131	.	chr6:43842917-43843684	chr6	44246166	44246167	+	NA	NA	HSP90AB1	ENSG00000096384	NA	CGGTTCACTTATTCTCATTGNGG;GTCAGGCCACACTAACTGTCNGG	FALSE	0.464	0.8920193861066237	TRUE	NA	Morris et al., 2023	-402866	NA	489	TRUE	0.8920193861066237	FALSE	0.15	0.2	0.24	0.43	0.71	0.77	0.91	1	0.15	0.2	0.24	0.43	0.71	0.77	0.91	1	489
chr6	43842917	43843684	KLC4|chr6:43842917-43843684:.	0.17813808064762648	.	chr6:43842917-43843684	chr6	43040777	43040778	+	NA	NA	KLC4	ENSG00000137171	NA	CGGTTCACTTATTCTCATTGNGG;GTCAGGCCACACTAACTGTCNGG	FALSE	0.304	0.8111210762331839	TRUE	NA	Morris et al., 2023	802523	NA	60	TRUE	0.8111210762331839	FALSE	0.01	0.03	0.05	0.12	0.06	0.14	0.35	0.87	0.01	0.03	0.05	0.12	0.06	0.14	0.35	0.87	489
chr6	43842917	43843684	KLHDC3|chr6:43842917-43843684:.	-0.01119568632120548	.	chr6:43842917-43843684	chr6	43014103	43014104	+	NA	NA	KLHDC3	ENSG00000124702	NA	CGGTTCACTTATTCTCATTGNGG;GTCAGGCCACACTAACTGTCNGG	FALSE	0.848	0.9832432432432432	TRUE	NA	Morris et al., 2023	829197	NA	369	TRUE	0.9832432432432433	FALSE	0.22	0.25	0.26	0.51	0.68	0.83	0.97	1	0.22	0.25	0.26	0.51	0.68	0.83	0.97	1	489
chr6	43842917	43843684	LRRC73|chr6:43842917-43843684:.	0.595361623125104	.	chr6:43842917-43843684	chr6	43510686	43510687	-	NA	NA	LRRC73	ENSG00000204052	NA	CGGTTCACTTATTCTCATTGNGG;GTCAGGCCACACTAACTGTCNGG	FALSE	0.156	0.6923636363636364	TRUE	NA	Morris et al., 2023	-332614	NA	9	TRUE	0.6923636363636364	FALSE	0	0	0	0.01	0.01	0.01	0	0.12	0	0	0	0.01	0.01	0.01	0	0.12	489
chr6	43842917	43843684	MAD2L1BP|chr6:43842917-43843684:.	-0.02176418104901001	.	chr6:43842917-43843684	chr6	43629540	43629541	+	NA	NA	MAD2L1BP	ENSG00000124688	NA	CGGTTCACTTATTCTCATTGNGG;GTCAGGCCACACTAACTGTCNGG	FALSE	0.708	0.9686652078774618	TRUE	NA	Morris et al., 2023	213760	NA	347	TRUE	0.9686652078774618	FALSE	0.17	0.11	0.22	0.33	0.7	0.79	0.9	1	0.17	0.11	0.22	0.33	0.7	0.79	0.9	1	489
chr6	43842917	43843684	MEA1|chr6:43842917-43843684:.	0.03908150245980346	.	chr6:43842917-43843684	chr6	43016868	43016869	-	NA	NA	MEA1	ENSG00000124733	NA	CGGTTCACTTATTCTCATTGNGG;GTCAGGCCACACTAACTGTCNGG	FALSE	0.236	0.7610840108401083	TRUE	NA	Morris et al., 2023	-826432	NA	480	TRUE	0.7610840108401083	FALSE	0.33	0.33	0.46	0.65	0.82	0.88	0.99	1	0.33	0.33	0.46	0.65	0.82	0.88	0.99	1	489
chr6	43842917	43843684	MRPL14|chr6:43842917-43843684:.	0.01888038541790715	.	chr6:43842917-43843684	chr6	44127457	44127458	-	NA	NA	MRPL14	ENSG00000180992	NA	CGGTTCACTTATTCTCATTGNGG;GTCAGGCCACACTAACTGTCNGG	FALSE	0.46	0.8920193861066237	TRUE	NA	Morris et al., 2023	284157	NA	487	TRUE	0.8920193861066237	FALSE	0.29	0.23	0.48	0.72	0.81	0.93	0.97	1	0.29	0.23	0.48	0.72	0.81	0.93	0.97	1	489
chr6	43842917	43843684	MRPL2|chr6:43842917-43843684:.	0.01039966641196299	.	chr6:43842917-43843684	chr6	43059806	43059807	-	NA	NA	MRPL2	ENSG00000112651	NA	CGGTTCACTTATTCTCATTGNGG;GTCAGGCCACACTAACTGTCNGG	FALSE	0.712	0.9686652078774618	TRUE	NA	Morris et al., 2023	-783494	NA	419	TRUE	0.9686652078774618	FALSE	0.27	0.24	0.36	0.59	0.74	0.88	0.94	1	0.27	0.24	0.36	0.59	0.74	0.88	0.94	1	489
chr6	43842917	43843684	MRPS18A|chr6:43842917-43843684:.	7.384241689223359e-4	.	chr6:43842917-43843684	chr6	43687791	43687792	-	NA	NA	MRPS18A	ENSG00000096080	NA	CGGTTCACTTATTCTCATTGNGG;GTCAGGCCACACTAACTGTCNGG	FALSE	0.904	0.9882502266545784	TRUE	NA	Morris et al., 2023	-155509	NA	420	TRUE	0.9882502266545784	FALSE	0.18	0.29	0.22	0.51	0.69	0.91	0.95	1	0.18	0.29	0.22	0.51	0.69	0.91	0.95	1	489
chr6	43842917	43843684	NFKBIE|chr6:43842917-43843684:.	0.09941080421946193	.	chr6:43842917-43843684	chr6	44265788	44265789	-	NA	NA	NFKBIE	ENSG00000146232	NA	CGGTTCACTTATTCTCATTGNGG;GTCAGGCCACACTAACTGTCNGG	FALSE	0.524	0.9280945347119646	TRUE	NA	Morris et al., 2023	422488	NA	79	TRUE	0.9280945347119646	FALSE	0.01	0.04	0.04	0.05	0.23	0.25	0.3	0.98	0.01	0.04	0.04	0.05	0.23	0.25	0.3	0.98	489
chr6	43842917	43843684	PEX6|chr6:43842917-43843684:.	-0.0734666508992794	.	chr6:43842917-43843684	chr6	42979220	42979221	-	NA	NA	PEX6	ENSG00000124587	NA	CGGTTCACTTATTCTCATTGNGG;GTCAGGCCACACTAACTGTCNGG	FALSE	0.44	0.8844594594594595	TRUE	NA	Morris et al., 2023	-864080	NA	168	TRUE	0.8844594594594595	FALSE	0.15	0.08	0.16	0.16	0.35	0.67	0.78	1	0.15	0.08	0.16	0.16	0.35	0.67	0.78	1	489
chr6	43842917	43843684	POLH|chr6:43842917-43843684:.	-0.13219072228904194	.	chr6:43842917-43843684	chr6	43576150	43576151	+	NA	NA	POLH	ENSG00000170734	NA	CGGTTCACTTATTCTCATTGNGG;GTCAGGCCACACTAACTGTCNGG	FALSE	0.412	0.869290780141844	TRUE	NA	Morris et al., 2023	267150	NA	98	TRUE	0.869290780141844	FALSE	0.03	0.04	0.08	0.13	0.31	0.36	0.55	1	0.03	0.04	0.08	0.13	0.31	0.36	0.55	1	489
chr6	43842917	43843684	POLR1C|chr6:43842917-43843684:.	-0.01766574757634859	.	chr6:43842917-43843684	chr6	43509702	43509703	+	NA	NA	POLR1C	ENSG00000171453	NA	CGGTTCACTTATTCTCATTGNGG;GTCAGGCCACACTAACTGTCNGG	FALSE	0.896	0.9882502266545784	TRUE	NA	Morris et al., 2023	333598	NA	325	TRUE	0.9882502266545784	FALSE	0.17	0.23	0.36	0.45	0.67	0.8	0.91	1	0.17	0.23	0.36	0.45	0.67	0.8	0.91	1	489
chr6	43842917	43843684	PPP2R5D|chr6:43842917-43843684:.	-0.02093849817246473	.	chr6:43842917-43843684	chr6	42984499	42984500	+	NA	NA	PPP2R5D	ENSG00000112640	NA	CGGTTCACTTATTCTCATTGNGG;GTCAGGCCACACTAACTGTCNGG	FALSE	0.8	0.9812923076923078	TRUE	NA	Morris et al., 2023	858801	NA	129	TRUE	0.9812923076923078	FALSE	0.07	0.13	0.12	0.1	0.32	0.49	0.65	0.99	0.07	0.13	0.12	0.1	0.32	0.49	0.65	0.99	489
chr6	43842917	43843684	PTK7|chr6:43842917-43843684:.	0.2094132922870946	.	chr6:43842917-43843684	chr6	43076268	43076269	+	NA	NA	PTK7	ENSG00000112655	NA	CGGTTCACTTATTCTCATTGNGG;GTCAGGCCACACTAACTGTCNGG	FALSE	0.496	0.9066666666666666	TRUE	NA	Morris et al., 2023	767032	NA	13	TRUE	0.9066666666666666	FALSE	0.02	0	0.02	0.01	0.01	0	0.02	0.22	0.02	0	0.02	0.01	0.01	0	0.02	0.22	489
chr6	43842917	43843684	RPL7L1|chr6:43842917-43843684:.	-0.03021412080092744	.	chr6:43842917-43843684	chr6	42879618	42879619	+	NA	NA	RPL7L1	ENSG00000146223	NA	CGGTTCACTTATTCTCATTGNGG;GTCAGGCCACACTAACTGTCNGG	FALSE	0.408	0.868550983899821	TRUE	NA	Morris et al., 2023	963682	NA	453	TRUE	0.868550983899821	FALSE	0.15	0.31	0.31	0.67	0.71	0.9	0.93	1	0.15	0.31	0.31	0.67	0.71	0.9	0.93	1	489
chr6	43842917	43843684	RRP36|chr6:43842917-43843684:.	-0.01110192824491723	.	chr6:43842917-43843684	chr6	43021645	43021646	+	NA	NA	RRP36	ENSG00000124541	NA	CGGTTCACTTATTCTCATTGNGG;GTCAGGCCACACTAACTGTCNGG	FALSE	0.844	0.9832432432432432	TRUE	NA	Morris et al., 2023	821655	NA	302	TRUE	0.9832432432432433	FALSE	0.15	0.2	0.19	0.45	0.55	0.75	0.85	1	0.15	0.2	0.19	0.45	0.55	0.75	0.85	1	489
chr6	43842917	43843684	SLC29A1|chr6:43842917-43843684:.	-0.1032243061039504	.	chr6:43842917-43843684	chr6	44219505	44219506	+	NA	NA	SLC29A1	ENSG00000112759	NA	CGGTTCACTTATTCTCATTGNGG;GTCAGGCCACACTAACTGTCNGG	FALSE	0.116	0.6604784688995216	TRUE	NA	Morris et al., 2023	-376205	NA	353	TRUE	0.6604784688995216	FALSE	0.19	0.23	0.3	0.46	0.62	0.82	0.92	1	0.19	0.23	0.3	0.46	0.62	0.82	0.92	1	489
chr6	43842917	43843684	SLC35B2|chr6:43842917-43843684:.	-0.05954660814589185	.	chr6:43842917-43843684	chr6	44257890	44257891	-	NA	NA	SLC35B2	ENSG00000157593	NA	CGGTTCACTTATTCTCATTGNGG;GTCAGGCCACACTAACTGTCNGG	FALSE	0.312	0.8124288840262582	TRUE	NA	Morris et al., 2023	414590	NA	318	TRUE	0.8124288840262582	FALSE	0.11	0.2	0.25	0.42	0.66	0.82	0.94	1	0.11	0.2	0.25	0.42	0.66	0.82	0.94	1	489
chr6	43842917	43843684	SRF|chr6:43842917-43843684:.	-0.3083979545879516	.	chr6:43842917-43843684	chr6	43171299	43171300	+	NA	NA	SRF	ENSG00000112658	NA	CGGTTCACTTATTCTCATTGNGG;GTCAGGCCACACTAACTGTCNGG	FALSE	0.068	0.528888888888889	TRUE	NA	Morris et al., 2023	672001	NA	71	TRUE	0.528888888888889	FALSE	0.04	0.04	0.09	0.09	0.28	0.32	0.48	0.95	0.04	0.04	0.09	0.09	0.28	0.32	0.48	0.95	489
chr6	43842917	43843684	TJAP1|chr6:43842917-43843684:.	-0.08339337701343874	.	chr6:43842917-43843684	chr6	43477523	43477524	+	NA	NA	TJAP1	ENSG00000137221	NA	CGGTTCACTTATTCTCATTGNGG;GTCAGGCCACACTAACTGTCNGG	FALSE	0.404	0.868550983899821	TRUE	NA	Morris et al., 2023	365777	NA	133	TRUE	0.868550983899821	FALSE	0.09	0.1	0.08	0.19	0.37	0.37	0.71	0.99	0.09	0.1	0.08	0.19	0.37	0.37	0.71	0.99	489
chr6	43842917	43843684	TMEM63B|chr6:43842917-43843684:.	0.0448736318997397	.	chr6:43842917-43843684	chr6	44126914	44126915	+	NA	NA	TMEM63B	ENSG00000137216	NA	CGGTTCACTTATTCTCATTGNGG;GTCAGGCCACACTAACTGTCNGG	FALSE	0.576	0.9441322314049586	TRUE	NA	Morris et al., 2023	-283614	NA	206	TRUE	0.9441322314049586	FALSE	0.12	0.11	0.15	0.34	0.4	0.6	0.73	1	0.12	0.11	0.15	0.34	0.4	0.6	0.73	1	489
chr6	43842917	43843684	VEGFA|chr6:43842917-43843684:.	0.11519481356309091	.	chr6:43842917-43843684	chr6	43770184	43770185	+	NA	NA	VEGFA	ENSG00000112715	NA	CGGTTCACTTATTCTCATTGNGG;GTCAGGCCACACTAACTGTCNGG	FALSE	0.296	0.8076923076923077	TRUE	NA	Morris et al., 2023	73116	NA	141	TRUE	0.8076923076923077	FALSE	0.11	0.1	0.11	0.21	0.26	0.55	0.67	1	0.11	0.1	0.11	0.21	0.26	0.55	0.67	1	489
chr6	43842917	43843684	XPO5|chr6:43842917-43843684:.	-0.03186787624005374	.	chr6:43842917-43843684	chr6	43576075	43576076	-	NA	NA	XPO5	ENSG00000124571	NA	CGGTTCACTTATTCTCATTGNGG;GTCAGGCCACACTAACTGTCNGG	FALSE	0.712	0.9686652078774618	TRUE	NA	Morris et al., 2023	-267225	NA	262	TRUE	0.9686652078774618	FALSE	0.19	0.11	0.27	0.36	0.46	0.63	0.84	1	0.19	0.11	0.27	0.36	0.46	0.63	0.84	1	489
chr6	43842917	43843684	YIPF3|chr6:43842917-43843684:.	-0.02541615144962339	.	chr6:43842917-43843684	chr6	43516990	43516991	-	NA	NA	YIPF3	ENSG00000137207	NA	CGGTTCACTTATTCTCATTGNGG;GTCAGGCCACACTAACTGTCNGG	FALSE	0.616	0.9568447837150128	TRUE	NA	Morris et al., 2023	-326310	NA	350	TRUE	0.9568447837150128	FALSE	0.19	0.26	0.32	0.51	0.66	0.75	0.92	1	0.19	0.26	0.32	0.51	0.66	0.75	0.92	1	489
chr6	43842917	43843684	ZNF318|chr6:43842917-43843684:.	0.08853942511263391	.	chr6:43842917-43843684	chr6	43369478	43369479	-	NA	NA	ZNF318	ENSG00000171467	NA	CGGTTCACTTATTCTCATTGNGG;GTCAGGCCACACTAACTGTCNGG	FALSE	0.396	0.8646605504587156	TRUE	NA	Morris et al., 2023	-473822	NA	138	TRUE	0.8646605504587156	FALSE	0.02	0.04	0.08	0.19	0.35	0.45	0.58	0.98	0.02	0.04	0.08	0.19	0.35	0.45	0.58	0.98	489
chr6	109303550	109305080	AK9|chr6:109303550-109305080:.	0.02903226367226974	.	chr6:109303550-109305080	chr6	109691217	109691218	-	NA	NA	AK9	ENSG00000155085	NA	ATAAGGAAGGTCGTTAAACCNGG;TTAACGACCTTCCTTATCAANGG	FALSE	0.912	0.9882502266545784	overlaps potential promoter	NA	Morris et al., 2023	386902	NA	10	TRUE	0.9882502266545784	FALSE	0.01	0	0.01	0	0.04	0.04	0.05	0.18	0.01	0	0.01	0	0.04	0.04	0.05	0.18	359
chr6	109303550	109305080	AL359711.2|chr6:109303550-109305080:.	0.10134878530913748	.	chr6:109303550-109305080	chr6	109382795	109382796	+	NA	NA	AL359711.2	ENSG00000260273	NA	ATAAGGAAGGTCGTTAAACCNGG;TTAACGACCTTCCTTATCAANGG	FALSE	0.744	0.9686652078774618	overlaps potential promoter	NA	Morris et al., 2023	-78480	NA	10	TRUE	0.9686652078774618	FALSE	0.01	0	0	0.03	0.01	0.05	0.05	0.18	0.01	0	0	0.03	0.01	0.05	0.05	0.18	359
chr6	109303550	109305080	ARMC2|chr6:109303550-109305080:.	0.630498554083764	.	chr6:109303550-109305080	chr6	108848416	108848417	+	NA	NA	ARMC2	ENSG00000118690	NA	ATAAGGAAGGTCGTTAAACCNGG;TTAACGACCTTCCTTATCAANGG	FALSE	0.16	0.6923636363636364	overlaps potential promoter	NA	Morris et al., 2023	455899	NA	11	TRUE	0.6923636363636364	FALSE	0.01	0.03	0	0.02	0.03	0.01	0.03	0.08	0.01	0.03	0	0.02	0.03	0.01	0.03	0.08	359
chr6	109303550	109305080	CD164|chr6:109303550-109305080:.	-0.6142319505222447	.	chr6:109303550-109305080	chr6	109382812	109382813	-	NA	NA	CD164	ENSG00000135535	NA	ATAAGGAAGGTCGTTAAACCNGG;TTAACGACCTTCCTTATCAANGG	TRUE	1.0386319472647696e-16	1.0299766810375634e-14	overlaps potential promoter	NA	Morris et al., 2023	78497	NA	255	TRUE	1.0299766810375632e-14	TRUE	0.22	0.14	0.35	0.44	0.63	0.75	0.95	0.99	0.22	0.14	0.35	0.44	0.63	0.75	0.95	0.99	359
chr6	109303550	109305080	CDC40|chr6:109303550-109305080:.	-0.13216864295552488	.	chr6:109303550-109305080	chr6	110180141	110180142	+	NA	NA	CDC40	ENSG00000168438	NA	ATAAGGAAGGTCGTTAAACCNGG;TTAACGACCTTCCTTATCAANGG	FALSE	0.216	0.7445810055865922	overlaps potential promoter	NA	Morris et al., 2023	-875826	NA	155	TRUE	0.7445810055865922	FALSE	0.19	0.15	0.23	0.41	0.48	0.55	0.7	1	0.19	0.15	0.23	0.41	0.48	0.55	0.7	1	359
chr6	109303550	109305080	CEP57L1|chr6:109303550-109305080:.	-0.1644801282626258	.	chr6:109303550-109305080	chr6	109095110	109095111	+	NA	NA	CEP57L1	ENSG00000183137	NA	ATAAGGAAGGTCGTTAAACCNGG;TTAACGACCTTCCTTATCAANGG	FALSE	0.164	0.6945195729537368	overlaps potential promoter	NA	Morris et al., 2023	209205	NA	116	TRUE	0.6945195729537368	FALSE	0.12	0.1	0.16	0.17	0.38	0.52	0.67	1	0.12	0.1	0.16	0.17	0.38	0.52	0.67	1	359
chr6	109303550	109305080	FIG4|chr6:109303550-109305080:.	-0.8061485330273044	.	chr6:109303550-109305080	chr6	109691312	109691313	+	NA	NA	FIG4	ENSG00000112367	NA	ATAAGGAAGGTCGTTAAACCNGG;TTAACGACCTTCCTTATCAANGG	FALSE	0.052	0.4687878787878788	overlaps potential promoter	NA	Morris et al., 2023	-386997	NA	11	TRUE	0.4687878787878788	FALSE	0	0.02	0.01	0.07	0.04	0.05	0.12	0.33	0	0.02	0.01	0.07	0.04	0.05	0.12	0.33	359
chr6	109303550	109305080	FOXO3|chr6:109303550-109305080:.	-0.10551674215149244	.	chr6:109303550-109305080	chr6	108559835	108559836	+	NA	NA	FOXO3	ENSG00000118689	NA	ATAAGGAAGGTCGTTAAACCNGG;TTAACGACCTTCCTTATCAANGG	FALSE	0.46	0.8920193861066237	overlaps potential promoter	NA	Morris et al., 2023	744480	NA	103	TRUE	0.8920193861066237	FALSE	0.08	0.13	0.09	0.14	0.34	0.45	0.56	0.98	0.08	0.13	0.09	0.14	0.34	0.45	0.56	0.98	359
chr6	109303550	109305080	MICAL1|chr6:109303550-109305080:.	-0.10366513623374284	.	chr6:109303550-109305080	chr6	109465968	109465969	-	NA	NA	MICAL1	ENSG00000135596	NA	ATAAGGAAGGTCGTTAAACCNGG;TTAACGACCTTCCTTATCAANGG	FALSE	0.732	0.9686652078774618	overlaps potential promoter	NA	Morris et al., 2023	161653	NA	21	TRUE	0.9686652078774618	FALSE	0.01	0.01	0.02	0.02	0.07	0.01	0.1	0.48	0.01	0.01	0.02	0.02	0.07	0.01	0.1	0.48	359
chr6	109303550	109305080	PPIL6|chr6:109303550-109305080:.	-0.09669781348941164	.	chr6:109303550-109305080	chr6	109441171	109441172	-	NA	NA	PPIL6	ENSG00000185250	NA	ATAAGGAAGGTCGTTAAACCNGG;TTAACGACCTTCCTTATCAANGG	FALSE	0.724	0.9686652078774618	overlaps potential promoter	NA	Morris et al., 2023	136856	NA	14	TRUE	0.9686652078774618	FALSE	0.01	0	0.03	0.03	0.04	0.05	0.06	0.31	0.01	0	0.03	0.03	0.04	0.05	0.06	0.31	359
chr6	109303550	109305080	SESN1|chr6:109303550-109305080:.	-0.4095901295186648	.	chr6:109303550-109305080	chr6	109094819	109094820	-	NA	NA	SESN1	ENSG00000080546	NA	ATAAGGAAGGTCGTTAAACCNGG;TTAACGACCTTCCTTATCAANGG	FALSE	0.108	0.6523857868020304	overlaps potential promoter	NA	Morris et al., 2023	-209496	NA	24	TRUE	0.6523857868020304	FALSE	0.02	0.01	0.06	0.06	0.11	0.12	0.19	0.74	0.02	0.01	0.06	0.06	0.11	0.12	0.19	0.74	359
chr6	109303550	109305080	SMPD2|chr6:109303550-109305080:.	0.0985736349122397	.	chr6:109303550-109305080	chr6	109440763	109440764	+	NA	NA	SMPD2	ENSG00000135587	NA	ATAAGGAAGGTCGTTAAACCNGG;TTAACGACCTTCCTTATCAANGG	FALSE	0.528	0.9280945347119646	overlaps potential promoter	NA	Morris et al., 2023	-136448	NA	63	TRUE	0.9280945347119646	FALSE	0.04	0.03	0.08	0.1	0.17	0.29	0.35	0.87	0.04	0.03	0.08	0.1	0.17	0.29	0.35	0.87	359
chr6	109303550	109305080	WASF1|chr6:109303550-109305080:.	0.3413134590894098	.	chr6:109303550-109305080	chr6	110180004	110180005	-	NA	NA	WASF1	ENSG00000112290	NA	ATAAGGAAGGTCGTTAAACCNGG;TTAACGACCTTCCTTATCAANGG	TRUE	0.01106110973938942	0.1820704037111374	overlaps potential promoter	NA	Morris et al., 2023	875689	NA	91	TRUE	0.1820704037111373	TRUE	0.03	0.04	0.07	0.09	0.22	0.36	0.45	0.95	0.03	0.04	0.07	0.09	0.22	0.36	0.45	0.95	359
chr6	109303550	109305080	ZBTB24|chr6:109303550-109305080:.	0.03041225401446778	.	chr6:109303550-109305080	chr6	109483237	109483238	-	NA	NA	ZBTB24	ENSG00000112365	NA	ATAAGGAAGGTCGTTAAACCNGG;TTAACGACCTTCCTTATCAANGG	FALSE	0.892	0.9882502266545784	overlaps potential promoter	NA	Morris et al., 2023	178922	NA	65	TRUE	0.9882502266545784	FALSE	0.01	0.06	0.04	0.1	0.21	0.28	0.39	0.93	0.01	0.06	0.04	0.1	0.21	0.28	0.39	0.93	359
chr6	109373604	109374345	AK9|chr6:109373604-109374345:.	0.13930847208647013	.	chr6:109373604-109374345	chr6	109691217	109691218	-	NA	NA	AK9	ENSG00000155085	NA	ATCTTGAAACACTTACGCAGNGG;AACACTTACGCAGTGGTGTGNGG	FALSE	0.644	0.95795	overlaps potential promoter	NA	Morris et al., 2023	317243	NA	17	TRUE	0.9579500000000001	FALSE	0.01	0	0.01	0.01	0.02	0.03	0.05	0.28	0.01	0	0.01	0.01	0.02	0.03	0.05	0.28	561
chr6	109373604	109374345	AL359711.2|chr6:109373604-109374345:.	0.4021350947019906	.	chr6:109373604-109374345	chr6	109382795	109382796	+	NA	NA	AL359711.2	ENSG00000260273	NA	ATCTTGAAACACTTACGCAGNGG;AACACTTACGCAGTGGTGTGNGG	FALSE	0.212	0.7441887905604719	overlaps potential promoter	NA	Morris et al., 2023	-8821	NA	19	TRUE	0.7441887905604719	FALSE	0.02	0	0.02	0	0	0.04	0.07	0.19	0.02	0	0.02	0	0	0.04	0.07	0.19	561
chr6	109373604	109374345	ARMC2|chr6:109373604-109374345:.	0.11549103487086664	.	chr6:109373604-109374345	chr6	108848416	108848417	+	NA	NA	ARMC2	ENSG00000118690	NA	ATCTTGAAACACTTACGCAGNGG;AACACTTACGCAGTGGTGTGNGG	FALSE	0.724	0.9686652078774618	overlaps potential promoter	NA	Morris et al., 2023	525558	NA	12	TRUE	0.9686652078774618	FALSE	0	0.01	0	0.04	0.01	0.01	0.04	0.15	0	0.01	0	0.04	0.01	0.01	0.04	0.15	561
chr6	109373604	109374345	CD164|chr6:109373604-109374345:.	-0.06193967149183732	.	chr6:109373604-109374345	chr6	109382812	109382813	-	NA	NA	CD164	ENSG00000135535	NA	ATCTTGAAACACTTACGCAGNGG;AACACTTACGCAGTGGTGTGNGG	FALSE	0.18	0.7187919463087248	overlaps target gene intron	NA	Morris et al., 2023	8838	NA	444	TRUE	0.7187919463087248	FALSE	0.19	0.25	0.36	0.44	0.73	0.79	0.95	1	0.19	0.25	0.36	0.44	0.73	0.79	0.95	1	561
chr6	109373604	109374345	CDC40|chr6:109373604-109374345:.	0.03261116897040572	.	chr6:109373604-109374345	chr6	110180141	110180142	+	NA	NA	CDC40	ENSG00000168438	NA	ATCTTGAAACACTTACGCAGNGG;AACACTTACGCAGTGGTGTGNGG	FALSE	0.604	0.9545118733509236	overlaps potential promoter	NA	Morris et al., 2023	-806167	NA	254	TRUE	0.9545118733509235	FALSE	0.1	0.11	0.25	0.36	0.5	0.71	0.85	1	0.1	0.11	0.25	0.36	0.5	0.71	0.85	1	561
chr6	109373604	109374345	CEP57L1|chr6:109373604-109374345:.	-0.17146493679136965	.	chr6:109373604-109374345	chr6	109095110	109095111	+	NA	NA	CEP57L1	ENSG00000183137	NA	ATCTTGAAACACTTACGCAGNGG;AACACTTACGCAGTGGTGTGNGG	FALSE	0.056	0.476	overlaps potential promoter	NA	Morris et al., 2023	278864	NA	175	TRUE	0.47600000000000003	FALSE	0.08	0.12	0.1	0.27	0.5	0.65	0.77	1	0.08	0.12	0.1	0.27	0.5	0.65	0.77	1	561
chr6	109373604	109374345	FIG4|chr6:109373604-109374345:.	-0.14928172811660634	.	chr6:109373604-109374345	chr6	109691312	109691313	+	NA	NA	FIG4	ENSG00000112367	NA	ATCTTGAAACACTTACGCAGNGG;AACACTTACGCAGTGGTGTGNGG	FALSE	0.644	0.95795	overlaps potential promoter	NA	Morris et al., 2023	-317338	NA	24	TRUE	0.9579500000000001	FALSE	0	0	0	0	0.07	0.06	0.18	0.51	0	0	0	0	0.07	0.06	0.18	0.51	561
chr6	109373604	109374345	FOXO3|chr6:109373604-109374345:.	-0.17649000217363042	.	chr6:109373604-109374345	chr6	108559835	108559836	+	NA	NA	FOXO3	ENSG00000118689	NA	ATCTTGAAACACTTACGCAGNGG;AACACTTACGCAGTGGTGTGNGG	FALSE	0.08	0.5633136094674557	overlaps potential promoter	NA	Morris et al., 2023	814139	NA	153	TRUE	0.5633136094674557	FALSE	0.08	0.08	0.08	0.24	0.37	0.51	0.69	1	0.08	0.08	0.08	0.24	0.37	0.51	0.69	1	561
chr6	109373604	109374345	MICAL1|chr6:109373604-109374345:.	-0.3868043046323862	.	chr6:109373604-109374345	chr6	109465968	109465969	-	NA	NA	MICAL1	ENSG00000135596	NA	ATCTTGAAACACTTACGCAGNGG;AACACTTACGCAGTGGTGTGNGG	FALSE	0.152	0.6923636363636364	overlaps potential promoter	NA	Morris et al., 2023	91994	NA	25	TRUE	0.6923636363636364	FALSE	0.01	0.01	0.02	0.05	0.05	0.11	0.13	0.64	0.01	0.01	0.02	0.05	0.05	0.11	0.13	0.64	561
chr6	109373604	109374345	PPIL6|chr6:109373604-109374345:.	0.2227651087634168	.	chr6:109373604-109374345	chr6	109441171	109441172	-	NA	NA	PPIL6	ENSG00000185250	NA	ATCTTGAAACACTTACGCAGNGG;AACACTTACGCAGTGGTGTGNGG	FALSE	0.332	0.8248016701461379	overlaps potential promoter	NA	Morris et al., 2023	67197	NA	30	TRUE	0.8248016701461379	FALSE	0.02	0.01	0	0.01	0.01	0.04	0.17	0.47	0.02	0.01	0	0.01	0.01	0.04	0.17	0.47	561
chr6	109373604	109374345	SESN1|chr6:109373604-109374345:.	0.14189474282058168	.	chr6:109373604-109374345	chr6	109094819	109094820	-	NA	NA	SESN1	ENSG00000080546	NA	ATCTTGAAACACTTACGCAGNGG;AACACTTACGCAGTGGTGTGNGG	FALSE	0.436	0.8808828522920205	overlaps potential promoter	NA	Morris et al., 2023	-279155	NA	54	TRUE	0.8808828522920205	FALSE	0.02	0.03	0.04	0.1	0.04	0.16	0.28	0.89	0.02	0.03	0.04	0.1	0.04	0.16	0.28	0.89	561
chr6	109373604	109374345	SMPD2|chr6:109373604-109374345:.	0.37199621059096977	.	chr6:109373604-109374345	chr6	109440763	109440764	+	NA	NA	SMPD2	ENSG00000135587	NA	ATCTTGAAACACTTACGCAGNGG;AACACTTACGCAGTGGTGTGNGG	TRUE	0.00221996345390054	0.05620758532216266	overlaps potential promoter	NA	Morris et al., 2023	-66789	NA	113	TRUE	0.056207585322162607	TRUE	0.07	0.02	0.06	0.1	0.19	0.27	0.47	0.99	0.07	0.02	0.06	0.1	0.19	0.27	0.47	0.99	561
chr6	109373604	109374345	WASF1|chr6:109373604-109374345:.	-0.08348097959206235	.	chr6:109373604-109374345	chr6	110180004	110180005	-	NA	NA	WASF1	ENSG00000112290	NA	ATCTTGAAACACTTACGCAGNGG;AACACTTACGCAGTGGTGTGNGG	FALSE	0.552	0.942439024390244	overlaps potential promoter	NA	Morris et al., 2023	806030	NA	108	TRUE	0.942439024390244	FALSE	0.05	0.05	0.07	0.12	0.27	0.38	0.45	0.96	0.05	0.05	0.07	0.12	0.27	0.38	0.45	0.96	561
chr6	109373604	109374345	ZBTB24|chr6:109373604-109374345:.	0.05281026990596071	.	chr6:109373604-109374345	chr6	109483237	109483238	-	NA	NA	ZBTB24	ENSG00000112365	NA	ATCTTGAAACACTTACGCAGNGG;AACACTTACGCAGTGGTGTGNGG	FALSE	0.712	0.9686652078774618	overlaps potential promoter	NA	Morris et al., 2023	109263	NA	100	TRUE	0.9686652078774618	FALSE	0.03	0.03	0.12	0.07	0.2	0.42	0.48	0.99	0.03	0.03	0.12	0.07	0.2	0.42	0.48	0.99	561
chr6	135093430	135094052	AHI1|chr6:135093430-135094052:.	-0.11325216587067988	.	chr6:135093430-135094052	chr6	135497776	135497777	-	NA	NA	AHI1	ENSG00000135541	NA	GGATAGCATATCATTAGTTGNGG;CAACTAATGATATGCTATCCNGG	FALSE	0.2	0.7410778443113772	TRUE	NA	Morris et al., 2023	404035	NA	230	TRUE	0.7410778443113772	FALSE	0.13	0.23	0.21	0.35	0.55	0.7	0.77	1	0.13	0.23	0.21	0.35	0.55	0.7	0.77	1	487
chr6	135093430	135094052	HBS1L|chr6:135093430-135094052:.	-0.09435252904094305	.	chr6:135093430-135094052	chr6	135103056	135103057	-	NA	NA	HBS1L	ENSG00000112339	NA	GGATAGCATATCATTAGTTGNGG;CAACTAATGATATGCTATCCNGG	FALSE	0.256	0.7751653944020357	overlaps target gene intron	NA	Morris et al., 2023	9315	NA	201	TRUE	0.7751653944020357	FALSE	0.09	0.15	0.27	0.37	0.47	0.66	0.7	1	0.09	0.15	0.27	0.37	0.47	0.66	0.7	1	487
chr6	135093430	135094052	LINC00271|chr6:135093430-135094052:.	-0.2975677219104069	.	chr6:135093430-135094052	chr6	135497801	135497802	+	NA	NA	LINC00271	ENSG00000231028	NA	GGATAGCATATCATTAGTTGNGG;CAACTAATGATATGCTATCCNGG	FALSE	0.656	0.9625	TRUE	NA	Morris et al., 2023	-404060	NA	7	TRUE	0.9625	FALSE	0.01	0	0.02	0.01	0.03	0.02	0.03	0.14	0.01	0	0.02	0.01	0.03	0.02	0.03	0.14	487
chr6	135093430	135094052	MYB|chr6:135093430-135094052:.	-0.16113012850446462	.	chr6:135093430-135094052	chr6	135181315	135181316	+	NA	NA	MYB	ENSG00000118513	NA	GGATAGCATATCATTAGTTGNGG;CAACTAATGATATGCTATCCNGG	FALSE	0.152	0.6923636363636364	TRUE	NA	Morris et al., 2023	-87574	NA	154	TRUE	0.6923636363636364	FALSE	0.07	0.08	0.1	0.2	0.32	0.5	0.68	1	0.07	0.08	0.1	0.2	0.32	0.5	0.68	1	487
chr6	135093430	135094052	SGK1|chr6:135093430-135094052:.	-0.06973249690255123	.	chr6:135093430-135094052	chr6	134318112	134318113	-	NA	NA	SGK1	ENSG00000118515	NA	GGATAGCATATCATTAGTTGNGG;CAACTAATGATATGCTATCCNGG	FALSE	0.808	0.9829908443540184	TRUE	NA	Morris et al., 2023	-775629	NA	43	TRUE	0.9829908443540183	FALSE	0.01	0.02	0.03	0.05	0.06	0.09	0.24	0.73	0.01	0.02	0.03	0.05	0.06	0.09	0.24	0.73	487
chr6	136761522	136762022	AL024508.2|chr6:136761522-136762022:.	0.00563179561359028	.	chr6:136761522-136762022	chr6	136550661	136550662	+	NA	NA	AL024508.2	ENSG00000272189	NA	GAGGCAGATATAACGCATTTNGG;TGAGGCAGATATAACGCATTNGG	FALSE	0.848	0.9832432432432432	TRUE	NA	Morris et al., 2023	211111	NA	13	TRUE	0.9832432432432433	FALSE	0	0.01	0.02	0.01	0.01	0.06	0.06	0.25	0	0.01	0.02	0.01	0.01	0.06	0.06	0.25	400
chr6	136761522	136762022	AL138828.1|chr6:136761522-136762022:.	0.15994156159052775	.	chr6:136761522-136762022	chr6	136225751	136225752	-	NA	NA	AL138828.1	ENSG00000237596	NA	GAGGCAGATATAACGCATTTNGG;TGAGGCAGATATAACGCATTNGG	FALSE	0.664	0.9647863247863248	TRUE	NA	Morris et al., 2023	-536021	NA	18	TRUE	0.9647863247863248	FALSE	0.01	0	0.01	0.01	0.02	0.07	0.05	0.24	0.01	0	0.01	0.01	0.02	0.07	0.05	0.24	400
chr6	136761522	136762022	BCLAF1|chr6:136761522-136762022:.	0.02905890263350485	.	chr6:136761522-136762022	chr6	136289851	136289852	-	NA	NA	BCLAF1	ENSG00000029363	NA	GAGGCAGATATAACGCATTTNGG;TGAGGCAGATATAACGCATTNGG	FALSE	0.436	0.8808828522920205	TRUE	NA	Morris et al., 2023	-471921	NA	354	TRUE	0.8808828522920205	FALSE	0.14	0.26	0.34	0.57	0.71	0.86	0.94	1	0.14	0.26	0.34	0.57	0.71	0.86	0.94	1	400
chr6	136761522	136762022	IFNGR1|chr6:136761522-136762022:.	-0.0878600241483094	.	chr6:136761522-136762022	chr6	137219449	137219450	-	NA	NA	IFNGR1	ENSG00000027697	NA	GAGGCAGATATAACGCATTTNGG;TGAGGCAGATATAACGCATTNGG	FALSE	0.408	0.868550983899821	TRUE	NA	Morris et al., 2023	457677	NA	122	TRUE	0.868550983899821	FALSE	0.04	0.04	0.1	0.13	0.32	0.45	0.58	0.99	0.04	0.04	0.1	0.13	0.32	0.45	0.58	0.99	400
chr6	136761522	136762022	MAP3K5|chr6:136761522-136762022:.	0.01358620527754128	.	chr6:136761522-136762022	chr6	136792518	136792519	-	NA	NA	MAP3K5	ENSG00000197442	NA	GAGGCAGATATAACGCATTTNGG;TGAGGCAGATATAACGCATTNGG	FALSE	0.896	0.9882502266545784	overlaps target gene intron	NA	Morris et al., 2023	30746	NA	38	TRUE	0.9882502266545784	FALSE	0.03	0.03	0.02	0.05	0.07	0.2	0.29	0.89	0.03	0.03	0.02	0.05	0.07	0.2	0.29	0.89	400
chr6	136761522	136762022	MAP7|chr6:136761522-136762022:.	0.2092319446026636	.	chr6:136761522-136762022	chr6	136550819	136550820	-	NA	NA	MAP7	ENSG00000135525	NA	GAGGCAGATATAACGCATTTNGG;TGAGGCAGATATAACGCATTNGG	FALSE	0.08	0.5633136094674557	TRUE	NA	Morris et al., 2023	-210953	NA	137	TRUE	0.5633136094674557	FALSE	0.05	0.06	0.08	0.18	0.3	0.42	0.59	1	0.05	0.06	0.08	0.18	0.3	0.42	0.59	1	400
chr6	136761522	136762022	MTFR2|chr6:136761522-136762022:.	0.21282068138559904	.	chr6:136761522-136762022	chr6	136250335	136250336	-	NA	NA	MTFR2	ENSG00000146410	NA	GAGGCAGATATAACGCATTTNGG;TGAGGCAGATATAACGCATTNGG	FALSE	0.024	0.3038297872340425	TRUE	NA	Morris et al., 2023	-511437	NA	167	TRUE	0.3038297872340425	FALSE	0.1	0.08	0.09	0.24	0.33	0.55	0.76	1	0.1	0.08	0.09	0.24	0.33	0.55	0.76	1	400
chr6	136761522	136762022	PEX7|chr6:136761522-136762022:.	0.2573507160799302	.	chr6:136761522-136762022	chr6	136822564	136822565	+	NA	NA	PEX7	ENSG00000112357	NA	GAGGCAGATATAACGCATTTNGG;TGAGGCAGATATAACGCATTNGG	FALSE	0.068	0.528888888888889	TRUE	NA	Morris et al., 2023	-60792	NA	100	TRUE	0.528888888888889	FALSE	0.06	0.03	0.03	0.16	0.26	0.41	0.53	0.99	0.06	0.03	0.03	0.16	0.26	0.41	0.53	0.99	400
chr6	139533429	139535303	ABRACL|chr6:139533429-139535303:.	0.05437651958580181	.	chr6:139533429-139535303	chr6	139028682	139028683	+	NA	NA	ABRACL	ENSG00000146386	NA	AGTGTTAGGCTTGGCCTATCNGG;TTTAGCTTACCAGGGCAGTCNGG	FALSE	0.896	0.9882502266545784	overlaps potential promoter	NA	Morris et al., 2023	505684	NA	14	TRUE	0.9882502266545784	FALSE	0.01	0	0	0.02	0.02	0.05	0.08	0.39	0.01	0	0	0.02	0.02	0.05	0.08	0.39	22
chr6	139533429	139535303	CITED2|chr6:139533429-139535303:.	0.01288625704299402	.	chr6:139533429-139535303	chr6	139374620	139374621	-	NA	NA	CITED2	ENSG00000164442	NA	AGTGTTAGGCTTGGCCTATCNGG;TTTAGCTTACCAGGGCAGTCNGG	FALSE	0.74	0.9686652078774618	overlaps potential promoter	NA	Morris et al., 2023	-159746	NA	12	TRUE	0.9686652078774618	FALSE	0.01	0.02	0.02	0.02	0.02	0.03	0.05	0.3	0.01	0.02	0.02	0.02	0.02	0.03	0.05	0.3	22
chr6	139533429	139535303	REPS1|chr6:139533429-139535303:.	1.1657356424336662	.	chr6:139533429-139535303	chr6	138988261	138988262	-	NA	NA	REPS1	ENSG00000135597	NA	AGTGTTAGGCTTGGCCTATCNGG;TTTAGCTTACCAGGGCAGTCNGG	TRUE	0.00455743282784921	0.0951464046515888	overlaps potential promoter	NA	Morris et al., 2023	-546105	NA	11	TRUE	0.09514640465158877	TRUE	0.01	0	0.01	0.02	0.02	0	0.01	0.06	0.01	0	0.01	0.02	0.02	0	0.01	0.06	22
chr8	11862457	11862957	AC068587.4|chr8:11862457-11862957:.	-0.8770103092148469	.	chr8:11862457-11862957	chr8	12665588	12665589	-	NA	NA	AC068587.4	ENSG00000283674	NA	TACGCTTCCAACCCTCGAATNGG;ATACGCTTCCAACCCTCGAANGG	FALSE	0.068	0.528888888888889	overlaps potential promoter	NA	Morris et al., 2023	802881	NA	8	TRUE	0.528888888888889	FALSE	0.02	0.01	0	0.05	0.02	0.04	0.04	0.24	0.02	0.01	0	0.05	0.02	0.04	0.04	0.24	678
chr8	11862457	11862957	AC069185.1|chr8:11862457-11862957:.	0.03193375476718874	.	chr8:11862457-11862957	chr8	11802568	11802569	-	NA	NA	AC069185.1	ENSG00000255046	NA	TACGCTTCCAACCCTCGAATNGG;ATACGCTTCCAACCCTCGAANGG	FALSE	0.908	0.9882502266545784	overlaps potential promoter	NA	Morris et al., 2023	-60139	NA	38	TRUE	0.9882502266545784	FALSE	0.01	0	0	0.04	0.1	0.09	0.14	0.64	0.01	0	0	0.04	0.1	0.09	0.14	0.64	678
chr8	11862457	11862957	AC145124.1|chr8:11862457-11862957:.	-0.04284920950056303	.	chr8:11862457-11862957	chr8	12194467	12194468	+	NA	NA	AC145124.1	ENSG00000255495	NA	TACGCTTCCAACCCTCGAATNGG;ATACGCTTCCAACCCTCGAANGG	FALSE	0.984	0.9999658411614004	overlaps potential promoter	NA	Morris et al., 2023	-331760	NA	11	TRUE	0.9999658411614004	FALSE	0	0.01	0	0.02	0.01	0.01	0.01	0.22	0	0.01	0	0.02	0.01	0.01	0.01	0.22	678
chr8	11862457	11862957	AF131216.3|chr8:11862457-11862957:.	0.14518052167458606	.	chr8:11862457-11862957	chr8	11347502	11347503	-	NA	NA	AF131216.3	ENSG00000255020	NA	TACGCTTCCAACCCTCGAATNGG;ATACGCTTCCAACCCTCGAANGG	FALSE	0.576	0.9441322314049586	overlaps potential promoter	NA	Morris et al., 2023	-515205	NA	25	TRUE	0.9441322314049586	FALSE	0.01	0.01	0	0.03	0	0.02	0.05	0.17	0.01	0.01	0	0.03	0	0.02	0.05	0.17	678
chr8	11862457	11862957	AF131216.4|chr8:11862457-11862957:.	0.7546682744572255	.	chr8:11862457-11862957	chr8	11285068	11285069	-	NA	NA	AF131216.4	ENSG00000280273	NA	TACGCTTCCAACCCTCGAATNGG;ATACGCTTCCAACCCTCGAANGG	FALSE	0.132	0.6923636363636364	overlaps potential promoter	NA	Morris et al., 2023	-577639	NA	12	TRUE	0.6923636363636364	FALSE	0	0	0	0	0	0	0.01	0	0	0	0	0	0	0	0.01	0	678
chr8	11862457	11862957	CTSB|chr8:11862457-11862957:.	-0.7630844007713208	.	chr8:11862457-11862957	chr8	11869448	11869449	-	NA	NA	CTSB	ENSG00000164733	NA	TACGCTTCCAACCCTCGAATNGG;ATACGCTTCCAACCCTCGAANGG	TRUE	1.925929944387236e-33	3.819761056368018e-31	overlaps target gene exon	NA	Morris et al., 2023	6741	NA	482	TRUE	3.819761056368018e-31	TRUE	0.23	0.27	0.29	0.47	0.71	0.84	0.95	1	0.23	0.27	0.29	0.47	0.71	0.84	0.95	1	678
chr8	11862457	11862957	FAM86B1|chr8:11862457-11862957:.	0.39571002291368984	.	chr8:11862457-11862957	chr8	12194133	12194134	-	NA	NA	FAM86B1	ENSG00000186523	NA	TACGCTTCCAACCCTCGAATNGG;ATACGCTTCCAACCCTCGAANGG	FALSE	0.156	0.6923636363636364	overlaps potential promoter	NA	Morris et al., 2023	331426	NA	30	TRUE	0.6923636363636364	FALSE	0	0	0	0.02	0.06	0.03	0.05	0.4	0	0	0	0.02	0.06	0.03	0.05	0.4	678
chr8	11862457	11862957	FDFT1|chr8:11862457-11862957:.	-0.02576240772716165	.	chr8:11862457-11862957	chr8	11795573	11795574	+	NA	NA	FDFT1	ENSG00000079459	NA	TACGCTTCCAACCCTCGAATNGG;ATACGCTTCCAACCCTCGAANGG	FALSE	0.348	0.8349193548387097	overlaps potential promoter	NA	Morris et al., 2023	67134	NA	622	TRUE	0.8349193548387097	FALSE	0.24	0.28	0.48	0.52	0.83	0.85	0.93	1	0.24	0.28	0.48	0.52	0.83	0.85	0.93	1	678
chr8	11862457	11862957	LONRF1|chr8:11862457-11862957:.	0.22649314609818205	.	chr8:11862457-11862957	chr8	12756073	12756074	-	NA	NA	LONRF1	ENSG00000154359	NA	TACGCTTCCAACCCTCGAATNGG;ATACGCTTCCAACCCTCGAANGG	FALSE	0.188	0.7311111111111112	overlaps potential promoter	NA	Morris et al., 2023	893366	NA	62	TRUE	0.7311111111111112	FALSE	0.02	0.03	0.02	0.08	0.12	0.21	0.36	0.8	0.02	0.03	0.02	0.08	0.12	0.21	0.36	0.8	678
chr8	11862457	11862957	MTMR9|chr8:11862457-11862957:.	0.16507494974600156	.	chr8:11862457-11862957	chr8	11284416	11284417	+	NA	NA	MTMR9	ENSG00000104643	NA	TACGCTTCCAACCCTCGAATNGG;ATACGCTTCCAACCCTCGAANGG	FALSE	0.144	0.6923636363636364	overlaps potential promoter	NA	Morris et al., 2023	578291	NA	130	TRUE	0.6923636363636364	FALSE	0.09	0.05	0.03	0.18	0.33	0.36	0.53	0.99	0.09	0.05	0.03	0.18	0.33	0.36	0.53	0.99	678
chr8	11862457	11862957	NEIL2|chr8:11862457-11862957:.	0.12698119850687029	.	chr8:11862457-11862957	chr8	11769639	11769640	+	NA	NA	NEIL2	ENSG00000154328	NA	TACGCTTCCAACCCTCGAATNGG;ATACGCTTCCAACCCTCGAANGG	FALSE	0.26	0.777386934673367	overlaps potential promoter	NA	Morris et al., 2023	93068	NA	138	TRUE	0.777386934673367	FALSE	0.07	0.03	0.1	0.24	0.25	0.38	0.65	0.99	0.07	0.03	0.1	0.24	0.25	0.38	0.65	0.99	678
chr8	23221079	23221868	AC037459.3|chr8:23221079-23221868:.	0.5081354551904678	.	chr8:23221079-23221868	chr8	22616657	22616658	-	NA	NA	AC037459.3	ENSG00000253200	NA	GTTCCATGTAGTAAGGGTGCNGG;TTCCATGTAGTAAGGGTGCANGG	FALSE	0.276	0.7951999999999999	TRUE	NA	Morris et al., 2023	-604816	NA	10	TRUE	0.7951999999999999	FALSE	0.02	0	0	0	0.02	0.02	0.01	0.11	0.02	0	0	0	0.02	0.02	0.01	0.11	215
chr8	23221079	23221868	AC100861.1|chr8:23221079-23221868:.	-0.34613005119148665	.	chr8:23221079-23221868	chr8	23224471	23224472	+	NA	NA	AC100861.1	ENSG00000246582	NA	GTTCCATGTAGTAAGGGTGCNGG;TTCCATGTAGTAAGGGTGCANGG	FALSE	0.164	0.6945195729537368	TRUE	NA	Morris et al., 2023	-2998	NA	29	TRUE	0.6945195729537368	FALSE	0	0.01	0.02	0.05	0.09	0.15	0.29	0.79	0	0.01	0.02	0.05	0.09	0.15	0.29	0.79	215
chr8	23221079	23221868	AC104561.3|chr8:23221079-23221868:.	-0.01528336759808635	.	chr8:23221079-23221868	chr8	23494198	23494199	-	NA	NA	AC104561.3	ENSG00000253986	NA	GTTCCATGTAGTAAGGGTGCNGG;TTCCATGTAGTAAGGGTGCANGG	FALSE	0.98	0.9999658411614004	TRUE	NA	Morris et al., 2023	272725	NA	26	TRUE	0.9999658411614004	FALSE	0	0.01	0.02	0.02	0.09	0.06	0.07	0.56	0	0.01	0.02	0.02	0.09	0.06	0.07	0.56	215
chr8	23221079	23221868	BIN3|chr8:23221079-23221868:.	0.12608544751310302	.	chr8:23221079-23221868	chr8	22669148	22669149	-	NA	NA	BIN3	ENSG00000147439	NA	GTTCCATGTAGTAAGGGTGCNGG;TTCCATGTAGTAAGGGTGCANGG	FALSE	0.472	0.892972972972973	TRUE	NA	Morris et al., 2023	-552325	NA	50	TRUE	0.892972972972973	FALSE	0.04	0.02	0.01	0.05	0.13	0.13	0.29	0.84	0.04	0.02	0.01	0.05	0.13	0.13	0.29	0.84	215
chr8	23221079	23221868	C8orf58|chr8:23221079-23221868:.	-0.34723966663202877	.	chr8:23221079-23221868	chr8	22599601	22599602	+	NA	NA	C8orf58	ENSG00000241852	NA	GTTCCATGTAGTAAGGGTGCNGG;TTCCATGTAGTAAGGGTGCANGG	FALSE	0.524	0.9280945347119646	TRUE	NA	Morris et al., 2023	621872	NA	8	TRUE	0.9280945347119646	FALSE	0	0	0.03	0.01	0	0.05	0.03	0.17	0	0	0.03	0.01	0	0.05	0.03	0.17	215
chr8	23221079	23221868	CCAR2|chr8:23221079-23221868:.	0.14827864926522172	.	chr8:23221079-23221868	chr8	22604632	22604633	+	NA	NA	CCAR2	ENSG00000158941	NA	GTTCCATGTAGTAAGGGTGCNGG;TTCCATGTAGTAAGGGTGCANGG	FALSE	0.308	0.8124288840262582	TRUE	NA	Morris et al., 2023	616841	NA	71	TRUE	0.8124288840262582	FALSE	0.01	0.02	0.06	0.09	0.22	0.3	0.39	0.95	0.01	0.02	0.06	0.09	0.22	0.3	0.39	0.95	215
chr8	23221079	23221868	CHMP7|chr8:23221079-23221868:.	0.1898245824797613	.	chr8:23221079-23221868	chr8	23243637	23243638	+	NA	NA	CHMP7	ENSG00000147457	NA	GTTCCATGTAGTAAGGGTGCNGG;TTCCATGTAGTAAGGGTGCANGG	FALSE	0.24	0.7636363636363636	TRUE	NA	Morris et al., 2023	-22164	NA	55	TRUE	0.7636363636363636	FALSE	0.02	0.03	0.04	0.05	0.08	0.19	0.34	0.81	0.02	0.03	0.04	0.05	0.08	0.19	0.34	0.81	215
chr8	23221079	23221868	ENTPD4|chr8:23221079-23221868:.	0.0176854554807937	.	chr8:23221079-23221868	chr8	23457695	23457696	-	NA	NA	ENTPD4	ENSG00000197217	NA	GTTCCATGTAGTAAGGGTGCNGG;TTCCATGTAGTAAGGGTGCANGG	FALSE	0.856	0.9832432432432432	TRUE	NA	Morris et al., 2023	236222	NA	39	TRUE	0.9832432432432433	FALSE	0.02	0.03	0.04	0.06	0.03	0.07	0.15	0.8	0.02	0.03	0.04	0.06	0.03	0.07	0.15	0.8	215
chr8	23221079	23221868	POLR3D|chr8:23221079-23221868:.	0.13421869085443727	.	chr8:23221079-23221868	chr8	22245104	22245105	+	NA	NA	POLR3D	ENSG00000168495	NA	GTTCCATGTAGTAAGGGTGCNGG;TTCCATGTAGTAAGGGTGCANGG	FALSE	0.252	0.7748837209302325	TRUE	NA	Morris et al., 2023	976369	NA	103	TRUE	0.7748837209302325	FALSE	0.12	0.13	0.1	0.16	0.28	0.41	0.5	0.98	0.12	0.13	0.1	0.16	0.28	0.41	0.5	0.98	215
chr8	23221079	23221868	PPP3CC|chr8:23221079-23221868:.	0.10412017784969352	.	chr8:23221079-23221868	chr8	22440819	22440820	+	NA	NA	PPP3CC	ENSG00000120910	NA	GTTCCATGTAGTAAGGGTGCNGG;TTCCATGTAGTAAGGGTGCANGG	FALSE	0.444	0.888	TRUE	NA	Morris et al., 2023	780654	NA	89	TRUE	0.888	FALSE	0.05	0.09	0.08	0.13	0.2	0.44	0.41	0.99	0.05	0.09	0.08	0.13	0.2	0.44	0.41	0.99	215
chr8	23221079	23221868	R3HCC1|chr8:23221079-23221868:.	-0.08144502943099169	.	chr8:23221079-23221868	chr8	23270120	23270121	+	NA	NA	R3HCC1	ENSG00000104679	NA	GTTCCATGTAGTAAGGGTGCNGG;TTCCATGTAGTAAGGGTGCANGG	FALSE	0.376	0.8582156133828998	TRUE	NA	Morris et al., 2023	-48647	NA	133	TRUE	0.8582156133828998	FALSE	0.11	0.12	0.09	0.25	0.34	0.54	0.68	1	0.11	0.12	0.09	0.25	0.34	0.54	0.68	1	215
chr8	23221079	23221868	RHOBTB2|chr8:23221079-23221868:.	-0.03664796762007327	.	chr8:23221079-23221868	chr8	22987417	22987418	+	NA	NA	RHOBTB2	ENSG00000008853	NA	GTTCCATGTAGTAAGGGTGCNGG;TTCCATGTAGTAAGGGTGCANGG	FALSE	0.996	1	TRUE	NA	Morris et al., 2023	234056	NA	7	TRUE	1	FALSE	0	0.01	0.02	0	0	0	0.02	0.05	0	0.01	0.02	0	0	0	0.02	0.05	215
chr8	23221079	23221868	SLC25A37|chr8:23221079-23221868:.	-0.01378496339858426	.	chr8:23221079-23221868	chr8	23528805	23528806	+	NA	NA	SLC25A37	ENSG00000147454	NA	GTTCCATGTAGTAAGGGTGCNGG;TTCCATGTAGTAAGGGTGCANGG	FALSE	0.8	0.9812923076923078	TRUE	NA	Morris et al., 2023	-307332	NA	212	TRUE	0.9812923076923078	FALSE	0.17	0.15	0.19	0.38	0.43	0.66	0.81	1	0.17	0.15	0.19	0.38	0.43	0.66	0.81	1	215
chr8	23221079	23221868	SLC39A14|chr8:23221079-23221868:.	0.2862703645419469	.	chr8:23221079-23221868	chr8	22367249	22367250	+	NA	NA	SLC39A14	ENSG00000104635	NA	GTTCCATGTAGTAAGGGTGCNGG;TTCCATGTAGTAAGGGTGCANGG	FALSE	0.184	0.7226402640264026	TRUE	NA	Morris et al., 2023	854224	NA	37	TRUE	0.7226402640264026	FALSE	0.01	0.03	0	0.09	0.07	0.13	0.11	0.63	0.01	0.03	0	0.09	0.07	0.13	0.11	0.63	215
chr8	23221079	23221868	SORBS3|chr8:23221079-23221868:.	0.6531070132072601	.	chr8:23221079-23221868	chr8	22544986	22544987	+	NA	NA	SORBS3	ENSG00000120896	NA	GTTCCATGTAGTAAGGGTGCNGG;TTCCATGTAGTAAGGGTGCANGG	TRUE	0.00271184895162391	0.06454200504864921	TRUE	NA	Morris et al., 2023	676487	NA	45	TRUE	0.06454200504864906	TRUE	0	0.04	0.03	0.02	0.02	0.1	0.15	0.66	0	0.04	0.03	0.02	0.02	0.1	0.15	0.66	215
chr8	23221079	23221868	STC1|chr8:23221079-23221868:.	0.6702442915519011	.	chr8:23221079-23221868	chr8	23854807	23854808	-	NA	NA	STC1	ENSG00000159167	NA	GTTCCATGTAGTAAGGGTGCNGG;TTCCATGTAGTAAGGGTGCANGG	FALSE	0.848	0.9832432432432432	TRUE	NA	Morris et al., 2023	633334	NA	7	TRUE	0.9832432432432433	FALSE	0	0	0	0	0.01	0	0	0.01	0	0	0	0	0.01	0	0	0.01	215
chr8	23221079	23221868	TNFRSF10A|chr8:23221079-23221868:.	-0.6103501127736393	.	chr8:23221079-23221868	chr8	23225126	23225127	-	NA	NA	TNFRSF10A	ENSG00000104689	NA	GTTCCATGTAGTAAGGGTGCNGG;TTCCATGTAGTAAGGGTGCANGG	TRUE	8.760347047544088e-4	0.02542637313799381	overlaps target gene intron	NA	Morris et al., 2023	3653	NA	51	TRUE	0.025426373137993816	TRUE	0.03	0.04	0.06	0.06	0.17	0.3	0.43	0.95	0.03	0.04	0.06	0.06	0.17	0.3	0.43	0.95	215
chr8	23221079	23221868	TNFRSF10B|chr8:23221079-23221868:.	0.3156109887977756	.	chr8:23221079-23221868	chr8	23069179	23069180	-	NA	NA	TNFRSF10B	ENSG00000120889	NA	GTTCCATGTAGTAAGGGTGCNGG;TTCCATGTAGTAAGGGTGCANGG	FALSE	0.292	0.8043518518518519	TRUE	NA	Morris et al., 2023	-152294	NA	32	TRUE	0.8043518518518519	FALSE	0.05	0	0.02	0.01	0.04	0.07	0.1	0.53	0.05	0	0.02	0.01	0.04	0.07	0.1	0.53	215
chr8	23493627	23494629	AC037459.3|chr8:23493627-23494629:.	0.11368114627820523	.	chr8:23493627-23494629	chr8	22616657	22616658	-	NA	NA	AC037459.3	ENSG00000253200	NA	TAAGCGATAGCAGCCCACCCNGG;CTTAAGAACACGTCTGCCTCNGG	FALSE	0.78	0.9807284079084286	overlaps potential promoter	NA	Morris et al., 2023	-877471	NA	8	TRUE	0.9807284079084286	FALSE	0.02	0	0	0.03	0	0.02	0.04	0.06	0.02	0	0	0.03	0	0.02	0.04	0.06	236
chr8	23493627	23494629	AC100861.1|chr8:23493627-23494629:.	0.02712989101467711	.	chr8:23493627-23494629	chr8	23224471	23224472	+	NA	NA	AC100861.1	ENSG00000246582	NA	TAAGCGATAGCAGCCCACCCNGG;CTTAAGAACACGTCTGCCTCNGG	FALSE	0.924	0.9930935251798562	overlaps potential promoter	NA	Morris et al., 2023	269657	NA	41	TRUE	0.9930935251798562	FALSE	0.02	0.01	0.03	0.04	0.08	0.12	0.26	0.84	0.02	0.01	0.03	0.04	0.08	0.12	0.26	0.84	236
chr8	23493627	23494629	AC104561.3|chr8:23493627-23494629:.	-2.3201528603780543	.	chr8:23493627-23494629	chr8	23494198	23494199	-	NA	NA	AC104561.3	ENSG00000253986	NA	TAAGCGATAGCAGCCCACCCNGG;CTTAAGAACACGTCTGCCTCNGG	TRUE	6.1275516105565794e-6	2.723899749391254e-4	overlaps target gene exon	NA	Morris et al., 2023	70	NA	7	TRUE	2.723899749391254e-4	TRUE	0.02	0.01	0.02	0.03	0.03	0.08	0.12	0.57	0.02	0.01	0.02	0.03	0.03	0.08	0.12	0.57	236
chr8	23493627	23494629	BIN3|chr8:23493627-23494629:.	-0.05866787638678383	.	chr8:23493627-23494629	chr8	22669148	22669149	-	NA	NA	BIN3	ENSG00000147439	NA	TAAGCGATAGCAGCCCACCCNGG;CTTAAGAACACGTCTGCCTCNGG	FALSE	0.728	0.9686652078774618	overlaps potential promoter	NA	Morris et al., 2023	-824980	NA	49	TRUE	0.9686652078774618	FALSE	0	0.02	0.08	0.11	0.11	0.26	0.28	0.88	0	0.02	0.08	0.11	0.11	0.26	0.28	0.88	236
chr8	23493627	23494629	CCAR2|chr8:23493627-23494629:.	0.04685128995145216	.	chr8:23493627-23494629	chr8	22604632	22604633	+	NA	NA	CCAR2	ENSG00000158941	NA	TAAGCGATAGCAGCCCACCCNGG;CTTAAGAACACGTCTGCCTCNGG	FALSE	0.744	0.9686652078774618	overlaps potential promoter	NA	Morris et al., 2023	889496	NA	77	TRUE	0.9686652078774618	FALSE	0.03	0.05	0.02	0.1	0.15	0.32	0.5	0.97	0.03	0.05	0.02	0.1	0.15	0.32	0.5	0.97	236
chr8	23493627	23494629	CHMP7|chr8:23493627-23494629:.	0.13318001629571574	.	chr8:23493627-23494629	chr8	23243637	23243638	+	NA	NA	CHMP7	ENSG00000147457	NA	TAAGCGATAGCAGCCCACCCNGG;CTTAAGAACACGTCTGCCTCNGG	FALSE	0.412	0.869290780141844	overlaps potential promoter	NA	Morris et al., 2023	250491	NA	54	TRUE	0.869290780141844	FALSE	0.06	0.04	0.08	0.07	0.13	0.19	0.24	0.86	0.06	0.04	0.08	0.07	0.13	0.19	0.24	0.86	236
chr8	23493627	23494629	ENTPD4|chr8:23493627-23494629:.	-0.36495084251730914	.	chr8:23493627-23494629	chr8	23457695	23457696	-	NA	NA	ENTPD4	ENSG00000197217	NA	TAAGCGATAGCAGCCCACCCNGG;CTTAAGAACACGTCTGCCTCNGG	FALSE	0.144	0.6923636363636364	overlaps potential promoter	NA	Morris et al., 2023	-36433	NA	26	TRUE	0.6923636363636364	FALSE	0.01	0.04	0.03	0.08	0.1	0.1	0.24	0.74	0.01	0.04	0.03	0.08	0.1	0.1	0.24	0.74	236
chr8	23493627	23494629	PDLIM2|chr8:23493627-23494629:.	-0.2082383119056459	.	chr8:23493627-23494629	chr8	22578279	22578280	+	NA	NA	PDLIM2	ENSG00000120913	NA	TAAGCGATAGCAGCCCACCCNGG;CTTAAGAACACGTCTGCCTCNGG	FALSE	0.564	0.942640449438202	overlaps potential promoter	NA	Morris et al., 2023	915849	NA	7	TRUE	0.9426404494382021	FALSE	0	0	0.02	0.02	0	0.03	0.03	0.14	0	0	0.02	0.02	0	0.03	0.03	0.14	236
chr8	23493627	23494629	R3HCC1|chr8:23493627-23494629:.	0.05477187522582208	.	chr8:23493627-23494629	chr8	23270120	23270121	+	NA	NA	R3HCC1	ENSG00000104679	NA	TAAGCGATAGCAGCCCACCCNGG;CTTAAGAACACGTCTGCCTCNGG	FALSE	0.508	0.9215243902439024	overlaps potential promoter	NA	Morris et al., 2023	224008	NA	153	TRUE	0.9215243902439024	FALSE	0.07	0.11	0.14	0.25	0.43	0.58	0.82	1	0.07	0.11	0.14	0.25	0.43	0.58	0.82	1	236
chr8	23493627	23494629	SLC25A37|chr8:23493627-23494629:.	-0.7082175714307692	.	chr8:23493627-23494629	chr8	23528805	23528806	+	NA	NA	SLC25A37	ENSG00000147454	NA	TAAGCGATAGCAGCCCACCCNGG;CTTAAGAACACGTCTGCCTCNGG	TRUE	4.3686723545068786e-13	3.249200063664491e-11	overlaps potential promoter	NA	Morris et al., 2023	-34677	NA	226	TRUE	3.249200063664491e-11	TRUE	0.16	0.2	0.19	0.33	0.55	0.74	0.85	1	0.16	0.2	0.19	0.33	0.55	0.74	0.85	1	236
chr8	23493627	23494629	SORBS3|chr8:23493627-23494629:.	0.2850272160597149	.	chr8:23493627-23494629	chr8	22544986	22544987	+	NA	NA	SORBS3	ENSG00000120896	NA	TAAGCGATAGCAGCCCACCCNGG;CTTAAGAACACGTCTGCCTCNGG	FALSE	0.224	0.7445810055865922	overlaps potential promoter	NA	Morris et al., 2023	949142	NA	34	TRUE	0.7445810055865922	FALSE	0.02	0.02	0.02	0.03	0.04	0.13	0.18	0.66	0.02	0.02	0.02	0.03	0.04	0.13	0.18	0.66	236
chr8	23493627	23494629	TNFRSF10A|chr8:23493627-23494629:.	-0.08949807652536457	.	chr8:23493627-23494629	chr8	23225126	23225127	-	NA	NA	TNFRSF10A	ENSG00000104689	NA	TAAGCGATAGCAGCCCACCCNGG;CTTAAGAACACGTCTGCCTCNGG	FALSE	0.548	0.942369942196532	overlaps potential promoter	NA	Morris et al., 2023	-269002	NA	65	TRUE	0.9423699421965319	FALSE	0.03	0.04	0.05	0.13	0.2	0.31	0.36	0.96	0.03	0.04	0.05	0.13	0.2	0.31	0.36	0.96	236
chr8	23493627	23494629	TNFRSF10B|chr8:23493627-23494629:.	-0.10504416143849672	.	chr8:23493627-23494629	chr8	23069179	23069180	-	NA	NA	TNFRSF10B	ENSG00000120889	NA	TAAGCGATAGCAGCCCACCCNGG;CTTAAGAACACGTCTGCCTCNGG	FALSE	0.732	0.9686652078774618	overlaps potential promoter	NA	Morris et al., 2023	-424949	NA	25	TRUE	0.9686652078774618	FALSE	0.01	0.01	0.07	0.04	0.05	0.03	0.14	0.6	0.01	0.01	0.07	0.04	0.05	0.03	0.14	0.6	236
chr8	41772263	41773163	AC009630.1|chr8:41772263-41773163:.	0.39929912896045305	.	chr8:41772263-41773163	chr8	41578368	41578369	-	NA	NA	AC009630.1	ENSG00000253133	NA	CCACCAGGAGCATCGCTGTTNGG;TTCCCCAACAGCGATGCTCCNGG	FALSE	0.324	0.8234599156118144	TRUE	NA	Morris et al., 2023	-194345	NA	16	TRUE	0.8234599156118144	FALSE	0.01	0.02	0	0.02	0.01	0.06	0.03	0.23	0.01	0.02	0	0.02	0.01	0.06	0.03	0.23	962
chr8	41772263	41773163	AC027702.1|chr8:41772263-41773163:.	-0.2986652698580725	.	chr8:41772263-41773163	chr8	41829934	41829935	-	NA	NA	AC027702.1	ENSG00000260588	NA	CCACCAGGAGCATCGCTGTTNGG;TTCCCCAACAGCGATGCTCCNGG	FALSE	0.104	0.647958115183246	TRUE	NA	Morris et al., 2023	57221	NA	46	TRUE	0.647958115183246	FALSE	0.03	0	0.06	0.11	0.12	0.17	0.22	0.77	0.03	0	0.06	0.11	0.12	0.17	0.22	0.77	962
chr8	41772263	41773163	ANK1|chr8:41772263-41773163:.	-0.5525534603802167	.	chr8:41772263-41773163	chr8	41896762	41896763	-	NA	NA	ANK1	ENSG00000029534	NA	CCACCAGGAGCATCGCTGTTNGG;TTCCCCAACAGCGATGCTCCNGG	TRUE	1.5520198850700517e-37	3.6938073264667225e-35	overlaps target gene intron	NA	Morris et al., 2023	124049	NA	626	TRUE	3.693807326466723e-35	TRUE	0.31	0.27	0.34	0.58	0.73	0.86	0.98	1	0.31	0.27	0.34	0.58	0.73	0.86	0.98	1	962
chr8	41772263	41773163	AP3M2|chr8:41772263-41773163:.	-0.00737266561875293	.	chr8:41772263-41773163	chr8	42152946	42152947	+	NA	NA	AP3M2	ENSG00000070718	NA	CCACCAGGAGCATCGCTGTTNGG;TTCCCCAACAGCGATGCTCCNGG	FALSE	0.984	0.9999658411614004	TRUE	NA	Morris et al., 2023	-380233	NA	312	TRUE	0.9999658411614004	FALSE	0.14	0.13	0.19	0.26	0.53	0.67	0.76	1	0.14	0.13	0.19	0.26	0.53	0.67	0.76	1	962
chr8	41772263	41773163	GINS4|chr8:41772263-41773163:.	0.03888539275259894	.	chr8:41772263-41773163	chr8	41529206	41529207	+	NA	NA	GINS4	ENSG00000147536	NA	CCACCAGGAGCATCGCTGTTNGG;TTCCCCAACAGCGATGCTCCNGG	FALSE	0.644	0.95795	TRUE	NA	Morris et al., 2023	243507	NA	214	TRUE	0.9579500000000001	FALSE	0.06	0.12	0.09	0.23	0.47	0.61	0.71	1	0.06	0.12	0.09	0.23	0.47	0.61	0.71	1	962
chr8	41772263	41773163	GOLGA7|chr8:41772263-41773163:.	-0.01785953962076569	.	chr8:41772263-41773163	chr8	41490396	41490397	+	NA	NA	GOLGA7	ENSG00000147533	NA	CCACCAGGAGCATCGCTGTTNGG;TTCCCCAACAGCGATGCTCCNGG	FALSE	0.528	0.9280945347119646	TRUE	NA	Morris et al., 2023	282317	NA	715	TRUE	0.9280945347119646	FALSE	0.21	0.36	0.45	0.56	0.72	0.9	0.94	1	0.21	0.36	0.45	0.56	0.72	0.9	0.94	1	962
chr8	41772263	41773163	GPAT4|chr8:41772263-41773163:.	0.04494344490743618	.	chr8:41772263-41773163	chr8	41577187	41577188	+	NA	NA	GPAT4	ENSG00000158669	NA	CCACCAGGAGCATCGCTGTTNGG;TTCCCCAACAGCGATGCTCCNGG	FALSE	0.528	0.9280945347119646	TRUE	NA	Morris et al., 2023	195526	NA	322	TRUE	0.9280945347119646	FALSE	0.13	0.24	0.19	0.28	0.5	0.71	0.83	1	0.13	0.24	0.19	0.28	0.5	0.71	0.83	1	962
chr8	41772263	41773163	IKBKB|chr8:41772263-41773163:.	-0.06586515636803547	.	chr8:41772263-41773163	chr8	42271302	42271303	+	NA	NA	IKBKB	ENSG00000104365	NA	CCACCAGGAGCATCGCTGTTNGG;TTCCCCAACAGCGATGCTCCNGG	FALSE	0.348	0.8349193548387097	TRUE	NA	Morris et al., 2023	-498589	NA	188	TRUE	0.8349193548387097	FALSE	0.02	0.03	0.03	0.15	0.19	0.32	0.42	0.96	0.02	0.03	0.03	0.15	0.19	0.32	0.42	0.96	962
chr8	41772263	41773163	KAT6A|chr8:41772263-41773163:.	0.03290885118785724	.	chr8:41772263-41773163	chr8	42052026	42052027	-	NA	NA	KAT6A	ENSG00000083168	NA	CCACCAGGAGCATCGCTGTTNGG;TTCCCCAACAGCGATGCTCCNGG	FALSE	0.608	0.9545118733509236	TRUE	NA	Morris et al., 2023	279313	NA	301	TRUE	0.9545118733509235	FALSE	0.16	0.11	0.24	0.39	0.49	0.63	0.85	1	0.16	0.11	0.24	0.39	0.49	0.63	0.85	1	962
chr8	41772263	41773163	PLAT|chr8:41772263-41773163:.	0.03585853773053671	.	chr8:41772263-41773163	chr8	42207724	42207725	-	NA	NA	PLAT	ENSG00000104368	NA	CCACCAGGAGCATCGCTGTTNGG;TTCCCCAACAGCGATGCTCCNGG	FALSE	0.964	0.9999658411614004	TRUE	NA	Morris et al., 2023	435011	NA	23	TRUE	0.9999658411614004	FALSE	0	0.01	0	0.02	0.02	0.06	0.01	0.33	0	0.01	0	0.02	0.02	0.06	0.01	0.33	962
chr8	41772263	41773163	POLB|chr8:41772263-41773163:.	0.02424462119555558	.	chr8:41772263-41773163	chr8	42338454	42338455	+	NA	NA	POLB	ENSG00000070501	NA	CCACCAGGAGCATCGCTGTTNGG;TTCCCCAACAGCGATGCTCCNGG	FALSE	0.632	0.9568447837150128	TRUE	NA	Morris et al., 2023	-565741	NA	585	TRUE	0.9568447837150128	FALSE	0.21	0.33	0.3	0.56	0.76	0.9	0.93	1	0.21	0.33	0.3	0.56	0.76	0.9	0.93	1	962
chr8	41772263	41773163	SLC20A2|chr8:41772263-41773163:.	-0.1193495366628734	.	chr8:41772263-41773163	chr8	42541926	42541927	-	NA	NA	SLC20A2	ENSG00000168575	NA	CCACCAGGAGCATCGCTGTTNGG;TTCCCCAACAGCGATGCTCCNGG	FALSE	0.172	0.708235294117647	TRUE	NA	Morris et al., 2023	769213	NA	189	TRUE	0.708235294117647	FALSE	0.07	0.05	0.2	0.3	0.35	0.51	0.77	1	0.07	0.05	0.2	0.3	0.35	0.51	0.77	1	962
chr8	41772263	41773163	SMIM19|chr8:41772263-41773163:.	-0.05234444295623819	.	chr8:41772263-41773163	chr8	42541155	42541156	+	NA	NA	SMIM19	ENSG00000176209	NA	CCACCAGGAGCATCGCTGTTNGG;TTCCCCAACAGCGATGCTCCNGG	FALSE	0.152	0.6923636363636364	TRUE	NA	Morris et al., 2023	-768442	NA	615	TRUE	0.6923636363636364	FALSE	0.25	0.26	0.22	0.5	0.69	0.87	0.92	1	0.25	0.26	0.22	0.5	0.69	0.87	0.92	1	962
chr8	41772263	41773163	VDAC3|chr8:41772263-41773163:.	0.04774168762044972	.	chr8:41772263-41773163	chr8	42391624	42391625	+	NA	NA	VDAC3	ENSG00000078668	NA	CCACCAGGAGCATCGCTGTTNGG;TTCCCCAACAGCGATGCTCCNGG	FALSE	0.052	0.4687878787878788	TRUE	NA	Morris et al., 2023	-618911	NA	900	TRUE	0.4687878787878788	FALSE	0.37	0.34	0.5	0.68	0.81	0.9	0.94	1	0.37	0.34	0.5	0.68	0.81	0.9	0.94	1	962
chr9	132983785	132985248	ABO|chr9:132983785-132985248:.	-0.08216295576603216	.	chr9:132983785-132985248	chr9	133275219	133275220	-	NA	NA	ABO	ENSG00000175164	NA	TTGCATGGCGGCTGGCCCAANGG;TGTCGGCCTGGGTGCAGCGTNGG	FALSE	0.328	0.8234599156118144	TRUE	NA	Morris et al., 2023	290703	NA	223	TRUE	0.8234599156118144	FALSE	0.1	0.14	0.2	0.24	0.44	0.54	0.75	1	0.1	0.14	0.2	0.24	0.44	0.54	0.75	1	774
chr9	132983785	132985248	CACFD1|chr9:132983785-132985248:.	-0.22536010056154865	.	chr9:132983785-132985248	chr9	133459965	133459966	+	NA	NA	CACFD1	ENSG00000160325	NA	TTGCATGGCGGCTGGCCCAANGG;TGTCGGCCTGGGTGCAGCGTNGG	FALSE	0.224	0.7445810055865922	TRUE	NA	Morris et al., 2023	-475449	NA	49	TRUE	0.7445810055865922	FALSE	0.02	0.03	0.05	0.13	0.18	0.18	0.36	0.9	0.02	0.03	0.05	0.13	0.18	0.18	0.36	0.9	774
chr9	132983785	132985248	DDX31|chr9:132983785-132985248:.	0.12749486461666404	.	chr9:132983785-132985248	chr9	132670401	132670402	-	NA	NA	DDX31	ENSG00000125485	NA	TTGCATGGCGGCTGGCCCAANGG;TGTCGGCCTGGGTGCAGCGTNGG	FALSE	0.108	0.6523857868020304	TRUE	NA	Morris et al., 2023	-314115	NA	214	TRUE	0.6523857868020304	FALSE	0.04	0.05	0.12	0.2	0.41	0.59	0.63	1	0.04	0.05	0.12	0.2	0.41	0.59	0.63	1	774
chr9	132983785	132985248	GBGT1|chr9:132983785-132985248:.	0.14682320750729305	.	chr9:132983785-132985248	chr9	133163945	133163946	-	NA	NA	GBGT1	ENSG00000148288	NA	TTGCATGGCGGCTGGCCCAANGG;TGTCGGCCTGGGTGCAGCGTNGG	FALSE	0.196	0.7381012658227849	TRUE	NA	Morris et al., 2023	179429	NA	131	TRUE	0.7381012658227849	FALSE	0.05	0.08	0.07	0.11	0.23	0.46	0.52	1	0.05	0.08	0.07	0.11	0.23	0.46	0.52	1	774
chr9	132983785	132985248	GFI1B|chr9:132983785-132985248:.	-0.26136877847546186	.	chr9:132983785-132985248	chr9	132944000	132944001	+	NA	NA	GFI1B	ENSG00000165702	NA	TTGCATGGCGGCTGGCCCAANGG;TGTCGGCCTGGGTGCAGCGTNGG	TRUE	4.4974282414896646e-4	0.01486649890936861	overlaps target gene intron	NA	Morris et al., 2023	40516	NA	315	TRUE	0.014866498909368614	TRUE	0.11	0.11	0.22	0.33	0.56	0.71	0.85	1	0.11	0.11	0.22	0.33	0.56	0.71	0.85	1	774
chr9	132983785	132985248	GTF3C4|chr9:132983785-132985248:.	-0.06674977709801322	.	chr9:132983785-132985248	chr9	132670035	132670036	+	NA	NA	GTF3C4	ENSG00000125484	NA	TTGCATGGCGGCTGGCCCAANGG;TGTCGGCCTGGGTGCAGCGTNGG	FALSE	0.5	0.9083969465648856	TRUE	NA	Morris et al., 2023	314481	NA	194	TRUE	0.9083969465648855	FALSE	0.09	0.11	0.08	0.29	0.38	0.64	0.74	1	0.09	0.11	0.08	0.29	0.38	0.64	0.74	1	774
chr9	132983785	132985248	GTF3C5|chr9:132983785-132985248:.	0.1513919111635989	.	chr9:132983785-132985248	chr9	133030675	133030676	+	NA	NA	GTF3C5	ENSG00000148308	NA	TTGCATGGCGGCTGGCCCAANGG;TGTCGGCCTGGGTGCAGCGTNGG	TRUE	0.00182026073791999	0.04708935387227801	TRUE	NA	Morris et al., 2023	-46159	NA	461	TRUE	0.04708935387227801	TRUE	0.16	0.19	0.27	0.48	0.56	0.85	0.91	1	0.16	0.19	0.27	0.48	0.56	0.85	0.91	1	774
chr9	132983785	132985248	MED22|chr9:132983785-132985248:.	0.2876392559480192	.	chr9:132983785-132985248	chr9	133348131	133348132	-	NA	NA	MED22	ENSG00000148297	NA	TTGCATGGCGGCTGGCCCAANGG;TGTCGGCCTGGGTGCAGCGTNGG	TRUE	0.00586129523797128	0.1107133544950132	TRUE	NA	Morris et al., 2023	363615	NA	161	TRUE	0.11071335449501306	TRUE	0.08	0.06	0.09	0.16	0.31	0.41	0.6	1	0.08	0.06	0.09	0.16	0.31	0.41	0.6	1	774
chr9	132983785	132985248	MED27|chr9:132983785-132985248:.	0.07018892813757516	.	chr9:132983785-132985248	chr9	132079908	132079909	-	NA	NA	MED27	ENSG00000160563	NA	TTGCATGGCGGCTGGCCCAANGG;TGTCGGCCTGGGTGCAGCGTNGG	FALSE	0.208	0.7410778443113772	TRUE	NA	Morris et al., 2023	-904608	NA	420	TRUE	0.7410778443113772	FALSE	0.16	0.19	0.24	0.51	0.57	0.73	0.89	1	0.16	0.19	0.24	0.51	0.57	0.73	0.89	1	774
chr9	132983785	132985248	RALGDS|chr9:132983785-132985248:.	0.06181873327483833	.	chr9:132983785-132985248	chr9	133149334	133149335	-	NA	NA	RALGDS	ENSG00000160271	NA	TTGCATGGCGGCTGGCCCAANGG;TGTCGGCCTGGGTGCAGCGTNGG	FALSE	0.56	0.9425742574257426	TRUE	NA	Morris et al., 2023	164818	NA	132	TRUE	0.9425742574257426	FALSE	0.06	0.07	0.08	0.22	0.2	0.44	0.55	0.99	0.06	0.07	0.08	0.22	0.2	0.44	0.55	0.99	774
chr9	132983785	132985248	REXO4|chr9:132983785-132985248:.	0.1332431611592919	.	chr9:132983785-132985248	chr9	133418096	133418097	-	NA	NA	REXO4	ENSG00000148300	NA	TTGCATGGCGGCTGGCCCAANGG;TGTCGGCCTGGGTGCAGCGTNGG	FALSE	0.056	0.476	TRUE	NA	Morris et al., 2023	433580	NA	344	TRUE	0.47600000000000003	FALSE	0.14	0.11	0.2	0.34	0.6	0.78	0.84	1	0.14	0.11	0.2	0.34	0.6	0.78	0.84	1	774
chr9	132983785	132985248	RPL7A|chr9:132983785-132985248:.	-0.00185299330829113	.	chr9:132983785-132985248	chr9	133348214	133348215	+	NA	NA	RPL7A	ENSG00000148303	NA	TTGCATGGCGGCTGGCCCAANGG;TGTCGGCCTGGGTGCAGCGTNGG	FALSE	0.676	0.9686652078774618	TRUE	NA	Morris et al., 2023	-363698	NA	774	TRUE	0.9686652078774618	FALSE	0.36	0.38	0.42	0.74	0.87	0.95	0.97	1	0.36	0.38	0.42	0.74	0.87	0.95	0.97	1	774
chr9	132983785	132985248	SETX|chr9:132983785-132985248:.	-0.09683682604906436	.	chr9:132983785-132985248	chr9	132354985	132354986	-	NA	NA	SETX	ENSG00000107290	NA	TTGCATGGCGGCTGGCCCAANGG;TGTCGGCCTGGGTGCAGCGTNGG	FALSE	0.088	0.591638418079096	TRUE	NA	Morris et al., 2023	-629531	NA	367	TRUE	0.591638418079096	FALSE	0.18	0.2	0.25	0.36	0.61	0.78	0.88	1	0.18	0.2	0.25	0.36	0.61	0.78	0.88	1	774
chr9	132983785	132985248	SPACA9|chr9:132983785-132985248:.	-0.21532662953060955	.	chr9:132983785-132985248	chr9	132878027	132878028	+	NA	NA	SPACA9	ENSG00000165698	NA	TTGCATGGCGGCTGGCCCAANGG;TGTCGGCCTGGGTGCAGCGTNGG	FALSE	0.268	0.7894059405940594	TRUE	NA	Morris et al., 2023	106489	NA	45	TRUE	0.7894059405940594	FALSE	0	0	0.05	0.07	0.1	0.21	0.21	0.74	0	0	0.05	0.07	0.1	0.21	0.21	0.74	774
chr9	132983785	132985248	STKLD1|chr9:132983785-132985248:.	-0.05708455133556267	.	chr9:132983785-132985248	chr9	133376367	133376368	+	NA	NA	STKLD1	ENSG00000198870	NA	TTGCATGGCGGCTGGCCCAANGG;TGTCGGCCTGGGTGCAGCGTNGG	FALSE	0.812	0.9829908443540184	TRUE	NA	Morris et al., 2023	-391851	NA	29	TRUE	0.9829908443540183	FALSE	0.02	0.01	0.03	0.04	0.02	0.06	0.06	0.57	0.02	0.01	0.03	0.04	0.02	0.06	0.06	0.57	774
chr9	132983785	132985248	SURF1|chr9:132983785-132985248:.	-0.05195489547765107	.	chr9:132983785-132985248	chr9	133356676	133356677	-	NA	NA	SURF1	ENSG00000148290	NA	TTGCATGGCGGCTGGCCCAANGG;TGTCGGCCTGGGTGCAGCGTNGG	FALSE	0.328	0.8234599156118144	TRUE	NA	Morris et al., 2023	372160	NA	434	TRUE	0.8234599156118144	FALSE	0.22	0.22	0.28	0.59	0.57	0.74	0.94	1	0.22	0.22	0.28	0.59	0.57	0.74	0.94	1	774
chr9	132983785	132985248	SURF2|chr9:132983785-132985248:.	0.05990003913137398	.	chr9:132983785-132985248	chr9	133356552	133356553	+	NA	NA	SURF2	ENSG00000148291	NA	TTGCATGGCGGCTGGCCCAANGG;TGTCGGCCTGGGTGCAGCGTNGG	FALSE	0.092	0.6015384615384615	TRUE	NA	Morris et al., 2023	-372036	NA	636	TRUE	0.6015384615384615	FALSE	0.24	0.32	0.39	0.62	0.74	0.84	0.92	1	0.24	0.32	0.39	0.62	0.74	0.84	0.92	1	774
chr9	132983785	132985248	SURF4|chr9:132983785-132985248:.	0.08989521589999971	.	chr9:132983785-132985248	chr9	133376166	133376167	-	NA	NA	SURF4	ENSG00000148248	NA	TTGCATGGCGGCTGGCCCAANGG;TGTCGGCCTGGGTGCAGCGTNGG	FALSE	0.036	0.3930275229357798	TRUE	NA	Morris et al., 2023	391650	NA	570	TRUE	0.3930275229357798	FALSE	0.3	0.24	0.22	0.56	0.77	0.82	0.9	1	0.3	0.24	0.22	0.56	0.77	0.82	0.9	1	774
chr9	132983785	132985248	SURF6|chr9:132983785-132985248:.	-0.04645704253159983	.	chr9:132983785-132985248	chr9	133336398	133336399	-	NA	NA	SURF6	ENSG00000148296	NA	TTGCATGGCGGCTGGCCCAANGG;TGTCGGCCTGGGTGCAGCGTNGG	FALSE	0.376	0.8582156133828998	TRUE	NA	Morris et al., 2023	351882	NA	462	TRUE	0.8582156133828998	FALSE	0.2	0.17	0.31	0.41	0.61	0.84	0.86	1	0.2	0.17	0.31	0.41	0.61	0.84	0.86	1	774
chr9	132983785	132985248	TSC1|chr9:132983785-132985248:.	0.1440926502715465	.	chr9:132983785-132985248	chr9	132946874	132946875	-	NA	NA	TSC1	ENSG00000165699	NA	TTGCATGGCGGCTGGCCCAANGG;TGTCGGCCTGGGTGCAGCGTNGG	FALSE	0.148	0.6923636363636364	TRUE	NA	Morris et al., 2023	-37642	NA	173	TRUE	0.6923636363636364	FALSE	0.07	0.08	0.11	0.22	0.4	0.48	0.64	1	0.07	0.08	0.11	0.22	0.4	0.48	0.64	1	774
chr9	132983785	132985248	TTF1|chr9:132983785-132985248:.	0.08894820231813216	.	chr9:132983785-132985248	chr9	132406851	132406852	-	NA	NA	TTF1	ENSG00000125482	NA	TTGCATGGCGGCTGGCCCAANGG;TGTCGGCCTGGGTGCAGCGTNGG	FALSE	0.16	0.6923636363636364	TRUE	NA	Morris et al., 2023	-577665	NA	333	TRUE	0.6923636363636364	FALSE	0.13	0.19	0.25	0.34	0.51	0.72	0.8	1	0.13	0.19	0.25	0.34	0.51	0.72	0.8	1	774
chr9	132998625	132999653	ABO|chr9:132998625-132999653:.	-0.1710043080514807	.	chr9:132998625-132999653	chr9	133275219	133275220	-	NA	NA	ABO	ENSG00000175164	NA	CACCGTGCGATAAACTTATCNGG;ATAAGTTTATCGCACGGTGCNGG	FALSE	0.556	0.9425742574257426	TRUE	NA	Morris et al., 2023	276080	NA	32	TRUE	0.9425742574257426	FALSE	0.02	0.02	0.02	0.04	0.02	0.08	0.22	0.76	0.02	0.02	0.02	0.04	0.02	0.08	0.22	0.76	103
chr9	132998625	132999653	CACFD1|chr9:132998625-132999653:.	0.49881238616154766	.	chr9:132998625-132999653	chr9	133459965	133459966	+	NA	NA	CACFD1	ENSG00000160325	NA	CACCGTGCGATAAACTTATCNGG;ATAAGTTTATCGCACGGTGCNGG	FALSE	0.296	0.8076923076923077	TRUE	NA	Morris et al., 2023	-460826	NA	10	TRUE	0.8076923076923077	FALSE	0.01	0	0	0	0	0.05	0	0.11	0.01	0	0	0	0	0.05	0	0.11	103
chr9	132998625	132999653	DDX31|chr9:132998625-132999653:.	-0.29225089238280044	.	chr9:132998625-132999653	chr9	132670401	132670402	-	NA	NA	DDX31	ENSG00000125485	NA	CACCGTGCGATAAACTTATCNGG;ATAAGTTTATCGCACGGTGCNGG	FALSE	0.3	0.8076923076923077	TRUE	NA	Morris et al., 2023	-328738	NA	23	TRUE	0.8076923076923077	FALSE	0	0	0.04	0.04	0.06	0.09	0.13	0.61	0	0	0.04	0.04	0.06	0.09	0.13	0.61	103
chr9	132998625	132999653	GBGT1|chr9:132998625-132999653:.	-0.17237226594008392	.	chr9:132998625-132999653	chr9	133163945	133163946	-	NA	NA	GBGT1	ENSG00000148288	NA	CACCGTGCGATAAACTTATCNGG;ATAAGTTTATCGCACGGTGCNGG	FALSE	0.652	0.9614374225526642	TRUE	NA	Morris et al., 2023	164806	NA	14	TRUE	0.9614374225526642	FALSE	0.01	0.03	0.01	0.01	0.04	0.03	0.03	0.37	0.01	0.03	0.01	0.01	0.04	0.03	0.03	0.37	103
chr9	132998625	132999653	GFI1B|chr9:132998625-132999653:.	-0.9231018730669364	.	chr9:132998625-132999653	chr9	132944000	132944001	+	NA	NA	GFI1B	ENSG00000165702	NA	CACCGTGCGATAAACTTATCNGG;ATAAGTTTATCGCACGGTGCNGG	TRUE	3.2428315802798813e-4	0.01169384721373654	TRUE	NA	Morris et al., 2023	55139	NA	27	TRUE	0.011693847213736543	TRUE	0.05	0.01	0.01	0	0.1	0.12	0.21	0.87	0.05	0.01	0.01	0	0.1	0.12	0.21	0.87	103
chr9	132998625	132999653	GTF3C4|chr9:132998625-132999653:.	-0.09317887208045585	.	chr9:132998625-132999653	chr9	132670035	132670036	+	NA	NA	GTF3C4	ENSG00000125484	NA	CACCGTGCGATAAACTTATCNGG;ATAAGTTTATCGCACGGTGCNGG	FALSE	0.784	0.9807284079084286	TRUE	NA	Morris et al., 2023	329104	NA	21	TRUE	0.9807284079084286	FALSE	0.04	0	0.03	0.05	0.09	0.07	0.12	0.76	0.04	0	0.03	0.05	0.09	0.07	0.12	0.76	103
chr9	132998625	132999653	GTF3C5|chr9:132998625-132999653:.	0.11342122705223938	.	chr9:132998625-132999653	chr9	133030675	133030676	+	NA	NA	GTF3C5	ENSG00000148308	NA	CACCGTGCGATAAACTTATCNGG;ATAAGTTTATCGCACGGTGCNGG	FALSE	0.356	0.8388910891089109	TRUE	NA	Morris et al., 2023	-31536	NA	62	TRUE	0.8388910891089109	FALSE	0.04	0.05	0.03	0.13	0.11	0.29	0.43	0.95	0.04	0.05	0.03	0.13	0.11	0.29	0.43	0.95	103
chr9	132998625	132999653	MED22|chr9:132998625-132999653:.	-0.44741439805786953	.	chr9:132998625-132999653	chr9	133348131	133348132	-	NA	NA	MED22	ENSG00000148297	NA	CACCGTGCGATAAACTTATCNGG;ATAAGTTTATCGCACGGTGCNGG	FALSE	0.22	0.7445810055865922	TRUE	NA	Morris et al., 2023	348992	NA	13	TRUE	0.7445810055865922	FALSE	0	0.01	0.03	0.04	0.01	0.03	0.06	0.35	0	0.01	0.03	0.04	0.01	0.03	0.06	0.35	103
chr9	132998625	132999653	MED27|chr9:132998625-132999653:.	0.05644092495873815	.	chr9:132998625-132999653	chr9	132079908	132079909	-	NA	NA	MED27	ENSG00000160563	NA	CACCGTGCGATAAACTTATCNGG;ATAAGTTTATCGCACGGTGCNGG	FALSE	0.708	0.9686652078774618	TRUE	NA	Morris et al., 2023	-919231	NA	53	TRUE	0.9686652078774618	FALSE	0.03	0.03	0.01	0.08	0.14	0.25	0.35	0.9	0.03	0.03	0.01	0.08	0.14	0.25	0.35	0.9	103
chr9	132998625	132999653	RALGDS|chr9:132998625-132999653:.	0.3048063867802817	.	chr9:132998625-132999653	chr9	133149334	133149335	-	NA	NA	RALGDS	ENSG00000160271	NA	CACCGTGCGATAAACTTATCNGG;ATAAGTTTATCGCACGGTGCNGG	FALSE	0.328	0.8234599156118144	TRUE	NA	Morris et al., 2023	150195	NA	21	TRUE	0.8234599156118144	FALSE	0	0.01	0.04	0.04	0.03	0.04	0.12	0.37	0	0.01	0.04	0.04	0.03	0.04	0.12	0.37	103
chr9	132998625	132999653	REXO4|chr9:132998625-132999653:.	-0.03225166141155133	.	chr9:132998625-132999653	chr9	133418096	133418097	-	NA	NA	REXO4	ENSG00000148300	NA	CACCGTGCGATAAACTTATCNGG;ATAAGTTTATCGCACGGTGCNGG	FALSE	0.904	0.9882502266545784	TRUE	NA	Morris et al., 2023	418957	NA	41	TRUE	0.9882502266545784	FALSE	0.02	0.01	0.06	0.09	0.07	0.21	0.26	0.85	0.02	0.01	0.06	0.09	0.07	0.21	0.26	0.85	103
chr9	132998625	132999653	RPL7A|chr9:132998625-132999653:.	-0.00985470567278046	.	chr9:132998625-132999653	chr9	133348214	133348215	+	NA	NA	RPL7A	ENSG00000148303	NA	CACCGTGCGATAAACTTATCNGG;ATAAGTTTATCGCACGGTGCNGG	FALSE	0.856	0.9832432432432432	TRUE	NA	Morris et al., 2023	-349075	NA	103	TRUE	0.9832432432432433	FALSE	0.17	0.12	0.19	0.44	0.65	0.84	0.91	1	0.17	0.12	0.19	0.44	0.65	0.84	0.91	1	103
chr9	132998625	132999653	SETX|chr9:132998625-132999653:.	-0.00296866697293485	.	chr9:132998625-132999653	chr9	132354985	132354986	-	NA	NA	SETX	ENSG00000107290	NA	CACCGTGCGATAAACTTATCNGG;ATAAGTTTATCGCACGGTGCNGG	FALSE	0.956	0.9999658411614004	TRUE	NA	Morris et al., 2023	-644154	NA	50	TRUE	0.9999658411614004	FALSE	0.02	0.01	0.04	0.05	0.12	0.21	0.35	0.89	0.02	0.01	0.04	0.05	0.12	0.21	0.35	0.89	103
chr9	132998625	132999653	SPACA9|chr9:132998625-132999653:.	0.510595739793327	.	chr9:132998625-132999653	chr9	132878027	132878028	+	NA	NA	SPACA9	ENSG00000165698	NA	CACCGTGCGATAAACTTATCNGG;ATAAGTTTATCGCACGGTGCNGG	FALSE	0.284	0.7951999999999999	TRUE	NA	Morris et al., 2023	121112	NA	10	TRUE	0.7951999999999999	FALSE	0	0	0.01	0	0.02	0.01	0.01	0.12	0	0	0.01	0	0.02	0.01	0.01	0.12	103
chr9	132998625	132999653	SURF1|chr9:132998625-132999653:.	0.01371022178921042	.	chr9:132998625-132999653	chr9	133356676	133356677	-	NA	NA	SURF1	ENSG00000148290	NA	CACCGTGCGATAAACTTATCNGG;ATAAGTTTATCGCACGGTGCNGG	FALSE	0.928	0.9930935251798562	TRUE	NA	Morris et al., 2023	357537	NA	56	TRUE	0.9930935251798562	FALSE	0	0.04	0.01	0.07	0.22	0.28	0.45	0.97	0	0.04	0.01	0.07	0.22	0.28	0.45	0.97	103
chr9	132998625	132999653	SURF2|chr9:132998625-132999653:.	0.11636278173674276	.	chr9:132998625-132999653	chr9	133356552	133356553	+	NA	NA	SURF2	ENSG00000148291	NA	CACCGTGCGATAAACTTATCNGG;ATAAGTTTATCGCACGGTGCNGG	FALSE	0.252	0.7748837209302325	TRUE	NA	Morris et al., 2023	-357413	NA	93	TRUE	0.7748837209302325	FALSE	0.05	0.06	0.09	0.17	0.28	0.46	0.65	1	0.05	0.06	0.09	0.17	0.28	0.46	0.65	1	103
chr9	132998625	132999653	SURF4|chr9:132998625-132999653:.	-0.02902412530187792	.	chr9:132998625-132999653	chr9	133376166	133376167	-	NA	NA	SURF4	ENSG00000148248	NA	CACCGTGCGATAAACTTATCNGG;ATAAGTTTATCGCACGGTGCNGG	FALSE	0.82	0.9832432432432432	TRUE	NA	Morris et al., 2023	377027	NA	74	TRUE	0.9832432432432433	FALSE	0.05	0.08	0.07	0.1	0.28	0.44	0.53	0.95	0.05	0.08	0.07	0.1	0.28	0.44	0.53	0.95	103
chr9	132998625	132999653	SURF6|chr9:132998625-132999653:.	0.03494488785011837	.	chr9:132998625-132999653	chr9	133336398	133336399	-	NA	NA	SURF6	ENSG00000148296	NA	CACCGTGCGATAAACTTATCNGG;ATAAGTTTATCGCACGGTGCNGG	FALSE	0.912	0.9882502266545784	TRUE	NA	Morris et al., 2023	337259	NA	59	TRUE	0.9882502266545784	FALSE	0.01	0.01	0.02	0.06	0.15	0.21	0.51	0.95	0.01	0.01	0.02	0.06	0.15	0.21	0.51	0.95	103
chr9	132998625	132999653	TSC1|chr9:132998625-132999653:.	0.0052480106378967	.	chr9:132998625-132999653	chr9	132946874	132946875	-	NA	NA	TSC1	ENSG00000165699	NA	CACCGTGCGATAAACTTATCNGG;ATAAGTTTATCGCACGGTGCNGG	FALSE	0.932	0.9945	TRUE	NA	Morris et al., 2023	-52265	NA	21	TRUE	0.9945	FALSE	0.01	0.02	0.01	0.02	0.05	0.11	0.11	0.45	0.01	0.02	0.01	0.02	0.05	0.11	0.11	0.45	103
chr9	132998625	132999653	TTF1|chr9:132998625-132999653:.	0.10513089872883263	.	chr9:132998625-132999653	chr9	132406851	132406852	-	NA	NA	TTF1	ENSG00000125482	NA	CACCGTGCGATAAACTTATCNGG;ATAAGTTTATCGCACGGTGCNGG	FALSE	0.604	0.9545118733509236	TRUE	NA	Morris et al., 2023	-592288	NA	48	TRUE	0.9545118733509235	FALSE	0.05	0.01	0.02	0.03	0.08	0.15	0.23	0.87	0.05	0.01	0.02	0.03	0.08	0.15	0.23	0.87	103
chr9	133003651	133004673	ABO|chr9:133003651-133004673:.	-0.11877911806145748	.	chr9:133003651-133004673	chr9	133275219	133275220	-	NA	NA	ABO	ENSG00000175164	NA	GCTGGAAACCGTCACGGTTANGG;TGGCTCGTGGGATGTCTACGNGG	FALSE	0.136	0.6923636363636364	TRUE	NA	Morris et al., 2023	271057	NA	285	TRUE	0.6923636363636364	FALSE	0.11	0.25	0.28	0.29	0.54	0.67	0.87	1	0.11	0.25	0.28	0.29	0.54	0.67	0.87	1	1016
chr9	133003651	133004673	CACFD1|chr9:133003651-133004673:.	-0.29319365467312597	.	chr9:133003651-133004673	chr9	133459965	133459966	+	NA	NA	CACFD1	ENSG00000160325	NA	GCTGGAAACCGTCACGGTTANGG;TGGCTCGTGGGATGTCTACGNGG	FALSE	0.076	0.5582716049382715	TRUE	NA	Morris et al., 2023	-455803	NA	59	TRUE	0.5582716049382715	FALSE	0.01	0.02	0.04	0.1	0.2	0.27	0.33	0.92	0.01	0.02	0.04	0.1	0.2	0.27	0.33	0.92	1016
chr9	133003651	133004673	DDX31|chr9:133003651-133004673:.	0.04374091668234503	.	chr9:133003651-133004673	chr9	132670401	132670402	-	NA	NA	DDX31	ENSG00000125485	NA	GCTGGAAACCGTCACGGTTANGG;TGGCTCGTGGGATGTCTACGNGG	FALSE	0.56	0.9425742574257426	TRUE	NA	Morris et al., 2023	-333761	NA	271	TRUE	0.9425742574257426	FALSE	0.08	0.12	0.15	0.23	0.48	0.64	0.81	1	0.08	0.12	0.15	0.23	0.48	0.64	0.81	1	1016
chr9	133003651	133004673	GBGT1|chr9:133003651-133004673:.	0.12651325813014536	.	chr9:133003651-133004673	chr9	133163945	133163946	-	NA	NA	GBGT1	ENSG00000148288	NA	GCTGGAAACCGTCACGGTTANGG;TGGCTCGTGGGATGTCTACGNGG	FALSE	0.248	0.7748837209302325	TRUE	NA	Morris et al., 2023	159783	NA	163	TRUE	0.7748837209302325	FALSE	0.03	0.07	0.08	0.13	0.31	0.43	0.69	1	0.03	0.07	0.08	0.13	0.31	0.43	0.69	1	1016
chr9	133003651	133004673	GFI1B|chr9:133003651-133004673:.	-0.7148232548408249	.	chr9:133003651-133004673	chr9	132944000	132944001	+	NA	NA	GFI1B	ENSG00000165702	NA	GCTGGAAACCGTCACGGTTANGG;TGGCTCGTGGGATGTCTACGNGG	TRUE	5.820547563363366e-22	7.696057333780451e-20	TRUE	NA	Morris et al., 2023	60162	NA	321	TRUE	7.696057333780451e-20	TRUE	0.09	0.14	0.21	0.45	0.6	0.71	0.91	1	0.09	0.14	0.21	0.45	0.6	0.71	0.91	1	1016
chr9	133003651	133004673	GTF3C4|chr9:133003651-133004673:.	0.17562043404571348	.	chr9:133003651-133004673	chr9	132670035	132670036	+	NA	NA	GTF3C4	ENSG00000125484	NA	GCTGGAAACCGTCACGGTTANGG;TGGCTCGTGGGATGTCTACGNGG	FALSE	0.01560083336174002	0.23206239625588293	TRUE	NA	Morris et al., 2023	334127	NA	290	TRUE	0.2320623962558828	FALSE	0.12	0.09	0.19	0.3	0.37	0.6	0.79	1	0.12	0.09	0.19	0.3	0.37	0.6	0.79	1	1016
chr9	133003651	133004673	GTF3C5|chr9:133003651-133004673:.	-0.01137870917584688	.	chr9:133003651-133004673	chr9	133030675	133030676	+	NA	NA	GTF3C5	ENSG00000148308	NA	GCTGGAAACCGTCACGGTTANGG;TGGCTCGTGGGATGTCTACGNGG	FALSE	0.792	0.9807284079084286	TRUE	NA	Morris et al., 2023	-26513	NA	577	TRUE	0.9807284079084286	FALSE	0.2	0.33	0.3	0.51	0.69	0.88	0.91	1	0.2	0.33	0.3	0.51	0.69	0.88	0.91	1	1016
chr9	133003651	133004673	MED22|chr9:133003651-133004673:.	0.04281684589358248	.	chr9:133003651-133004673	chr9	133348131	133348132	-	NA	NA	MED22	ENSG00000148297	NA	GCTGGAAACCGTCACGGTTANGG;TGGCTCGTGGGATGTCTACGNGG	FALSE	0.716	0.9686652078774618	TRUE	NA	Morris et al., 2023	343969	NA	179	TRUE	0.9686652078774618	FALSE	0.11	0.09	0.15	0.17	0.31	0.46	0.64	1	0.11	0.09	0.15	0.17	0.31	0.46	0.64	1	1016
chr9	133003651	133004673	MED27|chr9:133003651-133004673:.	0.05569268572821112	.	chr9:133003651-133004673	chr9	132079908	132079909	-	NA	NA	MED27	ENSG00000160563	NA	GCTGGAAACCGTCACGGTTANGG;TGGCTCGTGGGATGTCTACGNGG	FALSE	0.256	0.7751653944020357	TRUE	NA	Morris et al., 2023	-924254	NA	522	TRUE	0.7751653944020357	FALSE	0.17	0.22	0.28	0.49	0.68	0.85	0.92	1	0.17	0.22	0.28	0.49	0.68	0.85	0.92	1	1016
chr9	133003651	133004673	RALGDS|chr9:133003651-133004673:.	-0.01050937629637882	.	chr9:133003651-133004673	chr9	133149334	133149335	-	NA	NA	RALGDS	ENSG00000160271	NA	GCTGGAAACCGTCACGGTTANGG;TGGCTCGTGGGATGTCTACGNGG	FALSE	0.888	0.9882502266545784	TRUE	NA	Morris et al., 2023	145172	NA	164	TRUE	0.9882502266545784	FALSE	0.03	0.1	0.11	0.16	0.26	0.49	0.65	1	0.03	0.1	0.11	0.16	0.26	0.49	0.65	1	1016
chr9	133003651	133004673	REXO4|chr9:133003651-133004673:.	0.0964796149011654	.	chr9:133003651-133004673	chr9	133418096	133418097	-	NA	NA	REXO4	ENSG00000148300	NA	GCTGGAAACCGTCACGGTTANGG;TGGCTCGTGGGATGTCTACGNGG	FALSE	0.096	0.6175135135135136	TRUE	NA	Morris et al., 2023	413934	NA	431	TRUE	0.6175135135135136	FALSE	0.18	0.22	0.31	0.36	0.69	0.83	0.91	1	0.18	0.22	0.31	0.36	0.69	0.83	0.91	1	1016
chr9	133003651	133004673	RPL7A|chr9:133003651-133004673:.	0.02809488193272269	.	chr9:133003651-133004673	chr9	133348214	133348215	+	NA	NA	RPL7A	ENSG00000148303	NA	GCTGGAAACCGTCACGGTTANGG;TGGCTCGTGGGATGTCTACGNGG	TRUE	0.00168297179982189	0.04450525426195681	TRUE	NA	Morris et al., 2023	-344052	NA	1016	TRUE	0.044505254261956645	TRUE	0.37	0.45	0.63	0.7	0.85	0.97	0.98	1	0.37	0.45	0.63	0.7	0.85	0.97	0.98	1	1016
chr9	133003651	133004673	SETX|chr9:133003651-133004673:.	0.04969388859396301	.	chr9:133003651-133004673	chr9	132354985	132354986	-	NA	NA	SETX	ENSG00000107290	NA	GCTGGAAACCGTCACGGTTANGG;TGGCTCGTGGGATGTCTACGNGG	FALSE	0.388	0.8582156133828998	TRUE	NA	Morris et al., 2023	-649177	NA	505	TRUE	0.8582156133828998	FALSE	0.24	0.19	0.34	0.45	0.65	0.78	0.89	1	0.24	0.19	0.34	0.45	0.65	0.78	0.89	1	1016
chr9	133003651	133004673	SLC2A6|chr9:133003651-133004673:.	-0.38921556354038866	.	chr9:133003651-133004673	chr9	133479137	133479138	-	NA	NA	SLC2A6	ENSG00000160326	NA	GCTGGAAACCGTCACGGTTANGG;TGGCTCGTGGGATGTCTACGNGG	FALSE	0.408	0.868550983899821	TRUE	NA	Morris et al., 2023	474975	NA	10	TRUE	0.868550983899821	FALSE	0.01	0	0	0.03	0.02	0.02	0.03	0.09	0.01	0	0	0.03	0.02	0.02	0.03	0.09	1016
chr9	133003651	133004673	SPACA9|chr9:133003651-133004673:.	0.01339566494533794	.	chr9:133003651-133004673	chr9	132878027	132878028	+	NA	NA	SPACA9	ENSG00000165698	NA	GCTGGAAACCGTCACGGTTANGG;TGGCTCGTGGGATGTCTACGNGG	FALSE	0.968	0.9999658411614004	TRUE	NA	Morris et al., 2023	126135	NA	69	TRUE	0.9999658411614004	FALSE	0.03	0.03	0.02	0.09	0.05	0.24	0.34	0.93	0.03	0.03	0.02	0.09	0.05	0.24	0.34	0.93	1016
chr9	133003651	133004673	STKLD1|chr9:133003651-133004673:.	0.15351451594268717	.	chr9:133003651-133004673	chr9	133376367	133376368	+	NA	NA	STKLD1	ENSG00000198870	NA	GCTGGAAACCGTCACGGTTANGG;TGGCTCGTGGGATGTCTACGNGG	FALSE	0.48	0.8985335413416536	TRUE	NA	Morris et al., 2023	-372205	NA	45	TRUE	0.8985335413416536	FALSE	0	0.02	0.02	0.04	0.06	0.12	0.14	0.7	0	0.02	0.02	0.04	0.06	0.12	0.14	0.7	1016
chr9	133003651	133004673	SURF1|chr9:133003651-133004673:.	-0.0728989775391723	.	chr9:133003651-133004673	chr9	133356676	133356677	-	NA	NA	SURF1	ENSG00000148290	NA	GCTGGAAACCGTCACGGTTANGG;TGGCTCGTGGGATGTCTACGNGG	FALSE	0.112	0.6565517241379311	TRUE	NA	Morris et al., 2023	352514	NA	564	TRUE	0.6565517241379311	FALSE	0.16	0.25	0.35	0.57	0.71	0.82	0.95	1	0.16	0.25	0.35	0.57	0.71	0.82	0.95	1	1016
chr9	133003651	133004673	SURF2|chr9:133003651-133004673:.	0.1073246839835853	.	chr9:133003651-133004673	chr9	133356552	133356553	+	NA	NA	SURF2	ENSG00000148291	NA	GCTGGAAACCGTCACGGTTANGG;TGGCTCGTGGGATGTCTACGNGG	TRUE	4.315402048939508e-4	0.01467236696639432	TRUE	NA	Morris et al., 2023	-352390	NA	834	TRUE	0.014672366966394328	TRUE	0.29	0.35	0.45	0.56	0.8	0.89	0.99	1	0.29	0.35	0.45	0.56	0.8	0.89	0.99	1	1016
chr9	133003651	133004673	SURF4|chr9:133003651-133004673:.	0.02263457287366199	.	chr9:133003651-133004673	chr9	133376166	133376167	-	NA	NA	SURF4	ENSG00000148248	NA	GCTGGAAACCGTCACGGTTANGG;TGGCTCGTGGGATGTCTACGNGG	FALSE	0.548	0.942369942196532	TRUE	NA	Morris et al., 2023	372004	NA	731	TRUE	0.9423699421965319	FALSE	0.25	0.29	0.31	0.56	0.74	0.87	0.93	1	0.25	0.29	0.31	0.56	0.74	0.87	0.93	1	1016
chr9	133003651	133004673	SURF6|chr9:133003651-133004673:.	0.0776819903425135	.	chr9:133003651-133004673	chr9	133336398	133336399	-	NA	NA	SURF6	ENSG00000148296	NA	GCTGGAAACCGTCACGGTTANGG;TGGCTCGTGGGATGTCTACGNGG	FALSE	0.052	0.4687878787878788	TRUE	NA	Morris et al., 2023	332236	NA	629	TRUE	0.4687878787878788	FALSE	0.22	0.31	0.25	0.52	0.7	0.83	0.9	1	0.22	0.31	0.25	0.52	0.7	0.83	0.9	1	1016
chr9	133003651	133004673	TSC1|chr9:133003651-133004673:.	-0.1894114576506443	.	chr9:133003651-133004673	chr9	132946874	132946875	-	NA	NA	TSC1	ENSG00000165699	NA	GCTGGAAACCGTCACGGTTANGG;TGGCTCGTGGGATGTCTACGNGG	FALSE	0.036	0.3930275229357798	TRUE	NA	Morris et al., 2023	-57288	NA	183	TRUE	0.3930275229357798	FALSE	0.05	0.11	0.15	0.17	0.37	0.54	0.71	1	0.05	0.11	0.15	0.17	0.37	0.54	0.71	1	1016
chr9	133003651	133004673	TTF1|chr9:133003651-133004673:.	0.05724672660910457	.	chr9:133003651-133004673	chr9	132406851	132406852	-	NA	NA	TTF1	ENSG00000125482	NA	GCTGGAAACCGTCACGGTTANGG;TGGCTCGTGGGATGTCTACGNGG	FALSE	0.284	0.7951999999999999	TRUE	NA	Morris et al., 2023	-597311	NA	431	TRUE	0.7951999999999999	FALSE	0.13	0.24	0.17	0.3	0.55	0.71	0.92	1	0.13	0.24	0.17	0.3	0.55	0.71	0.92	1	1016
chr9	133003651	133004673	VAV2|chr9:133003651-133004673:.	0.11235062603946756	.	chr9:133003651-133004673	chr9	133992604	133992605	-	NA	NA	VAV2	ENSG00000160293	NA	GCTGGAAACCGTCACGGTTANGG;TGGCTCGTGGGATGTCTACGNGG	FALSE	0.624	0.9568447837150128	TRUE	NA	Morris et al., 2023	988442	NA	18	TRUE	0.9568447837150128	FALSE	0	0.02	0	0	0.01	0.03	0.02	0.08	0	0.02	0	0	0.01	0.03	0.02	0.08	1016
chr9	136644329	136647072	ABCA2|chr9:136644329-136647072:.	-0.2436608001288989	.	chr9:136644329-136647072	chr9	137028922	137028923	-	NA	NA	ABCA2	ENSG00000107331	NA	CTATCCTCTCAAATTAGCGGNGG;GGGCGGACGTGCTCTGGATANGG	FALSE	0.12	0.6767772511848341	TRUE	NA	Morris et al., 2023	383222	NA	61	TRUE	0.6767772511848341	FALSE	0.01	0.02	0.04	0.08	0.17	0.34	0.39	0.95	0.01	0.02	0.04	0.08	0.17	0.34	0.39	0.95	933
chr9	136644329	136647072	AGPAT2|chr9:136644329-136647072:.	-0.0483690250088632	.	chr9:136644329-136647072	chr9	136687423	136687424	-	NA	NA	AGPAT2	ENSG00000169692	NA	CTATCCTCTCAAATTAGCGGNGG;GGGCGGACGTGCTCTGGATANGG	FALSE	0.324	0.8234599156118144	TRUE	NA	Morris et al., 2023	41723	NA	514	TRUE	0.8234599156118144	FALSE	0.22	0.2	0.35	0.4	0.63	0.84	0.91	1	0.22	0.2	0.35	0.4	0.63	0.84	0.91	1	933
chr9	136644329	136647072	AJM1|chr9:136644329-136647072:.	0.02211103392876268	.	chr9:136644329-136647072	chr9	136844415	136844416	+	NA	NA	AJM1	ENSG00000232434	NA	CTATCCTCTCAAATTAGCGGNGG;GGGCGGACGTGCTCTGGATANGG	FALSE	0.84	0.9832432432432432	TRUE	NA	Morris et al., 2023	-198715	NA	241	TRUE	0.9832432432432433	FALSE	0.07	0.17	0.19	0.34	0.41	0.57	0.79	1	0.07	0.17	0.19	0.34	0.41	0.57	0.79	1	933
chr9	136644329	136647072	AL138781.1|chr9:136644329-136647072:.	-0.12848499050775608	.	chr9:136644329-136647072	chr9	136109424	136109425	-	NA	NA	AL138781.1	ENSG00000260193	NA	CTATCCTCTCAAATTAGCGGNGG;GGGCGGACGTGCTCTGGATANGG	FALSE	0.76	0.9714285714285714	TRUE	NA	Morris et al., 2023	-536276	NA	12	TRUE	0.9714285714285714	FALSE	0	0	0	0	0.03	0.04	0.03	0.17	0	0	0	0	0.03	0.04	0.03	0.17	933
chr9	136644329	136647072	AL355574.1|chr9:136644329-136647072:.	0.30528171953202854	.	chr9:136644329-136647072	chr9	135907812	135907813	+	NA	NA	AL355574.1	ENSG00000238058	NA	CTATCCTCTCAAATTAGCGGNGG;GGGCGGACGTGCTCTGGATANGG	FALSE	0.228	0.7515789473684211	TRUE	NA	Morris et al., 2023	737888	NA	36	TRUE	0.7515789473684211	FALSE	0.02	0	0.02	0.04	0.06	0.07	0.12	0.65	0.02	0	0.02	0.04	0.06	0.07	0.12	0.65	933
chr9	136644329	136647072	ANAPC2|chr9:136644329-136647072:.	-0.23038417300542768	.	chr9:136644329-136647072	chr9	137188549	137188550	-	NA	NA	ANAPC2	ENSG00000176248	NA	CTATCCTCTCAAATTAGCGGNGG;GGGCGGACGTGCTCTGGATANGG	TRUE	0.00921997601805348	0.1613495803159359	TRUE	NA	Morris et al., 2023	542849	NA	207	TRUE	0.1613495803159359	TRUE	0.13	0.09	0.15	0.27	0.36	0.51	0.79	1	0.13	0.09	0.15	0.27	0.36	0.51	0.79	1	933
chr9	136644329	136647072	ARRDC1|chr9:136644329-136647072:.	-0.05773331258865166	.	chr9:136644329-136647072	chr9	137605654	137605655	+	NA	NA	ARRDC1	ENSG00000197070	NA	CTATCCTCTCAAATTAGCGGNGG;GGGCGGACGTGCTCTGGATANGG	FALSE	0.408	0.868550983899821	TRUE	NA	Morris et al., 2023	-959954	NA	323	TRUE	0.868550983899821	FALSE	0.19	0.18	0.26	0.44	0.57	0.76	0.89	1	0.19	0.18	0.26	0.44	0.57	0.76	0.89	1	933
chr9	136644329	136647072	ARRDC1-AS1|chr9:136644329-136647072:.	-0.01597456082981674	.	chr9:136644329-136647072	chr9	137618906	137618907	-	NA	NA	ARRDC1-AS1	ENSG00000203993	NA	CTATCCTCTCAAATTAGCGGNGG;GGGCGGACGTGCTCTGGATANGG	FALSE	0.808	0.9829908443540184	TRUE	NA	Morris et al., 2023	973206	NA	406	TRUE	0.9829908443540183	FALSE	0.17	0.19	0.37	0.48	0.58	0.75	0.84	1	0.17	0.19	0.37	0.48	0.58	0.75	0.84	1	933
chr9	136644329	136647072	BX255925.3|chr9:136644329-136647072:.	-0.05901366791974549	.	chr9:136644329-136647072	chr9	137217452	137217453	+	NA	NA	BX255925.3	ENSG00000284976	NA	CTATCCTCTCAAATTAGCGGNGG;GGGCGGACGTGCTCTGGATANGG	FALSE	0.472	0.892972972972973	TRUE	NA	Morris et al., 2023	-571752	NA	262	TRUE	0.892972972972973	FALSE	0.11	0.1	0.22	0.37	0.48	0.67	0.85	1	0.11	0.1	0.22	0.37	0.48	0.67	0.85	1	933
chr9	136644329	136647072	C8G|chr9:136644329-136647072:.	-0.3669668676485367	.	chr9:136644329-136647072	chr9	136945185	136945186	+	NA	NA	C8G	ENSG00000176919	NA	CTATCCTCTCAAATTAGCGGNGG;GGGCGGACGTGCTCTGGATANGG	FALSE	0.3	0.8076923076923077	TRUE	NA	Morris et al., 2023	-299485	NA	15	TRUE	0.8076923076923077	FALSE	0.02	0	0.01	0.03	0.04	0.05	0.09	0.3	0.02	0	0.01	0.03	0.04	0.05	0.09	0.3	933
chr9	136644329	136647072	C9orf163|chr9:136644329-136647072:.	-0.184586707991766	.	chr9:136644329-136647072	chr9	136483495	136483496	+	NA	NA	C9orf163	ENSG00000196366	NA	CTATCCTCTCAAATTAGCGGNGG;GGGCGGACGTGCTCTGGATANGG	FALSE	0.66	0.9625	TRUE	NA	Morris et al., 2023	162205	NA	8	TRUE	0.9625	FALSE	0	0	0	0	0.01	0	0.01	0.03	0	0	0	0	0.01	0	0.01	0.03	933
chr9	136644329	136647072	CAMSAP1|chr9:136644329-136647072:.	0.01858577895694857	.	chr9:136644329-136647072	chr9	135907228	135907229	-	NA	NA	CAMSAP1	ENSG00000130559	NA	CTATCCTCTCAAATTAGCGGNGG;GGGCGGACGTGCTCTGGATANGG	FALSE	0.848	0.9832432432432432	TRUE	NA	Morris et al., 2023	-738472	NA	150	TRUE	0.9832432432432433	FALSE	0.1	0.08	0.12	0.24	0.38	0.48	0.62	0.99	0.1	0.08	0.12	0.24	0.38	0.48	0.62	0.99	933
chr9	136644329	136647072	CARD9|chr9:136644329-136647072:.	0.14469941543387763	.	chr9:136644329-136647072	chr9	136373681	136373682	-	NA	NA	CARD9	ENSG00000187796	NA	CTATCCTCTCAAATTAGCGGNGG;GGGCGGACGTGCTCTGGATANGG	FALSE	0.132	0.6923636363636364	TRUE	NA	Morris et al., 2023	-272019	NA	194	TRUE	0.6923636363636364	FALSE	0.08	0.08	0.14	0.19	0.39	0.6	0.67	1	0.08	0.08	0.14	0.19	0.39	0.6	0.67	1	933
chr9	136644329	136647072	CCDC183|chr9:136644329-136647072:.	-0.04898070812615884	.	chr9:136644329-136647072	chr9	136796350	136796351	+	NA	NA	CCDC183	ENSG00000213213	NA	CTATCCTCTCAAATTAGCGGNGG;GGGCGGACGTGCTCTGGATANGG	FALSE	0.872	0.9882502266545784	TRUE	NA	Morris et al., 2023	-150650	NA	10	TRUE	0.9882502266545784	FALSE	0	0	0	0	0.02	0.03	0	0.02	0	0	0	0	0.02	0.03	0	0.02	933
chr9	136644329	136647072	CLIC3|chr9:136644329-136647072:.	-0.8690081378913499	.	chr9:136644329-136647072	chr9	136996803	136996804	-	NA	NA	CLIC3	ENSG00000169583	NA	CTATCCTCTCAAATTAGCGGNGG;GGGCGGACGTGCTCTGGATANGG	FALSE	0.148	0.6923636363636364	TRUE	NA	Morris et al., 2023	351103	NA	7	TRUE	0.6923636363636364	FALSE	0	0.01	0.02	0.03	0.01	0.02	0.03	0.12	0	0.01	0.02	0.03	0.01	0.02	0.03	0.12	933
chr9	136644329	136647072	DNLZ|chr9:136644329-136647072:.	0.06006317659866722	.	chr9:136644329-136647072	chr9	136363789	136363790	-	NA	NA	DNLZ	ENSG00000213221	NA	CTATCCTCTCAAATTAGCGGNGG;GGGCGGACGTGCTCTGGATANGG	FALSE	0.556	0.9425742574257426	TRUE	NA	Morris et al., 2023	-281911	NA	144	TRUE	0.9425742574257426	FALSE	0.05	0.03	0.11	0.23	0.31	0.51	0.66	0.96	0.05	0.03	0.11	0.23	0.31	0.51	0.66	0.96	933
chr9	136644329	136647072	DPH7|chr9:136644329-136647072:.	0.07167440363243183	.	chr9:136644329-136647072	chr9	137578935	137578936	-	NA	NA	DPH7	ENSG00000148399	NA	CTATCCTCTCAAATTAGCGGNGG;GGGCGGACGTGCTCTGGATANGG	FALSE	0.268	0.7894059405940594	TRUE	NA	Morris et al., 2023	933235	NA	364	TRUE	0.7894059405940594	FALSE	0.19	0.25	0.24	0.43	0.62	0.86	0.87	1	0.19	0.25	0.24	0.43	0.62	0.86	0.87	1	933
chr9	136644329	136647072	DPP7|chr9:136644329-136647072:.	-0.01677389561866449	.	chr9:136644329-136647072	chr9	137115177	137115178	-	NA	NA	DPP7	ENSG00000176978	NA	CTATCCTCTCAAATTAGCGGNGG;GGGCGGACGTGCTCTGGATANGG	FALSE	0.66	0.9625	TRUE	NA	Morris et al., 2023	469477	NA	794	TRUE	0.9625	FALSE	0.38	0.36	0.44	0.66	0.75	0.85	0.97	1	0.38	0.36	0.44	0.66	0.75	0.85	0.97	1	933
chr9	136644329	136647072	EDF1|chr9:136644329-136647072:.	-0.00433374521696583	.	chr9:136644329-136647072	chr9	136866286	136866287	-	NA	NA	EDF1	ENSG00000107223	NA	CTATCCTCTCAAATTAGCGGNGG;GGGCGGACGTGCTCTGGATANGG	FALSE	0.632	0.9568447837150128	TRUE	NA	Morris et al., 2023	220586	NA	922	TRUE	0.9568447837150128	FALSE	0.34	0.41	0.65	0.75	0.76	0.9	0.99	1	0.34	0.41	0.65	0.75	0.76	0.9	0.99	1	933
chr9	136644329	136647072	EGFL7|chr9:136644329-136647072:.	-0.18270950191333815	.	chr9:136644329-136647072	chr9	136658856	136658857	+	NA	NA	EGFL7	ENSG00000172889	NA	CTATCCTCTCAAATTAGCGGNGG;GGGCGGACGTGCTCTGGATANGG	TRUE	5.2141392880496705e-5	0.00206827525092636	TRUE	NA	Morris et al., 2023	-13156	NA	620	TRUE	0.002068275250926369	TRUE	0.27	0.33	0.28	0.44	0.72	0.86	0.93	1	0.27	0.33	0.28	0.44	0.72	0.86	0.93	1	933
chr9	136644329	136647072	EHMT1|chr9:136644329-136647072:.	0.01945936326672417	.	chr9:136644329-136647072	chr9	137618963	137618964	+	NA	NA	EHMT1	ENSG00000181090	NA	CTATCCTCTCAAATTAGCGGNGG;GGGCGGACGTGCTCTGGATANGG	FALSE	0.716	0.9686652078774618	TRUE	NA	Morris et al., 2023	-973263	NA	513	TRUE	0.9686652078774618	FALSE	0.17	0.29	0.26	0.44	0.66	0.82	0.91	1	0.17	0.29	0.26	0.44	0.66	0.82	0.91	1	933
chr9	136644329	136647072	ENTR1|chr9:136644329-136647072:.	0.1178573916180079	.	chr9:136644329-136647072	chr9	136410609	136410610	-	NA	NA	ENTR1	ENSG00000165689	NA	CTATCCTCTCAAATTAGCGGNGG;GGGCGGACGTGCTCTGGATANGG	FALSE	0.1	0.6329787234042553	TRUE	NA	Morris et al., 2023	-235091	NA	315	TRUE	0.6329787234042553	FALSE	0.14	0.16	0.15	0.39	0.5	0.57	0.83	1	0.14	0.16	0.15	0.39	0.5	0.57	0.83	1	933
chr9	136644329	136647072	EXD3|chr9:136644329-136647072:.	0.00651651750894233	.	chr9:136644329-136647072	chr9	137423262	137423263	-	NA	NA	EXD3	ENSG00000187609	NA	CTATCCTCTCAAATTAGCGGNGG;GGGCGGACGTGCTCTGGATANGG	FALSE	0.992	1	TRUE	NA	Morris et al., 2023	777562	NA	141	TRUE	1	FALSE	0.06	0.07	0.09	0.16	0.32	0.39	0.66	1	0.06	0.07	0.09	0.16	0.32	0.39	0.66	1	933
chr9	136644329	136647072	FAM69B|chr9:136644329-136647072:.	-0.29888804775643063	.	chr9:136644329-136647072	chr9	136712570	136712571	+	NA	NA	FAM69B	ENSG00000165716	NA	CTATCCTCTCAAATTAGCGGNGG;GGGCGGACGTGCTCTGGATANGG	FALSE	0.056	0.476	TRUE	NA	Morris et al., 2023	-66870	NA	72	TRUE	0.47600000000000003	FALSE	0.04	0.03	0.08	0.08	0.2	0.38	0.49	0.93	0.04	0.03	0.08	0.08	0.2	0.38	0.49	0.93	933
chr9	136644329	136647072	FBXW5|chr9:136644329-136647072:.	-0.0344948629860109	.	chr9:136644329-136647072	chr9	136944696	136944697	-	NA	NA	FBXW5	ENSG00000159069	NA	CTATCCTCTCAAATTAGCGGNGG;GGGCGGACGTGCTCTGGATANGG	FALSE	0.544	0.942369942196532	TRUE	NA	Morris et al., 2023	298996	NA	425	TRUE	0.9423699421965319	FALSE	0.19	0.28	0.35	0.54	0.64	0.77	0.89	1	0.19	0.28	0.35	0.54	0.64	0.77	0.89	1	933
chr9	136644329	136647072	GPSM1|chr9:136644329-136647072:.	0.0870233867684016	.	chr9:136644329-136647072	chr9	136327476	136327477	+	NA	NA	GPSM1	ENSG00000160360	NA	CTATCCTCTCAAATTAGCGGNGG;GGGCGGACGTGCTCTGGATANGG	FALSE	0.604	0.9545118733509236	TRUE	NA	Morris et al., 2023	318224	NA	74	TRUE	0.9545118733509235	FALSE	0.04	0.03	0.02	0.14	0.15	0.21	0.37	0.85	0.04	0.03	0.02	0.14	0.15	0.21	0.37	0.85	933
chr9	136644329	136647072	INPP5E|chr9:136644329-136647072:.	-0.09982183687623536	.	chr9:136644329-136647072	chr9	136439823	136439824	-	NA	NA	INPP5E	ENSG00000148384	NA	CTATCCTCTCAAATTAGCGGNGG;GGGCGGACGTGCTCTGGATANGG	FALSE	0.44	0.8844594594594595	TRUE	NA	Morris et al., 2023	-205877	NA	88	TRUE	0.8844594594594595	FALSE	0.04	0.05	0.12	0.16	0.29	0.35	0.49	0.93	0.04	0.05	0.12	0.16	0.29	0.35	0.49	0.93	933
chr9	136644329	136647072	LRRC26|chr9:136644329-136647072:.	0.0870415222394163	.	chr9:136644329-136647072	chr9	137170051	137170052	-	NA	NA	LRRC26	ENSG00000184709	NA	CTATCCTCTCAAATTAGCGGNGG;GGGCGGACGTGCTCTGGATANGG	FALSE	0.892	0.9882502266545784	TRUE	NA	Morris et al., 2023	524351	NA	14	TRUE	0.9882502266545784	FALSE	0	0.01	0	0.04	0.03	0.03	0.05	0.27	0	0.01	0	0.04	0.03	0.03	0.05	0.27	933
chr9	136644329	136647072	MAMDC4|chr9:136644329-136647072:.	0.09281284415004798	.	chr9:136644329-136647072	chr9	136850943	136850944	+	NA	NA	MAMDC4	ENSG00000177943	NA	CTATCCTCTCAAATTAGCGGNGG;GGGCGGACGTGCTCTGGATANGG	FALSE	0.652	0.9614374225526642	TRUE	NA	Morris et al., 2023	-205243	NA	35	TRUE	0.9614374225526642	FALSE	0.02	0.03	0.01	0	0.06	0.09	0.19	0.6	0.02	0.03	0.01	0	0.06	0.09	0.19	0.6	933
chr9	136644329	136647072	MAN1B1|chr9:136644329-136647072:.	0.05863485582979733	.	chr9:136644329-136647072	chr9	137086927	137086928	+	NA	NA	MAN1B1	ENSG00000177239	NA	CTATCCTCTCAAATTAGCGGNGG;GGGCGGACGTGCTCTGGATANGG	FALSE	0.46	0.8920193861066237	TRUE	NA	Morris et al., 2023	-441227	NA	232	TRUE	0.8920193861066237	FALSE	0.16	0.1	0.14	0.25	0.41	0.65	0.72	0.99	0.16	0.1	0.14	0.25	0.41	0.65	0.72	0.99	933
chr9	136644329	136647072	MAN1B1-DT|chr9:136644329-136647072:.	0.1112305691547224	.	chr9:136644329-136647072	chr9	137086817	137086818	-	NA	NA	MAN1B1-DT	ENSG00000268996	NA	CTATCCTCTCAAATTAGCGGNGG;GGGCGGACGTGCTCTGGATANGG	FALSE	0.452	0.8920193861066237	TRUE	NA	Morris et al., 2023	441117	NA	89	TRUE	0.8920193861066237	FALSE	0.01	0.04	0.08	0.08	0.14	0.23	0.45	0.91	0.01	0.04	0.08	0.08	0.14	0.23	0.45	0.91	933
chr9	136644329	136647072	MRPL41|chr9:136644329-136647072:.	0.0351560466301879	.	chr9:136644329-136647072	chr9	137551199	137551200	+	NA	NA	MRPL41	ENSG00000182154	NA	CTATCCTCTCAAATTAGCGGNGG;GGGCGGACGTGCTCTGGATANGG	FALSE	0.048	0.4687878787878788	TRUE	NA	Morris et al., 2023	-905499	NA	927	TRUE	0.4687878787878788	FALSE	0.35	0.44	0.45	0.68	0.77	0.88	0.96	1	0.35	0.44	0.45	0.68	0.77	0.88	0.96	1	933
chr9	136644329	136647072	NACC2|chr9:136644329-136647072:.	0.1367271805152468	.	chr9:136644329-136647072	chr9	136095285	136095286	-	NA	NA	NACC2	ENSG00000148411	NA	CTATCCTCTCAAATTAGCGGNGG;GGGCGGACGTGCTCTGGATANGG	FALSE	0.16	0.6923636363636364	TRUE	NA	Morris et al., 2023	-550415	NA	163	TRUE	0.6923636363636364	FALSE	0.1	0.09	0.11	0.26	0.29	0.47	0.68	1	0.1	0.09	0.11	0.26	0.29	0.47	0.68	1	933
chr9	136644329	136647072	NDOR1|chr9:136644329-136647072:.	0.04870438684444522	.	chr9:136644329-136647072	chr9	137205685	137205686	+	NA	NA	NDOR1	ENSG00000188566	NA	CTATCCTCTCAAATTAGCGGNGG;GGGCGGACGTGCTCTGGATANGG	FALSE	0.712	0.9686652078774618	TRUE	NA	Morris et al., 2023	-559985	NA	84	TRUE	0.9686652078774618	FALSE	0.04	0.05	0.05	0.12	0.16	0.28	0.4	0.95	0.04	0.05	0.05	0.12	0.16	0.28	0.4	0.95	933
chr9	136644329	136647072	NELFB|chr9:136644329-136647072:.	-0.03624736960732377	.	chr9:136644329-136647072	chr9	137255173	137255174	+	NA	NA	NELFB	ENSG00000188986	NA	CTATCCTCTCAAATTAGCGGNGG;GGGCGGACGTGCTCTGGATANGG	FALSE	0.564	0.942640449438202	TRUE	NA	Morris et al., 2023	-609473	NA	283	TRUE	0.9426404494382021	FALSE	0.13	0.23	0.23	0.4	0.5	0.68	0.81	1	0.13	0.23	0.23	0.4	0.5	0.68	0.81	1	933
chr9	136644329	136647072	NOTCH1|chr9:136644329-136647072:.	-0.03859486144238389	.	chr9:136644329-136647072	chr9	136545786	136545787	-	NA	NA	NOTCH1	ENSG00000148400	NA	CTATCCTCTCAAATTAGCGGNGG;GGGCGGACGTGCTCTGGATANGG	FALSE	0.88	0.9882502266545784	TRUE	NA	Morris et al., 2023	-99914	NA	43	TRUE	0.9882502266545784	FALSE	0.01	0.02	0.06	0.05	0.1	0.13	0.24	0.78	0.01	0.02	0.06	0.05	0.1	0.13	0.24	0.78	933
chr9	136644329	136647072	NOXA1|chr9:136644329-136647072:.	-0.03123710579310046	.	chr9:136644329-136647072	chr9	137423350	137423351	+	NA	NA	NOXA1	ENSG00000188747	NA	CTATCCTCTCAAATTAGCGGNGG;GGGCGGACGTGCTCTGGATANGG	FALSE	0.956	0.9999658411614004	TRUE	NA	Morris et al., 2023	-777650	NA	30	TRUE	0.9999658411614004	FALSE	0.01	0.04	0.01	0.04	0.07	0.12	0.1	0.51	0.01	0.04	0.01	0.04	0.07	0.12	0.1	0.51	933
chr9	136644329	136647072	NPDC1|chr9:136644329-136647072:.	-0.15022655388755446	.	chr9:136644329-136647072	chr9	137046203	137046204	-	NA	NA	NPDC1	ENSG00000107281	NA	CTATCCTCTCAAATTAGCGGNGG;GGGCGGACGTGCTCTGGATANGG	FALSE	0.248	0.7748837209302325	TRUE	NA	Morris et al., 2023	400503	NA	122	TRUE	0.7748837209302325	FALSE	0.07	0.08	0.06	0.1	0.27	0.46	0.53	0.97	0.07	0.08	0.06	0.1	0.27	0.46	0.53	0.97	933
chr9	136644329	136647072	NRARP|chr9:136644329-136647072:.	0.18591581816633695	.	chr9:136644329-136647072	chr9	137302251	137302252	-	NA	NA	NRARP	ENSG00000198435	NA	CTATCCTCTCAAATTAGCGGNGG;GGGCGGACGTGCTCTGGATANGG	FALSE	0.384	0.8582156133828998	TRUE	NA	Morris et al., 2023	656551	NA	69	TRUE	0.8582156133828998	FALSE	0.02	0	0.02	0.06	0.02	0.04	0.12	0.49	0.02	0	0.02	0.06	0.02	0.04	0.12	0.49	933
chr9	136644329	136647072	NSMF|chr9:136644329-136647072:.	-0.11491621320884882	.	chr9:136644329-136647072	chr9	137459334	137459335	-	NA	NA	NSMF	ENSG00000165802	NA	CTATCCTCTCAAATTAGCGGNGG;GGGCGGACGTGCTCTGGATANGG	FALSE	0.172	0.708235294117647	TRUE	NA	Morris et al., 2023	813634	NA	209	TRUE	0.708235294117647	FALSE	0.08	0.13	0.21	0.29	0.36	0.61	0.76	1	0.08	0.13	0.21	0.29	0.36	0.61	0.76	1	933
chr9	136644329	136647072	PAXX|chr9:136644329-136647072:.	0.03157764193956369	.	chr9:136644329-136647072	chr9	136992418	136992419	+	NA	NA	PAXX	ENSG00000148362	NA	CTATCCTCTCAAATTAGCGGNGG;GGGCGGACGTGCTCTGGATANGG	FALSE	0.26	0.777386934673367	TRUE	NA	Morris et al., 2023	-346718	NA	822	TRUE	0.777386934673367	FALSE	0.27	0.36	0.53	0.66	0.74	0.9	0.96	1	0.27	0.36	0.53	0.66	0.74	0.9	0.96	1	933
chr9	136644329	136647072	PHPT1|chr9:136644329-136647072:.	0.00850841936227886	.	chr9:136644329-136647072	chr9	136848724	136848725	+	NA	NA	PHPT1	ENSG00000054148	NA	CTATCCTCTCAAATTAGCGGNGG;GGGCGGACGTGCTCTGGATANGG	FALSE	0.568	0.942770083102493	TRUE	NA	Morris et al., 2023	-203024	NA	846	TRUE	0.942770083102493	FALSE	0.36	0.37	0.41	0.54	0.74	0.91	0.96	1	0.36	0.37	0.41	0.54	0.74	0.91	0.96	1	933
chr9	136644329	136647072	PMPCA|chr9:136644329-136647072:.	0.10954319660316164	.	chr9:136644329-136647072	chr9	136410570	136410571	+	NA	NA	PMPCA	ENSG00000165688	NA	CTATCCTCTCAAATTAGCGGNGG;GGGCGGACGTGCTCTGGATANGG	FALSE	0.01839641927178028	0.25572420853238376	TRUE	NA	Morris et al., 2023	235130	NA	552	TRUE	0.25572420853238376	FALSE	0.22	0.24	0.33	0.42	0.64	0.75	0.94	1	0.22	0.24	0.33	0.42	0.64	0.75	0.94	1	933
chr9	136644329	136647072	PNPLA7|chr9:136644329-136647072:.	-0.29295901645804534	.	chr9:136644329-136647072	chr9	137550534	137550535	-	NA	NA	PNPLA7	ENSG00000130653	NA	CTATCCTCTCAAATTAGCGGNGG;GGGCGGACGTGCTCTGGATANGG	FALSE	0.548	0.942369942196532	TRUE	NA	Morris et al., 2023	904834	NA	8	TRUE	0.9423699421965319	FALSE	0	0	0	0	0.02	0.02	0.03	0.15	0	0	0	0	0.02	0.02	0.03	0.15	933
chr9	136644329	136647072	PTGDS|chr9:136644329-136647072:.	-0.06913761937230856	.	chr9:136644329-136647072	chr9	136975092	136975093	+	NA	NA	PTGDS	ENSG00000107317	NA	CTATCCTCTCAAATTAGCGGNGG;GGGCGGACGTGCTCTGGATANGG	FALSE	0.68	0.9686652078774618	TRUE	NA	Morris et al., 2023	-329392	NA	72	TRUE	0.9686652078774618	FALSE	0.02	0.05	0.06	0.1	0.17	0.25	0.41	0.86	0.02	0.05	0.06	0.1	0.17	0.25	0.41	0.86	933
chr9	136644329	136647072	QSOX2|chr9:136644329-136647072:.	-0.06416116260856652	.	chr9:136644329-136647072	chr9	136245841	136245842	-	NA	NA	QSOX2	ENSG00000165661	NA	CTATCCTCTCAAATTAGCGGNGG;GGGCGGACGTGCTCTGGATANGG	FALSE	0.628	0.9568447837150128	TRUE	NA	Morris et al., 2023	-399859	NA	110	TRUE	0.9568447837150128	FALSE	0.04	0.11	0.07	0.1	0.24	0.49	0.57	0.96	0.04	0.11	0.07	0.1	0.24	0.49	0.57	0.96	933
chr9	136644329	136647072	RABL6|chr9:136644329-136647072:.	0.03279226806041047	.	chr9:136644329-136647072	chr9	136807943	136807944	+	NA	NA	RABL6	ENSG00000196642	NA	CTATCCTCTCAAATTAGCGGNGG;GGGCGGACGTGCTCTGGATANGG	FALSE	0.328	0.8234599156118144	TRUE	NA	Morris et al., 2023	-162243	NA	735	TRUE	0.8234599156118144	FALSE	0.29	0.3	0.42	0.54	0.73	0.87	0.97	1	0.29	0.3	0.42	0.54	0.73	0.87	0.97	1	933
chr9	136644329	136647072	RNF208|chr9:136644329-136647072:.	0.1019260786646079	.	chr9:136644329-136647072	chr9	137221581	137221582	-	NA	NA	RNF208	ENSG00000212864	NA	CTATCCTCTCAAATTAGCGGNGG;GGGCGGACGTGCTCTGGATANGG	FALSE	0.684	0.9686652078774618	TRUE	NA	Morris et al., 2023	575881	NA	17	TRUE	0.9686652078774618	FALSE	0	0.03	0.01	0	0.02	0.01	0.02	0.14	0	0.03	0.01	0	0.02	0.01	0.02	0.14	933
chr9	136644329	136647072	SAPCD2|chr9:136644329-136647072:.	0.14673519174015448	.	chr9:136644329-136647072	chr9	137070588	137070589	-	NA	NA	SAPCD2	ENSG00000186193	NA	CTATCCTCTCAAATTAGCGGNGG;GGGCGGACGTGCTCTGGATANGG	FALSE	0.08	0.5633136094674557	TRUE	NA	Morris et al., 2023	424888	NA	260	TRUE	0.5633136094674557	FALSE	0.12	0.19	0.23	0.26	0.47	0.6	0.69	1	0.12	0.19	0.23	0.26	0.47	0.6	0.69	1	933
chr9	136644329	136647072	SEC16A|chr9:136644329-136647072:.	0.07962953847358145	.	chr9:136644329-136647072	chr9	136483759	136483760	-	NA	NA	SEC16A	ENSG00000148396	NA	CTATCCTCTCAAATTAGCGGNGG;GGGCGGACGTGCTCTGGATANGG	FALSE	0.252	0.7748837209302325	TRUE	NA	Morris et al., 2023	-161941	NA	292	TRUE	0.7748837209302325	FALSE	0.16	0.21	0.14	0.33	0.5	0.67	0.8	0.99	0.16	0.21	0.14	0.33	0.5	0.67	0.8	0.99	933
chr9	136644329	136647072	SNAPC4|chr9:136644329-136647072:.	0.1816173899238391	.	chr9:136644329-136647072	chr9	136400168	136400169	-	NA	NA	SNAPC4	ENSG00000165684	NA	CTATCCTCTCAAATTAGCGGNGG;GGGCGGACGTGCTCTGGATANGG	FALSE	0.112	0.6565517241379311	TRUE	NA	Morris et al., 2023	-245532	NA	140	TRUE	0.6565517241379311	FALSE	0.06	0.08	0.11	0.16	0.22	0.39	0.55	0.98	0.06	0.08	0.11	0.16	0.22	0.39	0.55	0.98	933
chr9	136644329	136647072	SNHG7|chr9:136644329-136647072:.	0.05930053540280905	.	chr9:136644329-136647072	chr9	136728184	136728185	-	NA	NA	SNHG7	ENSG00000233016	NA	CTATCCTCTCAAATTAGCGGNGG;GGGCGGACGTGCTCTGGATANGG	FALSE	0.36	0.8433070866141731	TRUE	NA	Morris et al., 2023	82484	NA	451	TRUE	0.8433070866141731	FALSE	0.31	0.2	0.21	0.62	0.64	0.73	0.9	1	0.31	0.2	0.21	0.62	0.64	0.73	0.9	1	933
chr9	136644329	136647072	SOHLH1|chr9:136644329-136647072:.	0.02995570155336491	.	chr9:136644329-136647072	chr9	135699528	135699529	-	NA	NA	SOHLH1	ENSG00000165643	NA	CTATCCTCTCAAATTAGCGGNGG;GGGCGGACGTGCTCTGGATANGG	FALSE	0.944	0.998542222222222	TRUE	NA	Morris et al., 2023	-946172	NA	10	TRUE	0.9985422222222221	FALSE	0.02	0.01	0.02	0.01	0.02	0.01	0.01	0.15	0.02	0.01	0.02	0.01	0.02	0.01	0.01	0.15	933
chr9	136644329	136647072	SSNA1|chr9:136644329-136647072:.	0.02159548796068522	.	chr9:136644329-136647072	chr9	137188647	137188648	+	NA	NA	SSNA1	ENSG00000176101	NA	CTATCCTCTCAAATTAGCGGNGG;GGGCGGACGTGCTCTGGATANGG	FALSE	0.336	0.8261157024793389	TRUE	NA	Morris et al., 2023	-542947	NA	882	TRUE	0.8261157024793389	FALSE	0.31	0.3	0.35	0.56	0.81	0.88	0.95	1	0.31	0.3	0.35	0.56	0.81	0.88	0.95	1	933
chr9	136644329	136647072	STPG3-AS1|chr9:136644329-136647072:.	0.3396768763292588	.	chr9:136644329-136647072	chr9	137253497	137253498	-	NA	NA	STPG3-AS1	ENSG00000275549	NA	CTATCCTCTCAAATTAGCGGNGG;GGGCGGACGTGCTCTGGATANGG	FALSE	0.388	0.8582156133828998	TRUE	NA	Morris et al., 2023	607797	NA	13	TRUE	0.8582156133828998	FALSE	0	0	0	0	0.01	0	0	0.03	0	0	0	0	0.01	0	0	0.03	933
chr9	136644329	136647072	TMEM141|chr9:136644329-136647072:.	0.01450399466449436	.	chr9:136644329-136647072	chr9	136791355	136791356	+	NA	NA	TMEM141	ENSG00000244187	NA	CTATCCTCTCAAATTAGCGGNGG;GGGCGGACGTGCTCTGGATANGG	FALSE	0.716	0.9686652078774618	TRUE	NA	Morris et al., 2023	-145655	NA	725	TRUE	0.9686652078774618	FALSE	0.24	0.24	0.39	0.56	0.81	0.9	0.92	1	0.24	0.24	0.39	0.56	0.81	0.9	0.92	1	933
chr9	136644329	136647072	TMEM203|chr9:136644329-136647072:.	-0.0297230365600381	.	chr9:136644329-136647072	chr9	137205638	137205639	-	NA	NA	TMEM203	ENSG00000187713	NA	CTATCCTCTCAAATTAGCGGNGG;GGGCGGACGTGCTCTGGATANGG	FALSE	0.572	0.942770083102493	TRUE	NA	Morris et al., 2023	559938	NA	469	TRUE	0.942770083102493	FALSE	0.3	0.24	0.36	0.53	0.73	0.77	0.88	1	0.3	0.24	0.36	0.53	0.73	0.77	0.88	1	933
chr9	136644329	136647072	TMEM250|chr9:136644329-136647072:.	0.04455132104636394	.	chr9:136644329-136647072	chr9	136118863	136118864	-	NA	NA	TMEM250	ENSG00000238227	NA	CTATCCTCTCAAATTAGCGGNGG;GGGCGGACGTGCTCTGGATANGG	FALSE	0.592	0.9545118733509236	TRUE	NA	Morris et al., 2023	-526837	NA	194	TRUE	0.9545118733509235	FALSE	0.06	0.08	0.13	0.23	0.34	0.56	0.59	1	0.06	0.08	0.13	0.23	0.34	0.56	0.59	1	933
chr9	136644329	136647072	TOR4A|chr9:136644329-136647072:.	0.13406931446451287	.	chr9:136644329-136647072	chr9	137277749	137277750	+	NA	NA	TOR4A	ENSG00000198113	NA	CTATCCTCTCAAATTAGCGGNGG;GGGCGGACGTGCTCTGGATANGG	FALSE	0.152	0.6923636363636364	TRUE	NA	Morris et al., 2023	-632049	NA	207	TRUE	0.6923636363636364	FALSE	0.1	0.13	0.16	0.26	0.39	0.58	0.76	0.99	0.1	0.13	0.16	0.26	0.39	0.58	0.76	0.99	933
chr9	136644329	136647072	TPRN|chr9:136644329-136647072:.	0.07907935013647682	.	chr9:136644329-136647072	chr9	137204193	137204194	-	NA	NA	TPRN	ENSG00000176058	NA	CTATCCTCTCAAATTAGCGGNGG;GGGCGGACGTGCTCTGGATANGG	FALSE	0.388	0.8582156133828998	TRUE	NA	Morris et al., 2023	558493	NA	162	TRUE	0.8582156133828998	FALSE	0.06	0.11	0.08	0.24	0.29	0.55	0.64	0.97	0.06	0.11	0.08	0.24	0.29	0.55	0.64	0.97	933
chr9	136644329	136647072	TRAF2|chr9:136644329-136647072:.	0.00812270457883967	.	chr9:136644329-136647072	chr9	136881912	136881913	+	NA	NA	TRAF2	ENSG00000127191	NA	CTATCCTCTCAAATTAGCGGNGG;GGGCGGACGTGCTCTGGATANGG	FALSE	0.856	0.9832432432432432	TRUE	NA	Morris et al., 2023	-236212	NA	248	TRUE	0.9832432432432433	FALSE	0.09	0.14	0.22	0.32	0.48	0.7	0.83	1	0.09	0.14	0.22	0.32	0.48	0.7	0.83	1	933
chr9	136644329	136647072	TUBB4B|chr9:136644329-136647072:.	0.02389027002719368	.	chr9:136644329-136647072	chr9	137241213	137241214	+	NA	NA	TUBB4B	ENSG00000188229	NA	CTATCCTCTCAAATTAGCGGNGG;GGGCGGACGTGCTCTGGATANGG	FALSE	0.412	0.869290780141844	TRUE	NA	Morris et al., 2023	-595513	NA	908	TRUE	0.869290780141844	FALSE	0.28	0.28	0.44	0.59	0.75	0.89	0.96	1	0.28	0.28	0.44	0.59	0.75	0.89	0.96	1	933
chr9	136644329	136647072	UAP1L1|chr9:136644329-136647072:.	0.0929903395610241	.	chr9:136644329-136647072	chr9	137077501	137077502	+	NA	NA	UAP1L1	ENSG00000197355	NA	CTATCCTCTCAAATTAGCGGNGG;GGGCGGACGTGCTCTGGATANGG	FALSE	0.528	0.9280945347119646	TRUE	NA	Morris et al., 2023	-431801	NA	102	TRUE	0.9280945347119646	FALSE	0.02	0.04	0.05	0.09	0.25	0.3	0.49	0.95	0.02	0.04	0.05	0.09	0.25	0.3	0.49	0.95	933
chr9	136644329	136647072	UBAC1|chr9:136644329-136647072:.	0.00619603499384924	.	chr9:136644329-136647072	chr9	135961380	135961381	-	NA	NA	UBAC1	ENSG00000130560	NA	CTATCCTCTCAAATTAGCGGNGG;GGGCGGACGTGCTCTGGATANGG	FALSE	0.544	0.942369942196532	TRUE	NA	Morris et al., 2023	-684320	NA	913	TRUE	0.9423699421965319	FALSE	0.42	0.38	0.37	0.63	0.78	0.88	0.93	1	0.42	0.38	0.37	0.63	0.78	0.88	0.93	1	933
chr9	136644329	136647072	ZMYND19|chr9:136644329-136647072:.	0.08309642205462109	.	chr9:136644329-136647072	chr9	137590490	137590491	-	NA	NA	ZMYND19	ENSG00000165724	NA	CTATCCTCTCAAATTAGCGGNGG;GGGCGGACGTGCTCTGGATANGG	FALSE	0.212	0.7441887905604719	TRUE	NA	Morris et al., 2023	944790	NA	318	TRUE	0.7441887905604719	FALSE	0.17	0.23	0.17	0.3	0.48	0.67	0.84	1	0.17	0.23	0.17	0.3	0.48	0.67	0.84	1	933
